"gbifID	datasetKey	occurrenceID	kingdom	phylum	class	order	family	genus	species	infraspecificEpithet	taxonRank	scientificName	verbatimScientificName	verbatimScientificNameAuthorship	countryCode	locality	stateProvince	occurrenceStatus	individualCount	publishingOrgKey	decimalLatitude	decimalLongitude	coordinateUncertaintyInMeters	coordinatePrecision	elevation	elevationAccuracy	depth	depthAccuracy	eventDate	day	month	year	taxonKey	speciesKey	basisOfRecord	institutionCode	collectionCode	catalogNumber	recordNumber	identifiedBy	dateIdentified	license	rightsHolder	recordedBy	typeStatus	establishmentMeans	lastInterpreted	mediaType	issue",,,,,
"978581705	4fa7b334-ce0d-4e88-aaae-2e0c138d049e	URN:catalog:CLO:EBIRD:OBS234659563	Animalia	Chordata	Aves	Passeriformes	Pycnonotidae	Pycnonotus	Pycnonotus leucotis		SPECIES	Pycnonotus leucotis (Gould"," 1836)	pycnonotus leucotis mesopotamia		IQ	Al Hamra Hotel	Baghdad	PRESENT		e2e717bf-551a-4917-bdc9-4fa0f342c530	33.287563	44.389015							2009-11-01	1	11	2009	4QMMS	4QMMS	HUMAN_OBSERVATION	CLO	EBIRD	OBS234659563				CC_BY_4_0		obsr145202			2026-06-12T01:02:53.055Z		CONTINENT_DERIVED_FROM_COORDINATES;TAXON_CONCEPT_ID_NOT_FOUND",,,,
"951966619	4fa7b334-ce0d-4e88-aaae-2e0c138d049e	URN:catalog:CLO:EBIRD:OBS195869160	Animalia	Chordata	Aves	Passeriformes	Pycnonotidae	Pycnonotus	Pycnonotus leucotis		SPECIES	Pycnonotus leucotis (Gould"," 1836)	pycnonotus leucotis mesopotamia		IQ	Abdul Rahman Park	Ninawá	PRESENT	1	e2e717bf-551a-4917-bdc9-4fa0f342c530	36.191708	43.9807							2013-05-11	11	5	2013	4QMMS	4QMMS	HUMAN_OBSERVATION	CLO	EBIRD	OBS195869160				CC_BY_4_0		obsr275735			2026-06-12T00:54:16.759Z		CONTINENT_DERIVED_FROM_COORDINATES;TAXON_CONCEPT_ID_NOT_FOUND",,,,
"839408351	4fa7b334-ce0d-4e88-aaae-2e0c138d049e	URN:catalog:CLO:EBIRD:OBS150526457	Animalia	Chordata	Aves	Passeriformes	Pycnonotidae	Pycnonotus	Pycnonotus leucotis		SPECIES	Pycnonotus leucotis (Gould"," 1836)	pycnonotus leucotis mesopotamia		IQ	Downtown Duhok	Dahuk	PRESENT	1	e2e717bf-551a-4917-bdc9-4fa0f342c530	36.865192	42.995914							2012-04-30	30	4	2012	4QMMS	4QMMS	HUMAN_OBSERVATION	CLO	EBIRD	OBS150526457				CC_BY_4_0		obsr275735			2026-06-12T00:53:14.241Z		CONTINENT_DERIVED_FROM_COORDINATES;TAXON_CONCEPT_ID_NOT_FOUND",,,,
"838999797	4fa7b334-ce0d-4e88-aaae-2e0c138d049e	URN:catalog:CLO:EBIRD:OBS151080694	Animalia	Chordata	Aves	Passeriformes	Pycnonotidae	Pycnonotus	Pycnonotus leucotis		SPECIES	Pycnonotus leucotis (Gould"," 1836)	pycnonotus leucotis mesopotamia		IQ	Dohuk Dam	Dahuk	PRESENT	1	e2e717bf-551a-4917-bdc9-4fa0f342c530	36.87424	43.004807							2012-05-03	3	5	2012	4QMMS	4QMMS	HUMAN_OBSERVATION	CLO	EBIRD	OBS151080694				CC_BY_4_0		obsr275735			2026-06-12T01:01:16.571Z		CONTINENT_DERIVED_FROM_COORDINATES;TAXON_CONCEPT_ID_NOT_FOUND",,,,
"837826942	4fa7b334-ce0d-4e88-aaae-2e0c138d049e	URN:catalog:CLO:EBIRD:OBS149161821	Animalia	Chordata	Aves	Passeriformes	Pycnonotidae	Pycnonotus	Pycnonotus leucotis		SPECIES	Pycnonotus leucotis (Gould"," 1836)	pycnonotus leucotis mesopotamia		IQ	Camp Slayer	Baghdad	PRESENT	6	e2e717bf-551a-4917-bdc9-4fa0f342c530	33.254135	44.27386							2010-03-14	14	3	2010	4QMMS	4QMMS	HUMAN_OBSERVATION	CLO	EBIRD	OBS149161821				CC_BY_4_0		obsr263271			2026-06-12T00:52:39.836Z		CONTINENT_DERIVED_FROM_COORDINATES;TAXON_CONCEPT_ID_NOT_FOUND",,,,
"837725546	4fa7b334-ce0d-4e88-aaae-2e0c138d049e	URN:catalog:CLO:EBIRD:OBS155910916	Animalia	Chordata	Aves	Passeriformes	Pycnonotidae	Pycnonotus	Pycnonotus leucotis		SPECIES	Pycnonotus leucotis (Gould"," 1836)	pycnonotus leucotis mesopotamia		IQ	Liberty West	Baghdad	PRESENT		e2e717bf-551a-4917-bdc9-4fa0f342c530	33.293285	44.237034							2007-03-04	4	3	2007	4QMMS	4QMMS	HUMAN_OBSERVATION	CLO	EBIRD	OBS155910916				CC_BY_4_0		obsr321305			2026-06-12T00:55:17.198Z		CONTINENT_DERIVED_FROM_COORDINATES;TAXON_CONCEPT_ID_NOT_FOUND",,,,
"837725208	4fa7b334-ce0d-4e88-aaae-2e0c138d049e	URN:catalog:CLO:EBIRD:OBS155911188	Animalia	Chordata	Aves	Passeriformes	Pycnonotidae	Pycnonotus	Pycnonotus leucotis		SPECIES	Pycnonotus leucotis (Gould"," 1836)	pycnonotus leucotis mesopotamia		IQ	VBC	Baghdad	PRESENT		e2e717bf-551a-4917-bdc9-4fa0f342c530	33.265713	44.271538							2007-03-25	25	3	2007	4QMMS	4QMMS	HUMAN_OBSERVATION	CLO	EBIRD	OBS155911188				CC_BY_4_0		obsr321305			2026-06-12T00:56:17.871Z		CONTINENT_DERIVED_FROM_COORDINATES;TAXON_CONCEPT_ID_NOT_FOUND",,,,
"837710373	4fa7b334-ce0d-4e88-aaae-2e0c138d049e	URN:catalog:CLO:EBIRD:OBS155911417	Animalia	Chordata	Aves	Passeriformes	Pycnonotidae	Pycnonotus	Pycnonotus leucotis		SPECIES	Pycnonotus leucotis (Gould"," 1836)	pycnonotus leucotis mesopotamia		IQ	Warhorse	Diyalá	PRESENT		e2e717bf-551a-4917-bdc9-4fa0f342c530	33.795055	44.59242							2007-06-24	24	6	2007	4QMMS	4QMMS	HUMAN_OBSERVATION	CLO	EBIRD	OBS155911417				CC_BY_4_0		obsr321305			2026-06-12T00:56:20.408Z		CONTINENT_DERIVED_FROM_COORDINATES;TAXON_CONCEPT_ID_NOT_FOUND",,,,
"837710220	4fa7b334-ce0d-4e88-aaae-2e0c138d049e	URN:catalog:CLO:EBIRD:OBS155910701	Animalia	Chordata	Aves	Passeriformes	Pycnonotidae	Pycnonotus	Pycnonotus leucotis		SPECIES	Pycnonotus leucotis (Gould"," 1836)	pycnonotus leucotis mesopotamia		IQ	VBC	Baghdad	PRESENT		e2e717bf-551a-4917-bdc9-4fa0f342c530	33.265713	44.271538							2007-01-07	7	1	2007	4QMMS	4QMMS	HUMAN_OBSERVATION	CLO	EBIRD	OBS155910701				CC_BY_4_0		obsr321305			2026-06-12T01:00:32.137Z		CONTINENT_DERIVED_FROM_COORDINATES;TAXON_CONCEPT_ID_NOT_FOUND",,,,
"837707546	4fa7b334-ce0d-4e88-aaae-2e0c138d049e	URN:catalog:CLO:EBIRD:OBS155910725	Animalia	Chordata	Aves	Passeriformes	Pycnonotidae	Pycnonotus	Pycnonotus leucotis		SPECIES	Pycnonotus leucotis (Gould"," 1836)	pycnonotus leucotis mesopotamia		IQ	Liberty West	Baghdad	PRESENT		e2e717bf-551a-4917-bdc9-4fa0f342c530	33.293285	44.237034							2007-01-14	14	1	2007	4QMMS	4QMMS	HUMAN_OBSERVATION	CLO	EBIRD	OBS155910725				CC_BY_4_0		obsr321305			2026-06-12T00:57:04.084Z		CONTINENT_DERIVED_FROM_COORDINATES;TAXON_CONCEPT_ID_NOT_FOUND",,,,
"837704588	4fa7b334-ce0d-4e88-aaae-2e0c138d049e	URN:catalog:CLO:EBIRD:OBS155911309	Animalia	Chordata	Aves	Passeriformes	Pycnonotidae	Pycnonotus	Pycnonotus leucotis		SPECIES	Pycnonotus leucotis (Gould"," 1836)	pycnonotus leucotis mesopotamia		IQ	VBC	Baghdad	PRESENT		e2e717bf-551a-4917-bdc9-4fa0f342c530	33.265713	44.271538							2007-04-08	8	4	2007	4QMMS	4QMMS	HUMAN_OBSERVATION	CLO	EBIRD	OBS155911309				CC_BY_4_0		obsr321305			2026-06-12T01:01:14.354Z		CONTINENT_DERIVED_FROM_COORDINATES;TAXON_CONCEPT_ID_NOT_FOUND",,,,
"837698575	4fa7b334-ce0d-4e88-aaae-2e0c138d049e	URN:catalog:CLO:EBIRD:OBS155910871	Animalia	Chordata	Aves	Passeriformes	Pycnonotidae	Pycnonotus	Pycnonotus leucotis		SPECIES	Pycnonotus leucotis (Gould"," 1836)	pycnonotus leucotis mesopotamia		IQ	Liberty West	Baghdad	PRESENT		e2e717bf-551a-4917-bdc9-4fa0f342c530	33.293285	44.237034							2007-02-11	11	2	2007	4QMMS	4QMMS	HUMAN_OBSERVATION	CLO	EBIRD	OBS155910871				CC_BY_4_0		obsr321305			2026-06-12T00:59:25.353Z		CONTINENT_DERIVED_FROM_COORDINATES;TAXON_CONCEPT_ID_NOT_FOUND",,,,
"837698090	4fa7b334-ce0d-4e88-aaae-2e0c138d049e	URN:catalog:CLO:EBIRD:OBS155911415	Animalia	Chordata	Aves	Passeriformes	Pycnonotidae	Pycnonotus	Pycnonotus leucotis		SPECIES	Pycnonotus leucotis (Gould"," 1836)	pycnonotus leucotis mesopotamia		IQ	VBC	Baghdad	PRESENT		e2e717bf-551a-4917-bdc9-4fa0f342c530	33.265713	44.271538							2007-05-20	20	5	2007	4QMMS	4QMMS	HUMAN_OBSERVATION	CLO	EBIRD	OBS155911415				CC_BY_4_0		obsr321305			2026-06-12T00:59:39.254Z		CONTINENT_DERIVED_FROM_COORDINATES;TAXON_CONCEPT_ID_NOT_FOUND",,,,
"837696268	4fa7b334-ce0d-4e88-aaae-2e0c138d049e	URN:catalog:CLO:EBIRD:OBS155910753	Animalia	Chordata	Aves	Passeriformes	Pycnonotidae	Pycnonotus	Pycnonotus leucotis		SPECIES	Pycnonotus leucotis (Gould"," 1836)	pycnonotus leucotis mesopotamia		IQ	Liberty West	Baghdad	PRESENT		e2e717bf-551a-4917-bdc9-4fa0f342c530	33.293285	44.237034							2007-01-28	28	1	2007	4QMMS	4QMMS	HUMAN_OBSERVATION	CLO	EBIRD	OBS155910753				CC_BY_4_0		obsr321305			2026-06-12T00:57:59.588Z		CONTINENT_DERIVED_FROM_COORDINATES;TAXON_CONCEPT_ID_NOT_FOUND",,,,
"837695093	4fa7b334-ce0d-4e88-aaae-2e0c138d049e	URN:catalog:CLO:EBIRD:OBS155910749	Animalia	Chordata	Aves	Passeriformes	Pycnonotidae	Pycnonotus	Pycnonotus leucotis		SPECIES	Pycnonotus leucotis (Gould"," 1836)	pycnonotus leucotis mesopotamia		IQ	Liberty West	Baghdad	PRESENT		e2e717bf-551a-4917-bdc9-4fa0f342c530	33.293285	44.237034							2007-01-20	20	1	2007	4QMMS	4QMMS	HUMAN_OBSERVATION	CLO	EBIRD	OBS155910749				CC_BY_4_0		obsr321305			2026-06-12T01:01:15.689Z		CONTINENT_DERIVED_FROM_COORDINATES;TAXON_CONCEPT_ID_NOT_FOUND",,,,
"837693531	4fa7b334-ce0d-4e88-aaae-2e0c138d049e	URN:catalog:CLO:EBIRD:OBS155911357	Animalia	Chordata	Aves	Passeriformes	Pycnonotidae	Pycnonotus	Pycnonotus leucotis		SPECIES	Pycnonotus leucotis (Gould"," 1836)	pycnonotus leucotis mesopotamia		IQ	Zoo	Al Anbar	PRESENT		e2e717bf-551a-4917-bdc9-4fa0f342c530	33.2211	44.222572							2007-04-15	15	4	2007	4QMMS	4QMMS	HUMAN_OBSERVATION	CLO	EBIRD	OBS155911357				CC_BY_4_0		obsr321305			2026-06-12T00:59:51.621Z		CONTINENT_DERIVED_FROM_COORDINATES;TAXON_CONCEPT_ID_NOT_FOUND",,,,
"837691030	4fa7b334-ce0d-4e88-aaae-2e0c138d049e	URN:catalog:CLO:EBIRD:OBS155911397	Animalia	Chordata	Aves	Passeriformes	Pycnonotidae	Pycnonotus	Pycnonotus leucotis		SPECIES	Pycnonotus leucotis (Gould"," 1836)	pycnonotus leucotis mesopotamia		IQ	Zoo	Al Anbar	PRESENT		e2e717bf-551a-4917-bdc9-4fa0f342c530	33.2211	44.222572							2007-05-06	6	5	2007	4QMMS	4QMMS	HUMAN_OBSERVATION	CLO	EBIRD	OBS155911397				CC_BY_4_0		obsr321305			2026-06-12T00:52:44.239Z		CONTINENT_DERIVED_FROM_COORDINATES;TAXON_CONCEPT_ID_NOT_FOUND",,,,
"837688909	4fa7b334-ce0d-4e88-aaae-2e0c138d049e	URN:catalog:CLO:EBIRD:OBS155910900	Animalia	Chordata	Aves	Passeriformes	Pycnonotidae	Pycnonotus	Pycnonotus leucotis		SPECIES	Pycnonotus leucotis (Gould"," 1836)	pycnonotus leucotis mesopotamia		IQ	Helipad	Baghdad	PRESENT		e2e717bf-551a-4917-bdc9-4fa0f342c530	33.290577	44.246647							2007-02-25	25	2	2007	4QMMS	4QMMS	HUMAN_OBSERVATION	CLO	EBIRD	OBS155910900				CC_BY_4_0		obsr321305			2026-06-12T01:02:16.409Z		CONTINENT_DERIVED_FROM_COORDINATES;TAXON_CONCEPT_ID_NOT_FOUND",,,,
"837688848	4fa7b334-ce0d-4e88-aaae-2e0c138d049e	URN:catalog:CLO:EBIRD:OBS155911390	Animalia	Chordata	Aves	Passeriformes	Pycnonotidae	Pycnonotus	Pycnonotus leucotis		SPECIES	Pycnonotus leucotis (Gould"," 1836)	pycnonotus leucotis mesopotamia		IQ	Zoo	Al Anbar	PRESENT		e2e717bf-551a-4917-bdc9-4fa0f342c530	33.2211	44.222572							2007-04-22	22	4	2007	4QMMS	4QMMS	HUMAN_OBSERVATION	CLO	EBIRD	OBS155911390				CC_BY_4_0		obsr321305			2026-06-12T01:00:24.762Z		CONTINENT_DERIVED_FROM_COORDINATES;TAXON_CONCEPT_ID_NOT_FOUND",,,,
"837688378	4fa7b334-ce0d-4e88-aaae-2e0c138d049e	URN:catalog:CLO:EBIRD:OBS155911483	Animalia	Chordata	Aves	Passeriformes	Pycnonotidae	Pycnonotus	Pycnonotus leucotis		SPECIES	Pycnonotus leucotis (Gould"," 1836)	pycnonotus leucotis mesopotamia		IQ	VBC	Baghdad	PRESENT		e2e717bf-551a-4917-bdc9-4fa0f342c530	33.265713	44.271538							2007-09-16	16	9	2007	4QMMS	4QMMS	HUMAN_OBSERVATION	CLO	EBIRD	OBS155911483				CC_BY_4_0		obsr321305			2026-06-12T00:53:33.743Z		CONTINENT_DERIVED_FROM_COORDINATES;TAXON_CONCEPT_ID_NOT_FOUND",,,,
"837688293	4fa7b334-ce0d-4e88-aaae-2e0c138d049e	URN:catalog:CLO:EBIRD:OBS155911119	Animalia	Chordata	Aves	Passeriformes	Pycnonotidae	Pycnonotus	Pycnonotus leucotis		SPECIES	Pycnonotus leucotis (Gould"," 1836)	pycnonotus leucotis mesopotamia		IQ	Liberty West	Baghdad	PRESENT		e2e717bf-551a-4917-bdc9-4fa0f342c530	33.293285	44.237034							2007-03-18	18	3	2007	4QMMS	4QMMS	HUMAN_OBSERVATION	CLO	EBIRD	OBS155911119				CC_BY_4_0		obsr321305			2026-06-12T01:05:27.416Z		CONTINENT_DERIVED_FROM_COORDINATES;TAXON_CONCEPT_ID_NOT_FOUND",,,,
"837687895	4fa7b334-ce0d-4e88-aaae-2e0c138d049e	URN:catalog:CLO:EBIRD:OBS155911037	Animalia	Chordata	Aves	Passeriformes	Pycnonotidae	Pycnonotus	Pycnonotus leucotis		SPECIES	Pycnonotus leucotis (Gould"," 1836)	pycnonotus leucotis mesopotamia		IQ	VBC	Baghdad	PRESENT		e2e717bf-551a-4917-bdc9-4fa0f342c530	33.265713	44.271538							2007-03-11	11	3	2007	4QMMS	4QMMS	HUMAN_OBSERVATION	CLO	EBIRD	OBS155911037				CC_BY_4_0		obsr321305			2026-06-12T00:51:35.495Z		CONTINENT_DERIVED_FROM_COORDINATES;TAXON_CONCEPT_ID_NOT_FOUND",,,,
"837686934	4fa7b334-ce0d-4e88-aaae-2e0c138d049e	URN:catalog:CLO:EBIRD:OBS155911393	Animalia	Chordata	Aves	Passeriformes	Pycnonotidae	Pycnonotus	Pycnonotus leucotis		SPECIES	Pycnonotus leucotis (Gould"," 1836)	pycnonotus leucotis mesopotamia		IQ	Zoo	Al Anbar	PRESENT		e2e717bf-551a-4917-bdc9-4fa0f342c530	33.2211	44.222572							2007-04-29	29	4	2007	4QMMS	4QMMS	HUMAN_OBSERVATION	CLO	EBIRD	OBS155911393				CC_BY_4_0		obsr321305			2026-06-12T00:59:21.907Z		CONTINENT_DERIVED_FROM_COORDINATES;TAXON_CONCEPT_ID_NOT_FOUND",,,,
"837676294	4fa7b334-ce0d-4e88-aaae-2e0c138d049e	URN:catalog:CLO:EBIRD:OBS155911418	Animalia	Chordata	Aves	Passeriformes	Pycnonotidae	Pycnonotus	Pycnonotus leucotis		SPECIES	Pycnonotus leucotis (Gould"," 1836)	pycnonotus leucotis mesopotamia		IQ	Warhorse	Diyalá	PRESENT		e2e717bf-551a-4917-bdc9-4fa0f342c530	33.795055	44.59242							2007-07-02	2	7	2007	4QMMS	4QMMS	HUMAN_OBSERVATION	CLO	EBIRD	OBS155911418				CC_BY_4_0		obsr321305			2026-06-12T00:58:47.635Z		CONTINENT_DERIVED_FROM_COORDINATES;TAXON_CONCEPT_ID_NOT_FOUND",,,,
"837661399	4fa7b334-ce0d-4e88-aaae-2e0c138d049e	URN:catalog:CLO:EBIRD:OBS155911214	Animalia	Chordata	Aves	Passeriformes	Pycnonotidae	Pycnonotus	Pycnonotus leucotis		SPECIES	Pycnonotus leucotis (Gould"," 1836)	pycnonotus leucotis mesopotamia		IQ	VBC	Baghdad	PRESENT		e2e717bf-551a-4917-bdc9-4fa0f342c530	33.265713	44.271538							2007-04-01	1	4	2007	4QMMS	4QMMS	HUMAN_OBSERVATION	CLO	EBIRD	OBS155911214				CC_BY_4_0		obsr321305			2026-06-12T00:56:40.253Z		CONTINENT_DERIVED_FROM_COORDINATES;TAXON_CONCEPT_ID_NOT_FOUND",,,,
"837627424	4fa7b334-ce0d-4e88-aaae-2e0c138d049e	URN:catalog:CLO:EBIRD:OBS155897039	Animalia	Chordata	Aves	Passeriformes	Pycnonotidae	Pycnonotus	Pycnonotus leucotis		SPECIES	Pycnonotus leucotis (Gould"," 1836)	pycnonotus leucotis mesopotamia		IQ	Taji	Salah ad Din	PRESENT		e2e717bf-551a-4917-bdc9-4fa0f342c530	33.515244	44.247433							2006-07-05	5	7	2006	4QMMS	4QMMS	HUMAN_OBSERVATION	CLO	EBIRD	OBS155897039				CC_BY_4_0		obsr321305			2026-06-12T01:00:05.626Z		CONTINENT_DERIVED_FROM_COORDINATES;TAXON_CONCEPT_ID_NOT_FOUND",,,,
"837617407	4fa7b334-ce0d-4e88-aaae-2e0c138d049e	URN:catalog:CLO:EBIRD:OBS155897124	Animalia	Chordata	Aves	Passeriformes	Pycnonotidae	Pycnonotus	Pycnonotus leucotis		SPECIES	Pycnonotus leucotis (Gould"," 1836)	pycnonotus leucotis mesopotamia		IQ	Liberty West	Baghdad	PRESENT		e2e717bf-551a-4917-bdc9-4fa0f342c530	33.293285	44.237034							2006-11-12	12	11	2006	4QMMS	4QMMS	HUMAN_OBSERVATION	CLO	EBIRD	OBS155897124				CC_BY_4_0		obsr321305			2026-06-12T00:55:37.054Z		CONTINENT_DERIVED_FROM_COORDINATES;TAXON_CONCEPT_ID_NOT_FOUND",,,,
"837609607	4fa7b334-ce0d-4e88-aaae-2e0c138d049e	URN:catalog:CLO:EBIRD:OBS155897098	Animalia	Chordata	Aves	Passeriformes	Pycnonotidae	Pycnonotus	Pycnonotus leucotis		SPECIES	Pycnonotus leucotis (Gould"," 1836)	pycnonotus leucotis mesopotamia		IQ	Liberty West	Baghdad	PRESENT		e2e717bf-551a-4917-bdc9-4fa0f342c530	33.293285	44.237034							2006-11-05	5	11	2006	4QMMS	4QMMS	HUMAN_OBSERVATION	CLO	EBIRD	OBS155897098				CC_BY_4_0		obsr321305			2026-06-12T01:04:03.075Z		CONTINENT_DERIVED_FROM_COORDINATES;TAXON_CONCEPT_ID_NOT_FOUND",,,,
"837607602	4fa7b334-ce0d-4e88-aaae-2e0c138d049e	URN:catalog:CLO:EBIRD:OBS155908299	Animalia	Chordata	Aves	Passeriformes	Pycnonotidae	Pycnonotus	Pycnonotus leucotis		SPECIES	Pycnonotus leucotis (Gould"," 1836)	pycnonotus leucotis mesopotamia		IQ	Liberty West	Baghdad	PRESENT		e2e717bf-551a-4917-bdc9-4fa0f342c530	33.293285	44.237034							2006-12-11	11	12	2006	4QMMS	4QMMS	HUMAN_OBSERVATION	CLO	EBIRD	OBS155908299				CC_BY_4_0		obsr321305			2026-06-12T00:59:28.158Z		CONTINENT_DERIVED_FROM_COORDINATES;TAXON_CONCEPT_ID_NOT_FOUND",,,,
"837586870	4fa7b334-ce0d-4e88-aaae-2e0c138d049e	URN:catalog:CLO:EBIRD:OBS155897059	Animalia	Chordata	Aves	Passeriformes	Pycnonotidae	Pycnonotus	Pycnonotus leucotis		SPECIES	Pycnonotus leucotis (Gould"," 1836)	pycnonotus leucotis mesopotamia		IQ	Liberty East	Baghdad	PRESENT		e2e717bf-551a-4917-bdc9-4fa0f342c530	33.30598	44.264973							2006-07-21	21	7	2006	4QMMS	4QMMS	HUMAN_OBSERVATION	CLO	EBIRD	OBS155897059				CC_BY_4_0		obsr321305			2026-06-12T01:03:44.986Z		CONTINENT_DERIVED_FROM_COORDINATES;TAXON_CONCEPT_ID_NOT_FOUND",,,,
"837535176	4fa7b334-ce0d-4e88-aaae-2e0c138d049e	URN:catalog:CLO:EBIRD:OBS153731643	Animalia	Chordata	Aves	Passeriformes	Pycnonotidae	Pycnonotus	Pycnonotus leucotis		SPECIES	Pycnonotus leucotis (Gould"," 1836)	pycnonotus leucotis mesopotamia		IQ	Old Town	Ninawá	PRESENT		e2e717bf-551a-4917-bdc9-4fa0f342c530	36.33633	43.143604							2004-05-21	21	5	2004	4QMMS	4QMMS	HUMAN_OBSERVATION	CLO	EBIRD	OBS153731643				CC_BY_4_0		obsr321305			2026-06-12T01:05:02.603Z		CONTINENT_DERIVED_FROM_COORDINATES;TAXON_CONCEPT_ID_NOT_FOUND",,,,
"837526027	4fa7b334-ce0d-4e88-aaae-2e0c138d049e	URN:catalog:CLO:EBIRD:OBS153645325	Animalia	Chordata	Aves	Passeriformes	Pycnonotidae	Pycnonotus	Pycnonotus leucotis		SPECIES	Pycnonotus leucotis (Gould"," 1836)	pycnonotus leucotis mesopotamia		IQ	Marez South	Ninawá	PRESENT		e2e717bf-551a-4917-bdc9-4fa0f342c530	36.297153	43.116215							2004-02-03	3	2	2004	4QMMS	4QMMS	HUMAN_OBSERVATION	CLO	EBIRD	OBS153645325				CC_BY_4_0		obsr321305			2026-06-12T00:58:17.997Z		CONTINENT_DERIVED_FROM_COORDINATES;TAXON_CONCEPT_ID_NOT_FOUND",,,,
"837524671	4fa7b334-ce0d-4e88-aaae-2e0c138d049e	URN:catalog:CLO:EBIRD:OBS153709955	Animalia	Chordata	Aves	Passeriformes	Pycnonotidae	Pycnonotus	Pycnonotus leucotis		SPECIES	Pycnonotus leucotis (Gould"," 1836)	pycnonotus leucotis mesopotamia		IQ	Old Town	Ninawá	PRESENT		e2e717bf-551a-4917-bdc9-4fa0f342c530	36.33633	43.143604							2004-04-24	24	4	2004	4QMMS	4QMMS	HUMAN_OBSERVATION	CLO	EBIRD	OBS153709955				CC_BY_4_0		obsr321305			2026-06-12T00:52:48.925Z		CONTINENT_DERIVED_FROM_COORDINATES;TAXON_CONCEPT_ID_NOT_FOUND",,,,
"837524083	4fa7b334-ce0d-4e88-aaae-2e0c138d049e	URN:catalog:CLO:EBIRD:OBS155897026	Animalia	Chordata	Aves	Passeriformes	Pycnonotidae	Pycnonotus	Pycnonotus leucotis		SPECIES	Pycnonotus leucotis (Gould"," 1836)	pycnonotus leucotis mesopotamia		IQ	Marez South	Ninawá	PRESENT		e2e717bf-551a-4917-bdc9-4fa0f342c530	36.297153	43.116215							2004-07-26	26	7	2004	4QMMS	4QMMS	HUMAN_OBSERVATION	CLO	EBIRD	OBS155897026				CC_BY_4_0		obsr321305			2026-06-12T00:51:02.462Z		CONTINENT_DERIVED_FROM_COORDINATES;TAXON_CONCEPT_ID_NOT_FOUND",,,,
"837484338	4fa7b334-ce0d-4e88-aaae-2e0c138d049e	URN:catalog:CLO:EBIRD:OBS155896845	Animalia	Chordata	Aves	Passeriformes	Pycnonotidae	Pycnonotus	Pycnonotus leucotis		SPECIES	Pycnonotus leucotis (Gould"," 1836)	pycnonotus leucotis mesopotamia		IQ	Taji	Salah ad Din	PRESENT		e2e717bf-551a-4917-bdc9-4fa0f342c530	33.515244	44.247433							2004-09-25	25	9	2004	4QMMS	4QMMS	HUMAN_OBSERVATION	CLO	EBIRD	OBS155896845				CC_BY_4_0		obsr321305			2026-06-12T01:02:11.638Z		CONTINENT_DERIVED_FROM_COORDINATES;TAXON_CONCEPT_ID_NOT_FOUND",,,,
"837483183	4fa7b334-ce0d-4e88-aaae-2e0c138d049e	URN:catalog:CLO:EBIRD:OBS153643738	Animalia	Chordata	Aves	Passeriformes	Pycnonotidae	Pycnonotus	Pycnonotus leucotis		SPECIES	Pycnonotus leucotis (Gould"," 1836)	pycnonotus leucotis mesopotamia		IQ	Pacesetter	Salah ad Din	PRESENT		e2e717bf-551a-4917-bdc9-4fa0f342c530	34.16254	44.26051							2004-01-16	16	1	2004	4QMMS	4QMMS	HUMAN_OBSERVATION	CLO	EBIRD	OBS153643738				CC_BY_4_0		obsr321305			2026-06-12T00:47:08.410Z		CONTINENT_DERIVED_FROM_COORDINATES;TAXON_CONCEPT_ID_NOT_FOUND",,,,
"837482899	4fa7b334-ce0d-4e88-aaae-2e0c138d049e	URN:catalog:CLO:EBIRD:OBS153656116	Animalia	Chordata	Aves	Passeriformes	Pycnonotidae	Pycnonotus	Pycnonotus leucotis		SPECIES	Pycnonotus leucotis (Gould"," 1836)	pycnonotus leucotis mesopotamia		IQ	Mosul Palace	Ninawá	PRESENT		e2e717bf-551a-4917-bdc9-4fa0f342c530	36.390743	43.123726							2004-03-10	10	3	2004	4QMMS	4QMMS	HUMAN_OBSERVATION	CLO	EBIRD	OBS153656116				CC_BY_4_0		obsr321305			2026-06-12T01:00:36.267Z		CONTINENT_DERIVED_FROM_COORDINATES;TAXON_CONCEPT_ID_NOT_FOUND",,,,
"6188366614	50c9509d-22c7-4a22-a47d-8c48425ef4a7	https://www.inaturalist.org/observations/347736614	Animalia	Chordata	Aves	Passeriformes	Pycnonotidae	Pycnonotus	Pycnonotus leucotis		SPECIES	Pycnonotus leucotis (Gould"," 1836)	pycnonotus leucotis mesopotamia		IQ		Babil	PRESENT		28eb1a3f-1c15-4a95-931a-4af90ecb574d	32.494926	44.425641	5.0						2025-03-15T17:57:38	15	3	2025	4QMMS	4QMMS	HUMAN_OBSERVATION	iNaturalist	Observations	347736614		Ameen	2026-04-06T05:13:04	CC_BY_NC_4_0	Ameen	Ameen			2026-07-07T20:28:50.500Z	StillImage	COORDINATE_ROUNDED;CONTINENT_DERIVED_FROM_COORDINATES;TAXON_ID_NOT_FOUND",,,,
"598336062	4fa7b334-ce0d-4e88-aaae-2e0c138d049e	URN:catalog:CLO:EBIRD:OBS108059078	Animalia	Chordata	Aves	Passeriformes	Pycnonotidae	Pycnonotus	Pycnonotus leucotis		SPECIES	Pycnonotus leucotis (Gould"," 1836)	pycnonotus leucotis mesopotamia		IQ	Baghdad"," Iraq	Baghdad	PRESENT	5	e2e717bf-551a-4917-bdc9-4fa0f342c530	33.275436	44.251556							2011-02-11	11	2	2011	4QMMS	4QMMS	HUMAN_OBSERVATION	CLO	EBIRD	OBS108059078				CC_BY_4_0		obsr121418			2026-06-12T00:51:15.394Z		CONTINENT_DERIVED_FROM_COORDINATES;TAXON_CONCEPT_ID_NOT_FOUND",,,
"598331846	4fa7b334-ce0d-4e88-aaae-2e0c138d049e	URN:catalog:CLO:EBIRD:OBS128928224	Animalia	Chordata	Aves	Passeriformes	Pycnonotidae	Pycnonotus	Pycnonotus leucotis		SPECIES	Pycnonotus leucotis (Gould"," 1836)	pycnonotus leucotis mesopotamia		IQ	Camp Victory	Baghdad	PRESENT	10	e2e717bf-551a-4917-bdc9-4fa0f342c530	33.28792	44.252415							2011-10-26	26	10	2011	4QMMS	4QMMS	HUMAN_OBSERVATION	CLO	EBIRD	OBS128928224				CC_BY_4_0		obsr130383			2026-06-12T00:59:05.128Z		CONTINENT_DERIVED_FROM_COORDINATES;TAXON_CONCEPT_ID_NOT_FOUND",,,,
"598328007	4fa7b334-ce0d-4e88-aaae-2e0c138d049e	URN:catalog:CLO:EBIRD:OBS126866430	Animalia	Chordata	Aves	Passeriformes	Pycnonotidae	Pycnonotus	Pycnonotus leucotis		SPECIES	Pycnonotus leucotis (Gould"," 1836)	pycnonotus leucotis mesopotamia		IQ	Camp Victory	Baghdad	PRESENT	10	e2e717bf-551a-4917-bdc9-4fa0f342c530	33.28792	44.252415							2011-09-26	26	9	2011	4QMMS	4QMMS	HUMAN_OBSERVATION	CLO	EBIRD	OBS126866430				CC_BY_4_0		obsr130383			2026-06-12T00:57:24.561Z		CONTINENT_DERIVED_FROM_COORDINATES;TAXON_CONCEPT_ID_NOT_FOUND",,,,
"598320503	4fa7b334-ce0d-4e88-aaae-2e0c138d049e	URN:catalog:CLO:EBIRD:OBS126377582	Animalia	Chordata	Aves	Passeriformes	Pycnonotidae	Pycnonotus	Pycnonotus leucotis		SPECIES	Pycnonotus leucotis (Gould"," 1836)	pycnonotus leucotis mesopotamia		IQ	Camp Victory	Baghdad	PRESENT	5	e2e717bf-551a-4917-bdc9-4fa0f342c530	33.28792	44.252415							2011-09-18	18	9	2011	4QMMS	4QMMS	HUMAN_OBSERVATION	CLO	EBIRD	OBS126377582				CC_BY_4_0		obsr130383			2026-06-12T00:55:03.726Z		CONTINENT_DERIVED_FROM_COORDINATES;TAXON_CONCEPT_ID_NOT_FOUND",,,,
"598282961	4fa7b334-ce0d-4e88-aaae-2e0c138d049e	URN:catalog:CLO:EBIRD:OBS129083563	Animalia	Chordata	Aves	Passeriformes	Pycnonotidae	Pycnonotus	Pycnonotus leucotis		SPECIES	Pycnonotus leucotis (Gould"," 1836)	pycnonotus leucotis mesopotamia		IQ	Balad	Salah ad Din	PRESENT	4	e2e717bf-551a-4917-bdc9-4fa0f342c530	33.943954	44.385967							2011-06-06	6	6	2011	4QMMS	4QMMS	HUMAN_OBSERVATION	CLO	EBIRD	OBS129083563				CC_BY_4_0		obsr149508			2026-06-12T01:01:03.530Z		CONTINENT_DERIVED_FROM_COORDINATES;TAXON_CONCEPT_ID_NOT_FOUND",,,,
"598279885	4fa7b334-ce0d-4e88-aaae-2e0c138d049e	URN:catalog:CLO:EBIRD:OBS118007191	Animalia	Chordata	Aves	Passeriformes	Pycnonotidae	Pycnonotus	Pycnonotus leucotis		SPECIES	Pycnonotus leucotis (Gould"," 1836)	pycnonotus leucotis mesopotamia		IQ	Kut	Wasit	PRESENT	1	e2e717bf-551a-4917-bdc9-4fa0f342c530	32.493114	45.728703							2011-05-06	6	5	2011	4QMMS	4QMMS	HUMAN_OBSERVATION	CLO	EBIRD	OBS118007191				CC_BY_4_0		obsr121418			2026-06-12T00:54:21.964Z		CONTINENT_DERIVED_FROM_COORDINATES;TAXON_CONCEPT_ID_NOT_FOUND",,,,
"598273563	4fa7b334-ce0d-4e88-aaae-2e0c138d049e	URN:catalog:CLO:EBIRD:OBS120486533	Animalia	Chordata	Aves	Passeriformes	Pycnonotidae	Pycnonotus	Pycnonotus leucotis		SPECIES	Pycnonotus leucotis (Gould"," 1836)	pycnonotus leucotis mesopotamia		IQ	Tallil Air Base	Dhi Qar	PRESENT	1	e2e717bf-551a-4917-bdc9-4fa0f342c530	30.950966	46.098846							2011-06-02	2	6	2011	4QMMS	4QMMS	HUMAN_OBSERVATION	CLO	EBIRD	OBS120486533				CC_BY_4_0		obsr121418			2026-06-12T00:55:44.823Z		CONTINENT_DERIVED_FROM_COORDINATES;TAXON_CONCEPT_ID_NOT_FOUND",,,,
"598272827	4fa7b334-ce0d-4e88-aaae-2e0c138d049e	URN:catalog:CLO:EBIRD:OBS108059102	Animalia	Chordata	Aves	Passeriformes	Pycnonotidae	Pycnonotus	Pycnonotus leucotis		SPECIES	Pycnonotus leucotis (Gould"," 1836)	pycnonotus leucotis mesopotamia		IQ	Baghdad"," Iraq	Baghdad	PRESENT	2	e2e717bf-551a-4917-bdc9-4fa0f342c530	33.275436	44.251556							2011-02-12	12	2	2011	4QMMS	4QMMS	HUMAN_OBSERVATION	CLO	EBIRD	OBS108059102				CC_BY_4_0		obsr121418			2026-06-12T00:51:57.688Z		CONTINENT_DERIVED_FROM_COORDINATES;TAXON_CONCEPT_ID_NOT_FOUND",,,
"598272826	4fa7b334-ce0d-4e88-aaae-2e0c138d049e	URN:catalog:CLO:EBIRD:OBS107867151	Animalia	Chordata	Aves	Passeriformes	Pycnonotidae	Pycnonotus	Pycnonotus leucotis		SPECIES	Pycnonotus leucotis (Gould"," 1836)	pycnonotus leucotis mesopotamia		IQ	Baghdad"," Iraq	Baghdad	PRESENT	2	e2e717bf-551a-4917-bdc9-4fa0f342c530	33.275436	44.251556							2011-02-10	10	2	2011	4QMMS	4QMMS	HUMAN_OBSERVATION	CLO	EBIRD	OBS107867151				CC_BY_4_0		obsr121418			2026-06-12T00:59:22.265Z		CONTINENT_DERIVED_FROM_COORDINATES;TAXON_CONCEPT_ID_NOT_FOUND",,,
"598224020	4fa7b334-ce0d-4e88-aaae-2e0c138d049e	URN:catalog:CLO:EBIRD:OBS129071844	Animalia	Chordata	Aves	Passeriformes	Pycnonotidae	Pycnonotus	Pycnonotus leucotis		SPECIES	Pycnonotus leucotis (Gould"," 1836)	pycnonotus leucotis mesopotamia		IQ	Camp Victory	Baghdad	PRESENT	5	e2e717bf-551a-4917-bdc9-4fa0f342c530	33.28792	44.252415							2011-10-27	27	10	2011	4QMMS	4QMMS	HUMAN_OBSERVATION	CLO	EBIRD	OBS129071844				CC_BY_4_0		obsr130383			2026-06-12T00:57:20.185Z		CONTINENT_DERIVED_FROM_COORDINATES;TAXON_CONCEPT_ID_NOT_FOUND",,,,
"598219893	4fa7b334-ce0d-4e88-aaae-2e0c138d049e	URN:catalog:CLO:EBIRD:OBS123666592	Animalia	Chordata	Aves	Passeriformes	Pycnonotidae	Pycnonotus	Pycnonotus leucotis		SPECIES	Pycnonotus leucotis (Gould"," 1836)	pycnonotus leucotis mesopotamia		IQ	Tallil Air Base	Dhi Qar	PRESENT	1	e2e717bf-551a-4917-bdc9-4fa0f342c530	30.950966	46.098846							2011-07-31	31	7	2011	4QMMS	4QMMS	HUMAN_OBSERVATION	CLO	EBIRD	OBS123666592				CC_BY_4_0		obsr121418			2026-06-12T00:44:51.298Z		CONTINENT_DERIVED_FROM_COORDINATES;TAXON_CONCEPT_ID_NOT_FOUND",,,,
"598219773	4fa7b334-ce0d-4e88-aaae-2e0c138d049e	URN:catalog:CLO:EBIRD:OBS113492992	Animalia	Chordata	Aves	Passeriformes	Pycnonotidae	Pycnonotus	Pycnonotus leucotis		SPECIES	Pycnonotus leucotis (Gould"," 1836)	pycnonotus leucotis mesopotamia		IQ	Basrah	Al Basrah	PRESENT	1	e2e717bf-551a-4917-bdc9-4fa0f342c530	30.531363	47.703323							2011-03-28	28	3	2011	4QMMS	4QMMS	HUMAN_OBSERVATION	CLO	EBIRD	OBS113492992				CC_BY_4_0		obsr121418			2026-06-12T00:59:27.800Z		CONTINENT_DERIVED_FROM_COORDINATES;TAXON_CONCEPT_ID_NOT_FOUND",,,,
"598218728	4fa7b334-ce0d-4e88-aaae-2e0c138d049e	URN:catalog:CLO:EBIRD:OBS129084834	Animalia	Chordata	Aves	Passeriformes	Pycnonotidae	Pycnonotus	Pycnonotus leucotis		SPECIES	Pycnonotus leucotis (Gould"," 1836)	pycnonotus leucotis mesopotamia		IQ	FOB Kalsu	Babil	PRESENT	3	e2e717bf-551a-4917-bdc9-4fa0f342c530	32.809574	44.459072							2011-09-22	22	9	2011	4QMMS	4QMMS	HUMAN_OBSERVATION	CLO	EBIRD	OBS129084834				CC_BY_4_0		obsr149508			2026-06-12T00:56:10.208Z		CONTINENT_DERIVED_FROM_COORDINATES;TAXON_CONCEPT_ID_NOT_FOUND",,,,
"598218096	4fa7b334-ce0d-4e88-aaae-2e0c138d049e	URN:catalog:CLO:EBIRD:OBS123667901	Animalia	Chordata	Aves	Passeriformes	Pycnonotidae	Pycnonotus	Pycnonotus leucotis		SPECIES	Pycnonotus leucotis (Gould"," 1836)	pycnonotus leucotis mesopotamia		IQ	Tallil Air Base	Dhi Qar	PRESENT	1	e2e717bf-551a-4917-bdc9-4fa0f342c530	30.950966	46.098846							2011-08-01	1	8	2011	4QMMS	4QMMS	HUMAN_OBSERVATION	CLO	EBIRD	OBS123667901				CC_BY_4_0		obsr121418			2026-06-12T00:53:24.342Z		CONTINENT_DERIVED_FROM_COORDINATES;TAXON_CONCEPT_ID_NOT_FOUND",,,,
"598215020	4fa7b334-ce0d-4e88-aaae-2e0c138d049e	URN:catalog:CLO:EBIRD:OBS126267959	Animalia	Chordata	Aves	Passeriformes	Pycnonotidae	Pycnonotus	Pycnonotus leucotis		SPECIES	Pycnonotus leucotis (Gould"," 1836)	pycnonotus leucotis mesopotamia		IQ	Camp Victory	Baghdad	PRESENT	15	e2e717bf-551a-4917-bdc9-4fa0f342c530	33.28792	44.252415							2011-09-16	16	9	2011	4QMMS	4QMMS	HUMAN_OBSERVATION	CLO	EBIRD	OBS126267959				CC_BY_4_0		obsr130383			2026-06-12T00:53:27.539Z		CONTINENT_DERIVED_FROM_COORDINATES;TAXON_CONCEPT_ID_NOT_FOUND",,,,
"598180219	4fa7b334-ce0d-4e88-aaae-2e0c138d049e	URN:catalog:CLO:EBIRD:OBS115227857	Animalia	Chordata	Aves	Passeriformes	Pycnonotidae	Pycnonotus	Pycnonotus leucotis		SPECIES	Pycnonotus leucotis (Gould"," 1836)	pycnonotus leucotis mesopotamia		IQ	Tallil Air Base	Dhi Qar	PRESENT	1	e2e717bf-551a-4917-bdc9-4fa0f342c530	30.950966	46.098846							2011-04-14	14	4	2011	4QMMS	4QMMS	HUMAN_OBSERVATION	CLO	EBIRD	OBS115227857				CC_BY_4_0		obsr121418			2026-06-12T01:00:48.625Z		CONTINENT_DERIVED_FROM_COORDINATES;TAXON_CONCEPT_ID_NOT_FOUND",,,,
"598178970	4fa7b334-ce0d-4e88-aaae-2e0c138d049e	URN:catalog:CLO:EBIRD:OBS128556953	Animalia	Chordata	Aves	Passeriformes	Pycnonotidae	Pycnonotus	Pycnonotus leucotis		SPECIES	Pycnonotus leucotis (Gould"," 1836)	pycnonotus leucotis mesopotamia		IQ	Camp Victory	Baghdad	PRESENT	4	e2e717bf-551a-4917-bdc9-4fa0f342c530	33.28792	44.252415							2011-10-21	21	10	2011	4QMMS	4QMMS	HUMAN_OBSERVATION	CLO	EBIRD	OBS128556953				CC_BY_4_0		obsr130383			2026-06-12T00:56:36.191Z		CONTINENT_DERIVED_FROM_COORDINATES;TAXON_CONCEPT_ID_NOT_FOUND",,,,
"598178969	4fa7b334-ce0d-4e88-aaae-2e0c138d049e	URN:catalog:CLO:EBIRD:OBS128461703	Animalia	Chordata	Aves	Passeriformes	Pycnonotidae	Pycnonotus	Pycnonotus leucotis		SPECIES	Pycnonotus leucotis (Gould"," 1836)	pycnonotus leucotis mesopotamia		IQ	Camp Victory	Baghdad	PRESENT	4	e2e717bf-551a-4917-bdc9-4fa0f342c530	33.28792	44.252415							2011-10-19	19	10	2011	4QMMS	4QMMS	HUMAN_OBSERVATION	CLO	EBIRD	OBS128461703				CC_BY_4_0		obsr130383			2026-06-12T00:56:39.897Z		CONTINENT_DERIVED_FROM_COORDINATES;TAXON_CONCEPT_ID_NOT_FOUND",,,,
"598178968	4fa7b334-ce0d-4e88-aaae-2e0c138d049e	URN:catalog:CLO:EBIRD:OBS127899699	Animalia	Chordata	Aves	Passeriformes	Pycnonotidae	Pycnonotus	Pycnonotus leucotis		SPECIES	Pycnonotus leucotis (Gould"," 1836)	pycnonotus leucotis mesopotamia		IQ	Camp Victory	Baghdad	PRESENT	5	e2e717bf-551a-4917-bdc9-4fa0f342c530	33.28792	44.252415							2011-10-08	8	10	2011	4QMMS	4QMMS	HUMAN_OBSERVATION	CLO	EBIRD	OBS127899699				CC_BY_4_0		obsr130383			2026-06-12T00:55:08.506Z		CONTINENT_DERIVED_FROM_COORDINATES;TAXON_CONCEPT_ID_NOT_FOUND",,,,
"598172374	4fa7b334-ce0d-4e88-aaae-2e0c138d049e	URN:catalog:CLO:EBIRD:OBS129289507	Animalia	Chordata	Aves	Passeriformes	Pycnonotidae	Pycnonotus	Pycnonotus leucotis		SPECIES	Pycnonotus leucotis (Gould"," 1836)	pycnonotus leucotis mesopotamia		IQ	Camp Victory	Baghdad	PRESENT	5	e2e717bf-551a-4917-bdc9-4fa0f342c530	33.28792	44.252415							2011-11-01	1	11	2011	4QMMS	4QMMS	HUMAN_OBSERVATION	CLO	EBIRD	OBS129289507				CC_BY_4_0		obsr130383			2026-06-12T00:54:14.077Z		CONTINENT_DERIVED_FROM_COORDINATES;TAXON_CONCEPT_ID_NOT_FOUND",,,,
"598172373	4fa7b334-ce0d-4e88-aaae-2e0c138d049e	URN:catalog:CLO:EBIRD:OBS128783428	Animalia	Chordata	Aves	Passeriformes	Pycnonotidae	Pycnonotus	Pycnonotus leucotis		SPECIES	Pycnonotus leucotis (Gould"," 1836)	pycnonotus leucotis mesopotamia		IQ	Camp Victory	Baghdad	PRESENT	5	e2e717bf-551a-4917-bdc9-4fa0f342c530	33.28792	44.252415							2011-10-24	24	10	2011	4QMMS	4QMMS	HUMAN_OBSERVATION	CLO	EBIRD	OBS128783428				CC_BY_4_0		obsr130383			2026-06-12T00:57:51.674Z		CONTINENT_DERIVED_FROM_COORDINATES;TAXON_CONCEPT_ID_NOT_FOUND",,,,
"598169574	4fa7b334-ce0d-4e88-aaae-2e0c138d049e	URN:catalog:CLO:EBIRD:OBS120485258	Animalia	Chordata	Aves	Passeriformes	Pycnonotidae	Pycnonotus	Pycnonotus leucotis		SPECIES	Pycnonotus leucotis (Gould"," 1836)	pycnonotus leucotis mesopotamia		IQ	Tallil Air Base	Dhi Qar	PRESENT	4	e2e717bf-551a-4917-bdc9-4fa0f342c530	30.950966	46.098846							2011-05-31	31	5	2011	4QMMS	4QMMS	HUMAN_OBSERVATION	CLO	EBIRD	OBS120485258				CC_BY_4_0		obsr121418			2026-06-12T01:00:24.135Z		CONTINENT_DERIVED_FROM_COORDINATES;TAXON_CONCEPT_ID_NOT_FOUND",,,,
"598169528	4fa7b334-ce0d-4e88-aaae-2e0c138d049e	URN:catalog:CLO:EBIRD:OBS107865088	Animalia	Chordata	Aves	Passeriformes	Pycnonotidae	Pycnonotus	Pycnonotus leucotis		SPECIES	Pycnonotus leucotis (Gould"," 1836)	pycnonotus leucotis mesopotamia		IQ	Baghdad"," Iraq	Baghdad	PRESENT	2	e2e717bf-551a-4917-bdc9-4fa0f342c530	33.275436	44.251556							2011-02-08	8	2	2011	4QMMS	4QMMS	HUMAN_OBSERVATION	CLO	EBIRD	OBS107865088				CC_BY_4_0		obsr121418			2026-06-12T00:57:08.662Z		CONTINENT_DERIVED_FROM_COORDINATES;TAXON_CONCEPT_ID_NOT_FOUND",,,
"598161896	4fa7b334-ce0d-4e88-aaae-2e0c138d049e	URN:catalog:CLO:EBIRD:OBS115232874	Animalia	Chordata	Aves	Passeriformes	Pycnonotidae	Pycnonotus	Pycnonotus leucotis		SPECIES	Pycnonotus leucotis (Gould"," 1836)	pycnonotus leucotis mesopotamia		IQ	Tallil Air Base	Dhi Qar	PRESENT	1	e2e717bf-551a-4917-bdc9-4fa0f342c530	30.950966	46.098846							2011-04-15	15	4	2011	4QMMS	4QMMS	HUMAN_OBSERVATION	CLO	EBIRD	OBS115232874				CC_BY_4_0		obsr121418			2026-06-12T01:00:38.168Z		CONTINENT_DERIVED_FROM_COORDINATES;TAXON_CONCEPT_ID_NOT_FOUND",,,,
"598161711	4fa7b334-ce0d-4e88-aaae-2e0c138d049e	URN:catalog:CLO:EBIRD:OBS123836879	Animalia	Chordata	Aves	Passeriformes	Pycnonotidae	Pycnonotus	Pycnonotus leucotis		SPECIES	Pycnonotus leucotis (Gould"," 1836)	pycnonotus leucotis mesopotamia		IQ	Tallil Air Base	Dhi Qar	PRESENT	2	e2e717bf-551a-4917-bdc9-4fa0f342c530	30.950966	46.098846							2011-08-07	7	8	2011	4QMMS	4QMMS	HUMAN_OBSERVATION	CLO	EBIRD	OBS123836879				CC_BY_4_0		obsr121418			2026-06-12T00:59:10.625Z		CONTINENT_DERIVED_FROM_COORDINATES;TAXON_CONCEPT_ID_NOT_FOUND",,,,
"598155047	4fa7b334-ce0d-4e88-aaae-2e0c138d049e	URN:catalog:CLO:EBIRD:OBS126447509	Animalia	Chordata	Aves	Passeriformes	Pycnonotidae	Pycnonotus	Pycnonotus leucotis		SPECIES	Pycnonotus leucotis (Gould"," 1836)	pycnonotus leucotis mesopotamia		IQ	Camp Victory	Baghdad	PRESENT	3	e2e717bf-551a-4917-bdc9-4fa0f342c530	33.28792	44.252415							2011-09-19	19	9	2011	4QMMS	4QMMS	HUMAN_OBSERVATION	CLO	EBIRD	OBS126447509				CC_BY_4_0		obsr130383			2026-06-12T00:58:07.388Z		CONTINENT_DERIVED_FROM_COORDINATES;TAXON_CONCEPT_ID_NOT_FOUND",,,,
"598130078	4fa7b334-ce0d-4e88-aaae-2e0c138d049e	URN:catalog:CLO:EBIRD:OBS118005500	Animalia	Chordata	Aves	Passeriformes	Pycnonotidae	Pycnonotus	Pycnonotus leucotis		SPECIES	Pycnonotus leucotis (Gould"," 1836)	pycnonotus leucotis mesopotamia		IQ	Kut	Wasit	PRESENT	3	e2e717bf-551a-4917-bdc9-4fa0f342c530	32.493114	45.728703							2011-05-05	5	5	2011	4QMMS	4QMMS	HUMAN_OBSERVATION	CLO	EBIRD	OBS118005500				CC_BY_4_0		obsr121418			2026-06-12T00:54:40.537Z		CONTINENT_DERIVED_FROM_COORDINATES;TAXON_CONCEPT_ID_NOT_FOUND",,,,
"598087556	4fa7b334-ce0d-4e88-aaae-2e0c138d049e	URN:catalog:CLO:EBIRD:OBS120484169	Animalia	Chordata	Aves	Passeriformes	Pycnonotidae	Pycnonotus	Pycnonotus leucotis		SPECIES	Pycnonotus leucotis (Gould"," 1836)	pycnonotus leucotis mesopotamia		IQ	Tallil Air Base	Dhi Qar	PRESENT	1	e2e717bf-551a-4917-bdc9-4fa0f342c530	30.950966	46.098846							2011-05-30	30	5	2011	4QMMS	4QMMS	HUMAN_OBSERVATION	CLO	EBIRD	OBS120484169				CC_BY_4_0		obsr121418			2026-06-12T00:59:14.110Z		CONTINENT_DERIVED_FROM_COORDINATES;TAXON_CONCEPT_ID_NOT_FOUND",,,,
"598087555	4fa7b334-ce0d-4e88-aaae-2e0c138d049e	URN:catalog:CLO:EBIRD:OBS118011055	Animalia	Chordata	Aves	Passeriformes	Pycnonotidae	Pycnonotus	Pycnonotus leucotis		SPECIES	Pycnonotus leucotis (Gould"," 1836)	pycnonotus leucotis mesopotamia		IQ	Tallil Air Base	Dhi Qar	PRESENT	1	e2e717bf-551a-4917-bdc9-4fa0f342c530	30.950966	46.098846							2011-05-08	8	5	2011	4QMMS	4QMMS	HUMAN_OBSERVATION	CLO	EBIRD	OBS118011055				CC_BY_4_0		obsr121418			2026-06-12T00:54:24.164Z		CONTINENT_DERIVED_FROM_COORDINATES;TAXON_CONCEPT_ID_NOT_FOUND",,,,
"598071927	4fa7b334-ce0d-4e88-aaae-2e0c138d049e	URN:catalog:CLO:EBIRD:OBS124105827	Animalia	Chordata	Aves	Passeriformes	Pycnonotidae	Pycnonotus	Pycnonotus leucotis		SPECIES	Pycnonotus leucotis (Gould"," 1836)	pycnonotus leucotis mesopotamia		IQ	Tallil Air Base	Dhi Qar	PRESENT	1	e2e717bf-551a-4917-bdc9-4fa0f342c530	30.950966	46.098846							2011-08-11	11	8	2011	4QMMS	4QMMS	HUMAN_OBSERVATION	CLO	EBIRD	OBS124105827				CC_BY_4_0		obsr121418			2026-06-12T00:57:13.463Z		CONTINENT_DERIVED_FROM_COORDINATES;TAXON_CONCEPT_ID_NOT_FOUND",,,,
"598024631	4fa7b334-ce0d-4e88-aaae-2e0c138d049e	URN:catalog:CLO:EBIRD:OBS115225858	Animalia	Chordata	Aves	Passeriformes	Pycnonotidae	Pycnonotus	Pycnonotus leucotis		SPECIES	Pycnonotus leucotis (Gould"," 1836)	pycnonotus leucotis mesopotamia		IQ	Tallil Air Base	Dhi Qar	PRESENT	2	e2e717bf-551a-4917-bdc9-4fa0f342c530	30.950966	46.098846							2011-04-13	13	4	2011	4QMMS	4QMMS	HUMAN_OBSERVATION	CLO	EBIRD	OBS115225858				CC_BY_4_0		obsr121418			2026-06-12T00:52:06.281Z		CONTINENT_DERIVED_FROM_COORDINATES;TAXON_CONCEPT_ID_NOT_FOUND",,,,
"598024572	4fa7b334-ce0d-4e88-aaae-2e0c138d049e	URN:catalog:CLO:EBIRD:OBS122210887	Animalia	Chordata	Aves	Passeriformes	Pycnonotidae	Pycnonotus	Pycnonotus leucotis		SPECIES	Pycnonotus leucotis (Gould"," 1836)	pycnonotus leucotis mesopotamia		IQ	Tallil Air Base	Dhi Qar	PRESENT	3	e2e717bf-551a-4917-bdc9-4fa0f342c530	30.950966	46.098846							2011-07-03	3	7	2011	4QMMS	4QMMS	HUMAN_OBSERVATION	CLO	EBIRD	OBS122210887				CC_BY_4_0		obsr121418			2026-06-12T00:57:06.270Z		CONTINENT_DERIVED_FROM_COORDINATES;TAXON_CONCEPT_ID_NOT_FOUND",,,,
"598020534	4fa7b334-ce0d-4e88-aaae-2e0c138d049e	URN:catalog:CLO:EBIRD:OBS126516681	Animalia	Chordata	Aves	Passeriformes	Pycnonotidae	Pycnonotus	Pycnonotus leucotis		SPECIES	Pycnonotus leucotis (Gould"," 1836)	pycnonotus leucotis mesopotamia		IQ	Camp Victory	Baghdad	PRESENT	8	e2e717bf-551a-4917-bdc9-4fa0f342c530	33.28792	44.252415							2011-09-20	20	9	2011	4QMMS	4QMMS	HUMAN_OBSERVATION	CLO	EBIRD	OBS126516681				CC_BY_4_0		obsr130383			2026-06-12T01:03:04.775Z		CONTINENT_DERIVED_FROM_COORDINATES;TAXON_CONCEPT_ID_NOT_FOUND",,,,
"597994411	4fa7b334-ce0d-4e88-aaae-2e0c138d049e	URN:catalog:CLO:EBIRD:OBS128405974	Animalia	Chordata	Aves	Passeriformes	Pycnonotidae	Pycnonotus	Pycnonotus leucotis		SPECIES	Pycnonotus leucotis (Gould"," 1836)	pycnonotus leucotis mesopotamia		IQ	Camp Victory	Baghdad	PRESENT	7	e2e717bf-551a-4917-bdc9-4fa0f342c530	33.28792	44.252415							2011-10-18	18	10	2011	4QMMS	4QMMS	HUMAN_OBSERVATION	CLO	EBIRD	OBS128405974				CC_BY_4_0		obsr130383			2026-06-12T00:57:12.168Z		CONTINENT_DERIVED_FROM_COORDINATES;TAXON_CONCEPT_ID_NOT_FOUND",,,,
"597993160	4fa7b334-ce0d-4e88-aaae-2e0c138d049e	URN:catalog:CLO:EBIRD:OBS126729414	Animalia	Chordata	Aves	Passeriformes	Pycnonotidae	Pycnonotus	Pycnonotus leucotis		SPECIES	Pycnonotus leucotis (Gould"," 1836)	pycnonotus leucotis mesopotamia		IQ	Camp Victory	Baghdad	PRESENT	7	e2e717bf-551a-4917-bdc9-4fa0f342c530	33.28792	44.252415							2011-09-24	24	9	2011	4QMMS	4QMMS	HUMAN_OBSERVATION	CLO	EBIRD	OBS126729414				CC_BY_4_0		obsr130383			2026-06-12T00:50:17.235Z		CONTINENT_DERIVED_FROM_COORDINATES;TAXON_CONCEPT_ID_NOT_FOUND",,,,
"597992721	4fa7b334-ce0d-4e88-aaae-2e0c138d049e	URN:catalog:CLO:EBIRD:OBS107866058	Animalia	Chordata	Aves	Passeriformes	Pycnonotidae	Pycnonotus	Pycnonotus leucotis		SPECIES	Pycnonotus leucotis (Gould"," 1836)	pycnonotus leucotis mesopotamia		IQ	Baghdad"," Iraq	Baghdad	PRESENT	1	e2e717bf-551a-4917-bdc9-4fa0f342c530	33.275436	44.251556							2011-02-09	9	2	2011	4QMMS	4QMMS	HUMAN_OBSERVATION	CLO	EBIRD	OBS107866058				CC_BY_4_0		obsr121418			2026-06-12T00:57:59.166Z		CONTINENT_DERIVED_FROM_COORDINATES;TAXON_CONCEPT_ID_NOT_FOUND",,,
"597985821	4fa7b334-ce0d-4e88-aaae-2e0c138d049e	URN:catalog:CLO:EBIRD:OBS129611762	Animalia	Chordata	Aves	Passeriformes	Pycnonotidae	Pycnonotus	Pycnonotus leucotis		SPECIES	Pycnonotus leucotis (Gould"," 1836)	pycnonotus leucotis mesopotamia		IQ	Camp Victory	Baghdad	PRESENT	1	e2e717bf-551a-4917-bdc9-4fa0f342c530	33.28792	44.252415							2011-11-06	6	11	2011	4QMMS	4QMMS	HUMAN_OBSERVATION	CLO	EBIRD	OBS129611762				CC_BY_4_0		obsr130383			2026-06-12T00:50:40.048Z		CONTINENT_DERIVED_FROM_COORDINATES;TAXON_CONCEPT_ID_NOT_FOUND",,,,
"597985820	4fa7b334-ce0d-4e88-aaae-2e0c138d049e	URN:catalog:CLO:EBIRD:OBS129071846	Animalia	Chordata	Aves	Passeriformes	Pycnonotidae	Pycnonotus	Pycnonotus leucotis		SPECIES	Pycnonotus leucotis (Gould"," 1836)	pycnonotus leucotis mesopotamia		IQ	Camp Victory	Baghdad	PRESENT	5	e2e717bf-551a-4917-bdc9-4fa0f342c530	33.28792	44.252415							2011-10-28	28	10	2011	4QMMS	4QMMS	HUMAN_OBSERVATION	CLO	EBIRD	OBS129071846				CC_BY_4_0		obsr130383			2026-06-12T00:52:36.271Z		CONTINENT_DERIVED_FROM_COORDINATES;TAXON_CONCEPT_ID_NOT_FOUND",,,,
"596493112	4fa7b334-ce0d-4e88-aaae-2e0c138d049e	URN:catalog:CLO:EBIRD:OBS102726768	Animalia	Chordata	Aves	Passeriformes	Pycnonotidae	Pycnonotus	Pycnonotus leucotis		SPECIES	Pycnonotus leucotis (Gould"," 1836)	pycnonotus leucotis mesopotamia		IQ	Joint Base Balad	Salah ad Din	PRESENT	5	e2e717bf-551a-4917-bdc9-4fa0f342c530	33.94051	44.36554							2010-03-04	4	3	2010	4QMMS	4QMMS	HUMAN_OBSERVATION	CLO	EBIRD	OBS102726768				CC_BY_4_0		obsr55372			2026-06-12T00:53:09.338Z		CONTINENT_DERIVED_FROM_COORDINATES;TAXON_CONCEPT_ID_NOT_FOUND",,,,
"596482273	4fa7b334-ce0d-4e88-aaae-2e0c138d049e	URN:catalog:CLO:EBIRD:OBS102784555	Animalia	Chordata	Aves	Passeriformes	Pycnonotidae	Pycnonotus	Pycnonotus leucotis		SPECIES	Pycnonotus leucotis (Gould"," 1836)	pycnonotus leucotis mesopotamia		IQ	Joint Base Balad	Salah ad Din	PRESENT	8	e2e717bf-551a-4917-bdc9-4fa0f342c530	33.94051	44.36554							2010-07-04	4	7	2010	4QMMS	4QMMS	HUMAN_OBSERVATION	CLO	EBIRD	OBS102784555				CC_BY_4_0		obsr55372			2026-06-12T00:56:04.825Z		CONTINENT_DERIVED_FROM_COORDINATES;TAXON_CONCEPT_ID_NOT_FOUND",,,,
"596478375	4fa7b334-ce0d-4e88-aaae-2e0c138d049e	URN:catalog:CLO:EBIRD:OBS102727120	Animalia	Chordata	Aves	Passeriformes	Pycnonotidae	Pycnonotus	Pycnonotus leucotis		SPECIES	Pycnonotus leucotis (Gould"," 1836)	pycnonotus leucotis mesopotamia		IQ	Joint Base Balad	Salah ad Din	PRESENT	5	e2e717bf-551a-4917-bdc9-4fa0f342c530	33.94051	44.36554							2010-03-07	7	3	2010	4QMMS	4QMMS	HUMAN_OBSERVATION	CLO	EBIRD	OBS102727120				CC_BY_4_0		obsr55372			2026-06-12T00:48:48.036Z		CONTINENT_DERIVED_FROM_COORDINATES;TAXON_CONCEPT_ID_NOT_FOUND",,,,
"595997931	4fa7b334-ce0d-4e88-aaae-2e0c138d049e	URN:catalog:CLO:EBIRD:OBS104802624	Animalia	Chordata	Aves	Passeriformes	Pycnonotidae	Pycnonotus	Pycnonotus leucotis		SPECIES	Pycnonotus leucotis (Gould"," 1836)	pycnonotus leucotis mesopotamia		IQ	Camp Victory	Baghdad	PRESENT	15	e2e717bf-551a-4917-bdc9-4fa0f342c530	33.28792	44.252415							2009-12-23	23	12	2009	4QMMS	4QMMS	HUMAN_OBSERVATION	CLO	EBIRD	OBS104802624				CC_BY_4_0		obsr55372			2026-06-12T00:54:18.954Z		CONTINENT_DERIVED_FROM_COORDINATES;TAXON_CONCEPT_ID_NOT_FOUND",,,,
"595967645	4fa7b334-ce0d-4e88-aaae-2e0c138d049e	URN:catalog:CLO:EBIRD:OBS102731311	Animalia	Chordata	Aves	Passeriformes	Pycnonotidae	Pycnonotus	Pycnonotus leucotis		SPECIES	Pycnonotus leucotis (Gould"," 1836)	pycnonotus leucotis mesopotamia		IQ	Camp Victory	Baghdad	PRESENT	15	e2e717bf-551a-4917-bdc9-4fa0f342c530	33.28792	44.252415							2009-10-31	31	10	2009	4QMMS	4QMMS	HUMAN_OBSERVATION	CLO	EBIRD	OBS102731311				CC_BY_4_0		obsr55372			2026-06-12T00:57:04.086Z		CONTINENT_DERIVED_FROM_COORDINATES;TAXON_CONCEPT_ID_NOT_FOUND",,,,
"595944619	4fa7b334-ce0d-4e88-aaae-2e0c138d049e	URN:catalog:CLO:EBIRD:OBS106326272	Animalia	Chordata	Aves	Passeriformes	Pycnonotidae	Pycnonotus	Pycnonotus leucotis		SPECIES	Pycnonotus leucotis (Gould"," 1836)	pycnonotus leucotis mesopotamia		IQ	Balad SE	Salah ad Din	PRESENT		e2e717bf-551a-4917-bdc9-4fa0f342c530	33.942223	44.366913							2009-07-28	28	7	2009	4QMMS	4QMMS	HUMAN_OBSERVATION	CLO	EBIRD	OBS106326272				CC_BY_4_0		obsr145680			2026-06-12T00:59:35.223Z		CONTINENT_DERIVED_FROM_COORDINATES;TAXON_CONCEPT_ID_NOT_FOUND",,,,
"595706570	4fa7b334-ce0d-4e88-aaae-2e0c138d049e	URN:catalog:CLO:EBIRD:OBS102775560	Animalia	Chordata	Aves	Passeriformes	Pycnonotidae	Pycnonotus	Pycnonotus leucotis		SPECIES	Pycnonotus leucotis (Gould"," 1836)	pycnonotus leucotis mesopotamia		IQ	Joint Base Balad	Salah ad Din	PRESENT	3	e2e717bf-551a-4917-bdc9-4fa0f342c530	33.94051	44.36554							2005-01-19	19	1	2005	4QMMS	4QMMS	HUMAN_OBSERVATION	CLO	EBIRD	OBS102775560				CC_BY_4_0		obsr55372			2026-06-12T00:54:50.232Z		CONTINENT_DERIVED_FROM_COORDINATES;TAXON_CONCEPT_ID_NOT_FOUND",,,,
"595648853	4fa7b334-ce0d-4e88-aaae-2e0c138d049e	URN:catalog:CLO:EBIRD:OBS104661700	Animalia	Chordata	Aves	Passeriformes	Pycnonotidae	Pycnonotus	Pycnonotus leucotis		SPECIES	Pycnonotus leucotis (Gould"," 1836)	pycnonotus leucotis mesopotamia		IQ	Joint Base Balad	Salah ad Din	PRESENT	4	e2e717bf-551a-4917-bdc9-4fa0f342c530	33.94051	44.36554							2004-04-30	30	4	2004	4QMMS	4QMMS	HUMAN_OBSERVATION	CLO	EBIRD	OBS104661700				CC_BY_4_0		obsr55372			2026-06-12T00:58:05.660Z		CONTINENT_DERIVED_FROM_COORDINATES;TAXON_CONCEPT_ID_NOT_FOUND",,,,
"595646849	4fa7b334-ce0d-4e88-aaae-2e0c138d049e	URN:catalog:CLO:EBIRD:OBS103078536	Animalia	Chordata	Aves	Passeriformes	Pycnonotidae	Pycnonotus	Pycnonotus leucotis		SPECIES	Pycnonotus leucotis (Gould"," 1836)	pycnonotus leucotis mesopotamia		IQ	Joint Base Balad	Salah ad Din	PRESENT	3	e2e717bf-551a-4917-bdc9-4fa0f342c530	33.94051	44.36554							2004-09-23	23	9	2004	4QMMS	4QMMS	HUMAN_OBSERVATION	CLO	EBIRD	OBS103078536				CC_BY_4_0		obsr55372			2026-06-12T00:47:15.877Z		CONTINENT_DERIVED_FROM_COORDINATES;TAXON_CONCEPT_ID_NOT_FOUND",,,,
"595646782	4fa7b334-ce0d-4e88-aaae-2e0c138d049e	URN:catalog:CLO:EBIRD:OBS102777496	Animalia	Chordata	Aves	Passeriformes	Pycnonotidae	Pycnonotus	Pycnonotus leucotis		SPECIES	Pycnonotus leucotis (Gould"," 1836)	pycnonotus leucotis mesopotamia		IQ	Tallil Air Base	Dhi Qar	PRESENT	1	e2e717bf-551a-4917-bdc9-4fa0f342c530	30.950966	46.098846							2004-12-28	28	12	2004	4QMMS	4QMMS	HUMAN_OBSERVATION	CLO	EBIRD	OBS102777496				CC_BY_4_0		obsr55372			2026-06-12T00:55:41.700Z		CONTINENT_DERIVED_FROM_COORDINATES;TAXON_CONCEPT_ID_NOT_FOUND",,,,
"595646687	4fa7b334-ce0d-4e88-aaae-2e0c138d049e	URN:catalog:CLO:EBIRD:OBS103073569	Animalia	Chordata	Aves	Passeriformes	Pycnonotidae	Pycnonotus	Pycnonotus leucotis		SPECIES	Pycnonotus leucotis (Gould"," 1836)	pycnonotus leucotis mesopotamia		IQ	Al Asad Airbase	Al Anbar	PRESENT		e2e717bf-551a-4917-bdc9-4fa0f342c530	33.796608	42.430424							2004-10-30	30	10	2004	4QMMS	4QMMS	HUMAN_OBSERVATION	CLO	EBIRD	OBS103073569				CC_BY_4_0		obsr55372			2026-06-12T00:58:45.885Z		CONTINENT_DERIVED_FROM_COORDINATES;TAXON_CONCEPT_ID_NOT_FOUND",,,,
"5903995695	50c9509d-22c7-4a22-a47d-8c48425ef4a7	https://www.inaturalist.org/observations/327987875	Animalia	Chordata	Aves	Passeriformes	Pycnonotidae	Pycnonotus	Pycnonotus leucotis		SPECIES	Pycnonotus leucotis (Gould"," 1836)	pycnonotus leucotis mesopotamia		IQ		Diyala	PRESENT		28eb1a3f-1c15-4a95-931a-4af90ecb574d	33.764187	44.655991	31.0						2025-06-11T06:56	11	6	2025	4QMMS	4QMMS	HUMAN_OBSERVATION	iNaturalist	Observations	327987875		عراقي إيكو	2025-11-24T02:24:17	CC_BY_NC_4_0	عراقي إيكو	عراقي إيكو			2026-07-07T20:19:23.219Z	Sound	COORDINATE_ROUNDED;CONTINENT_DERIVED_FROM_COORDINATES;TAXON_ID_NOT_FOUND",,,,
"5889348657	50c9509d-22c7-4a22-a47d-8c48425ef4a7	https://www.inaturalist.org/observations/323661149	Animalia	Chordata	Aves	Passeriformes	Pycnonotidae	Pycnonotus	Pycnonotus leucotis		SPECIES	Pycnonotus leucotis (Gould"," 1836)	pycnonotus leucotis mesopotamia		IQ		Al-Basrah	PRESENT		28eb1a3f-1c15-4a95-931a-4af90ecb574d	30.451305	47.810007	198.0						2025-10-28	28	10	2025	4QMMS	4QMMS	HUMAN_OBSERVATION	iNaturalist	Observations	323661149		زين _النجم	2025-10-28T14:57:57	CC_BY_NC_4_0	زين _النجم	زين _النجم			2026-07-07T19:52:38.717Z	StillImage	COORDINATE_ROUNDED;CONTINENT_DERIVED_FROM_COORDINATES;TAXON_ID_NOT_FOUND",,,,
"5714370550	4fa7b334-ce0d-4e88-aaae-2e0c138d049e	URN:catalog:CLO:EBIRD:OBS669257818	Animalia	Chordata	Aves	Passeriformes	Pycnonotidae	Pycnonotus	Pycnonotus leucotis		SPECIES	Pycnonotus leucotis (Gould"," 1836)	pycnonotus leucotis mesopotamia		IQ	Al Rashid Hotel	Baghdad	PRESENT	5	e2e717bf-551a-4917-bdc9-4fa0f342c530	33.31597	44.389336							2018-10-22	22	10	2018	4QMMS	4QMMS	HUMAN_OBSERVATION	CLO	EBIRD	OBS669257818				CC_BY_4_0		obsr552670			2026-06-12T01:00:33.296Z		CONTINENT_DERIVED_FROM_COORDINATES;TAXON_CONCEPT_ID_NOT_FOUND",,,,
"5710239711	4fa7b334-ce0d-4e88-aaae-2e0c138d049e	URN:catalog:CLO:EBIRD:OBS1986432050	Animalia	Chordata	Aves	Passeriformes	Pycnonotidae	Pycnonotus	Pycnonotus leucotis		SPECIES	Pycnonotus leucotis (Gould"," 1836)	pycnonotus leucotis mesopotamia		IQ	Scorpion Road", TAAM Eng. B. Camp (30.449," 47.614)	Al Basrah	PRESENT		e2e717bf-551a-4917-bdc9-4fa0f342c530	30.449314	47.61374							2024-03-20	20	3	2024	4QMMS	4QMMS	HUMAN_OBSERVATION	CLO	EBIRD	OBS1986432050				CC_BY_4_0		obsr564248			2026-06-12T01:00:17.574Z		CONTINENT_DERIVED_FROM_COORDINATES;TAXON_CONCEPT_ID_NOT_FOUND",,
"5697666926	4fa7b334-ce0d-4e88-aaae-2e0c138d049e	URN:catalog:CLO:EBIRD:OBS1990838877	Animalia	Chordata	Aves	Passeriformes	Pycnonotidae	Pycnonotus	Pycnonotus leucotis		SPECIES	Pycnonotus leucotis (Gould"," 1836)	pycnonotus leucotis mesopotamia		IQ	Camp Liberty"," Iraq	Baghdad	PRESENT	3	e2e717bf-551a-4917-bdc9-4fa0f342c530	33.290123	44.264503							2010-07-19	19	7	2010	4QMMS	4QMMS	HUMAN_OBSERVATION	CLO	EBIRD	OBS1990838877				CC_BY_4_0		obsr533019			2026-06-11T23:13:29.627Z		CONTINENT_DERIVED_FROM_COORDINATES;TAXON_CONCEPT_ID_NOT_FOUND",,,
"5696701540	4fa7b334-ce0d-4e88-aaae-2e0c138d049e	URN:catalog:CLO:EBIRD:OBS2720857227	Animalia	Chordata	Aves	Passeriformes	Pycnonotidae	Pycnonotus	Pycnonotus leucotis		SPECIES	Pycnonotus leucotis (Gould"," 1836)	pycnonotus leucotis mesopotamia		IQ	Medical City	Baghdad	PRESENT	1	e2e717bf-551a-4917-bdc9-4fa0f342c530	33.346306	44.377167							2024-12-24	24	12	2024	4QMMS	4QMMS	HUMAN_OBSERVATION	CLO	EBIRD	OBS2720857227				CC_BY_4_0		obsr6311762			2026-06-11T21:52:32.383Z		CONTINENT_DERIVED_FROM_COORDINATES;TAXON_CONCEPT_ID_NOT_FOUND",,,,
"5636116341	4fa7b334-ce0d-4e88-aaae-2e0c138d049e	URN:catalog:CLO:EBIRD:OBS2504251479	Animalia	Chordata	Aves	Passeriformes	Pycnonotidae	Pycnonotus	Pycnonotus leucotis		SPECIES	Pycnonotus leucotis (Gould"," 1836)	pycnonotus leucotis mesopotamia		IQ	Misike north	Dahuk	PRESENT	8	e2e717bf-551a-4917-bdc9-4fa0f342c530	36.880764	42.941135							2024-10-02	2	10	2024	4QMMS	4QMMS	HUMAN_OBSERVATION	CLO	EBIRD	OBS2504251479				CC_BY_4_0		obsr309888			2026-06-11T22:40:22.036Z		CONTINENT_DERIVED_FROM_COORDINATES;TAXON_CONCEPT_ID_NOT_FOUND",,,,
"5624281871	4fa7b334-ce0d-4e88-aaae-2e0c138d049e	URN:catalog:CLO:EBIRD:OBS1944490878	Animalia	Chordata	Aves	Passeriformes	Pycnonotidae	Pycnonotus	Pycnonotus leucotis		SPECIES	Pycnonotus leucotis (Gould"," 1836)	pycnonotus leucotis mesopotamia		IQ	Unnamed Road", Madain, Babylon Governorate, IQ (33.077," 44.576)	Diyalá	PRESENT	2	e2e717bf-551a-4917-bdc9-4fa0f342c530	33.07716	44.57646							2024-02-07	7	2	2024	4QMMS	4QMMS	HUMAN_OBSERVATION	CLO	EBIRD	OBS1944490878				CC_BY_4_0		obsr1971171			2026-06-11T23:49:00.063Z		CONTINENT_DERIVED_FROM_COORDINATES;TAXON_CONCEPT_ID_NOT_FOUND"
"5586453624	4fa7b334-ce0d-4e88-aaae-2e0c138d049e	URN:catalog:CLO:EBIRD:OBS2158586432	Animalia	Chordata	Aves	Passeriformes	Pycnonotidae	Pycnonotus	Pycnonotus leucotis		SPECIES	Pycnonotus leucotis (Gould"," 1836)	pycnonotus leucotis mesopotamia		IQ	Auto selected 33.31485"," 44.41837	Baghdad	PRESENT	2	e2e717bf-551a-4917-bdc9-4fa0f342c530	33.314846	44.418365							2024-05-15	15	5	2024	4QMMS	4QMMS	HUMAN_OBSERVATION	CLO	EBIRD	OBS2158586432				CC_BY_4_0		obsr589364			2026-06-11T23:11:06.249Z		CONTINENT_DERIVED_FROM_COORDINATES;TAXON_CONCEPT_ID_NOT_FOUND",,,
"5563721849	4fa7b334-ce0d-4e88-aaae-2e0c138d049e	URN:catalog:CLO:EBIRD:OBS1946917312	Animalia	Chordata	Aves	Passeriformes	Pycnonotidae	Pycnonotus	Pycnonotus leucotis		SPECIES	Pycnonotus leucotis (Gould"," 1836)	pycnonotus leucotis mesopotamia		IQ	Unnamed Road", Babylon Governorate, IQ (32.786," 44.382)	Babil	PRESENT	3	e2e717bf-551a-4917-bdc9-4fa0f342c530	32.785763	44.382046							2024-02-10	10	2	2024	4QMMS	4QMMS	HUMAN_OBSERVATION	CLO	EBIRD	OBS1946917312				CC_BY_4_0		obsr1971171			2026-06-11T22:31:50.424Z		CONTINENT_DERIVED_FROM_COORDINATES;TAXON_CONCEPT_ID_NOT_FOUND",
"5526521257	4fa7b334-ce0d-4e88-aaae-2e0c138d049e	URN:catalog:CLO:EBIRD:OBS666976952	Animalia	Chordata	Aves	Passeriformes	Pycnonotidae	Pycnonotus	Pycnonotus leucotis		SPECIES	Pycnonotus leucotis (Gould"," 1836)	pycnonotus leucotis mesopotamia		IQ	Al Rashid Hotel	Baghdad	PRESENT	8	e2e717bf-551a-4917-bdc9-4fa0f342c530	33.31597	44.389336							2018-10-15	15	10	2018	4QMMS	4QMMS	HUMAN_OBSERVATION	CLO	EBIRD	OBS666976952				CC_BY_4_0		obsr552670			2026-06-11T22:54:22.882Z		CONTINENT_DERIVED_FROM_COORDINATES;TAXON_CONCEPT_ID_NOT_FOUND",,,,
"5508601970	4fa7b334-ce0d-4e88-aaae-2e0c138d049e	URN:catalog:CLO:EBIRD:OBS1990860478	Animalia	Chordata	Aves	Passeriformes	Pycnonotidae	Pycnonotus	Pycnonotus leucotis		SPECIES	Pycnonotus leucotis (Gould"," 1836)	pycnonotus leucotis mesopotamia		IQ	Camp Liberty"," Iraq	Baghdad	PRESENT	3	e2e717bf-551a-4917-bdc9-4fa0f342c530	33.264027	44.27465							2010-07-06	6	7	2010	4QMMS	4QMMS	HUMAN_OBSERVATION	CLO	EBIRD	OBS1990860478				CC_BY_4_0		obsr533019			2026-06-11T22:53:18.082Z		CONTINENT_DERIVED_FROM_COORDINATES;TAXON_CONCEPT_ID_NOT_FOUND",,,
"5504213269	4fa7b334-ce0d-4e88-aaae-2e0c138d049e	URN:catalog:CLO:EBIRD:OBS2696605679	Animalia	Chordata	Aves	Passeriformes	Pycnonotidae	Pycnonotus	Pycnonotus leucotis		SPECIES	Pycnonotus leucotis (Gould"," 1836)	pycnonotus leucotis mesopotamia		IQ	Erbil International Airport	Arbil	PRESENT	1	e2e717bf-551a-4917-bdc9-4fa0f342c530	36.238625	43.96376							2018-10-01	1	10	2018	4QMMS	4QMMS	HUMAN_OBSERVATION	CLO	EBIRD	OBS2696605679				CC_BY_4_0		obsr1159605			2026-06-11T21:48:37.971Z		CONTINENT_DERIVED_FROM_COORDINATES;TAXON_CONCEPT_ID_NOT_FOUND",,,,
"5497338332	4fa7b334-ce0d-4e88-aaae-2e0c138d049e	URN:catalog:CLO:EBIRD:OBS2598964830	Animalia	Chordata	Aves	Passeriformes	Pycnonotidae	Pycnonotus	Pycnonotus leucotis		SPECIES	Pycnonotus leucotis (Gould"," 1836)	pycnonotus leucotis mesopotamia		IQ	Dihok", Duhok Governorate, IQ (36.874," 42.966)	Dahuk	PRESENT	2	e2e717bf-551a-4917-bdc9-4fa0f342c530	36.874023	42.965664							2024-11-09	9	11	2024	4QMMS	4QMMS	HUMAN_OBSERVATION	CLO	EBIRD	OBS2598964830				CC_BY_4_0		obsr309888			2026-06-12T00:49:41.827Z		CONTINENT_DERIVED_FROM_COORDINATES;TAXON_CONCEPT_ID_NOT_FOUND",
"5448481258	4fa7b334-ce0d-4e88-aaae-2e0c138d049e	URN:catalog:CLO:EBIRD:OBS2598965298	Animalia	Chordata	Aves	Passeriformes	Pycnonotidae	Pycnonotus	Pycnonotus leucotis		SPECIES	Pycnonotus leucotis (Gould"," 1836)	pycnonotus leucotis mesopotamia		IQ	Cemetery Duhok-", IQ (36.877," 42.97)	Dahuk	PRESENT	3	e2e717bf-551a-4917-bdc9-4fa0f342c530	36.876812	42.969612							2023-11-09	9	11	2023	4QMMS	4QMMS	HUMAN_OBSERVATION	CLO	EBIRD	OBS2598965298				CC_BY_4_0		obsr309888			2026-06-11T23:31:04.661Z		CONTINENT_DERIVED_FROM_COORDINATES;TAXON_CONCEPT_ID_NOT_FOUND",,
"5336415755	4fa7b334-ce0d-4e88-aaae-2e0c138d049e	URN:catalog:CLO:EBIRD:OBS1946343860	Animalia	Chordata	Aves	Passeriformes	Pycnonotidae	Pycnonotus	Pycnonotus leucotis		SPECIES	Pycnonotus leucotis (Gould"," 1836)	pycnonotus leucotis mesopotamia		IQ	Al burkhan	Al Anbar	PRESENT	3	e2e717bf-551a-4917-bdc9-4fa0f342c530	33.242565	44.24568							2024-02-09	9	2	2024	4QMMS	4QMMS	HUMAN_OBSERVATION	CLO	EBIRD	OBS1946343860				CC_BY_4_0		obsr4720748			2026-06-11T21:46:59.163Z		CONTINENT_DERIVED_FROM_COORDINATES;TAXON_CONCEPT_ID_NOT_FOUND",,,,
"5310559709	4fa7b334-ce0d-4e88-aaae-2e0c138d049e	URN:catalog:CLO:EBIRD:OBS2615609282	Animalia	Chordata	Aves	Passeriformes	Pycnonotidae	Pycnonotus	Pycnonotus leucotis		SPECIES	Pycnonotus leucotis (Gould"," 1836)	pycnonotus leucotis mesopotamia		IQ	nurseries	Dahuk	PRESENT	2	e2e717bf-551a-4917-bdc9-4fa0f342c530	36.86967	42.96748							2024-11-15	15	11	2024	4QMMS	4QMMS	HUMAN_OBSERVATION	CLO	EBIRD	OBS2615609282				CC_BY_4_0		obsr309888			2026-06-11T22:17:12.941Z		CONTINENT_DERIVED_FROM_COORDINATES;TAXON_CONCEPT_ID_NOT_FOUND",,,,
"5302746480	4fa7b334-ce0d-4e88-aaae-2e0c138d049e	URN:catalog:CLO:EBIRD:OBS2606922937	Animalia	Chordata	Aves	Passeriformes	Pycnonotidae	Pycnonotus	Pycnonotus leucotis		SPECIES	Pycnonotus leucotis (Gould"," 1836)	pycnonotus leucotis mesopotamia		IQ	Baghdad IQ-Baghdad (33.5200","44.2532)	Salah ad Din	PRESENT	1	e2e717bf-551a-4917-bdc9-4fa0f342c530	33.520027	44.25318							2008-06-12	12	6	2008	4QMMS	4QMMS	HUMAN_OBSERVATION	CLO	EBIRD	OBS2606922937				CC_BY_4_0		obsr1677946			2026-06-11T22:44:38.430Z		CONTINENT_DERIVED_FROM_COORDINATES;TAXON_CONCEPT_ID_NOT_FOUND",,,
"5299318011	4fa7b334-ce0d-4e88-aaae-2e0c138d049e	URN:catalog:CLO:EBIRD:OBS1943058575	Animalia	Chordata	Aves	Passeriformes	Pycnonotidae	Pycnonotus	Pycnonotus leucotis		SPECIES	Pycnonotus leucotis (Gould"," 1836)	pycnonotus leucotis mesopotamia		IQ	سنجار", بابل محافظة, IQ (32.542," 44.424)	Babil	PRESENT	1	e2e717bf-551a-4917-bdc9-4fa0f342c530	32.54168	44.423916							2024-02-05	5	2	2024	4QMMS	4QMMS	HUMAN_OBSERVATION	CLO	EBIRD	OBS1943058575				CC_BY_4_0		obsr1971171			2026-06-11T23:07:20.252Z		CONTINENT_DERIVED_FROM_COORDINATES;TAXON_CONCEPT_ID_NOT_FOUND",
"5295064163	26098c25-8f7f-4c71-97ac-1d3db181c65e	http://n2t.net/ark:/65665/30e103b05-daa7-474b-a4f6-092c583a1c10	Animalia	Chordata	Aves	Passeriformes	Pycnonotidae	Pycnonotus	Pycnonotus leucotis		SPECIES	Pycnonotus leucogenys (J.E.Gray"," 1835)	Pycnonotus leucogenys leucotis		IQ	Joint Base Balad	Muhafazat Salah ad Din	PRESENT	1	bc092ff0-02e4-11dc-991f-b8a03c50a862	33.94	44.3614							2011-05-02	2	5	2011	VDJTX	4QMMS	MATERIAL_SAMPLE	USNM	BIRDS					CC0_1_0		K. Hunt			2026-07-01T10:22:42.707Z		GEODETIC_DATUM_ASSUMED_WGS84",,,,
"5295047768	26098c25-8f7f-4c71-97ac-1d3db181c65e	http://n2t.net/ark:/65665/3b6c39bb2-e0d7-41e5-bfd2-85c931acfa01	Animalia	Chordata	Aves	Passeriformes	Pycnonotidae	Pycnonotus	Pycnonotus leucotis		SPECIES	Pycnonotus leucogenys (J.E.Gray"," 1835)	Pycnonotus leucogenys leucotis		IQ	Joint Base Balad	Muhafazat Salah ad Din	PRESENT	1	bc092ff0-02e4-11dc-991f-b8a03c50a862	33.94	44.3614							2011-05-02	2	5	2011	VDJTX	4QMMS	MATERIAL_SAMPLE	USNM	BIRDS					CC0_1_0		K. Hunt			2026-07-01T10:22:42.147Z		GEODETIC_DATUM_ASSUMED_WGS84",,,,
"5295044057	26098c25-8f7f-4c71-97ac-1d3db181c65e	http://n2t.net/ark:/65665/33c9edec9-64ec-4e38-8636-cbe62d146538	Animalia	Chordata	Aves	Passeriformes	Pycnonotidae	Pycnonotus	Pycnonotus leucotis		SPECIES	Pycnonotus leucogenys (J.E.Gray"," 1835)	Pycnonotus leucogenys leucotis		IQ	Joint Base Balad	Muhafazat Salah ad Din	PRESENT	1	bc092ff0-02e4-11dc-991f-b8a03c50a862	33.94	44.3614							2010-10-01	1	10	2010	VDJTX	4QMMS	MATERIAL_SAMPLE	USNM	BIRDS					CC0_1_0		C. Vogelwede			2026-07-01T10:22:54.383Z		GEODETIC_DATUM_ASSUMED_WGS84",,,,
"5295037387	26098c25-8f7f-4c71-97ac-1d3db181c65e	http://n2t.net/ark:/65665/3710ddad0-18de-426a-826b-5fd3b42f7f59	Animalia	Chordata	Aves	Passeriformes	Pycnonotidae	Pycnonotus	Pycnonotus leucotis		SPECIES	Pycnonotus leucogenys (J.E.Gray"," 1835)	Pycnonotus leucogenys leucotis		IQ	Joint Base Balad	Muhafazat Salah ad Din	PRESENT	1	bc092ff0-02e4-11dc-991f-b8a03c50a862	33.94	44.3614							2010-10-01	1	10	2010	VDJTX	4QMMS	MATERIAL_SAMPLE	USNM	BIRDS					CC0_1_0		C. Vogelwede			2026-07-01T10:22:41.652Z		GEODETIC_DATUM_ASSUMED_WGS84",,,,
"5295037352	26098c25-8f7f-4c71-97ac-1d3db181c65e	http://n2t.net/ark:/65665/33f7cc4a4-350d-4bfa-bae0-98703031c74d	Animalia	Chordata	Aves	Passeriformes	Pycnonotidae	Pycnonotus	Pycnonotus leucotis		SPECIES	Pycnonotus leucogenys (J.E.Gray"," 1835)	Pycnonotus leucogenys leucotis		IQ	Joint Base Balad	Muhafazat Salah ad Din	PRESENT	1	bc092ff0-02e4-11dc-991f-b8a03c50a862	33.94	44.3614							2010-08-24	24	8	2010	VDJTX	4QMMS	MATERIAL_SAMPLE	USNM	BIRDS					CC0_1_0		C. Vogelwede			2026-07-01T10:22:57.833Z		GEODETIC_DATUM_ASSUMED_WGS84",,,,
"5198939723	50c9509d-22c7-4a22-a47d-8c48425ef4a7	https://www.inaturalist.org/observations/288654940	Animalia	Chordata	Aves	Passeriformes	Pycnonotidae	Pycnonotus	Pycnonotus leucotis		SPECIES	Pycnonotus leucotis (Gould"," 1836)	pycnonotus leucotis mesopotamia		IQ		Diyala	PRESENT		28eb1a3f-1c15-4a95-931a-4af90ecb574d	33.763716	44.655304	19.0						2025-06-11T05:51:23	11	6	2025	4QMMS	4QMMS	HUMAN_OBSERVATION	iNaturalist	Observations	288654940		عراقي إيكو	2025-06-11T04:49:05	CC_BY_NC_4_0	عراقي إيكو	عراقي إيكو			2026-07-07T19:52:18.956Z	StillImage	COORDINATE_ROUNDED;CONTINENT_DERIVED_FROM_COORDINATES;TAXON_ID_NOT_FOUND",,,,
"5188324211	50c9509d-22c7-4a22-a47d-8c48425ef4a7	https://www.inaturalist.org/observations/288373141	Animalia	Chordata	Aves	Passeriformes	Pycnonotidae	Pycnonotus	Pycnonotus leucotis		SPECIES	Pycnonotus leucotis (Gould"," 1836)	pycnonotus leucotis mesopotamia		IQ		Diyala	PRESENT		28eb1a3f-1c15-4a95-931a-4af90ecb574d	33.763764	44.655339	24.0						2025-06-09T09:04	9	6	2025	4QMMS	4QMMS	HUMAN_OBSERVATION	iNaturalist	Observations	288373141		عراقي إيكو	2025-06-10T02:55:51	CC_BY_NC_4_0	عراقي إيكو	عراقي إيكو			2026-07-07T20:17:22.485Z	StillImage	COORDINATE_ROUNDED;CONTINENT_DERIVED_FROM_COORDINATES;TAXON_ID_NOT_FOUND",,,,
"5168213494	50c9509d-22c7-4a22-a47d-8c48425ef4a7	https://www.inaturalist.org/observations/282830653	Animalia	Chordata	Aves	Passeriformes	Pycnonotidae	Pycnonotus	Pycnonotus leucotis	mesopotamia	SUBSPECIES	Pycnonotus leucotis mesopotamia Ticehurst"," 1918	pycnonotus leucotis mesopotamia mesopotamia		IQ		Al-Anbar	PRESENT		28eb1a3f-1c15-4a95-931a-4af90ecb574d	33.2434	43.57204							2025-05-05T18:56	5	5	2025	5KSVK	4QMMS	HUMAN_OBSERVATION	iNaturalist	Observations	282830653		زين _النجم	2025-05-21T11:15:26	CC_BY_NC_4_0	Christian Langner	Christian Langner			2026-07-07T20:42:36.298Z		CONTINENT_DERIVED_FROM_COORDINATES;TAXON_ID_NOT_FOUND",,,,
"5167918191	50c9509d-22c7-4a22-a47d-8c48425ef4a7	https://www.inaturalist.org/observations/281991104	Animalia	Chordata	Aves	Passeriformes	Pycnonotidae	Pycnonotus	Pycnonotus leucotis	mesopotamia	SUBSPECIES	Pycnonotus leucotis mesopotamia Ticehurst"," 1918	pycnonotus leucotis mesopotamia mesopotamia		IQ		Diyala	PRESENT		28eb1a3f-1c15-4a95-931a-4af90ecb574d	33.536033	44.316978	10611.0						2022-04-08T17:29:25	8	4	2022	5KSVK	4QMMS	HUMAN_OBSERVATION	iNaturalist	Observations	281991104		kamel Alfayadhi	2025-05-18T06:28:33	CC0_1_0	kamel Alfayadhi	kamel Alfayadhi			2026-07-07T20:17:25.396Z	StillImage	COORDINATE_ROUNDED;CONTINENT_DERIVED_FROM_COORDINATES;TAXON_ID_NOT_FOUND",,,,
"5167715643	50c9509d-22c7-4a22-a47d-8c48425ef4a7	https://www.inaturalist.org/observations/283059502	Animalia	Chordata	Aves	Passeriformes	Pycnonotidae	Pycnonotus	Pycnonotus leucotis		SPECIES	Pycnonotus leucotis (Gould"," 1836)	pycnonotus leucotis mesopotamia		IQ		Al-Anbar	PRESENT		28eb1a3f-1c15-4a95-931a-4af90ecb574d	33.2434	43.57204							2025-05-06T06:43	6	5	2025	4QMMS	4QMMS	HUMAN_OBSERVATION	iNaturalist	Observations	283059502		Christian Langner	2025-05-22T04:45:35	CC_BY_NC_4_0	Christian Langner	Christian Langner			2026-07-07T20:43:30.370Z		CONTINENT_DERIVED_FROM_COORDINATES;TAXON_ID_NOT_FOUND",,,,
"5153735152	50c9509d-22c7-4a22-a47d-8c48425ef4a7	https://www.inaturalist.org/observations/279684591	Animalia	Chordata	Aves	Passeriformes	Pycnonotidae	Pycnonotus	Pycnonotus leucotis		SPECIES	Pycnonotus leucotis (Gould"," 1836)	pycnonotus leucotis mesopotamia		IQ		Baghdad	PRESENT		28eb1a3f-1c15-4a95-931a-4af90ecb574d	33.275372	44.377967	53.0						2025-04-21T11:14:31	21	4	2025	4QMMS	4QMMS	HUMAN_OBSERVATION	iNaturalist	Observations	279684591		Atheer Sameer	2025-05-09T12:32:40	CC_BY_NC_4_0	Atheer Sameer	Atheer Sameer			2026-07-07T20:32:01.268Z	StillImage	COORDINATE_ROUNDED;CONTINENT_DERIVED_FROM_COORDINATES;TAXON_ID_NOT_FOUND",,,,
"5146923902	e3b959d6-fcbe-4a28-a166-e4a807c340a0	https://arctos.database.museum/guid/MVZ:Bird:134535	Animalia	Chordata	Aves	Passeriformes	Pycnonotidae	Pycnonotus	Pycnonotus leucotis	mesopotamia	SUBSPECIES	Pycnonotus leucotis mesopotamia Ticehurst"," 1918	pycnonotus leucotis mesopotamia mesopotamia		IQ	Baghdad	Baghdad	PRESENT		8edbbde0-055e-11d8-b850-b8a03c50a862	33.33861	44.39389	4868.0						1956-04-01	1	4	1956	5KSVK	4QMMS	PRESERVED_SPECIMEN	MVZ	Ornithology	MVZ:Bird:134535		Erika J. Brock	2017-03-23T00:00:00	CC0_1_0		Collector(s): Cornelis Johannes Marinkelle			2026-06-28T00:43:18.462Z		CONTINENT_DERIVED_FROM_COORDINATES;INSTITUTION_MATCH_FUZZY;INSTITUTION_COLLECTION_MISMATCH",,,,
"5146882908	e3b959d6-fcbe-4a28-a166-e4a807c340a0	https://arctos.database.museum/guid/MVZ:Bird:134537	Animalia	Chordata	Aves	Passeriformes	Pycnonotidae	Pycnonotus	Pycnonotus leucotis	mesopotamia	SUBSPECIES	Pycnonotus leucotis mesopotamia Ticehurst"," 1918	pycnonotus leucotis mesopotamia mesopotamia		IQ	Baghdad	Baghdad	PRESENT		8edbbde0-055e-11d8-b850-b8a03c50a862	33.33861	44.39389	4868.0						1956-04-05	5	4	1956	5KSVK	4QMMS	PRESERVED_SPECIMEN	MVZ	Ornithology	MVZ:Bird:134537		Erika J. Brock	2017-03-23T00:00:00	CC0_1_0		Collector(s): Cornelis Johannes Marinkelle			2026-06-28T00:43:13.004Z		CONTINENT_DERIVED_FROM_COORDINATES;INSTITUTION_MATCH_FUZZY;INSTITUTION_COLLECTION_MISMATCH",,,,
"5146748905	e3b959d6-fcbe-4a28-a166-e4a807c340a0	https://arctos.database.museum/guid/MVZ:Bird:134536	Animalia	Chordata	Aves	Passeriformes	Pycnonotidae	Pycnonotus	Pycnonotus leucotis	mesopotamia	SUBSPECIES	Pycnonotus leucotis mesopotamia Ticehurst"," 1918	pycnonotus leucotis mesopotamia mesopotamia		IQ	Baghdad	Baghdad	PRESENT		8edbbde0-055e-11d8-b850-b8a03c50a862	33.33861	44.39389	4868.0						1956-04-05	5	4	1956	5KSVK	4QMMS	PRESERVED_SPECIMEN	MVZ	Ornithology	MVZ:Bird:134536		Erika J. Brock	2017-03-23T00:00:00	CC0_1_0		Collector(s): Cornelis Johannes Marinkelle			2026-06-28T00:43:11.882Z		CONTINENT_DERIVED_FROM_COORDINATES;INSTITUTION_MATCH_FUZZY;INSTITUTION_COLLECTION_MISMATCH",,,,
"5133114325	50c9509d-22c7-4a22-a47d-8c48425ef4a7	http://www.inaturalist.org/observations/4174748	Animalia	Chordata	Aves	Passeriformes	Pycnonotidae	Pycnonotus	Pycnonotus leucotis		SPECIES	Pycnonotus leucotis (Gould"," 1836)	pycnonotus leucotis mesopotamia		IQ		Al-Anbar	PRESENT		28eb1a3f-1c15-4a95-931a-4af90ecb574d	33.313136	43.880167	204.0						2008-06-18T08:17	18	6	2008	4QMMS	4QMMS	HUMAN_OBSERVATION	iNaturalist	Observations	4174748				CC_BY_NC_4_0	Sal Scibetta	Sal Scibetta			2026-07-07T20:26:28.695Z	StillImage	COORDINATE_ROUNDED;CONTINENT_DERIVED_FROM_COORDINATES;TAXON_ID_NOT_FOUND",,,,
"5104543902	50c9509d-22c7-4a22-a47d-8c48425ef4a7	https://www.inaturalist.org/observations/266556801	Animalia	Chordata	Aves	Passeriformes	Pycnonotidae	Pycnonotus	Pycnonotus leucotis	mesopotamia	SUBSPECIES	Pycnonotus leucotis mesopotamia Ticehurst"," 1918	pycnonotus leucotis mesopotamia mesopotamia		IQ		Babil	PRESENT		28eb1a3f-1c15-4a95-931a-4af90ecb574d	32.887481	44.36058	7.0						2022-02-05T15:44:46	5	2	2022	5KSVK	4QMMS	HUMAN_OBSERVATION	iNaturalist	Observations	266556801		kamel Alfayadhi	2025-03-23T14:21:58	CC0_1_0	kamel Alfayadhi	kamel Alfayadhi			2026-07-07T20:16:53.506Z	StillImage	COORDINATE_ROUNDED;CONTINENT_DERIVED_FROM_COORDINATES;TAXON_ID_NOT_FOUND",,,,
"5069697352	50c9509d-22c7-4a22-a47d-8c48425ef4a7	https://www.inaturalist.org/observations/19147600	Animalia	Chordata	Aves	Passeriformes	Pycnonotidae	Pycnonotus	Pycnonotus leucotis		SPECIES	Pycnonotus leucotis (Gould"," 1836)	pycnonotus leucotis mesopotamia		IQ		Babil	PRESENT		28eb1a3f-1c15-4a95-931a-4af90ecb574d	32.91137	44.352897	464.0						2018-02-19	19	2	2018	4QMMS	4QMMS	HUMAN_OBSERVATION	iNaturalist	Observations	19147600				CC0_1_0	kamel Alfayadhi	kamel Alfayadhi			2026-07-07T20:03:44.154Z	StillImage	COORDINATE_ROUNDED;CONTINENT_DERIVED_FROM_COORDINATES;TAXON_ID_NOT_FOUND",,,,
"4987779715	50c9509d-22c7-4a22-a47d-8c48425ef4a7	https://www.inaturalist.org/observations/252885311	Animalia	Chordata	Aves	Passeriformes	Pycnonotidae	Pycnonotus	Pycnonotus leucotis		SPECIES	Pycnonotus leucotis (Gould"," 1836)	pycnonotus leucotis mesopotamia		IQ		Al-Anbar	PRESENT		28eb1a3f-1c15-4a95-931a-4af90ecb574d	34.068543	42.320815	163020.0						2023-07-08T09:26:09	8	7	2023	4QMMS	4QMMS	HUMAN_OBSERVATION	iNaturalist	Observations	252885311		زين _النجم	2024-11-24T18:34:54	CC_BY_NC_4_0	devink88	devink88			2026-07-07T20:40:25.449Z	StillImage	COORDINATE_ROUNDED;CONTINENT_DERIVED_FROM_COORDINATES;TAXON_ID_NOT_FOUND",,,,
"4909564986	821cc27a-e3bb-4bc5-ac34-89ada245069d	http://n2t.net/ark:/65665/341f5de90-02ab-4c6a-a4a4-075e897f6bcb	Animalia	Chordata	Aves	Passeriformes	Pycnonotidae	Pycnonotus	Pycnonotus leucotis		SPECIES	Pycnonotus leucogenys (J.E.Gray"," 1835)	Pycnonotus leucogenys leucotis		IQ	Joint Base Balad	Muhafazat Salah ad Din	PRESENT	1	bc092ff0-02e4-11dc-991f-b8a03c50a862	33.94	44.3614							2011-05-02	2	5	2011	VDJTX	4QMMS	PRESERVED_SPECIMEN	USNM	BIRDS	USNM 645987				CC0_1_0		K. Hunt			2026-07-02T11:12:55.278Z		GEODETIC_DATUM_ASSUMED_WGS84;OCCURRENCE_STATUS_INFERRED_FROM_INDIVIDUAL_COUNT",,,,
"4909559162	821cc27a-e3bb-4bc5-ac34-89ada245069d	http://n2t.net/ark:/65665/37babb121-b010-4c28-b4e8-10a3a4136bde	Animalia	Chordata	Aves	Passeriformes	Pycnonotidae	Pycnonotus	Pycnonotus leucotis		SPECIES	Pycnonotus leucogenys (J.E.Gray"," 1835)	Pycnonotus leucogenys leucotis		IQ	Joint Base Balad	Muhafazat Salah ad Din	PRESENT	1	bc092ff0-02e4-11dc-991f-b8a03c50a862	33.94	44.3614							2011-05-02	2	5	2011	VDJTX	4QMMS	PRESERVED_SPECIMEN	USNM	BIRDS	USNM 645988				CC0_1_0		K. Hunt			2026-07-02T11:12:52.441Z		GEODETIC_DATUM_ASSUMED_WGS84;OCCURRENCE_STATUS_INFERRED_FROM_INDIVIDUAL_COUNT",,,,
"4832024736	4fa7b334-ce0d-4e88-aaae-2e0c138d049e	URN:catalog:CLO:EBIRD:OBS1744289139	Animalia	Chordata	Aves	Passeriformes	Pycnonotidae	Pycnonotus	Pycnonotus leucotis		SPECIES	Pycnonotus leucotis (Gould"," 1836)	pycnonotus leucotis mesopotamia		IQ	Masjid Burasa", Baghdad Governorate, IQ (33.352," 44.361)	Baghdad	PRESENT	1	e2e717bf-551a-4917-bdc9-4fa0f342c530	33.351887	44.360813							2023-05-02	2	5	2023	4QMMS	4QMMS	HUMAN_OBSERVATION	CLO	EBIRD	OBS1744289139				CC_BY_4_0		obsr3126057			2026-06-11T22:43:16.335Z		CONTINENT_DERIVED_FROM_COORDINATES;TAXON_CONCEPT_ID_NOT_FOUND",
"4828847080	4fa7b334-ce0d-4e88-aaae-2e0c138d049e	URN:catalog:CLO:EBIRD:OBS1897164341	Animalia	Chordata	Aves	Passeriformes	Pycnonotidae	Pycnonotus	Pycnonotus leucotis		SPECIES	Pycnonotus leucotis (Gould"," 1836)	pycnonotus leucotis mesopotamia		IQ	BABYLON	Babil	PRESENT	1	e2e717bf-551a-4917-bdc9-4fa0f342c530	32.5425	44.421112							2023-12-07	7	12	2023	4QMMS	4QMMS	HUMAN_OBSERVATION	CLO	EBIRD	OBS1897164341				CC_BY_4_0		obsr364647			2026-06-11T23:03:31.946Z		CONTINENT_DERIVED_FROM_COORDINATES;TAXON_CONCEPT_ID_NOT_FOUND",,,,
"4815646822	4fa7b334-ce0d-4e88-aaae-2e0c138d049e	URN:catalog:CLO:EBIRD:OBS1860668768	Animalia	Chordata	Aves	Passeriformes	Pycnonotidae	Pycnonotus	Pycnonotus leucotis		SPECIES	Pycnonotus leucotis (Gould"," 1836)	pycnonotus leucotis mesopotamia		IQ	Dihok", Duhok Governorate, IQ (36.88," 42.952)	Dahuk	PRESENT	3	e2e717bf-551a-4917-bdc9-4fa0f342c530	36.88023	42.952324							2023-10-27	27	10	2023	4QMMS	4QMMS	HUMAN_OBSERVATION	CLO	EBIRD	OBS1860668768				CC_BY_4_0		obsr309888			2026-06-12T00:26:45.351Z		CONTINENT_DERIVED_FROM_COORDINATES;TAXON_CONCEPT_ID_NOT_FOUND",
"4751236226	4fa7b334-ce0d-4e88-aaae-2e0c138d049e	URN:catalog:CLO:EBIRD:OBS1720759106	Animalia	Chordata	Aves	Passeriformes	Pycnonotidae	Pycnonotus	Pycnonotus leucotis		SPECIES	Pycnonotus leucotis (Gould"," 1836)	pycnonotus leucotis mesopotamia		IQ	Masjid Burasa", Baghdad Governorate, IQ (33.352," 44.361)	Baghdad	PRESENT	1	e2e717bf-551a-4917-bdc9-4fa0f342c530	33.351887	44.360813							2023-05-02	2	5	2023	4QMMS	4QMMS	HUMAN_OBSERVATION	CLO	EBIRD	OBS1720759106				CC_BY_4_0		obsr644177			2026-06-11T23:19:30.759Z		CONTINENT_DERIVED_FROM_COORDINATES;TAXON_CONCEPT_ID_NOT_FOUND",
"4744843044	4fa7b334-ce0d-4e88-aaae-2e0c138d049e	URN:catalog:CLO:EBIRD:OBS1712678564	Animalia	Chordata	Aves	Passeriformes	Pycnonotidae	Pycnonotus	Pycnonotus leucotis		SPECIES	Pycnonotus leucotis (Gould"," 1836)	pycnonotus leucotis mesopotamia		IQ	Auto selected 30.51082"," 47.84072	Al Basrah	PRESENT	2	e2e717bf-551a-4917-bdc9-4fa0f342c530	30.510822	47.840725							2023-05-07	7	5	2023	4QMMS	4QMMS	HUMAN_OBSERVATION	CLO	EBIRD	OBS1712678564				CC_BY_4_0		obsr589364			2026-06-12T00:03:30.489Z		CONTINENT_DERIVED_FROM_COORDINATES;TAXON_CONCEPT_ID_NOT_FOUND",,,
"4732153427	4fa7b334-ce0d-4e88-aaae-2e0c138d049e	URN:catalog:CLO:EBIRD:OBS1906473609	Animalia	Chordata	Aves	Passeriformes	Pycnonotidae	Pycnonotus	Pycnonotus leucotis		SPECIES	Pycnonotus leucotis (Gould"," 1836)	pycnonotus leucotis mesopotamia		IQ	Al Madina", Basra Governorate, IQ (30.957," 47.274)	Al Basrah	PRESENT	3	e2e717bf-551a-4917-bdc9-4fa0f342c530	30.957256	47.273716							2023-12-26	26	12	2023	4QMMS	4QMMS	HUMAN_OBSERVATION	CLO	EBIRD	OBS1906473609				CC_BY_4_0		obsr1291359			2026-06-11T22:47:09.882Z		CONTINENT_DERIVED_FROM_COORDINATES;TAXON_CONCEPT_ID_NOT_FOUND",
"4723472713	4fa7b334-ce0d-4e88-aaae-2e0c138d049e	URN:catalog:CLO:EBIRD:OBS1831248523	Animalia	Chordata	Aves	Passeriformes	Pycnonotidae	Pycnonotus	Pycnonotus leucotis		SPECIES	Pycnonotus leucotis (Gould"," 1836)	pycnonotus leucotis mesopotamia		IQ	Corner Park"," Erbil	Arbil	PRESENT	1	e2e717bf-551a-4917-bdc9-4fa0f342c530	36.231567	43.990395							2023-09-20	20	9	2023	4QMMS	4QMMS	HUMAN_OBSERVATION	CLO	EBIRD	OBS1831248523				CC_BY_4_0		obsr999861			2026-06-11T22:31:39.498Z		CONTINENT_DERIVED_FROM_COORDINATES;TAXON_CONCEPT_ID_NOT_FOUND",,,
"4720963984	4fa7b334-ce0d-4e88-aaae-2e0c138d049e	URN:catalog:CLO:EBIRD:OBS1720757940	Animalia	Chordata	Aves	Passeriformes	Pycnonotidae	Pycnonotus	Pycnonotus leucotis		SPECIES	Pycnonotus leucotis (Gould"," 1836)	pycnonotus leucotis mesopotamia		IQ	Musayib", Babylon Governorate, IQ (32.785," 44.312)	Babil	PRESENT	2	e2e717bf-551a-4917-bdc9-4fa0f342c530	32.78467	44.311604							2023-05-02	2	5	2023	4QMMS	4QMMS	HUMAN_OBSERVATION	CLO	EBIRD	OBS1720757940				CC_BY_4_0		obsr644177			2026-06-11T23:50:56.683Z		CONTINENT_DERIVED_FROM_COORDINATES;TAXON_CONCEPT_ID_NOT_FOUND",
"4715228841	4fa7b334-ce0d-4e88-aaae-2e0c138d049e	URN:catalog:CLO:EBIRD:OBS1680462098	Animalia	Chordata	Aves	Passeriformes	Pycnonotidae	Pycnonotus	Pycnonotus leucotis		SPECIES	Pycnonotus leucotis (Gould"," 1836)	pycnonotus leucotis mesopotamia		IQ	Al Madina"," Euphrates river	Al Basrah	PRESENT	2	e2e717bf-551a-4917-bdc9-4fa0f342c530	30.958958	47.26168							2023-04-03	3	4	2023	4QMMS	4QMMS	HUMAN_OBSERVATION	CLO	EBIRD	OBS1680462098				CC_BY_4_0		obsr1291359			2026-06-11T22:21:39.118Z		CONTINENT_DERIVED_FROM_COORDINATES;TAXON_CONCEPT_ID_NOT_FOUND",,,
"4713858526	4fa7b334-ce0d-4e88-aaae-2e0c138d049e	URN:catalog:CLO:EBIRD:OBS1836122382	Animalia	Chordata	Aves	Passeriformes	Pycnonotidae	Pycnonotus	Pycnonotus leucotis		SPECIES	Pycnonotus leucotis (Gould"," 1836)	pycnonotus leucotis mesopotamia		IQ	Masjid Burasa", Baghdad Governorate, IQ (33.352," 44.361)	Baghdad	PRESENT	1	e2e717bf-551a-4917-bdc9-4fa0f342c530	33.351887	44.360813							2023-05-02	2	5	2023	4QMMS	4QMMS	HUMAN_OBSERVATION	CLO	EBIRD	OBS1836122382				CC_BY_4_0		obsr1877711			2026-06-11T22:32:01.869Z		CONTINENT_DERIVED_FROM_COORDINATES;TAXON_CONCEPT_ID_NOT_FOUND",
"4713509856	4fa7b334-ce0d-4e88-aaae-2e0c138d049e	URN:catalog:CLO:EBIRD:OBS1688831983	Animalia	Chordata	Aves	Passeriformes	Pycnonotidae	Pycnonotus	Pycnonotus leucotis		SPECIES	Pycnonotus leucotis (Gould"," 1836)	pycnonotus leucotis mesopotamia		IQ	Al Madina"," Euphrates river	Al Basrah	PRESENT	2	e2e717bf-551a-4917-bdc9-4fa0f342c530	30.958958	47.26168							2023-04-17	17	4	2023	4QMMS	4QMMS	HUMAN_OBSERVATION	CLO	EBIRD	OBS1688831983				CC_BY_4_0		obsr1291359			2026-06-11T21:42:15.730Z		CONTINENT_DERIVED_FROM_COORDINATES;TAXON_CONCEPT_ID_NOT_FOUND",,,
"4711907459	4fa7b334-ce0d-4e88-aaae-2e0c138d049e	URN:catalog:CLO:EBIRD:OBS1811046302	Animalia	Chordata	Aves	Passeriformes	Pycnonotidae	Pycnonotus	Pycnonotus leucotis		SPECIES	Pycnonotus leucotis (Gould"," 1836)	pycnonotus leucotis mesopotamia		IQ	Al Madina", Basra Governorate, IQ (30.957," 47.274)	Al Basrah	PRESENT	2	e2e717bf-551a-4917-bdc9-4fa0f342c530	30.957256	47.273716							2023-08-25	25	8	2023	4QMMS	4QMMS	HUMAN_OBSERVATION	CLO	EBIRD	OBS1811046302				CC_BY_4_0		obsr1291359			2026-06-11T23:50:50.395Z		CONTINENT_DERIVED_FROM_COORDINATES;TAXON_CONCEPT_ID_NOT_FOUND",
"4683536960	4fa7b334-ce0d-4e88-aaae-2e0c138d049e	URN:catalog:CLO:EBIRD:OBS1722547168	Animalia	Chordata	Aves	Passeriformes	Pycnonotidae	Pycnonotus	Pycnonotus leucotis		SPECIES	Pycnonotus leucotis (Gould"," 1836)	pycnonotus leucotis mesopotamia		IQ	Majnoon Oil field	Al Basrah	PRESENT	1	e2e717bf-551a-4917-bdc9-4fa0f342c530	31.08932	47.617363							2023-05-13	13	5	2023	4QMMS	4QMMS	HUMAN_OBSERVATION	CLO	EBIRD	OBS1722547168				CC_BY_4_0		obsr1152691			2026-06-11T23:01:43.649Z		CONTINENT_DERIVED_FROM_COORDINATES;TAXON_CONCEPT_ID_NOT_FOUND",,,,
"4677384507	4fa7b334-ce0d-4e88-aaae-2e0c138d049e	URN:catalog:CLO:EBIRD:OBS1832603963	Animalia	Chordata	Aves	Passeriformes	Pycnonotidae	Pycnonotus	Pycnonotus leucotis		SPECIES	Pycnonotus leucotis (Gould"," 1836)	pycnonotus leucotis mesopotamia		IQ	Great Zab gravel pits Karwrgosk	Arbil	PRESENT	3	e2e717bf-551a-4917-bdc9-4fa0f342c530	36.35335	43.77962							2023-09-22	22	9	2023	4QMMS	4QMMS	HUMAN_OBSERVATION	CLO	EBIRD	OBS1832603963				CC_BY_4_0		obsr589364			2026-06-11T23:46:02.724Z		CONTINENT_DERIVED_FROM_COORDINATES;TAXON_CONCEPT_ID_NOT_FOUND",,,,
"4671180100	4fa7b334-ce0d-4e88-aaae-2e0c138d049e	URN:catalog:CLO:EBIRD:OBS1733955677	Animalia	Chordata	Aves	Passeriformes	Pycnonotidae	Pycnonotus	Pycnonotus leucotis		SPECIES	Pycnonotus leucotis (Gould"," 1836)	pycnonotus leucotis mesopotamia		IQ	HS Rushaid Al Hajari", Babylon Governorate, IQ (32.206," 44.387)	Babil	PRESENT	2	e2e717bf-551a-4917-bdc9-4fa0f342c530	32.20583	44.387066							2023-05-05	5	5	2023	4QMMS	4QMMS	HUMAN_OBSERVATION	CLO	EBIRD	OBS1733955677				CC_BY_4_0		obsr644177			2026-06-11T22:13:43.189Z		CONTINENT_DERIVED_FROM_COORDINATES;TAXON_CONCEPT_ID_NOT_FOUND",
"4669084761	4fa7b334-ce0d-4e88-aaae-2e0c138d049e	URN:catalog:CLO:EBIRD:OBS1627509801	Animalia	Chordata	Aves	Passeriformes	Pycnonotidae	Pycnonotus	Pycnonotus leucotis		SPECIES	Pycnonotus leucotis (Gould"," 1836)	pycnonotus leucotis mesopotamia		IQ	巴格达", IQ (33.314," 44.416)	Baghdad	PRESENT	5	e2e717bf-551a-4917-bdc9-4fa0f342c530	33.313526	44.41618							2023-02-10	10	2	2023	4QMMS	4QMMS	HUMAN_OBSERVATION	CLO	EBIRD	OBS1627509801				CC_BY_4_0		obsr1140710			2026-06-11T23:36:02.497Z		CONTINENT_DERIVED_FROM_COORDINATES;TAXON_CONCEPT_ID_NOT_FOUND",,
"4668458742	4fa7b334-ce0d-4e88-aaae-2e0c138d049e	URN:catalog:CLO:EBIRD:OBS1832615602	Animalia	Chordata	Aves	Passeriformes	Pycnonotidae	Pycnonotus	Pycnonotus leucotis		SPECIES	Pycnonotus leucotis (Gould"," 1836)	pycnonotus leucotis mesopotamia		IQ	Kawergosk - Zab River	Arbil	PRESENT	3	e2e717bf-551a-4917-bdc9-4fa0f342c530	36.35335	43.77962							2023-09-22	22	9	2023	4QMMS	4QMMS	HUMAN_OBSERVATION	CLO	EBIRD	OBS1832615602				CC_BY_4_0		obsr1316288			2026-06-11T23:33:57.546Z		CONTINENT_DERIVED_FROM_COORDINATES;TAXON_CONCEPT_ID_NOT_FOUND",,,,
"4665101173	4fa7b334-ce0d-4e88-aaae-2e0c138d049e	URN:catalog:CLO:EBIRD:OBS1720758034	Animalia	Chordata	Aves	Passeriformes	Pycnonotidae	Pycnonotus	Pycnonotus leucotis		SPECIES	Pycnonotus leucotis (Gould"," 1836)	pycnonotus leucotis mesopotamia		IQ	Baghdad", Baghdad Governorate, IQ (33.355," 44.384)	Baghdad	PRESENT	3	e2e717bf-551a-4917-bdc9-4fa0f342c530	33.355423	44.38379							2023-05-02	2	5	2023	4QMMS	4QMMS	HUMAN_OBSERVATION	CLO	EBIRD	OBS1720758034				CC_BY_4_0		obsr644177			2026-06-11T21:57:30.427Z		CONTINENT_DERIVED_FROM_COORDINATES;TAXON_CONCEPT_ID_NOT_FOUND",
"4645265745	4fa7b334-ce0d-4e88-aaae-2e0c138d049e	URN:catalog:CLO:EBIRD:OBS1615430090	Animalia	Chordata	Aves	Passeriformes	Pycnonotidae	Pycnonotus	Pycnonotus leucotis		SPECIES	Pycnonotus leucotis (Gould"," 1836)	pycnonotus leucotis mesopotamia		IQ	Auto selected 32.54165"," 44.43227	Babil	PRESENT	1	e2e717bf-551a-4917-bdc9-4fa0f342c530	32.54165	44.43227							2023-01-26	26	1	2023	4QMMS	4QMMS	HUMAN_OBSERVATION	CLO	EBIRD	OBS1615430090				CC_BY_4_0		obsr857361			2026-06-11T22:40:23.624Z		CONTINENT_DERIVED_FROM_COORDINATES;TAXON_CONCEPT_ID_NOT_FOUND",,,
"4643495719	4fa7b334-ce0d-4e88-aaae-2e0c138d049e	URN:catalog:CLO:EBIRD:OBS1819438733	Animalia	Chordata	Aves	Passeriformes	Pycnonotidae	Pycnonotus	Pycnonotus leucotis		SPECIES	Pycnonotus leucotis (Gould"," 1836)	pycnonotus leucotis mesopotamia		IQ	Erbil International Airport	Ninawá	PRESENT	2	e2e717bf-551a-4917-bdc9-4fa0f342c530	36.22715	43.973347							2023-03-15	15	3	2023	4QMMS	4QMMS	HUMAN_OBSERVATION	CLO	EBIRD	OBS1819438733				CC_BY_4_0		obsr1383237			2026-06-11T22:14:27.285Z		CONTINENT_DERIVED_FROM_COORDINATES;TAXON_CONCEPT_ID_NOT_FOUND",,,,
"4382788441	4fa7b334-ce0d-4e88-aaae-2e0c138d049e	URN:catalog:CLO:EBIRD:OBS1576116771	Animalia	Chordata	Aves	Passeriformes	Pycnonotidae	Pycnonotus	Pycnonotus leucotis		SPECIES	Pycnonotus leucotis (Gould"," 1836)	pycnonotus leucotis mesopotamia		IQ	Baghdad", Baghdad Governorate, IQ (33.299," 44.389)	Baghdad	PRESENT	2	e2e717bf-551a-4917-bdc9-4fa0f342c530	33.298855	44.389156							2022-10-22	22	10	2022	4QMMS	4QMMS	HUMAN_OBSERVATION	CLO	EBIRD	OBS1576116771				CC_BY_4_0		obsr812758			2026-06-11T21:55:46.066Z		CONTINENT_DERIVED_FROM_COORDINATES;TAXON_CONCEPT_ID_NOT_FOUND",
"4364991147	4fa7b334-ce0d-4e88-aaae-2e0c138d049e	URN:catalog:CLO:EBIRD:OBS1675595878	Animalia	Chordata	Aves	Passeriformes	Pycnonotidae	Pycnonotus	Pycnonotus leucotis		SPECIES	Pycnonotus leucotis (Gould"," 1836)	pycnonotus leucotis mesopotamia		IQ	Ibn Sina Hospital	Baghdad	PRESENT	4	e2e717bf-551a-4917-bdc9-4fa0f342c530	33.311844	44.406395							2006-02-18	18	2	2006	4QMMS	4QMMS	HUMAN_OBSERVATION	CLO	EBIRD	OBS1675595878				CC_BY_4_0		obsr424547			2026-06-11T21:55:52.822Z		CONTINENT_DERIVED_FROM_COORDINATES;TAXON_CONCEPT_ID_NOT_FOUND",,,,
"4322346695	4fa7b334-ce0d-4e88-aaae-2e0c138d049e	URN:catalog:CLO:EBIRD:OBS1560683061	Animalia	Chordata	Aves	Passeriformes	Pycnonotidae	Pycnonotus	Pycnonotus leucotis		SPECIES	Pycnonotus leucotis (Gould"," 1836)	pycnonotus leucotis mesopotamia		IQ	Military Camp	Maysan	PRESENT		e2e717bf-551a-4917-bdc9-4fa0f342c530	31.819853	47.08106							2003-04-10	10	4	2003	4QMMS	4QMMS	HUMAN_OBSERVATION	CLO	EBIRD	OBS1560683061				CC_BY_4_0		obsr1214606			2026-06-11T22:55:03.883Z		CONTINENT_DERIVED_FROM_COORDINATES;TAXON_CONCEPT_ID_NOT_FOUND",,,,
"4309629865	4fa7b334-ce0d-4e88-aaae-2e0c138d049e	URN:catalog:CLO:EBIRD:OBS1517402127	Animalia	Chordata	Aves	Passeriformes	Pycnonotidae	Pycnonotus	Pycnonotus leucotis		SPECIES	Pycnonotus leucotis (Gould"," 1836)	pycnonotus leucotis mesopotamia		IQ	Mehran _ilam	Wasit	PRESENT	2	e2e717bf-551a-4917-bdc9-4fa0f342c530	33.119873	46.126076							2022-09-13	13	9	2022	4QMMS	4QMMS	HUMAN_OBSERVATION	CLO	EBIRD	OBS1517402127				CC_BY_4_0		obsr1352779			2026-06-11T21:38:36.196Z		CONTINENT_DERIVED_FROM_COORDINATES;TAXON_CONCEPT_ID_NOT_FOUND",,,,
"4302269636	4fa7b334-ce0d-4e88-aaae-2e0c138d049e	URN:catalog:CLO:EBIRD:OBS1576677629	Animalia	Chordata	Aves	Passeriformes	Pycnonotidae	Pycnonotus	Pycnonotus leucotis		SPECIES	Pycnonotus leucotis (Gould"," 1836)	pycnonotus leucotis mesopotamia		IQ	Sami Abdulrahman Park	Arbil	PRESENT	1	e2e717bf-551a-4917-bdc9-4fa0f342c530	36.19152	43.980846							2022-12-07	7	12	2022	4QMMS	4QMMS	HUMAN_OBSERVATION	CLO	EBIRD	OBS1576677629				CC_BY_4_0		obsr589364			2026-06-11T22:42:35.567Z		CONTINENT_DERIVED_FROM_COORDINATES;TAXON_CONCEPT_ID_NOT_FOUND",,,,
"4294708026	4fa7b334-ce0d-4e88-aaae-2e0c138d049e	URN:catalog:CLO:EBIRD:OBS1322016080	Animalia	Chordata	Aves	Passeriformes	Pycnonotidae	Pycnonotus	Pycnonotus leucotis		SPECIES	Pycnonotus leucotis (Gould"," 1836)	pycnonotus leucotis mesopotamia		IQ	Baghdad - Ministry of Youth and Sports	Baghdad	PRESENT	1	e2e717bf-551a-4917-bdc9-4fa0f342c530	33.334286	44.44623							2022-01-19	19	1	2022	4QMMS	4QMMS	HUMAN_OBSERVATION	CLO	EBIRD	OBS1322016080				CC_BY_4_0		obsr552670			2026-06-11T21:38:33.535Z		CONTINENT_DERIVED_FROM_COORDINATES;TAXON_CONCEPT_ID_NOT_FOUND",,,,
"4259147978	4fa7b334-ce0d-4e88-aaae-2e0c138d049e	URN:catalog:CLO:EBIRD:OBS1393492129	Animalia	Chordata	Aves	Passeriformes	Pycnonotidae	Pycnonotus	Pycnonotus leucotis		SPECIES	Pycnonotus leucotis (Gould"," 1836)	pycnonotus leucotis mesopotamia		IQ	Majnoon Oil Field", Yamani Bridge," Basra	Al Basrah	PRESENT	2	e2e717bf-551a-4917-bdc9-4fa0f342c530	30.994781	47.621418							2022-04-16	16	4	2022	4QMMS	4QMMS	HUMAN_OBSERVATION	CLO	EBIRD	OBS1393492129				CC_BY_4_0		obsr2371039			2026-06-11T22:26:52.679Z		CONTINENT_DERIVED_FROM_COORDINATES;TAXON_CONCEPT_ID_NOT_FOUND",,
"4250789662	4fa7b334-ce0d-4e88-aaae-2e0c138d049e	URN:catalog:CLO:EBIRD:OBS1379869896	Animalia	Chordata	Aves	Passeriformes	Pycnonotidae	Pycnonotus	Pycnonotus leucotis		SPECIES	Pycnonotus leucotis (Gould"," 1836)	pycnonotus leucotis mesopotamia		IQ	Dihok", Duhok Governorate, IQ (36.874," 42.966)	Dahuk	PRESENT	2	e2e717bf-551a-4917-bdc9-4fa0f342c530	36.874023	42.965664							2022-04-01	1	4	2022	4QMMS	4QMMS	HUMAN_OBSERVATION	CLO	EBIRD	OBS1379869896				CC_BY_4_0		obsr309888			2026-06-11T23:39:37.431Z		CONTINENT_DERIVED_FROM_COORDINATES;TAXON_CONCEPT_ID_NOT_FOUND",
"4243883280	4fa7b334-ce0d-4e88-aaae-2e0c138d049e	URN:catalog:CLO:EBIRD:OBS1479807371	Animalia	Chordata	Aves	Passeriformes	Pycnonotidae	Pycnonotus	Pycnonotus leucotis		SPECIES	Pycnonotus leucotis (Gould"," 1836)	pycnonotus leucotis mesopotamia		IQ	Dukan Lake--general area	As Sulaymaniyah	PRESENT	2	e2e717bf-551a-4917-bdc9-4fa0f342c530	36.113472	44.92447							2022-07-15	15	7	2022	4QMMS	4QMMS	HUMAN_OBSERVATION	CLO	EBIRD	OBS1479807371				CC_BY_4_0		obsr939923			2026-06-11T23:55:54.501Z		CONTINENT_DERIVED_FROM_COORDINATES;TAXON_CONCEPT_ID_NOT_FOUND",,,,
"4229147991	4fa7b334-ce0d-4e88-aaae-2e0c138d049e	URN:catalog:CLO:EBIRD:OBS1516062141	Animalia	Chordata	Aves	Passeriformes	Pycnonotidae	Pycnonotus	Pycnonotus leucotis		SPECIES	Pycnonotus leucotis (Gould"," 1836)	pycnonotus leucotis mesopotamia		IQ	جسر دجلة (الكاظمية)	Baghdad	PRESENT	1	e2e717bf-551a-4917-bdc9-4fa0f342c530	33.385994	44.33675							2022-09-09	9	9	2022	4QMMS	4QMMS	HUMAN_OBSERVATION	CLO	EBIRD	OBS1516062141				CC_BY_4_0		obsr1505748			2026-06-11T22:09:51.748Z		CONTINENT_DERIVED_FROM_COORDINATES;TAXON_CONCEPT_ID_NOT_FOUND",,,,
"4227966832	4fa7b334-ce0d-4e88-aaae-2e0c138d049e	URN:catalog:CLO:EBIRD:OBS1358346899	Animalia	Chordata	Aves	Passeriformes	Pycnonotidae	Pycnonotus	Pycnonotus leucotis		SPECIES	Pycnonotus leucotis (Gould"," 1836)	pycnonotus leucotis mesopotamia		IQ	Road	As Sulaymaniyah	PRESENT	2	e2e717bf-551a-4917-bdc9-4fa0f342c530	35.700607	45.18597							2022-03-05	5	3	2022	4QMMS	4QMMS	HUMAN_OBSERVATION	CLO	EBIRD	OBS1358346899				CC_BY_4_0		obsr939923			2026-06-11T23:28:46.444Z		CONTINENT_DERIVED_FROM_COORDINATES;TAXON_CONCEPT_ID_NOT_FOUND",,,,
"4188166941	4fa7b334-ce0d-4e88-aaae-2e0c138d049e	URN:catalog:CLO:EBIRD:OBS1316725169	Animalia	Chordata	Aves	Passeriformes	Pycnonotidae	Pycnonotus	Pycnonotus leucotis		SPECIES	Pycnonotus leucotis (Gould"," 1836)	pycnonotus leucotis mesopotamia		IQ	Part of International Zone	Baghdad	PRESENT	1	e2e717bf-551a-4917-bdc9-4fa0f342c530	33.300884	44.40327							2022-01-12	12	1	2022	4QMMS	4QMMS	HUMAN_OBSERVATION	CLO	EBIRD	OBS1316725169				CC_BY_4_0		obsr2829746			2026-06-12T00:49:21.378Z		CONTINENT_DERIVED_FROM_COORDINATES;TAXON_CONCEPT_ID_NOT_FOUND",,,,
"3902651114	50c9509d-22c7-4a22-a47d-8c48425ef4a7	https://www.inaturalist.org/observations/131180955	Animalia	Chordata	Aves	Passeriformes	Pycnonotidae	Pycnonotus	Pycnonotus leucotis		SPECIES	Pycnonotus leucotis (Gould"," 1836)	pycnonotus leucotis mesopotamia		IQ		Baghdad	PRESENT		28eb1a3f-1c15-4a95-931a-4af90ecb574d	33.285713	44.415657	76.0						2022-07-30T06:03	30	7	2022	4QMMS	4QMMS	HUMAN_OBSERVATION	iNaturalist	Observations	131180955		Nasser Halaweh	2022-08-17T10:39:39	CC_BY_4_0	Nasser Halaweh	Nasser Halaweh			2026-07-07T19:45:12.891Z	StillImage	COORDINATE_ROUNDED;CONTINENT_DERIVED_FROM_COORDINATES;TAXON_ID_NOT_FOUND",,,,
"3772757222	50c9509d-22c7-4a22-a47d-8c48425ef4a7	https://www.inaturalist.org/observations/114290889	Animalia	Chordata	Aves	Passeriformes	Pycnonotidae	Pycnonotus	Pycnonotus leucotis		SPECIES	Pycnonotus leucotis (Gould"," 1836)	pycnonotus leucotis mesopotamia		IQ		Baghdad	PRESENT		28eb1a3f-1c15-4a95-931a-4af90ecb574d	33.285117	44.417768	691.0						2022-04-09T16:35	9	4	2022	4QMMS	4QMMS	HUMAN_OBSERVATION	iNaturalist	Observations	114290889		Nasser Halaweh	2022-05-01T17:03:15	CC_BY_4_0	Nasser Halaweh	Nasser Halaweh			2026-07-07T20:31:01.947Z	StillImage	COORDINATE_ROUNDED;CONTINENT_DERIVED_FROM_COORDINATES;TAXON_ID_NOT_FOUND",,,,
"3772684673	50c9509d-22c7-4a22-a47d-8c48425ef4a7	https://www.inaturalist.org/observations/113547488	Animalia	Chordata	Aves	Passeriformes	Pycnonotidae	Pycnonotus	Pycnonotus leucotis		SPECIES	Pycnonotus leucotis (Gould"," 1836)	pycnonotus leucotis mesopotamia		IQ		Sala ad-Din	PRESENT		28eb1a3f-1c15-4a95-931a-4af90ecb574d	33.951354	44.342575	5167.0						2009-09-06T12:36	6	9	2009	4QMMS	4QMMS	HUMAN_OBSERVATION	iNaturalist	Observations	113547488		Matthew L. Pinegar	2022-04-29T20:36:59	CC_BY_NC_4_0	Matthew L. Pinegar	Matthew L. Pinegar			2026-07-07T19:58:10.474Z	StillImage	COORDINATE_ROUNDED;CONTINENT_DERIVED_FROM_COORDINATES;TAXON_ID_NOT_FOUND",,,,
"3712552296	50c9509d-22c7-4a22-a47d-8c48425ef4a7	https://www.inaturalist.org/observations/108317535	Animalia	Chordata	Aves	Passeriformes	Pycnonotidae	Pycnonotus	Pycnonotus leucotis		SPECIES	Pycnonotus leucotis (Gould"," 1836)	pycnonotus leucotis mesopotamia		IQ		Baghdad	PRESENT		28eb1a3f-1c15-4a95-931a-4af90ecb574d	33.285198	44.420793	977.0						2022-02-12T15:13	12	2	2022	4QMMS	4QMMS	HUMAN_OBSERVATION	iNaturalist	Observations	108317535		Nasser Halaweh	2022-03-10T19:01:12	CC_BY_4_0	Nasser Halaweh	Nasser Halaweh			2026-07-07T20:31:00.943Z	StillImage	COORDINATE_ROUNDED;CONTINENT_DERIVED_FROM_COORDINATES;TAXON_ID_NOT_FOUND",,,,
"3712488241	50c9509d-22c7-4a22-a47d-8c48425ef4a7	https://www.inaturalist.org/observations/108317533	Animalia	Chordata	Aves	Passeriformes	Pycnonotidae	Pycnonotus	Pycnonotus leucotis		SPECIES	Pycnonotus leucotis (Gould"," 1836)	pycnonotus leucotis mesopotamia		IQ		Baghdad	PRESENT		28eb1a3f-1c15-4a95-931a-4af90ecb574d	33.285198	44.420793	977.0						2022-02-12T15:11	12	2	2022	4QMMS	4QMMS	HUMAN_OBSERVATION	iNaturalist	Observations	108317533		Nasser Halaweh	2022-03-10T19:01:12	CC_BY_4_0	Nasser Halaweh	Nasser Halaweh			2026-07-07T20:27:17.442Z	StillImage	COORDINATE_ROUNDED;CONTINENT_DERIVED_FROM_COORDINATES;TAXON_ID_NOT_FOUND",,,,
"3712488232	50c9509d-22c7-4a22-a47d-8c48425ef4a7	https://www.inaturalist.org/observations/108315265	Animalia	Chordata	Aves	Passeriformes	Pycnonotidae	Pycnonotus	Pycnonotus leucotis		SPECIES	Pycnonotus leucotis (Gould"," 1836)	pycnonotus leucotis mesopotamia		IQ		Baghdad	PRESENT		28eb1a3f-1c15-4a95-931a-4af90ecb574d	33.284944	44.416966	906.0						2021-12-10T15:37	10	12	2021	4QMMS	4QMMS	HUMAN_OBSERVATION	iNaturalist	Observations	108315265		Nasser Halaweh	2022-03-10T18:29:28	CC_BY_4_0	Nasser Halaweh	Nasser Halaweh			2026-07-07T19:44:31.108Z	StillImage	COORDINATE_ROUNDED;CONTINENT_DERIVED_FROM_COORDINATES;TAXON_ID_NOT_FOUND",,,,
"3685737194	4fa7b334-ce0d-4e88-aaae-2e0c138d049e	URN:catalog:CLO:EBIRD:OBS1138113398	Animalia	Chordata	Aves	Passeriformes	Pycnonotidae	Pycnonotus	Pycnonotus leucotis		SPECIES	Pycnonotus leucotis (Gould"," 1836)	pycnonotus leucotis mesopotamia		IQ	Auto selected 33.27183"," 44.37858	Baghdad	PRESENT	2	e2e717bf-551a-4917-bdc9-4fa0f342c530	33.27183	44.378586							2021-04-28	28	4	2021	4QMMS	4QMMS	HUMAN_OBSERVATION	CLO	EBIRD	OBS1138113398				CC_BY_4_0		obsr1830046			2026-06-12T00:35:12.808Z		CONTINENT_DERIVED_FROM_COORDINATES;TAXON_CONCEPT_ID_NOT_FOUND",,,
"3666791629	4fa7b334-ce0d-4e88-aaae-2e0c138d049e	URN:catalog:CLO:EBIRD:OBS1284556826	Animalia	Chordata	Aves	Passeriformes	Pycnonotidae	Pycnonotus	Pycnonotus leucotis		SPECIES	Pycnonotus leucotis (Gould"," 1836)	pycnonotus leucotis mesopotamia		IQ	Desert West of Al Ramadi	Al Anbar	PRESENT	1	e2e717bf-551a-4917-bdc9-4fa0f342c530	33.426777	42.966137							2021-11-27	27	11	2021	4QMMS	4QMMS	HUMAN_OBSERVATION	CLO	EBIRD	OBS1284556826				CC_BY_4_0		obsr925499			2026-06-11T21:51:41.092Z		CONTINENT_DERIVED_FROM_COORDINATES;TAXON_CONCEPT_ID_NOT_FOUND",,,,
"3657732157	4fa7b334-ce0d-4e88-aaae-2e0c138d049e	URN:catalog:CLO:EBIRD:OBS1158773953	Animalia	Chordata	Aves	Passeriformes	Pycnonotidae	Pycnonotus	Pycnonotus leucotis		SPECIES	Pycnonotus leucotis (Gould"," 1836)	pycnonotus leucotis mesopotamia		IQ	Al taji	Salah ad Din	PRESENT	2	e2e717bf-551a-4917-bdc9-4fa0f342c530	33.53144	44.266083							2021-05-16	16	5	2021	4QMMS	4QMMS	HUMAN_OBSERVATION	CLO	EBIRD	OBS1158773953				CC_BY_4_0		obsr2336982			2026-06-12T00:04:49.052Z		CONTINENT_DERIVED_FROM_COORDINATES;TAXON_CONCEPT_ID_NOT_FOUND",,,,
"3640545530	4fa7b334-ce0d-4e88-aaae-2e0c138d049e	URN:catalog:CLO:EBIRD:OBS1148694142	Animalia	Chordata	Aves	Passeriformes	Pycnonotidae	Pycnonotus	Pycnonotus leucotis		SPECIES	Pycnonotus leucotis (Gould"," 1836)	pycnonotus leucotis mesopotamia		IQ	Auto selected 31.94706"," 44.85142	Al Qadisiyah	PRESENT	1	e2e717bf-551a-4917-bdc9-4fa0f342c530	31.947056	44.851418							2021-05-09	9	5	2021	4QMMS	4QMMS	HUMAN_OBSERVATION	CLO	EBIRD	OBS1148694142				CC_BY_4_0		obsr1830046			2026-06-11T22:24:26.979Z		CONTINENT_DERIVED_FROM_COORDINATES;TAXON_CONCEPT_ID_NOT_FOUND",,,
"3633517017	4fa7b334-ce0d-4e88-aaae-2e0c138d049e	URN:catalog:CLO:EBIRD:OBS1123086157	Animalia	Chordata	Aves	Passeriformes	Pycnonotidae	Pycnonotus	Pycnonotus leucotis		SPECIES	Pycnonotus leucotis (Gould"," 1836)	pycnonotus leucotis mesopotamia		IQ	Auto selected 31.93930"," 44.96114	Al Qadisiyah	PRESENT	6	e2e717bf-551a-4917-bdc9-4fa0f342c530	31.939299	44.961136							2021-04-14	14	4	2021	4QMMS	4QMMS	HUMAN_OBSERVATION	CLO	EBIRD	OBS1123086157				CC_BY_4_0		obsr1830046			2026-06-11T21:53:34.430Z		CONTINENT_DERIVED_FROM_COORDINATES;TAXON_CONCEPT_ID_NOT_FOUND",,,
"3614003403	4fa7b334-ce0d-4e88-aaae-2e0c138d049e	URN:catalog:CLO:EBIRD:OBS1200924798	Animalia	Chordata	Aves	Passeriformes	Pycnonotidae	Pycnonotus	Pycnonotus leucotis		SPECIES	Pycnonotus leucotis (Gould"," 1836)	pycnonotus leucotis mesopotamia		IQ	Erbil Governorate", IQ (36.49," 44.928)	Arbil	PRESENT	1	e2e717bf-551a-4917-bdc9-4fa0f342c530	36.490025	44.92807							2021-07-14	14	7	2021	4QMMS	4QMMS	HUMAN_OBSERVATION	CLO	EBIRD	OBS1200924798				CC_BY_4_0		obsr735694			2026-06-12T00:05:11.658Z		CONTINENT_DERIVED_FROM_COORDINATES;TAXON_CONCEPT_ID_NOT_FOUND",,
"3612889387	4fa7b334-ce0d-4e88-aaae-2e0c138d049e	URN:catalog:CLO:EBIRD:OBS1245911178	Animalia	Chordata	Aves	Passeriformes	Pycnonotidae	Pycnonotus	Pycnonotus leucotis		SPECIES	Pycnonotus leucotis (Gould"," 1836)	pycnonotus leucotis mesopotamia		IQ	Harow Compound"," along the Tigris	Baghdad	PRESENT	1	e2e717bf-551a-4917-bdc9-4fa0f342c530	33.28651	44.420773							2021-09-27	27	9	2021	4QMMS	4QMMS	HUMAN_OBSERVATION	CLO	EBIRD	OBS1245911178				CC_BY_4_0		obsr552670			2026-06-11T22:33:23.351Z		CONTINENT_DERIVED_FROM_COORDINATES;TAXON_CONCEPT_ID_NOT_FOUND",,,
"3609178360	4fa7b334-ce0d-4e88-aaae-2e0c138d049e	URN:catalog:CLO:EBIRD:OBS1105290395	Animalia	Chordata	Aves	Passeriformes	Pycnonotidae	Pycnonotus	Pycnonotus leucotis		SPECIES	Pycnonotus leucotis (Gould"," 1836)	pycnonotus leucotis mesopotamia		IQ	Dihok", Duhok Governorate, IQ (36.88," 42.948)	Dahuk	PRESENT	1	e2e717bf-551a-4917-bdc9-4fa0f342c530	36.88019	42.94802							2021-03-28	28	3	2021	4QMMS	4QMMS	HUMAN_OBSERVATION	CLO	EBIRD	OBS1105290395				CC_BY_4_0		obsr309888			2026-06-12T00:54:25.269Z		CONTINENT_DERIVED_FROM_COORDINATES;TAXON_CONCEPT_ID_NOT_FOUND",
"3582902865	4fa7b334-ce0d-4e88-aaae-2e0c138d049e	URN:catalog:CLO:EBIRD:OBS1285165544	Animalia	Chordata	Aves	Passeriformes	Pycnonotidae	Pycnonotus	Pycnonotus leucotis		SPECIES	Pycnonotus leucotis (Gould"," 1836)	pycnonotus leucotis mesopotamia		IQ	Baghdad--International Airport	Al Anbar	PRESENT	1	e2e717bf-551a-4917-bdc9-4fa0f342c530	33.2647	44.23275							2021-11-28	28	11	2021	4QMMS	4QMMS	HUMAN_OBSERVATION	CLO	EBIRD	OBS1285165544				CC_BY_4_0		obsr925499			2026-06-11T22:13:59.206Z		CONTINENT_DERIVED_FROM_COORDINATES;TAXON_CONCEPT_ID_NOT_FOUND",,,,
"3582436379	4fa7b334-ce0d-4e88-aaae-2e0c138d049e	URN:catalog:CLO:EBIRD:OBS1249651239	Animalia	Chordata	Aves	Passeriformes	Pycnonotidae	Pycnonotus	Pycnonotus leucotis		SPECIES	Pycnonotus leucotis (Gould"," 1836)	pycnonotus leucotis mesopotamia		IQ	Unnamed Road", Baghdad, Baghdad Governorate, IQ (33.3," 44.392)	Baghdad	PRESENT	4	e2e717bf-551a-4917-bdc9-4fa0f342c530	33.299667	44.392345							2021-09-29	29	9	2021	4QMMS	4QMMS	HUMAN_OBSERVATION	CLO	EBIRD	OBS1249651239				CC_BY_4_0		obsr2057445			2026-06-12T00:05:35.675Z		CONTINENT_DERIVED_FROM_COORDINATES;TAXON_CONCEPT_ID_NOT_FOUND"
"3579404877	4fa7b334-ce0d-4e88-aaae-2e0c138d049e	URN:catalog:CLO:EBIRD:OBS1251964927	Animalia	Chordata	Aves	Passeriformes	Pycnonotidae	Pycnonotus	Pycnonotus leucotis		SPECIES	Pycnonotus leucotis (Gould"," 1836)	pycnonotus leucotis mesopotamia		IQ	Misike north	Dahuk	PRESENT	1	e2e717bf-551a-4917-bdc9-4fa0f342c530	36.880764	42.941135							2021-10-07	7	10	2021	4QMMS	4QMMS	HUMAN_OBSERVATION	CLO	EBIRD	OBS1251964927				CC_BY_4_0		obsr309888			2026-06-11T22:40:05.439Z		CONTINENT_DERIVED_FROM_COORDINATES;TAXON_CONCEPT_ID_NOT_FOUND",,,,
"3560492324	4fa7b334-ce0d-4e88-aaae-2e0c138d049e	URN:catalog:CLO:EBIRD:OBS1240288169	Animalia	Chordata	Aves	Passeriformes	Pycnonotidae	Pycnonotus	Pycnonotus leucotis		SPECIES	Pycnonotus leucotis (Gould"," 1836)	pycnonotus leucotis mesopotamia		IQ	Dukan--garbage dump	As Sulaymaniyah	PRESENT	2	e2e717bf-551a-4917-bdc9-4fa0f342c530	35.94717	44.949623							2011-06-05	5	6	2011	4QMMS	4QMMS	HUMAN_OBSERVATION	CLO	EBIRD	OBS1240288169				CC_BY_4_0		obsr919742			2026-06-12T00:49:06.535Z		CONTINENT_DERIVED_FROM_COORDINATES;TAXON_CONCEPT_ID_NOT_FOUND",,,,
"3557030185	4fa7b334-ce0d-4e88-aaae-2e0c138d049e	URN:catalog:CLO:EBIRD:OBS1301190655	Animalia	Chordata	Aves	Passeriformes	Pycnonotidae	Pycnonotus	Pycnonotus leucotis		SPECIES	Pycnonotus leucotis (Gould"," 1836)	pycnonotus leucotis mesopotamia		IQ	karbala	Karbala'	PRESENT	4	e2e717bf-551a-4917-bdc9-4fa0f342c530	32.58929	43.86001							2010-11-10	10	11	2010	4QMMS	4QMMS	HUMAN_OBSERVATION	CLO	EBIRD	OBS1301190655				CC_BY_4_0		obsr1435459			2026-06-12T00:35:13.412Z		CONTINENT_DERIVED_FROM_COORDINATES;TAXON_CONCEPT_ID_NOT_FOUND",,,,
"3545097007	4fa7b334-ce0d-4e88-aaae-2e0c138d049e	URN:catalog:CLO:EBIRD:OBS1262918128	Animalia	Chordata	Aves	Passeriformes	Pycnonotidae	Pycnonotus	Pycnonotus leucotis		SPECIES	Pycnonotus leucotis (Gould"," 1836)	pycnonotus leucotis mesopotamia		IQ	Corniche ٍ Street", Basrah, Basra Governorate, IQ (30.509," 47.85)	Al Basrah	PRESENT	3	e2e717bf-551a-4917-bdc9-4fa0f342c530	30.509493	47.85022							2021-10-22	22	10	2021	4QMMS	4QMMS	HUMAN_OBSERVATION	CLO	EBIRD	OBS1262918128				CC_BY_4_0		obsr564248			2026-06-11T23:08:19.268Z		CONTINENT_DERIVED_FROM_COORDINATES;TAXON_CONCEPT_ID_NOT_FOUND"
"3537039206	4fa7b334-ce0d-4e88-aaae-2e0c138d049e	URN:catalog:CLO:EBIRD:OBS1210657871	Animalia	Chordata	Aves	Passeriformes	Pycnonotidae	Pycnonotus	Pycnonotus leucotis		SPECIES	Pycnonotus leucotis (Gould"," 1836)	pycnonotus leucotis mesopotamia		IQ	Joint Base Balad	Salah ad Din	PRESENT	1	e2e717bf-551a-4917-bdc9-4fa0f342c530	33.92868	44.388046							2009-03-15	15	3	2009	4QMMS	4QMMS	HUMAN_OBSERVATION	CLO	EBIRD	OBS1210657871				CC_BY_4_0		obsr212079			2026-06-11T22:50:24.052Z		CONTINENT_DERIVED_FROM_COORDINATES;TAXON_CONCEPT_ID_NOT_FOUND",,,,
"3533967651	4fa7b334-ce0d-4e88-aaae-2e0c138d049e	URN:catalog:CLO:EBIRD:OBS1242443162	Animalia	Chordata	Aves	Passeriformes	Pycnonotidae	Pycnonotus	Pycnonotus leucotis		SPECIES	Pycnonotus leucotis (Gould"," 1836)	pycnonotus leucotis mesopotamia		IQ	Scorpion Road", TAAM Eng. B. Camp (30.449," 47.614)	Al Basrah	PRESENT	1	e2e717bf-551a-4917-bdc9-4fa0f342c530	30.449314	47.61374							2021-09-23	23	9	2021	4QMMS	4QMMS	HUMAN_OBSERVATION	CLO	EBIRD	OBS1242443162				CC_BY_4_0		obsr564248			2026-06-11T21:49:22.300Z		CONTINENT_DERIVED_FROM_COORDINATES;TAXON_CONCEPT_ID_NOT_FOUND",,
"3532329809	4fa7b334-ce0d-4e88-aaae-2e0c138d049e	URN:catalog:CLO:EBIRD:OBS1163825861	Animalia	Chordata	Aves	Passeriformes	Pycnonotidae	Pycnonotus	Pycnonotus leucotis		SPECIES	Pycnonotus leucotis (Gould"," 1836)	pycnonotus leucotis mesopotamia		IQ	Auto selected 31.47122"," 44.71795	Al Qadisiyah	PRESENT	1	e2e717bf-551a-4917-bdc9-4fa0f342c530	31.471216	44.717953							2021-05-21	21	5	2021	4QMMS	4QMMS	HUMAN_OBSERVATION	CLO	EBIRD	OBS1163825861				CC_BY_4_0		obsr1830046			2026-06-11T22:54:35.075Z		CONTINENT_DERIVED_FROM_COORDINATES;TAXON_CONCEPT_ID_NOT_FOUND",,,
"3526357444	4fa7b334-ce0d-4e88-aaae-2e0c138d049e	URN:catalog:CLO:EBIRD:OBS1127102197	Animalia	Chordata	Aves	Passeriformes	Pycnonotidae	Pycnonotus	Pycnonotus leucotis		SPECIES	Pycnonotus leucotis (Gould"," 1836)	pycnonotus leucotis mesopotamia		IQ	Auto selected 31.96857"," 44.93202	Al Qadisiyah	PRESENT	2	e2e717bf-551a-4917-bdc9-4fa0f342c530	31.968567	44.93202							2021-04-20	20	4	2021	4QMMS	4QMMS	HUMAN_OBSERVATION	CLO	EBIRD	OBS1127102197				CC_BY_4_0		obsr1830046			2026-06-11T21:49:19.890Z		CONTINENT_DERIVED_FROM_COORDINATES;TAXON_CONCEPT_ID_NOT_FOUND",,,
"3518560506	4fa7b334-ce0d-4e88-aaae-2e0c138d049e	URN:catalog:CLO:EBIRD:OBS1151516537	Animalia	Chordata	Aves	Passeriformes	Pycnonotidae	Pycnonotus	Pycnonotus leucotis		SPECIES	Pycnonotus leucotis (Gould"," 1836)	pycnonotus leucotis mesopotamia		IQ	Joint Base Balad	Salah ad Din	PRESENT	1	e2e717bf-551a-4917-bdc9-4fa0f342c530	33.94051	44.36554							2009-05-01	1	5	2009	4QMMS	4QMMS	HUMAN_OBSERVATION	CLO	EBIRD	OBS1151516537				CC_BY_4_0		obsr1408819			2026-06-11T23:53:20.493Z		CONTINENT_DERIVED_FROM_COORDINATES;TAXON_CONCEPT_ID_NOT_FOUND",,,,
"3294878914	4fa7b334-ce0d-4e88-aaae-2e0c138d049e	URN:catalog:CLO:EBIRD:OBS876617664	Animalia	Chordata	Aves	Passeriformes	Pycnonotidae	Pycnonotus	Pycnonotus leucotis		SPECIES	Pycnonotus leucotis (Gould"," 1836)	pycnonotus leucotis mesopotamia		IQ	Ankawa	Arbil	PRESENT	4	e2e717bf-551a-4917-bdc9-4fa0f342c530	36.223995	43.990982							2020-03-08	8	3	2020	4QMMS	4QMMS	HUMAN_OBSERVATION	CLO	EBIRD	OBS876617664				CC_BY_4_0		obsr843990			2026-06-12T00:00:53.070Z		CONTINENT_DERIVED_FROM_COORDINATES;TAXON_CONCEPT_ID_NOT_FOUND",,,,
"3268215612	4fa7b334-ce0d-4e88-aaae-2e0c138d049e	URN:catalog:CLO:EBIRD:OBS976554353	Animalia	Chordata	Aves	Passeriformes	Pycnonotidae	Pycnonotus	Pycnonotus leucotis		SPECIES	Pycnonotus leucotis (Gould"," 1836)	pycnonotus leucotis mesopotamia		IQ	GWDC Gharraf	Dhi Qar	PRESENT	3	e2e717bf-551a-4917-bdc9-4fa0f342c530	31.807642	46.07732							2020-09-05	5	9	2020	4QMMS	4QMMS	HUMAN_OBSERVATION	CLO	EBIRD	OBS976554353				CC_BY_4_0		obsr672744			2026-06-11T23:11:36.636Z		CONTINENT_DERIVED_FROM_COORDINATES;TAXON_CONCEPT_ID_NOT_FOUND",,,,
"3262956279	4fa7b334-ce0d-4e88-aaae-2e0c138d049e	URN:catalog:CLO:EBIRD:OBS1024753092	Animalia	Chordata	Aves	Passeriformes	Pycnonotidae	Pycnonotus	Pycnonotus leucotis		SPECIES	Pycnonotus leucotis (Gould"," 1836)	pycnonotus leucotis mesopotamia		IQ	Auto selected 32.08752"," 45.45199	Al Qadisiyah	PRESENT	3	e2e717bf-551a-4917-bdc9-4fa0f342c530	32.087524	45.451992							2020-11-26	26	11	2020	4QMMS	4QMMS	HUMAN_OBSERVATION	CLO	EBIRD	OBS1024753092				CC_BY_4_0		obsr1830046			2026-06-12T00:28:43.566Z		CONTINENT_DERIVED_FROM_COORDINATES;TAXON_CONCEPT_ID_NOT_FOUND",,,
"3262426936	4fa7b334-ce0d-4e88-aaae-2e0c138d049e	URN:catalog:CLO:EBIRD:OBS956432892	Animalia	Chordata	Aves	Passeriformes	Pycnonotidae	Pycnonotus	Pycnonotus leucotis		SPECIES	Pycnonotus leucotis (Gould"," 1836)	pycnonotus leucotis mesopotamia		IQ	Joint Base Balad	Salah ad Din	PRESENT	1	e2e717bf-551a-4917-bdc9-4fa0f342c530	33.94051	44.36554							2008-04-14	14	4	2008	4QMMS	4QMMS	HUMAN_OBSERVATION	CLO	EBIRD	OBS956432892				CC_BY_4_0		obsr289938			2026-06-11T23:08:05.263Z		CONTINENT_DERIVED_FROM_COORDINATES;TAXON_CONCEPT_ID_NOT_FOUND",,,,
"3259704167	4fa7b334-ce0d-4e88-aaae-2e0c138d049e	URN:catalog:CLO:EBIRD:OBS961713665	Animalia	Chordata	Aves	Passeriformes	Pycnonotidae	Pycnonotus	Pycnonotus leucotis		SPECIES	Pycnonotus leucotis (Gould"," 1836)	pycnonotus leucotis mesopotamia		IQ	Camp Victory	Baghdad	PRESENT	1	e2e717bf-551a-4917-bdc9-4fa0f342c530	33.28792	44.252415							2010-03-15	15	3	2010	4QMMS	4QMMS	HUMAN_OBSERVATION	CLO	EBIRD	OBS961713665				CC_BY_4_0		obsr900395			2026-06-11T23:43:58.749Z		CONTINENT_DERIVED_FROM_COORDINATES;TAXON_CONCEPT_ID_NOT_FOUND",,,,
"3257452139	4fa7b334-ce0d-4e88-aaae-2e0c138d049e	URN:catalog:CLO:EBIRD:OBS946264197	Animalia	Chordata	Aves	Passeriformes	Pycnonotidae	Pycnonotus	Pycnonotus leucotis		SPECIES	Pycnonotus leucotis (Gould"," 1836)	pycnonotus leucotis mesopotamia		IQ	Joint Base Balad	Salah ad Din	PRESENT	1	e2e717bf-551a-4917-bdc9-4fa0f342c530	33.94051	44.36554							2005-06-21	21	6	2005	4QMMS	4QMMS	HUMAN_OBSERVATION	CLO	EBIRD	OBS946264197				CC_BY_4_0		obsr1408819			2026-06-11T23:07:48.248Z		CONTINENT_DERIVED_FROM_COORDINATES;TAXON_CONCEPT_ID_NOT_FOUND",,,,
"3249811829	4fa7b334-ce0d-4e88-aaae-2e0c138d049e	URN:catalog:CLO:EBIRD:OBS881188674	Animalia	Chordata	Aves	Passeriformes	Pycnonotidae	Pycnonotus	Pycnonotus leucotis		SPECIES	Pycnonotus leucotis (Gould"," 1836)	pycnonotus leucotis mesopotamia		IQ	Al Asad (restricted access)	Al Anbar	PRESENT	2	e2e717bf-551a-4917-bdc9-4fa0f342c530	33.725277	42.453056							2020-03-03	3	3	2020	4QMMS	4QMMS	HUMAN_OBSERVATION	CLO	EBIRD	OBS881188674				CC_BY_4_0		obsr1604607			2026-06-11T22:28:44.785Z		CONTINENT_DERIVED_FROM_COORDINATES;TAXON_CONCEPT_ID_NOT_FOUND",,,,
"3243714663	4fa7b334-ce0d-4e88-aaae-2e0c138d049e	URN:catalog:CLO:EBIRD:OBS966683087	Animalia	Chordata	Aves	Passeriformes	Pycnonotidae	Pycnonotus	Pycnonotus leucotis		SPECIES	Pycnonotus leucotis (Gould"," 1836)	pycnonotus leucotis mesopotamia		IQ	Al Rashid Hotel	Baghdad	PRESENT	2	e2e717bf-551a-4917-bdc9-4fa0f342c530	33.31597	44.389336							2020-08-11	11	8	2020	4QMMS	4QMMS	HUMAN_OBSERVATION	CLO	EBIRD	OBS966683087				CC_BY_4_0		obsr1830987			2026-06-11T23:24:09.386Z		CONTINENT_DERIVED_FROM_COORDINATES;TAXON_CONCEPT_ID_NOT_FOUND",,,,
"3237683583	4fa7b334-ce0d-4e88-aaae-2e0c138d049e	URN:catalog:CLO:EBIRD:OBS881160947	Animalia	Chordata	Aves	Passeriformes	Pycnonotidae	Pycnonotus	Pycnonotus leucotis		SPECIES	Pycnonotus leucotis (Gould"," 1836)	pycnonotus leucotis mesopotamia		IQ	Al Asad (restricted access)	Al Anbar	PRESENT	2	e2e717bf-551a-4917-bdc9-4fa0f342c530	33.725277	42.453056							2020-01-25	25	1	2020	4QMMS	4QMMS	HUMAN_OBSERVATION	CLO	EBIRD	OBS881160947				CC_BY_4_0		obsr1604607			2026-06-11T22:20:39.058Z		CONTINENT_DERIVED_FROM_COORDINATES;TAXON_CONCEPT_ID_NOT_FOUND",,,,
"3214368211	4fa7b334-ce0d-4e88-aaae-2e0c138d049e	URN:catalog:CLO:EBIRD:OBS1042421337	Animalia	Chordata	Aves	Passeriformes	Pycnonotidae	Pycnonotus	Pycnonotus leucotis		SPECIES	Pycnonotus leucotis (Gould"," 1836)	pycnonotus leucotis mesopotamia		IQ	Auto selected 32.10853"," 45.54404	Al Qadisiyah	PRESENT	20	e2e717bf-551a-4917-bdc9-4fa0f342c530	32.108524	45.54404							2020-12-29	29	12	2020	4QMMS	4QMMS	HUMAN_OBSERVATION	CLO	EBIRD	OBS1042421337				CC_BY_4_0		obsr1830046			2026-06-11T22:36:25.792Z		CONTINENT_DERIVED_FROM_COORDINATES;TAXON_CONCEPT_ID_NOT_FOUND",,,
"3208349882	4fa7b334-ce0d-4e88-aaae-2e0c138d049e	URN:catalog:CLO:EBIRD:OBS1006012008	Animalia	Chordata	Aves	Passeriformes	Pycnonotidae	Pycnonotus	Pycnonotus leucotis		SPECIES	Pycnonotus leucotis (Gould"," 1836)	pycnonotus leucotis mesopotamia		IQ	2020年11月2日 上午7:40-31.808"," 46.077	Dhi Qar	PRESENT	1	e2e717bf-551a-4917-bdc9-4fa0f342c530	31.807953	46.076633							2020-11-02	2	11	2020	4QMMS	4QMMS	HUMAN_OBSERVATION	CLO	EBIRD	OBS1006012008				CC_BY_4_0		obsr672744			2026-06-11T22:09:49.623Z		CONTINENT_DERIVED_FROM_COORDINATES;TAXON_CONCEPT_ID_NOT_FOUND",,,
"3199714898	4fa7b334-ce0d-4e88-aaae-2e0c138d049e	URN:catalog:CLO:EBIRD:OBS1008977105	Animalia	Chordata	Aves	Passeriformes	Pycnonotidae	Pycnonotus	Pycnonotus leucotis		SPECIES	Pycnonotus leucotis (Gould"," 1836)	pycnonotus leucotis mesopotamia		IQ	Auto selected 32.08256"," 45.46344	Al Qadisiyah	PRESENT	6	e2e717bf-551a-4917-bdc9-4fa0f342c530	32.08256	45.46344							2020-10-27	27	10	2020	4QMMS	4QMMS	HUMAN_OBSERVATION	CLO	EBIRD	OBS1008977105				CC_BY_4_0		obsr1830046			2026-06-11T23:22:47.774Z		CONTINENT_DERIVED_FROM_COORDINATES;TAXON_CONCEPT_ID_NOT_FOUND",,,
"3198028355	4fa7b334-ce0d-4e88-aaae-2e0c138d049e	URN:catalog:CLO:EBIRD:OBS1010324596	Animalia	Chordata	Aves	Passeriformes	Pycnonotidae	Pycnonotus	Pycnonotus leucotis		SPECIES	Pycnonotus leucotis (Gould"," 1836)	pycnonotus leucotis mesopotamia		IQ	GWDC Gharraf	Dhi Qar	PRESENT	2	e2e717bf-551a-4917-bdc9-4fa0f342c530	31.807642	46.07732							2020-11-11	11	11	2020	4QMMS	4QMMS	HUMAN_OBSERVATION	CLO	EBIRD	OBS1010324596				CC_BY_4_0		obsr672744			2026-06-11T21:47:03.030Z		CONTINENT_DERIVED_FROM_COORDINATES;TAXON_CONCEPT_ID_NOT_FOUND",,,,
"3197718015	4fa7b334-ce0d-4e88-aaae-2e0c138d049e	URN:catalog:CLO:EBIRD:OBS978181170	Animalia	Chordata	Aves	Passeriformes	Pycnonotidae	Pycnonotus	Pycnonotus leucotis		SPECIES	Pycnonotus leucotis (Gould"," 1836)	pycnonotus leucotis mesopotamia		IQ	Maysan Governorate", IQ (31.701," 47.323)	Maysan	PRESENT	2	e2e717bf-551a-4917-bdc9-4fa0f342c530	31.701431	47.323483							2020-09-08	8	9	2020	4QMMS	4QMMS	HUMAN_OBSERVATION	CLO	EBIRD	OBS978181170				CC_BY_4_0		obsr672744			2026-06-11T22:47:39.699Z		CONTINENT_DERIVED_FROM_COORDINATES;TAXON_CONCEPT_ID_NOT_FOUND",,
"3188821763	4fa7b334-ce0d-4e88-aaae-2e0c138d049e	URN:catalog:CLO:EBIRD:OBS987866337	Animalia	Chordata	Aves	Passeriformes	Pycnonotidae	Pycnonotus	Pycnonotus leucotis		SPECIES	Pycnonotus leucotis (Gould"," 1836)	pycnonotus leucotis mesopotamia		IQ	GWDC Gharraf	Dhi Qar	PRESENT	4	e2e717bf-551a-4917-bdc9-4fa0f342c530	31.807642	46.07732							2020-09-28	28	9	2020	4QMMS	4QMMS	HUMAN_OBSERVATION	CLO	EBIRD	OBS987866337				CC_BY_4_0		obsr672744			2026-06-11T22:48:06.086Z		CONTINENT_DERIVED_FROM_COORDINATES;TAXON_CONCEPT_ID_NOT_FOUND",,,,
"3156600889	4fa7b334-ce0d-4e88-aaae-2e0c138d049e	URN:catalog:CLO:EBIRD:OBS881194744	Animalia	Chordata	Aves	Passeriformes	Pycnonotidae	Pycnonotus	Pycnonotus leucotis		SPECIES	Pycnonotus leucotis (Gould"," 1836)	pycnonotus leucotis mesopotamia		IQ	Al Asad (restricted access)	Al Anbar	PRESENT	2	e2e717bf-551a-4917-bdc9-4fa0f342c530	33.725277	42.453056							2020-03-04	4	3	2020	4QMMS	4QMMS	HUMAN_OBSERVATION	CLO	EBIRD	OBS881194744				CC_BY_4_0		obsr1604607			2026-06-11T21:48:01.564Z		CONTINENT_DERIVED_FROM_COORDINATES;TAXON_CONCEPT_ID_NOT_FOUND",,,,
"3146221820	4fa7b334-ce0d-4e88-aaae-2e0c138d049e	URN:catalog:CLO:EBIRD:OBS881199836	Animalia	Chordata	Aves	Passeriformes	Pycnonotidae	Pycnonotus	Pycnonotus leucotis		SPECIES	Pycnonotus leucotis (Gould"," 1836)	pycnonotus leucotis mesopotamia		IQ	Al Asad (restricted access)	Al Anbar	PRESENT	3	e2e717bf-551a-4917-bdc9-4fa0f342c530	33.725277	42.453056							2020-03-05	5	3	2020	4QMMS	4QMMS	HUMAN_OBSERVATION	CLO	EBIRD	OBS881199836				CC_BY_4_0		obsr1604607			2026-06-11T23:44:46.223Z		CONTINENT_DERIVED_FROM_COORDINATES;TAXON_CONCEPT_ID_NOT_FOUND",,,,
"3139083856	4fa7b334-ce0d-4e88-aaae-2e0c138d049e	URN:catalog:CLO:EBIRD:OBS881192992	Animalia	Chordata	Aves	Passeriformes	Pycnonotidae	Pycnonotus	Pycnonotus leucotis		SPECIES	Pycnonotus leucotis (Gould"," 1836)	pycnonotus leucotis mesopotamia		IQ	Al Asad (restricted access)	Al Anbar	PRESENT	5	e2e717bf-551a-4917-bdc9-4fa0f342c530	33.725277	42.453056							2020-03-03	3	3	2020	4QMMS	4QMMS	HUMAN_OBSERVATION	CLO	EBIRD	OBS881192992				CC_BY_4_0		obsr1604607			2026-06-11T23:39:11.807Z		CONTINENT_DERIVED_FROM_COORDINATES;TAXON_CONCEPT_ID_NOT_FOUND",,,,
"3117877221	50c9509d-22c7-4a22-a47d-8c48425ef4a7	https://www.inaturalist.org/observations/79128944	Animalia	Chordata	Aves	Passeriformes	Pycnonotidae	Pycnonotus	Pycnonotus leucotis	mesopotamia	SUBSPECIES	Pycnonotus leucotis mesopotamia Ticehurst"," 1918	pycnonotus leucotis mesopotamia mesopotamia		IQ		Sala ad-Din	PRESENT		28eb1a3f-1c15-4a95-931a-4af90ecb574d	33.53566	44.271165	15632.0						2021-05-15T15:07:32	15	5	2021	5KSVK	4QMMS	HUMAN_OBSERVATION	iNaturalist	Observations	79128944		زين _النجم	2022-09-28T16:30:00	CC0_1_0	kamel Alfayadhi	kamel Alfayadhi			2026-07-07T20:21:47.157Z	StillImage	COORDINATE_ROUNDED;CONTINENT_DERIVED_FROM_COORDINATES;TAXON_ID_NOT_FOUND",,,,
"3109269880	50c9509d-22c7-4a22-a47d-8c48425ef4a7	https://www.inaturalist.org/observations/75178063	Animalia	Chordata	Aves	Passeriformes	Pycnonotidae	Pycnonotus	Pycnonotus leucotis	mesopotamia	SUBSPECIES	Pycnonotus leucotis mesopotamia Ticehurst"," 1918	pycnonotus leucotis mesopotamia mesopotamia		IQ		Babil	PRESENT		28eb1a3f-1c15-4a95-931a-4af90ecb574d	32.88753	44.360413	9.0						2021-04-25T16:54:02	25	4	2021	5KSVK	4QMMS	HUMAN_OBSERVATION	iNaturalist	Observations	75178063		زين _النجم	2022-09-28T16:30:09	CC0_1_0	kamel Alfayadhi	kamel Alfayadhi			2026-07-07T20:36:45.218Z	StillImage	COORDINATE_ROUNDED;CONTINENT_DERIVED_FROM_COORDINATES;TAXON_ID_NOT_FOUND",,,,
"3097353512	50c9509d-22c7-4a22-a47d-8c48425ef4a7	https://www.inaturalist.org/observations/74750902	Animalia	Chordata	Aves	Passeriformes	Pycnonotidae	Pycnonotus	Pycnonotus leucotis	mesopotamia	SUBSPECIES	Pycnonotus leucotis mesopotamia Ticehurst"," 1918	pycnonotus leucotis mesopotamia mesopotamia		IQ		Babil	PRESENT		28eb1a3f-1c15-4a95-931a-4af90ecb574d	32.887345	44.360592	20.0						2021-04-21T17:14:39	21	4	2021	5KSVK	4QMMS	HUMAN_OBSERVATION	iNaturalist	Observations	74750902		زين _النجم	2022-09-28T16:30:21	CC0_1_0	kamel Alfayadhi	kamel Alfayadhi			2026-07-07T19:57:03.056Z	StillImage	COORDINATE_ROUNDED;CONTINENT_DERIVED_FROM_COORDINATES;TAXON_ID_NOT_FOUND",,,,
"3097283824	50c9509d-22c7-4a22-a47d-8c48425ef4a7	https://www.inaturalist.org/observations/74261949	Animalia	Chordata	Aves	Passeriformes	Pycnonotidae	Pycnonotus	Pycnonotus leucotis	mesopotamia	SUBSPECIES	Pycnonotus leucotis mesopotamia Ticehurst"," 1918	pycnonotus leucotis mesopotamia mesopotamia		IQ		Babil	PRESENT		28eb1a3f-1c15-4a95-931a-4af90ecb574d	32.887343	44.360592	14.0						2021-04-17T17:07:50	17	4	2021	5KSVK	4QMMS	HUMAN_OBSERVATION	iNaturalist	Observations	74261949		زين _النجم	2022-09-28T16:30:28	CC0_1_0	kamel Alfayadhi	kamel Alfayadhi			2026-07-07T19:57:05.186Z	StillImage	COORDINATE_ROUNDED;CONTINENT_DERIVED_FROM_COORDINATES;TAXON_ID_NOT_FOUND",,,,
"3039447908	50c9509d-22c7-4a22-a47d-8c48425ef4a7	https://www.inaturalist.org/observations/69304650	Animalia	Chordata	Aves	Passeriformes	Pycnonotidae	Pycnonotus	Pycnonotus leucotis	mesopotamia	SUBSPECIES	Pycnonotus leucotis mesopotamia Ticehurst"," 1918	pycnonotus leucotis mesopotamia mesopotamia		IQ		Babil	PRESENT		28eb1a3f-1c15-4a95-931a-4af90ecb574d	32.837306	44.321273	700.0						2021-02-09T10:19:10	9	2	2021	5KSVK	4QMMS	HUMAN_OBSERVATION	iNaturalist	Observations	69304650		زين _النجم	2022-09-28T16:30:37	CC0_1_0	kamel Alfayadhi	kamel Alfayadhi			2026-07-07T19:43:26.634Z	StillImage	COORDINATE_ROUNDED;CONTINENT_DERIVED_FROM_COORDINATES;TAXON_ID_NOT_FOUND",,,,
"3039351621	50c9509d-22c7-4a22-a47d-8c48425ef4a7	https://www.inaturalist.org/observations/69151033	Animalia	Chordata	Aves	Passeriformes	Pycnonotidae	Pycnonotus	Pycnonotus leucotis	mesopotamia	SUBSPECIES	Pycnonotus leucotis mesopotamia Ticehurst"," 1918	pycnonotus leucotis mesopotamia mesopotamia		IQ		Babil	PRESENT		28eb1a3f-1c15-4a95-931a-4af90ecb574d	32.893136	44.36838	49.0						2021-02-06T15:39:30	6	2	2021	5KSVK	4QMMS	HUMAN_OBSERVATION	iNaturalist	Observations	69151033		زين _النجم	2022-09-28T16:30:46	CC0_1_0	kamel Alfayadhi	kamel Alfayadhi			2026-07-07T19:56:54.207Z	StillImage	COORDINATE_ROUNDED;CONTINENT_DERIVED_FROM_COORDINATES;TAXON_ID_NOT_FOUND",,,,
"2988363819	50c9509d-22c7-4a22-a47d-8c48425ef4a7	https://www.inaturalist.org/observations/64539809	Animalia	Chordata	Aves	Passeriformes	Pycnonotidae	Pycnonotus	Pycnonotus leucotis		SPECIES	Pycnonotus leucotis (Gould"," 1836)	pycnonotus leucotis mesopotamia		IQ		Baghdad	PRESENT		28eb1a3f-1c15-4a95-931a-4af90ecb574d	33.259773	44.269715	4.0						2010-03-20T14:32Z	20	3	2010	4QMMS	4QMMS	HUMAN_OBSERVATION	iNaturalist	Observations	64539809		Mark B	2020-11-09T19:29:02	CC_BY_NC_4_0	Mark B	Mark B			2026-07-07T19:43:13.732Z	StillImage	COORDINATE_ROUNDED;CONTINENT_DERIVED_FROM_COORDINATES;TAXON_ID_NOT_FOUND",,,,
"2838517240	8a863029-f435-446a-821e-275f4f641165	https://observation.org/observation/72096248	Animalia	Chordata	Aves	Passeriformes	Pycnonotidae	Pycnonotus	Pycnonotus leucotis	mesopotamia	SUBSPECIES	Pycnonotus leucotis mesopotamia Ticehurst"," 1918	pycnonotus leucotis mesopotamia mesopotamia		IQ	As-Sulaymaniyah	As-Sulaymaniyah	PRESENT	1	c8d737e0-2ff8-42e8-b8fc-6b805d26fc5f	35.92913	44.959322	100.0						2012-09-10	10	9	2012	5KSVK	4QMMS	HUMAN_OBSERVATION							CC_BY_NC_4_0	Stichting Observation International	User 44963			2026-07-08T00:15:04.281Z		",,,,
"2792724149	4fa7b334-ce0d-4e88-aaae-2e0c138d049e	URN:catalog:CLO:EBIRD:OBS796464777	Animalia	Chordata	Aves	Passeriformes	Pycnonotidae	Pycnonotus	Pycnonotus leucotis		SPECIES	Pycnonotus leucotis (Gould"," 1836)	pycnonotus leucotis mesopotamia		IQ	Sami Abdulrahman Park	Arbil	PRESENT	1	e2e717bf-551a-4917-bdc9-4fa0f342c530	36.19152	43.980846							2019-08-20	20	8	2019	4QMMS	4QMMS	HUMAN_OBSERVATION	CLO	EBIRD	OBS796464777				CC_BY_4_0		obsr843990			2026-06-11T23:08:26.276Z		CONTINENT_DERIVED_FROM_COORDINATES;TAXON_CONCEPT_ID_NOT_FOUND",,,,
"2782887385	4fa7b334-ce0d-4e88-aaae-2e0c138d049e	URN:catalog:CLO:EBIRD:OBS823280892	Animalia	Chordata	Aves	Passeriformes	Pycnonotidae	Pycnonotus	Pycnonotus leucotis		SPECIES	Pycnonotus leucotis (Gould"," 1836)	pycnonotus leucotis mesopotamia		IQ	BDSC	Al Anbar	PRESENT	1	e2e717bf-551a-4917-bdc9-4fa0f342c530	33.25851	44.215286							2019-11-02	2	11	2019	4QMMS	4QMMS	HUMAN_OBSERVATION	CLO	EBIRD	OBS823280892				CC_BY_4_0		obsr816495			2026-06-11T23:23:58.315Z		CONTINENT_DERIVED_FROM_COORDINATES;TAXON_CONCEPT_ID_NOT_FOUND",,,,
"2781219626	4fa7b334-ce0d-4e88-aaae-2e0c138d049e	URN:catalog:CLO:EBIRD:OBS798792048	Animalia	Chordata	Aves	Passeriformes	Pycnonotidae	Pycnonotus	Pycnonotus leucotis		SPECIES	Pycnonotus leucotis (Gould"," 1836)	pycnonotus leucotis mesopotamia		IQ	Sami Abdulrahman Park	Arbil	PRESENT	1	e2e717bf-551a-4917-bdc9-4fa0f342c530	36.19152	43.980846							2019-08-27	27	8	2019	4QMMS	4QMMS	HUMAN_OBSERVATION	CLO	EBIRD	OBS798792048				CC_BY_4_0		obsr843990			2026-06-11T23:22:06.329Z		CONTINENT_DERIVED_FROM_COORDINATES;TAXON_CONCEPT_ID_NOT_FOUND",,,,
"2769746472	4fa7b334-ce0d-4e88-aaae-2e0c138d049e	URN:catalog:CLO:EBIRD:OBS828351638	Animalia	Chordata	Aves	Passeriformes	Pycnonotidae	Pycnonotus	Pycnonotus leucotis		SPECIES	Pycnonotus leucotis (Gould"," 1836)	pycnonotus leucotis mesopotamia		IQ	BDSC	Al Anbar	PRESENT	2	e2e717bf-551a-4917-bdc9-4fa0f342c530	33.25851	44.215286							2019-11-16	16	11	2019	4QMMS	4QMMS	HUMAN_OBSERVATION	CLO	EBIRD	OBS828351638				CC_BY_4_0		obsr816495			2026-06-11T21:47:14.396Z		CONTINENT_DERIVED_FROM_COORDINATES;TAXON_CONCEPT_ID_NOT_FOUND",,,,
"2765881142	4fa7b334-ce0d-4e88-aaae-2e0c138d049e	URN:catalog:CLO:EBIRD:OBS843050589	Animalia	Chordata	Aves	Passeriformes	Pycnonotidae	Pycnonotus	Pycnonotus leucotis		SPECIES	Pycnonotus leucotis (Gould"," 1836)	pycnonotus leucotis mesopotamia		IQ	BDSC	Al Anbar	PRESENT	2	e2e717bf-551a-4917-bdc9-4fa0f342c530	33.25851	44.215286							2019-12-28	28	12	2019	4QMMS	4QMMS	HUMAN_OBSERVATION	CLO	EBIRD	OBS843050589				CC_BY_4_0		obsr816495			2026-06-11T23:21:38.545Z		CONTINENT_DERIVED_FROM_COORDINATES;TAXON_CONCEPT_ID_NOT_FOUND",,,,
"2758807328	4fa7b334-ce0d-4e88-aaae-2e0c138d049e	URN:catalog:CLO:EBIRD:OBS825791111	Animalia	Chordata	Aves	Passeriformes	Pycnonotidae	Pycnonotus	Pycnonotus leucotis		SPECIES	Pycnonotus leucotis (Gould"," 1836)	pycnonotus leucotis mesopotamia		IQ	BDSC	Al Anbar	PRESENT	1	e2e717bf-551a-4917-bdc9-4fa0f342c530	33.25851	44.215286							2019-11-09	9	11	2019	4QMMS	4QMMS	HUMAN_OBSERVATION	CLO	EBIRD	OBS825791111				CC_BY_4_0		obsr816495			2026-06-11T21:46:41.155Z		CONTINENT_DERIVED_FROM_COORDINATES;TAXON_CONCEPT_ID_NOT_FOUND",,,,
"2758055033	4fa7b334-ce0d-4e88-aaae-2e0c138d049e	URN:catalog:CLO:EBIRD:OBS774843664	Animalia	Chordata	Aves	Passeriformes	Pycnonotidae	Pycnonotus	Pycnonotus leucotis		SPECIES	Pycnonotus leucotis (Gould"," 1836)	pycnonotus leucotis mesopotamia		IQ	Doli Smaquli KBA	Arbil	PRESENT	2	e2e717bf-551a-4917-bdc9-4fa0f342c530	36.36361	44.322777							2019-06-14	14	6	2019	4QMMS	4QMMS	HUMAN_OBSERVATION	CLO	EBIRD	OBS774843664				CC_BY_4_0		obsr843990			2026-06-11T22:34:13.983Z		CONTINENT_DERIVED_FROM_COORDINATES;TAXON_CONCEPT_ID_NOT_FOUND",,,,
"2748036952	4fa7b334-ce0d-4e88-aaae-2e0c138d049e	URN:catalog:CLO:EBIRD:OBS783973663	Animalia	Chordata	Aves	Passeriformes	Pycnonotidae	Pycnonotus	Pycnonotus leucotis		SPECIES	Pycnonotus leucotis (Gould"," 1836)	pycnonotus leucotis mesopotamia		IQ	Intl.SOS Alwaha Clinic	Wasit	PRESENT	3	e2e717bf-551a-4917-bdc9-4fa0f342c530	32.52221	45.6614							2019-07-11	11	7	2019	4QMMS	4QMMS	HUMAN_OBSERVATION	CLO	EBIRD	OBS783973663				CC_BY_4_0		obsr672744			2026-06-12T00:41:05.228Z		CONTINENT_DERIVED_FROM_COORDINATES;TAXON_CONCEPT_ID_NOT_FOUND",,,,
"2748008977	4fa7b334-ce0d-4e88-aaae-2e0c138d049e	URN:catalog:CLO:EBIRD:OBS796864280	Animalia	Chordata	Aves	Passeriformes	Pycnonotidae	Pycnonotus	Pycnonotus leucotis		SPECIES	Pycnonotus leucotis (Gould"," 1836)	pycnonotus leucotis mesopotamia		IQ	Ankawa	Arbil	PRESENT	1	e2e717bf-551a-4917-bdc9-4fa0f342c530	36.223995	43.990982							2019-08-21	21	8	2019	4QMMS	4QMMS	HUMAN_OBSERVATION	CLO	EBIRD	OBS796864280				CC_BY_4_0		obsr843990			2026-06-11T22:06:14.060Z		CONTINENT_DERIVED_FROM_COORDINATES;TAXON_CONCEPT_ID_NOT_FOUND",,,,
"2745669934	4fa7b334-ce0d-4e88-aaae-2e0c138d049e	URN:catalog:CLO:EBIRD:OBS740589517	Animalia	Chordata	Aves	Passeriformes	Pycnonotidae	Pycnonotus	Pycnonotus leucotis		SPECIES	Pycnonotus leucotis (Gould"," 1836)	pycnonotus leucotis mesopotamia		IQ	Mosul Lake--dam outlet	Ninawá	PRESENT	2	e2e717bf-551a-4917-bdc9-4fa0f342c530	36.627365	42.818314							2019-04-18	18	4	2019	4QMMS	4QMMS	HUMAN_OBSERVATION	CLO	EBIRD	OBS740589517				CC_BY_4_0		obsr904739			2026-06-11T23:38:13.071Z		CONTINENT_DERIVED_FROM_COORDINATES;TAXON_CONCEPT_ID_NOT_FOUND",,,,
"2741097379	4fa7b334-ce0d-4e88-aaae-2e0c138d049e	URN:catalog:CLO:EBIRD:OBS760645229	Animalia	Chordata	Aves	Passeriformes	Pycnonotidae	Pycnonotus	Pycnonotus leucotis		SPECIES	Pycnonotus leucotis (Gould"," 1836)	pycnonotus leucotis mesopotamia		IQ	Hawari Shar	As Sulaymaniyah	PRESENT	3	e2e717bf-551a-4917-bdc9-4fa0f342c530	35.611534	45.425804							2019-05-15	15	5	2019	4QMMS	4QMMS	HUMAN_OBSERVATION	CLO	EBIRD	OBS760645229				CC_BY_4_0		obsr843990			2026-06-11T22:07:38.175Z		CONTINENT_DERIVED_FROM_COORDINATES;TAXON_CONCEPT_ID_NOT_FOUND",,,,
"2739043747	4fa7b334-ce0d-4e88-aaae-2e0c138d049e	URN:catalog:CLO:EBIRD:OBS732744458	Animalia	Chordata	Aves	Passeriformes	Pycnonotidae	Pycnonotus	Pycnonotus leucotis		SPECIES	Pycnonotus leucotis (Gould"," 1836)	pycnonotus leucotis mesopotamia		IQ	Camp Victory	Baghdad	PRESENT	2	e2e717bf-551a-4917-bdc9-4fa0f342c530	33.28792	44.252415							2007-04-10	10	4	2007	4QMMS	4QMMS	HUMAN_OBSERVATION	CLO	EBIRD	OBS732744458				CC_BY_4_0		obsr335561			2026-06-11T21:46:43.062Z		CONTINENT_DERIVED_FROM_COORDINATES;TAXON_CONCEPT_ID_NOT_FOUND",,,,
"2738165694	4fa7b334-ce0d-4e88-aaae-2e0c138d049e	URN:catalog:CLO:EBIRD:OBS697207185	Animalia	Chordata	Aves	Passeriformes	Pycnonotidae	Pycnonotus	Pycnonotus leucotis		SPECIES	Pycnonotus leucotis (Gould"," 1836)	pycnonotus leucotis mesopotamia		IQ	Hawari Shar	As Sulaymaniyah	PRESENT	12	e2e717bf-551a-4917-bdc9-4fa0f342c530	35.611534	45.425804							2019-01-12	12	1	2019	4QMMS	4QMMS	HUMAN_OBSERVATION	CLO	EBIRD	OBS697207185				CC_BY_4_0		obsr843990			2026-06-11T22:05:57.176Z		CONTINENT_DERIVED_FROM_COORDINATES;TAXON_CONCEPT_ID_NOT_FOUND",,,,
"2734034175	4fa7b334-ce0d-4e88-aaae-2e0c138d049e	URN:catalog:CLO:EBIRD:OBS745394751	Animalia	Chordata	Aves	Passeriformes	Pycnonotidae	Pycnonotus	Pycnonotus leucotis		SPECIES	Pycnonotus leucotis (Gould"," 1836)	pycnonotus leucotis mesopotamia		IQ	Mosul Lake--dam outlet	Ninawá	PRESENT	4	e2e717bf-551a-4917-bdc9-4fa0f342c530	36.627365	42.818314							2019-04-26	26	4	2019	4QMMS	4QMMS	HUMAN_OBSERVATION	CLO	EBIRD	OBS745394751				CC_BY_4_0		obsr904739			2026-06-12T00:06:57.185Z		CONTINENT_DERIVED_FROM_COORDINATES;TAXON_CONCEPT_ID_NOT_FOUND",,,,
"2719771351	4fa7b334-ce0d-4e88-aaae-2e0c138d049e	URN:catalog:CLO:EBIRD:OBS822795545	Animalia	Chordata	Aves	Passeriformes	Pycnonotidae	Pycnonotus	Pycnonotus leucotis		SPECIES	Pycnonotus leucotis (Gould"," 1836)	pycnonotus leucotis mesopotamia		IQ	Hawari Shar	As Sulaymaniyah	PRESENT	3	e2e717bf-551a-4917-bdc9-4fa0f342c530	35.611534	45.425804							2019-10-31	31	10	2019	4QMMS	4QMMS	HUMAN_OBSERVATION	CLO	EBIRD	OBS822795545				CC_BY_4_0		obsr843990			2026-06-12T00:45:12.685Z		CONTINENT_DERIVED_FROM_COORDINATES;TAXON_CONCEPT_ID_NOT_FOUND",,,,
"2717606292	4fa7b334-ce0d-4e88-aaae-2e0c138d049e	URN:catalog:CLO:EBIRD:OBS917860566	Animalia	Chordata	Aves	Passeriformes	Pycnonotidae	Pycnonotus	Pycnonotus leucotis		SPECIES	Pycnonotus leucotis (Gould"," 1836)	pycnonotus leucotis mesopotamia		IQ	BDSC	Al Anbar	PRESENT		e2e717bf-551a-4917-bdc9-4fa0f342c530	33.25851	44.215286							1979-06-14	14	6	1979	4QMMS	4QMMS	HUMAN_OBSERVATION	CLO	EBIRD	OBS917860566				CC_BY_4_0		obsr1393503			2026-06-11T22:51:27.093Z		CONTINENT_DERIVED_FROM_COORDINATES;TAXON_CONCEPT_ID_NOT_FOUND",,,,
"2697847514	4fa7b334-ce0d-4e88-aaae-2e0c138d049e	URN:catalog:CLO:EBIRD:OBS780452336	Animalia	Chordata	Aves	Passeriformes	Pycnonotidae	Pycnonotus	Pycnonotus leucotis		SPECIES	Pycnonotus leucotis (Gould"," 1836)	pycnonotus leucotis mesopotamia		IQ	Sami Abdulrahman Park	Arbil	PRESENT	2	e2e717bf-551a-4917-bdc9-4fa0f342c530	36.19152	43.980846							2019-06-30	30	6	2019	4QMMS	4QMMS	HUMAN_OBSERVATION	CLO	EBIRD	OBS780452336				CC_BY_4_0		obsr843990			2026-06-12T00:20:43.728Z		CONTINENT_DERIVED_FROM_COORDINATES;TAXON_CONCEPT_ID_NOT_FOUND",,,,
"2688837675	4fa7b334-ce0d-4e88-aaae-2e0c138d049e	URN:catalog:CLO:EBIRD:OBS784798941	Animalia	Chordata	Aves	Passeriformes	Pycnonotidae	Pycnonotus	Pycnonotus leucotis		SPECIES	Pycnonotus leucotis (Gould"," 1836)	pycnonotus leucotis mesopotamia		IQ	Baghdad International Airport/Camp Victory area	Baghdad	PRESENT		e2e717bf-551a-4917-bdc9-4fa0f342c530	33.26986	44.24413							2004-03-09	9	3	2004	4QMMS	4QMMS	HUMAN_OBSERVATION	CLO	EBIRD	OBS784798941				CC_BY_4_0		obsr640979			2026-06-11T21:59:55.447Z		CONTINENT_DERIVED_FROM_COORDINATES;TAXON_CONCEPT_ID_NOT_FOUND",,,,
"2687154175	4fa7b334-ce0d-4e88-aaae-2e0c138d049e	URN:catalog:CLO:EBIRD:OBS786787176	Animalia	Chordata	Aves	Passeriformes	Pycnonotidae	Pycnonotus	Pycnonotus leucotis		SPECIES	Pycnonotus leucotis (Gould"," 1836)	pycnonotus leucotis mesopotamia		IQ	BDSC	Al Anbar	PRESENT	2	e2e717bf-551a-4917-bdc9-4fa0f342c530	33.25851	44.215286							2019-07-15	15	7	2019	4QMMS	4QMMS	HUMAN_OBSERVATION	CLO	EBIRD	OBS786787176				CC_BY_4_0		obsr816495			2026-06-11T23:20:20.906Z		CONTINENT_DERIVED_FROM_COORDINATES;TAXON_CONCEPT_ID_NOT_FOUND",,,,
"2686909240	4fa7b334-ce0d-4e88-aaae-2e0c138d049e	URN:catalog:CLO:EBIRD:OBS761170497	Animalia	Chordata	Aves	Passeriformes	Pycnonotidae	Pycnonotus	Pycnonotus leucotis		SPECIES	Pycnonotus leucotis (Gould"," 1836)	pycnonotus leucotis mesopotamia		IQ	Hawari Shar	As Sulaymaniyah	PRESENT	2	e2e717bf-551a-4917-bdc9-4fa0f342c530	35.611534	45.425804							2019-03-07	7	3	2019	4QMMS	4QMMS	HUMAN_OBSERVATION	CLO	EBIRD	OBS761170497				CC_BY_4_0		obsr753097			2026-06-11T22:44:21.219Z		CONTINENT_DERIVED_FROM_COORDINATES;TAXON_CONCEPT_ID_NOT_FOUND",,,,
"2670878412	4fa7b334-ce0d-4e88-aaae-2e0c138d049e	URN:catalog:CLO:EBIRD:OBS747275998	Animalia	Chordata	Aves	Passeriformes	Pycnonotidae	Pycnonotus	Pycnonotus leucotis		SPECIES	Pycnonotus leucotis (Gould"," 1836)	pycnonotus leucotis mesopotamia		IQ	Sami Abdulrahman Park	Arbil	PRESENT	2	e2e717bf-551a-4917-bdc9-4fa0f342c530	36.19152	43.980846							2019-04-29	29	4	2019	4QMMS	4QMMS	HUMAN_OBSERVATION	CLO	EBIRD	OBS747275998				CC_BY_4_0		obsr843990			2026-06-12T00:40:35.033Z		CONTINENT_DERIVED_FROM_COORDINATES;TAXON_CONCEPT_ID_NOT_FOUND",,,,
"2670201407	4fa7b334-ce0d-4e88-aaae-2e0c138d049e	URN:catalog:CLO:EBIRD:OBS719717926	Animalia	Chordata	Aves	Passeriformes	Pycnonotidae	Pycnonotus	Pycnonotus leucotis		SPECIES	Pycnonotus leucotis (Gould"," 1836)	pycnonotus leucotis mesopotamia		IQ	Tabin	As Sulaymaniyah	PRESENT	1	e2e717bf-551a-4917-bdc9-4fa0f342c530	35.90255	45.021145							2019-03-05	5	3	2019	4QMMS	4QMMS	HUMAN_OBSERVATION	CLO	EBIRD	OBS719717926				CC_BY_4_0		obsr1281314			2026-06-11T23:08:08.941Z		CONTINENT_DERIVED_FROM_COORDINATES;TAXON_CONCEPT_ID_NOT_FOUND",,,,
"2668682849	4fa7b334-ce0d-4e88-aaae-2e0c138d049e	URN:catalog:CLO:EBIRD:OBS740431263	Animalia	Chordata	Aves	Passeriformes	Pycnonotidae	Pycnonotus	Pycnonotus leucotis		SPECIES	Pycnonotus leucotis (Gould"," 1836)	pycnonotus leucotis mesopotamia		IQ	Hawari Shar	As Sulaymaniyah	PRESENT	2	e2e717bf-551a-4917-bdc9-4fa0f342c530	35.611534	45.425804							2019-04-17	17	4	2019	4QMMS	4QMMS	HUMAN_OBSERVATION	CLO	EBIRD	OBS740431263				CC_BY_4_0		obsr453249			2026-06-11T23:20:30.934Z		CONTINENT_DERIVED_FROM_COORDINATES;TAXON_CONCEPT_ID_NOT_FOUND",,,,
"2667663629	4fa7b334-ce0d-4e88-aaae-2e0c138d049e	URN:catalog:CLO:EBIRD:OBS714054065	Animalia	Chordata	Aves	Passeriformes	Pycnonotidae	Pycnonotus	Pycnonotus leucotis		SPECIES	Pycnonotus leucotis (Gould"," 1836)	pycnonotus leucotis mesopotamia		IQ	Mosul Lake--dam outlet	Ninawá	PRESENT	2	e2e717bf-551a-4917-bdc9-4fa0f342c530	36.627365	42.818314							2019-02-22	22	2	2019	4QMMS	4QMMS	HUMAN_OBSERVATION	CLO	EBIRD	OBS714054065				CC_BY_4_0		obsr904739			2026-06-12T00:37:04.464Z		CONTINENT_DERIVED_FROM_COORDINATES;TAXON_CONCEPT_ID_NOT_FOUND",,,,
"2664573868	4fa7b334-ce0d-4e88-aaae-2e0c138d049e	URN:catalog:CLO:EBIRD:OBS727267181	Animalia	Chordata	Aves	Passeriformes	Pycnonotidae	Pycnonotus	Pycnonotus leucotis		SPECIES	Pycnonotus leucotis (Gould"," 1836)	pycnonotus leucotis mesopotamia		IQ	Sami Abdulrahman Park	Arbil	PRESENT	2	e2e717bf-551a-4917-bdc9-4fa0f342c530	36.19152	43.980846							2019-03-21	21	3	2019	4QMMS	4QMMS	HUMAN_OBSERVATION	CLO	EBIRD	OBS727267181				CC_BY_4_0		obsr843990			2026-06-12T00:53:31.433Z		CONTINENT_DERIVED_FROM_COORDINATES;TAXON_CONCEPT_ID_NOT_FOUND",,,,
"2662379654	4fa7b334-ce0d-4e88-aaae-2e0c138d049e	URN:catalog:CLO:EBIRD:OBS729993997	Animalia	Chordata	Aves	Passeriformes	Pycnonotidae	Pycnonotus	Pycnonotus leucotis		SPECIES	Pycnonotus leucotis (Gould"," 1836)	pycnonotus leucotis mesopotamia		IQ	Khdran	As Sulaymaniyah	PRESENT	2	e2e717bf-551a-4917-bdc9-4fa0f342c530	36.140663	44.769173							2019-03-27	27	3	2019	4QMMS	4QMMS	HUMAN_OBSERVATION	CLO	EBIRD	OBS729993997				CC_BY_4_0		obsr843990			2026-06-11T22:48:32.008Z		CONTINENT_DERIVED_FROM_COORDINATES;TAXON_CONCEPT_ID_NOT_FOUND",,,,
"2652958819	4fa7b334-ce0d-4e88-aaae-2e0c138d049e	URN:catalog:CLO:EBIRD:OBS691973831	Animalia	Chordata	Aves	Passeriformes	Pycnonotidae	Pycnonotus	Pycnonotus leucotis		SPECIES	Pycnonotus leucotis (Gould"," 1836)	pycnonotus leucotis mesopotamia		IQ	Dukan"," river bank	As Sulaymaniyah	PRESENT	1	e2e717bf-551a-4917-bdc9-4fa0f342c530	35.928158	44.96059							2019-01-01	1	1	2019	4QMMS	4QMMS	HUMAN_OBSERVATION	CLO	EBIRD	OBS691973831				CC_BY_4_0		obsr843990			2026-06-11T22:22:18.849Z		CONTINENT_DERIVED_FROM_COORDINATES;TAXON_CONCEPT_ID_NOT_FOUND",,,
"2233947218	4fa7b334-ce0d-4e88-aaae-2e0c138d049e	URN:catalog:CLO:EBIRD:OBS706882496	Animalia	Chordata	Aves	Passeriformes	Pycnonotidae	Pycnonotus	Pycnonotus leucotis		SPECIES	Pycnonotus leucotis (Gould"," 1836)	pycnonotus leucotis mesopotamia		IQ	Taq Taq KBA	At Ta'mim	PRESENT	2	e2e717bf-551a-4917-bdc9-4fa0f342c530	35.892776	44.623333							2007-08-26	26	8	2007	4QMMS	4QMMS	HUMAN_OBSERVATION	CLO	EBIRD	OBS706882496				CC_BY_4_0		obsr1229602			2026-06-11T22:15:53.507Z		CONTINENT_DERIVED_FROM_COORDINATES;TAXON_CONCEPT_ID_NOT_FOUND",,,,
"2233895332	4fa7b334-ce0d-4e88-aaae-2e0c138d049e	URN:catalog:CLO:EBIRD:OBS705273233	Animalia	Chordata	Aves	Passeriformes	Pycnonotidae	Pycnonotus	Pycnonotus leucotis		SPECIES	Pycnonotus leucotis (Gould"," 1836)	pycnonotus leucotis mesopotamia		IQ	Homar Qawm and Shadala Valley	As Sulaymaniyah	PRESENT	1	e2e717bf-551a-4917-bdc9-4fa0f342c530	35.856186	45.126476							2009-04-14	14	4	2009	4QMMS	4QMMS	HUMAN_OBSERVATION	CLO	EBIRD	OBS705273233				CC_BY_4_0		obsr735694			2026-06-12T00:17:45.143Z		CONTINENT_DERIVED_FROM_COORDINATES;TAXON_CONCEPT_ID_NOT_FOUND",,,,
"2233894952	4fa7b334-ce0d-4e88-aaae-2e0c138d049e	URN:catalog:CLO:EBIRD:OBS705274458	Animalia	Chordata	Aves	Passeriformes	Pycnonotidae	Pycnonotus	Pycnonotus leucotis		SPECIES	Pycnonotus leucotis (Gould"," 1836)	pycnonotus leucotis mesopotamia		IQ	Chami Rezan	As Sulaymaniyah	PRESENT	5	e2e717bf-551a-4917-bdc9-4fa0f342c530	35.797295	44.977093							2009-04-20	20	4	2009	4QMMS	4QMMS	HUMAN_OBSERVATION	CLO	EBIRD	OBS705274458				CC_BY_4_0		obsr1229602			2026-06-11T22:04:06.599Z		CONTINENT_DERIVED_FROM_COORDINATES;TAXON_CONCEPT_ID_NOT_FOUND",,,,
"2233892238	4fa7b334-ce0d-4e88-aaae-2e0c138d049e	URN:catalog:CLO:EBIRD:OBS705273659	Animalia	Chordata	Aves	Passeriformes	Pycnonotidae	Pycnonotus	Pycnonotus leucotis		SPECIES	Pycnonotus leucotis (Gould"," 1836)	pycnonotus leucotis mesopotamia		IQ	Chami Rezan	As Sulaymaniyah	PRESENT	2	e2e717bf-551a-4917-bdc9-4fa0f342c530	35.797295	44.977093							2009-04-16	16	4	2009	4QMMS	4QMMS	HUMAN_OBSERVATION	CLO	EBIRD	OBS705273659				CC_BY_4_0		obsr1229602			2026-06-11T23:36:51.330Z		CONTINENT_DERIVED_FROM_COORDINATES;TAXON_CONCEPT_ID_NOT_FOUND",,,,
"2233889793	4fa7b334-ce0d-4e88-aaae-2e0c138d049e	URN:catalog:CLO:EBIRD:OBS705278223	Animalia	Chordata	Aves	Passeriformes	Pycnonotidae	Pycnonotus	Pycnonotus leucotis		SPECIES	Pycnonotus leucotis (Gould"," 1836)	pycnonotus leucotis mesopotamia		IQ	Chami Rezan	As Sulaymaniyah	PRESENT	2	e2e717bf-551a-4917-bdc9-4fa0f342c530	35.797295	44.977093							2009-04-16	16	4	2009	4QMMS	4QMMS	HUMAN_OBSERVATION	CLO	EBIRD	OBS705278223				CC_BY_4_0		obsr735694			2026-06-11T23:39:25.772Z		CONTINENT_DERIVED_FROM_COORDINATES;TAXON_CONCEPT_ID_NOT_FOUND",,,,
"2233753576	4fa7b334-ce0d-4e88-aaae-2e0c138d049e	URN:catalog:CLO:EBIRD:OBS702120057	Animalia	Chordata	Aves	Passeriformes	Pycnonotidae	Pycnonotus	Pycnonotus leucotis		SPECIES	Pycnonotus leucotis (Gould"," 1836)	pycnonotus leucotis mesopotamia		IQ	De Lezha	As Sulaymaniyah	PRESENT	2	e2e717bf-551a-4917-bdc9-4fa0f342c530	35.460278	45.194443							2009-04-22	22	4	2009	4QMMS	4QMMS	HUMAN_OBSERVATION	CLO	EBIRD	OBS702120057				CC_BY_4_0		obsr1229602			2026-06-12T00:14:39.721Z		CONTINENT_DERIVED_FROM_COORDINATES;TAXON_CONCEPT_ID_NOT_FOUND",,,,
"2233672198	4fa7b334-ce0d-4e88-aaae-2e0c138d049e	URN:catalog:CLO:EBIRD:OBS700482741	Animalia	Chordata	Aves	Passeriformes	Pycnonotidae	Pycnonotus	Pycnonotus leucotis		SPECIES	Pycnonotus leucotis (Gould"," 1836)	pycnonotus leucotis mesopotamia		IQ	Dukan Lake--general area	As Sulaymaniyah	PRESENT	6	e2e717bf-551a-4917-bdc9-4fa0f342c530	36.113472	44.92447							2009-05-13	13	5	2009	4QMMS	4QMMS	HUMAN_OBSERVATION	CLO	EBIRD	OBS700482741				CC_BY_4_0		obsr1229602			2026-06-12T00:33:30.176Z		CONTINENT_DERIVED_FROM_COORDINATES;TAXON_CONCEPT_ID_NOT_FOUND",,,,
"2230887984	4fa7b334-ce0d-4e88-aaae-2e0c138d049e	URN:catalog:CLO:EBIRD:OBS706882137	Animalia	Chordata	Aves	Passeriformes	Pycnonotidae	Pycnonotus	Pycnonotus leucotis		SPECIES	Pycnonotus leucotis (Gould"," 1836)	pycnonotus leucotis mesopotamia		IQ	Kalar KBA site	Diyalá	PRESENT	1	e2e717bf-551a-4917-bdc9-4fa0f342c530	34.3348	45.17772							2007-08-11	11	8	2007	4QMMS	4QMMS	HUMAN_OBSERVATION	CLO	EBIRD	OBS706882137				CC_BY_4_0		obsr1229602			2026-06-11T23:19:24.723Z		CONTINENT_DERIVED_FROM_COORDINATES;TAXON_CONCEPT_ID_NOT_FOUND",,,,
"2230883303	4fa7b334-ce0d-4e88-aaae-2e0c138d049e	URN:catalog:CLO:EBIRD:OBS706882102	Animalia	Chordata	Aves	Passeriformes	Pycnonotidae	Pycnonotus	Pycnonotus leucotis		SPECIES	Pycnonotus leucotis (Gould"," 1836)	pycnonotus leucotis mesopotamia		IQ	Darbandikhan Lake KBA	As Sulaymaniyah	PRESENT	2	e2e717bf-551a-4917-bdc9-4fa0f342c530	35.144722	45.755							2007-08-06	6	8	2007	4QMMS	4QMMS	HUMAN_OBSERVATION	CLO	EBIRD	OBS706882102				CC_BY_4_0		obsr1229602			2026-06-11T22:23:25.976Z		CONTINENT_DERIVED_FROM_COORDINATES;TAXON_CONCEPT_ID_NOT_FOUND",,,,
"2230879961	4fa7b334-ce0d-4e88-aaae-2e0c138d049e	URN:catalog:CLO:EBIRD:OBS706882059	Animalia	Chordata	Aves	Passeriformes	Pycnonotidae	Pycnonotus	Pycnonotus leucotis		SPECIES	Pycnonotus leucotis (Gould"," 1836)	pycnonotus leucotis mesopotamia		IQ	Chami Rezan--bridge over Tabben Stream	As Sulaymaniyah	PRESENT	2	e2e717bf-551a-4917-bdc9-4fa0f342c530	35.808903	45.021694							2007-08-08	8	8	2007	4QMMS	4QMMS	HUMAN_OBSERVATION	CLO	EBIRD	OBS706882059				CC_BY_4_0		obsr1229602			2026-06-11T23:18:42.534Z		CONTINENT_DERIVED_FROM_COORDINATES;TAXON_CONCEPT_ID_NOT_FOUND",,,,
"2230876086	4fa7b334-ce0d-4e88-aaae-2e0c138d049e	URN:catalog:CLO:EBIRD:OBS706882171	Animalia	Chordata	Aves	Passeriformes	Pycnonotidae	Pycnonotus	Pycnonotus leucotis		SPECIES	Pycnonotus leucotis (Gould"," 1836)	pycnonotus leucotis mesopotamia		IQ	Sargalu KBA	As Sulaymaniyah	PRESENT	1	e2e717bf-551a-4917-bdc9-4fa0f342c530	35.87528	45.16528							2007-07-31	31	7	2007	4QMMS	4QMMS	HUMAN_OBSERVATION	CLO	EBIRD	OBS706882171				CC_BY_4_0		obsr1229602			2026-06-11T22:48:22.524Z		CONTINENT_DERIVED_FROM_COORDINATES;TAXON_CONCEPT_ID_NOT_FOUND",,,,
"2230803741	4fa7b334-ce0d-4e88-aaae-2e0c138d049e	URN:catalog:CLO:EBIRD:OBS705993237	Animalia	Chordata	Aves	Passeriformes	Pycnonotidae	Pycnonotus	Pycnonotus leucotis		SPECIES	Pycnonotus leucotis (Gould"," 1836)	pycnonotus leucotis mesopotamia		IQ	Taq Taq KBA	At Ta'mim	PRESENT	2	e2e717bf-551a-4917-bdc9-4fa0f342c530	35.892776	44.623333							2009-01-22	22	1	2009	4QMMS	4QMMS	HUMAN_OBSERVATION	CLO	EBIRD	OBS705993237				CC_BY_4_0		obsr735694			2026-06-11T22:42:06.750Z		CONTINENT_DERIVED_FROM_COORDINATES;TAXON_CONCEPT_ID_NOT_FOUND",,,,
"2230803518	4fa7b334-ce0d-4e88-aaae-2e0c138d049e	URN:catalog:CLO:EBIRD:OBS705979626	Animalia	Chordata	Aves	Passeriformes	Pycnonotidae	Pycnonotus	Pycnonotus leucotis		SPECIES	Pycnonotus leucotis (Gould"," 1836)	pycnonotus leucotis mesopotamia		IQ	Mangesh KBA	Dahuk	PRESENT	2	e2e717bf-551a-4917-bdc9-4fa0f342c530	37.03	43.07139							2009-05-28	28	5	2009	4QMMS	4QMMS	HUMAN_OBSERVATION	CLO	EBIRD	OBS705979626				CC_BY_4_0		obsr1229602			2026-06-12T00:38:10.566Z		CONTINENT_DERIVED_FROM_COORDINATES;TAXON_CONCEPT_ID_NOT_FOUND",,,,
"2230480817	4fa7b334-ce0d-4e88-aaae-2e0c138d049e	URN:catalog:CLO:EBIRD:OBS702122389	Animalia	Chordata	Aves	Passeriformes	Pycnonotidae	Pycnonotus	Pycnonotus leucotis		SPECIES	Pycnonotus leucotis (Gould"," 1836)	pycnonotus leucotis mesopotamia		IQ	De Lezha	As Sulaymaniyah	PRESENT	2	e2e717bf-551a-4917-bdc9-4fa0f342c530	35.460278	45.194443							2009-04-22	22	4	2009	4QMMS	4QMMS	HUMAN_OBSERVATION	CLO	EBIRD	OBS702122389				CC_BY_4_0		obsr735694			2026-06-11T23:36:12.738Z		CONTINENT_DERIVED_FROM_COORDINATES;TAXON_CONCEPT_ID_NOT_FOUND",,,,
"2229083232	4fa7b334-ce0d-4e88-aaae-2e0c138d049e	URN:catalog:CLO:EBIRD:OBS706882310	Animalia	Chordata	Aves	Passeriformes	Pycnonotidae	Pycnonotus	Pycnonotus leucotis		SPECIES	Pycnonotus leucotis (Gould"," 1836)	pycnonotus leucotis mesopotamia		IQ	Aski-Kalak  and  Safea	Ninawá	PRESENT	1	e2e717bf-551a-4917-bdc9-4fa0f342c530	36.16217	43.3834							2007-08-23	23	8	2007	4QMMS	4QMMS	HUMAN_OBSERVATION	CLO	EBIRD	OBS706882310				CC_BY_4_0		obsr1229602			2026-06-11T21:43:09.851Z		CONTINENT_DERIVED_FROM_COORDINATES;TAXON_CONCEPT_ID_NOT_FOUND",,,,
"2228956001	4fa7b334-ce0d-4e88-aaae-2e0c138d049e	URN:catalog:CLO:EBIRD:OBS706173572	Animalia	Chordata	Aves	Passeriformes	Pycnonotidae	Pycnonotus	Pycnonotus leucotis		SPECIES	Pycnonotus leucotis (Gould"," 1836)	pycnonotus leucotis mesopotamia		IQ	Darbandikhan Lake KBA	As Sulaymaniyah	PRESENT	4	e2e717bf-551a-4917-bdc9-4fa0f342c530	35.144722	45.755							2009-01-13	13	1	2009	4QMMS	4QMMS	HUMAN_OBSERVATION	CLO	EBIRD	OBS706173572				CC_BY_4_0		obsr735694			2026-06-11T21:59:01.328Z		CONTINENT_DERIVED_FROM_COORDINATES;TAXON_CONCEPT_ID_NOT_FOUND",,,,
"2228927054	4fa7b334-ce0d-4e88-aaae-2e0c138d049e	URN:catalog:CLO:EBIRD:OBS705833371	Animalia	Chordata	Aves	Passeriformes	Pycnonotidae	Pycnonotus	Pycnonotus leucotis		SPECIES	Pycnonotus leucotis (Gould"," 1836)	pycnonotus leucotis mesopotamia		IQ	Taq Taq KBA	At Ta'mim	PRESENT	2	e2e717bf-551a-4917-bdc9-4fa0f342c530	35.892776	44.623333							2009-01-22	22	1	2009	4QMMS	4QMMS	HUMAN_OBSERVATION	CLO	EBIRD	OBS705833371				CC_BY_4_0		obsr1229602			2026-06-12T00:12:44.941Z		CONTINENT_DERIVED_FROM_COORDINATES;TAXON_CONCEPT_ID_NOT_FOUND",,,,
"2228682253	4fa7b334-ce0d-4e88-aaae-2e0c138d049e	URN:catalog:CLO:EBIRD:OBS678286732	Animalia	Chordata	Aves	Passeriformes	Pycnonotidae	Pycnonotus	Pycnonotus leucotis		SPECIES	Pycnonotus leucotis (Gould"," 1836)	pycnonotus leucotis mesopotamia		IQ	Joint Base Balad	Salah ad Din	PRESENT	8	e2e717bf-551a-4917-bdc9-4fa0f342c530	33.94051	44.36554							2018-11-20	20	11	2018	4QMMS	4QMMS	HUMAN_OBSERVATION	CLO	EBIRD	OBS678286732				CC_BY_4_0		obsr801879			2026-06-12T00:15:00.612Z		CONTINENT_DERIVED_FROM_COORDINATES;TAXON_CONCEPT_ID_NOT_FOUND",,,,
"2228255074	4fa7b334-ce0d-4e88-aaae-2e0c138d049e	URN:catalog:CLO:EBIRD:OBS700486996	Animalia	Chordata	Aves	Passeriformes	Pycnonotidae	Pycnonotus	Pycnonotus leucotis		SPECIES	Pycnonotus leucotis (Gould"," 1836)	pycnonotus leucotis mesopotamia		IQ	Qara Dagh--general area	As Sulaymaniyah	PRESENT	2	e2e717bf-551a-4917-bdc9-4fa0f342c530	35.282692	45.319912							2009-05-04	4	5	2009	4QMMS	4QMMS	HUMAN_OBSERVATION	CLO	EBIRD	OBS700486996				CC_BY_4_0		obsr1229602			2026-06-11T23:44:11.681Z		CONTINENT_DERIVED_FROM_COORDINATES;TAXON_CONCEPT_ID_NOT_FOUND",,,,
"2228243657	4fa7b334-ce0d-4e88-aaae-2e0c138d049e	URN:catalog:CLO:EBIRD:OBS700476468	Animalia	Chordata	Aves	Passeriformes	Pycnonotidae	Pycnonotus	Pycnonotus leucotis		SPECIES	Pycnonotus leucotis (Gould"," 1836)	pycnonotus leucotis mesopotamia		IQ	Darbandikhan Lake KBA	As Sulaymaniyah	PRESENT	4	e2e717bf-551a-4917-bdc9-4fa0f342c530	35.144722	45.755							2009-01-13	13	1	2009	4QMMS	4QMMS	HUMAN_OBSERVATION	CLO	EBIRD	OBS700476468				CC_BY_4_0		obsr1229602			2026-06-11T23:36:08.802Z		CONTINENT_DERIVED_FROM_COORDINATES;TAXON_CONCEPT_ID_NOT_FOUND",,,,
"2228241029	4fa7b334-ce0d-4e88-aaae-2e0c138d049e	URN:catalog:CLO:EBIRD:OBS700479104	Animalia	Chordata	Aves	Passeriformes	Pycnonotidae	Pycnonotus	Pycnonotus leucotis		SPECIES	Pycnonotus leucotis (Gould"," 1836)	pycnonotus leucotis mesopotamia		IQ	Darbandikhan Lake KBA	As Sulaymaniyah	PRESENT	4	e2e717bf-551a-4917-bdc9-4fa0f342c530	35.144722	45.755							2009-05-10	10	5	2009	4QMMS	4QMMS	HUMAN_OBSERVATION	CLO	EBIRD	OBS700479104				CC_BY_4_0		obsr1229602			2026-06-11T23:26:20.440Z		CONTINENT_DERIVED_FROM_COORDINATES;TAXON_CONCEPT_ID_NOT_FOUND",,,,
"2228234724	4fa7b334-ce0d-4e88-aaae-2e0c138d049e	URN:catalog:CLO:EBIRD:OBS700463575	Animalia	Chordata	Aves	Passeriformes	Pycnonotidae	Pycnonotus	Pycnonotus leucotis		SPECIES	Pycnonotus leucotis (Gould"," 1836)	pycnonotus leucotis mesopotamia		IQ	Kalar KBA site	Diyalá	PRESENT	3	e2e717bf-551a-4917-bdc9-4fa0f342c530	34.3348	45.17772							2009-01-07	7	1	2009	4QMMS	4QMMS	HUMAN_OBSERVATION	CLO	EBIRD	OBS700463575				CC_BY_4_0		obsr1229602			2026-06-12T00:41:06.747Z		CONTINENT_DERIVED_FROM_COORDINATES;TAXON_CONCEPT_ID_NOT_FOUND",,,,
"2226605493	4fa7b334-ce0d-4e88-aaae-2e0c138d049e	URN:catalog:CLO:EBIRD:OBS691614330	Animalia	Chordata	Aves	Passeriformes	Pycnonotidae	Pycnonotus	Pycnonotus leucotis		SPECIES	Pycnonotus leucotis (Gould"," 1836)	pycnonotus leucotis mesopotamia		IQ	Mosul Lake--dam outlet	Ninawá	PRESENT	1	e2e717bf-551a-4917-bdc9-4fa0f342c530	36.627365	42.818314							2018-12-31	31	12	2018	4QMMS	4QMMS	HUMAN_OBSERVATION	CLO	EBIRD	OBS691614330				CC_BY_4_0		obsr904739			2026-06-11T21:43:05.802Z		CONTINENT_DERIVED_FROM_COORDINATES;TAXON_CONCEPT_ID_NOT_FOUND",,,,
"2223501699	4fa7b334-ce0d-4e88-aaae-2e0c138d049e	URN:catalog:CLO:EBIRD:OBS686791988	Animalia	Chordata	Aves	Passeriformes	Pycnonotidae	Pycnonotus	Pycnonotus leucotis		SPECIES	Pycnonotus leucotis (Gould"," 1836)	pycnonotus leucotis mesopotamia		IQ	Mosul Lake--dam outlet	Ninawá	PRESENT	3	e2e717bf-551a-4917-bdc9-4fa0f342c530	36.627365	42.818314							2018-12-16	16	12	2018	4QMMS	4QMMS	HUMAN_OBSERVATION	CLO	EBIRD	OBS686791988				CC_BY_4_0		obsr904739			2026-06-11T21:58:54.875Z		CONTINENT_DERIVED_FROM_COORDINATES;TAXON_CONCEPT_ID_NOT_FOUND",,,,
"2223443169	4fa7b334-ce0d-4e88-aaae-2e0c138d049e	URN:catalog:CLO:EBIRD:OBS681972172	Animalia	Chordata	Aves	Passeriformes	Pycnonotidae	Pycnonotus	Pycnonotus leucotis		SPECIES	Pycnonotus leucotis (Gould"," 1836)	pycnonotus leucotis mesopotamia		IQ	Hawari Shar	As Sulaymaniyah	PRESENT	4	e2e717bf-551a-4917-bdc9-4fa0f342c530	35.611534	45.425804							2018-12-02	2	12	2018	4QMMS	4QMMS	HUMAN_OBSERVATION	CLO	EBIRD	OBS681972172				CC_BY_4_0		obsr843990			2026-06-11T23:20:10.187Z		CONTINENT_DERIVED_FROM_COORDINATES;TAXON_CONCEPT_ID_NOT_FOUND",,,,
"2221908435	4fa7b334-ce0d-4e88-aaae-2e0c138d049e	URN:catalog:CLO:EBIRD:OBS679957142	Animalia	Chordata	Aves	Passeriformes	Pycnonotidae	Pycnonotus	Pycnonotus leucotis		SPECIES	Pycnonotus leucotis (Gould"," 1836)	pycnonotus leucotis mesopotamia		IQ	Joint Base Balad	Salah ad Din	PRESENT	1	e2e717bf-551a-4917-bdc9-4fa0f342c530	33.94051	44.36554							2018-11-21	21	11	2018	4QMMS	4QMMS	HUMAN_OBSERVATION	CLO	EBIRD	OBS679957142				CC_BY_4_0		obsr801879			2026-06-11T22:17:04.980Z		CONTINENT_DERIVED_FROM_COORDINATES;TAXON_CONCEPT_ID_NOT_FOUND",,,,
"2220119941	4fa7b334-ce0d-4e88-aaae-2e0c138d049e	URN:catalog:CLO:EBIRD:OBS706169957	Animalia	Chordata	Aves	Passeriformes	Pycnonotidae	Pycnonotus	Pycnonotus leucotis		SPECIES	Pycnonotus leucotis (Gould"," 1836)	pycnonotus leucotis mesopotamia		IQ	Qara Dagh--general area	As Sulaymaniyah	PRESENT	2	e2e717bf-551a-4917-bdc9-4fa0f342c530	35.282692	45.319912							2009-05-04	4	5	2009	4QMMS	4QMMS	HUMAN_OBSERVATION	CLO	EBIRD	OBS706169957				CC_BY_4_0		obsr735694			2026-06-12T00:41:41.938Z		CONTINENT_DERIVED_FROM_COORDINATES;TAXON_CONCEPT_ID_NOT_FOUND",,,,
"2220119521	4fa7b334-ce0d-4e88-aaae-2e0c138d049e	URN:catalog:CLO:EBIRD:OBS668081750	Animalia	Chordata	Aves	Passeriformes	Pycnonotidae	Pycnonotus	Pycnonotus leucotis		SPECIES	Pycnonotus leucotis (Gould"," 1836)	pycnonotus leucotis mesopotamia		IQ	Ahdeb Oil Field	Wasit	PRESENT	2	e2e717bf-551a-4917-bdc9-4fa0f342c530	32.522194	45.66134							2018-10-18	18	10	2018	4QMMS	4QMMS	HUMAN_OBSERVATION	CLO	EBIRD	OBS668081750				CC_BY_4_0		obsr672744			2026-06-12T00:20:21.669Z		CONTINENT_DERIVED_FROM_COORDINATES;TAXON_CONCEPT_ID_NOT_FOUND",,,,
"2220112923	4fa7b334-ce0d-4e88-aaae-2e0c138d049e	URN:catalog:CLO:EBIRD:OBS706183732	Animalia	Chordata	Aves	Passeriformes	Pycnonotidae	Pycnonotus	Pycnonotus leucotis		SPECIES	Pycnonotus leucotis (Gould"," 1836)	pycnonotus leucotis mesopotamia		IQ	Dukan Lake--general area	As Sulaymaniyah	PRESENT	6	e2e717bf-551a-4917-bdc9-4fa0f342c530	36.113472	44.92447							2009-05-13	13	5	2009	4QMMS	4QMMS	HUMAN_OBSERVATION	CLO	EBIRD	OBS706183732				CC_BY_4_0		obsr735694			2026-06-11T23:40:38.291Z		CONTINENT_DERIVED_FROM_COORDINATES;TAXON_CONCEPT_ID_NOT_FOUND",,,,
"2220088063	4fa7b334-ce0d-4e88-aaae-2e0c138d049e	URN:catalog:CLO:EBIRD:OBS705994347	Animalia	Chordata	Aves	Passeriformes	Pycnonotidae	Pycnonotus	Pycnonotus leucotis		SPECIES	Pycnonotus leucotis (Gould"," 1836)	pycnonotus leucotis mesopotamia		IQ	Mangesh KBA	Dahuk	PRESENT	2	e2e717bf-551a-4917-bdc9-4fa0f342c530	37.03	43.07139							2009-05-28	28	5	2009	4QMMS	4QMMS	HUMAN_OBSERVATION	CLO	EBIRD	OBS705994347				CC_BY_4_0		obsr735694			2026-06-11T22:16:03.411Z		CONTINENT_DERIVED_FROM_COORDINATES;TAXON_CONCEPT_ID_NOT_FOUND",,,,
"2220015026	4fa7b334-ce0d-4e88-aaae-2e0c138d049e	URN:catalog:CLO:EBIRD:OBS705272630	Animalia	Chordata	Aves	Passeriformes	Pycnonotidae	Pycnonotus	Pycnonotus leucotis		SPECIES	Pycnonotus leucotis (Gould"," 1836)	pycnonotus leucotis mesopotamia		IQ	Homar Qawm and Shadala Valley	As Sulaymaniyah	PRESENT	1	e2e717bf-551a-4917-bdc9-4fa0f342c530	35.856186	45.126476							2009-04-14	14	4	2009	4QMMS	4QMMS	HUMAN_OBSERVATION	CLO	EBIRD	OBS705272630				CC_BY_4_0		obsr1229602			2026-06-11T21:43:57.789Z		CONTINENT_DERIVED_FROM_COORDINATES;TAXON_CONCEPT_ID_NOT_FOUND",,,,
"2220013490	4fa7b334-ce0d-4e88-aaae-2e0c138d049e	URN:catalog:CLO:EBIRD:OBS705278258	Animalia	Chordata	Aves	Passeriformes	Pycnonotidae	Pycnonotus	Pycnonotus leucotis		SPECIES	Pycnonotus leucotis (Gould"," 1836)	pycnonotus leucotis mesopotamia		IQ	Chami Rezan	As Sulaymaniyah	PRESENT	5	e2e717bf-551a-4917-bdc9-4fa0f342c530	35.797295	44.977093							2009-04-20	20	4	2009	4QMMS	4QMMS	HUMAN_OBSERVATION	CLO	EBIRD	OBS705278258				CC_BY_4_0		obsr735694			2026-06-11T23:53:47.500Z		CONTINENT_DERIVED_FROM_COORDINATES;TAXON_CONCEPT_ID_NOT_FOUND",,,,
"2214804674	4fa7b334-ce0d-4e88-aaae-2e0c138d049e	URN:catalog:CLO:EBIRD:OBS675001478	Animalia	Chordata	Aves	Passeriformes	Pycnonotidae	Pycnonotus	Pycnonotus leucotis		SPECIES	Pycnonotus leucotis (Gould"," 1836)	pycnonotus leucotis mesopotamia		IQ	Hawari Shar	As Sulaymaniyah	PRESENT	5	e2e717bf-551a-4917-bdc9-4fa0f342c530	35.611534	45.425804							2018-11-10	10	11	2018	4QMMS	4QMMS	HUMAN_OBSERVATION	CLO	EBIRD	OBS675001478				CC_BY_4_0		obsr843990			2026-06-11T21:42:57.728Z		CONTINENT_DERIVED_FROM_COORDINATES;TAXON_CONCEPT_ID_NOT_FOUND",,,,
"2214220018	4fa7b334-ce0d-4e88-aaae-2e0c138d049e	URN:catalog:CLO:EBIRD:OBS674336869	Animalia	Chordata	Aves	Passeriformes	Pycnonotidae	Pycnonotus	Pycnonotus leucotis		SPECIES	Pycnonotus leucotis (Gould"," 1836)	pycnonotus leucotis mesopotamia		IQ	Joint Base Balad	Salah ad Din	PRESENT	3	e2e717bf-551a-4917-bdc9-4fa0f342c530	33.94051	44.36554							2018-11-08	8	11	2018	4QMMS	4QMMS	HUMAN_OBSERVATION	CLO	EBIRD	OBS674336869				CC_BY_4_0		obsr801879			2026-06-11T23:02:35.804Z		CONTINENT_DERIVED_FROM_COORDINATES;TAXON_CONCEPT_ID_NOT_FOUND",,,,
"2212804034	4fa7b334-ce0d-4e88-aaae-2e0c138d049e	URN:catalog:CLO:EBIRD:OBS660028011	Animalia	Chordata	Aves	Passeriformes	Pycnonotidae	Pycnonotus	Pycnonotus leucotis		SPECIES	Pycnonotus leucotis (Gould"," 1836)	pycnonotus leucotis mesopotamia		IQ	Joint Base Balad	Salah ad Din	PRESENT	14	e2e717bf-551a-4917-bdc9-4fa0f342c530	33.94051	44.36554							2018-09-24	24	9	2018	4QMMS	4QMMS	HUMAN_OBSERVATION	CLO	EBIRD	OBS660028011				CC_BY_4_0		obsr801879			2026-06-11T23:21:24.799Z		CONTINENT_DERIVED_FROM_COORDINATES;TAXON_CONCEPT_ID_NOT_FOUND",,,,
"2210776891	4fa7b334-ce0d-4e88-aaae-2e0c138d049e	URN:catalog:CLO:EBIRD:OBS657966309	Animalia	Chordata	Aves	Passeriformes	Pycnonotidae	Pycnonotus	Pycnonotus leucotis		SPECIES	Pycnonotus leucotis (Gould"," 1836)	pycnonotus leucotis mesopotamia		IQ	Joint Base Balad	Salah ad Din	PRESENT	14	e2e717bf-551a-4917-bdc9-4fa0f342c530	33.94051	44.36554							2018-09-17	17	9	2018	4QMMS	4QMMS	HUMAN_OBSERVATION	CLO	EBIRD	OBS657966309				CC_BY_4_0		obsr801879			2026-06-12T00:39:07.732Z		CONTINENT_DERIVED_FROM_COORDINATES;TAXON_CONCEPT_ID_NOT_FOUND",,,,
"2209777568	4fa7b334-ce0d-4e88-aaae-2e0c138d049e	URN:catalog:CLO:EBIRD:OBS656648351	Animalia	Chordata	Aves	Passeriformes	Pycnonotidae	Pycnonotus	Pycnonotus leucotis		SPECIES	Pycnonotus leucotis (Gould"," 1836)	pycnonotus leucotis mesopotamia		IQ	Joint Base Balad	Salah ad Din	PRESENT	9	e2e717bf-551a-4917-bdc9-4fa0f342c530	33.94051	44.36554							2018-09-13	13	9	2018	4QMMS	4QMMS	HUMAN_OBSERVATION	CLO	EBIRD	OBS656648351				CC_BY_4_0		obsr801879			2026-06-11T23:54:37.058Z		CONTINENT_DERIVED_FROM_COORDINATES;TAXON_CONCEPT_ID_NOT_FOUND",,,,
"2207251676	4fa7b334-ce0d-4e88-aaae-2e0c138d049e	URN:catalog:CLO:EBIRD:OBS679956943	Animalia	Chordata	Aves	Passeriformes	Pycnonotidae	Pycnonotus	Pycnonotus leucotis		SPECIES	Pycnonotus leucotis (Gould"," 1836)	pycnonotus leucotis mesopotamia		IQ	Joint Base Balad	Salah ad Din	PRESENT	1	e2e717bf-551a-4917-bdc9-4fa0f342c530	33.94051	44.36554							2018-11-13	13	11	2018	4QMMS	4QMMS	HUMAN_OBSERVATION	CLO	EBIRD	OBS679956943				CC_BY_4_0		obsr801879			2026-06-12T00:05:01.051Z		CONTINENT_DERIVED_FROM_COORDINATES;TAXON_CONCEPT_ID_NOT_FOUND",,,,
"2207052506	4fa7b334-ce0d-4e88-aaae-2e0c138d049e	URN:catalog:CLO:EBIRD:OBS653751854	Animalia	Chordata	Aves	Passeriformes	Pycnonotidae	Pycnonotus	Pycnonotus leucotis		SPECIES	Pycnonotus leucotis (Gould"," 1836)	pycnonotus leucotis mesopotamia		IQ	Joint Base Balad	Salah ad Din	PRESENT	1	e2e717bf-551a-4917-bdc9-4fa0f342c530	33.94051	44.36554							2018-08-20	20	8	2018	4QMMS	4QMMS	HUMAN_OBSERVATION	CLO	EBIRD	OBS653751854				CC_BY_4_0		obsr801879			2026-06-11T23:36:16.543Z		CONTINENT_DERIVED_FROM_COORDINATES;TAXON_CONCEPT_ID_NOT_FOUND",,,,
"2206550473	4fa7b334-ce0d-4e88-aaae-2e0c138d049e	URN:catalog:CLO:EBIRD:OBS679268483	Animalia	Chordata	Aves	Passeriformes	Pycnonotidae	Pycnonotus	Pycnonotus leucotis		SPECIES	Pycnonotus leucotis (Gould"," 1836)	pycnonotus leucotis mesopotamia		IQ	Joint Base Balad	Salah ad Din	PRESENT	4	e2e717bf-551a-4917-bdc9-4fa0f342c530	33.94051	44.36554							2018-11-23	23	11	2018	4QMMS	4QMMS	HUMAN_OBSERVATION	CLO	EBIRD	OBS679268483				CC_BY_4_0		obsr801879			2026-06-11T22:47:26.127Z		CONTINENT_DERIVED_FROM_COORDINATES;TAXON_CONCEPT_ID_NOT_FOUND",,,,
"2205759834	4fa7b334-ce0d-4e88-aaae-2e0c138d049e	URN:catalog:CLO:EBIRD:OBS661718527	Animalia	Chordata	Aves	Passeriformes	Pycnonotidae	Pycnonotus	Pycnonotus leucotis		SPECIES	Pycnonotus leucotis (Gould"," 1836)	pycnonotus leucotis mesopotamia		IQ	Hawari Shar	As Sulaymaniyah	PRESENT	5	e2e717bf-551a-4917-bdc9-4fa0f342c530	35.611534	45.425804							2018-09-30	30	9	2018	4QMMS	4QMMS	HUMAN_OBSERVATION	CLO	EBIRD	OBS661718527				CC_BY_4_0		obsr843990			2026-06-11T21:59:11.287Z		CONTINENT_DERIVED_FROM_COORDINATES;TAXON_CONCEPT_ID_NOT_FOUND",,,,
"2204477264	4fa7b334-ce0d-4e88-aaae-2e0c138d049e	URN:catalog:CLO:EBIRD:OBS676929158	Animalia	Chordata	Aves	Passeriformes	Pycnonotidae	Pycnonotus	Pycnonotus leucotis		SPECIES	Pycnonotus leucotis (Gould"," 1836)	pycnonotus leucotis mesopotamia		IQ	Joint Base Balad	Salah ad Din	PRESENT	3	e2e717bf-551a-4917-bdc9-4fa0f342c530	33.94051	44.36554							2018-11-16	16	11	2018	4QMMS	4QMMS	HUMAN_OBSERVATION	CLO	EBIRD	OBS676929158				CC_BY_4_0		obsr801879			2026-06-12T00:00:55.885Z		CONTINENT_DERIVED_FROM_COORDINATES;TAXON_CONCEPT_ID_NOT_FOUND",,,,
"2204043695	4fa7b334-ce0d-4e88-aaae-2e0c138d049e	URN:catalog:CLO:EBIRD:OBS676433990	Animalia	Chordata	Aves	Passeriformes	Pycnonotidae	Pycnonotus	Pycnonotus leucotis		SPECIES	Pycnonotus leucotis (Gould"," 1836)	pycnonotus leucotis mesopotamia		IQ	Joint Base Balad	Salah ad Din	PRESENT	12	e2e717bf-551a-4917-bdc9-4fa0f342c530	33.94051	44.36554							2018-11-13	13	11	2018	4QMMS	4QMMS	HUMAN_OBSERVATION	CLO	EBIRD	OBS676433990				CC_BY_4_0		obsr801879			2026-06-11T23:52:49.127Z		CONTINENT_DERIVED_FROM_COORDINATES;TAXON_CONCEPT_ID_NOT_FOUND",,,,
"2202452846	4fa7b334-ce0d-4e88-aaae-2e0c138d049e	URN:catalog:CLO:EBIRD:OBS662113125	Animalia	Chordata	Aves	Passeriformes	Pycnonotidae	Pycnonotus	Pycnonotus leucotis		SPECIES	Pycnonotus leucotis (Gould"," 1836)	pycnonotus leucotis mesopotamia		IQ	Parki Azadi	As Sulaymaniyah	PRESENT	1	e2e717bf-551a-4917-bdc9-4fa0f342c530	35.56482	45.431							2018-10-01	1	10	2018	4QMMS	4QMMS	HUMAN_OBSERVATION	CLO	EBIRD	OBS662113125				CC_BY_4_0		obsr843990			2026-06-11T22:02:46.557Z		CONTINENT_DERIVED_FROM_COORDINATES;TAXON_CONCEPT_ID_NOT_FOUND",,,,
"2200646945	4fa7b334-ce0d-4e88-aaae-2e0c138d049e	URN:catalog:CLO:EBIRD:OBS646515917	Animalia	Chordata	Aves	Passeriformes	Pycnonotidae	Pycnonotus	Pycnonotus leucotis		SPECIES	Pycnonotus leucotis (Gould"," 1836)	pycnonotus leucotis mesopotamia		IQ	Erbil International Airport	Arbil	PRESENT	6	e2e717bf-551a-4917-bdc9-4fa0f342c530	36.238625	43.96376							2018-08-07	7	8	2018	4QMMS	4QMMS	HUMAN_OBSERVATION	CLO	EBIRD	OBS646515917				CC_BY_4_0		obsr919476			2026-06-12T00:41:51.486Z		CONTINENT_DERIVED_FROM_COORDINATES;TAXON_CONCEPT_ID_NOT_FOUND",,,,
"2199424129	4fa7b334-ce0d-4e88-aaae-2e0c138d049e	URN:catalog:CLO:EBIRD:OBS659256616	Animalia	Chordata	Aves	Passeriformes	Pycnonotidae	Pycnonotus	Pycnonotus leucotis		SPECIES	Pycnonotus leucotis (Gould"," 1836)	pycnonotus leucotis mesopotamia		IQ	Hawari Shar	As Sulaymaniyah	PRESENT	6	e2e717bf-551a-4917-bdc9-4fa0f342c530	35.611534	45.425804							2018-09-22	22	9	2018	4QMMS	4QMMS	HUMAN_OBSERVATION	CLO	EBIRD	OBS659256616				CC_BY_4_0		obsr843990			2026-06-12T00:31:05.173Z		CONTINENT_DERIVED_FROM_COORDINATES;TAXON_CONCEPT_ID_NOT_FOUND",,,,
"2199251643	4fa7b334-ce0d-4e88-aaae-2e0c138d049e	URN:catalog:CLO:EBIRD:OBS659025783	Animalia	Chordata	Aves	Passeriformes	Pycnonotidae	Pycnonotus	Pycnonotus leucotis		SPECIES	Pycnonotus leucotis (Gould"," 1836)	pycnonotus leucotis mesopotamia		IQ	Mosul Lake--dam outlet	Ninawá	PRESENT	2	e2e717bf-551a-4917-bdc9-4fa0f342c530	36.627365	42.818314							2018-09-21	21	9	2018	4QMMS	4QMMS	HUMAN_OBSERVATION	CLO	EBIRD	OBS659025783				CC_BY_4_0		obsr904739			2026-06-11T23:18:14.396Z		CONTINENT_DERIVED_FROM_COORDINATES;TAXON_CONCEPT_ID_NOT_FOUND",,,,
"2199031675	4fa7b334-ce0d-4e88-aaae-2e0c138d049e	URN:catalog:CLO:EBIRD:OBS645025172	Animalia	Chordata	Aves	Passeriformes	Pycnonotidae	Pycnonotus	Pycnonotus leucotis		SPECIES	Pycnonotus leucotis (Gould"," 1836)	pycnonotus leucotis mesopotamia		IQ	Joint Base Balad	Salah ad Din	PRESENT	4	e2e717bf-551a-4917-bdc9-4fa0f342c530	33.94051	44.36554							2018-08-02	2	8	2018	4QMMS	4QMMS	HUMAN_OBSERVATION	CLO	EBIRD	OBS645025172				CC_BY_4_0		obsr801879			2026-06-12T00:02:16.233Z		CONTINENT_DERIVED_FROM_COORDINATES;TAXON_CONCEPT_ID_NOT_FOUND",,,,
"2198901864	4fa7b334-ce0d-4e88-aaae-2e0c138d049e	URN:catalog:CLO:EBIRD:OBS653751978	Animalia	Chordata	Aves	Passeriformes	Pycnonotidae	Pycnonotus	Pycnonotus leucotis		SPECIES	Pycnonotus leucotis (Gould"," 1836)	pycnonotus leucotis mesopotamia		IQ	Joint Base Balad	Salah ad Din	PRESENT	2	e2e717bf-551a-4917-bdc9-4fa0f342c530	33.94051	44.36554							2018-08-30	30	8	2018	4QMMS	4QMMS	HUMAN_OBSERVATION	CLO	EBIRD	OBS653751978				CC_BY_4_0		obsr801879			2026-06-11T22:33:33.226Z		CONTINENT_DERIVED_FROM_COORDINATES;TAXON_CONCEPT_ID_NOT_FOUND",,,,
"2197307597	4fa7b334-ce0d-4e88-aaae-2e0c138d049e	URN:catalog:CLO:EBIRD:OBS651781285	Animalia	Chordata	Aves	Passeriformes	Pycnonotidae	Pycnonotus	Pycnonotus leucotis		SPECIES	Pycnonotus leucotis (Gould"," 1836)	pycnonotus leucotis mesopotamia		IQ	Joint Base Balad	Salah ad Din	PRESENT	9	e2e717bf-551a-4917-bdc9-4fa0f342c530	33.94051	44.36554							2018-08-27	27	8	2018	4QMMS	4QMMS	HUMAN_OBSERVATION	CLO	EBIRD	OBS651781285				CC_BY_4_0		obsr801879			2026-06-11T21:42:40.358Z		CONTINENT_DERIVED_FROM_COORDINATES;TAXON_CONCEPT_ID_NOT_FOUND",,,,
"2196472394	4fa7b334-ce0d-4e88-aaae-2e0c138d049e	URN:catalog:CLO:EBIRD:OBS650821959	Animalia	Chordata	Aves	Passeriformes	Pycnonotidae	Pycnonotus	Pycnonotus leucotis		SPECIES	Pycnonotus leucotis (Gould"," 1836)	pycnonotus leucotis mesopotamia		IQ	Joint Base Balad	Salah ad Din	PRESENT	2	e2e717bf-551a-4917-bdc9-4fa0f342c530	33.94051	44.36554							2018-08-24	24	8	2018	4QMMS	4QMMS	HUMAN_OBSERVATION	CLO	EBIRD	OBS650821959				CC_BY_4_0		obsr801879			2026-06-11T23:51:35.333Z		CONTINENT_DERIVED_FROM_COORDINATES;TAXON_CONCEPT_ID_NOT_FOUND",,,,
"2195362759	4fa7b334-ce0d-4e88-aaae-2e0c138d049e	URN:catalog:CLO:EBIRD:OBS654581051	Animalia	Chordata	Aves	Passeriformes	Pycnonotidae	Pycnonotus	Pycnonotus leucotis		SPECIES	Pycnonotus leucotis (Gould"," 1836)	pycnonotus leucotis mesopotamia		IQ	Joint Base Balad	Salah ad Din	PRESENT	5	e2e717bf-551a-4917-bdc9-4fa0f342c530	33.94051	44.36554							2018-09-06	6	9	2018	4QMMS	4QMMS	HUMAN_OBSERVATION	CLO	EBIRD	OBS654581051				CC_BY_4_0		obsr801879			2026-06-11T22:47:31.688Z		CONTINENT_DERIVED_FROM_COORDINATES;TAXON_CONCEPT_ID_NOT_FOUND",,,,
"2193687578	4fa7b334-ce0d-4e88-aaae-2e0c138d049e	URN:catalog:CLO:EBIRD:OBS652562416	Animalia	Chordata	Aves	Passeriformes	Pycnonotidae	Pycnonotus	Pycnonotus leucotis		SPECIES	Pycnonotus leucotis (Gould"," 1836)	pycnonotus leucotis mesopotamia		IQ	Joint Base Balad	Salah ad Din	PRESENT	8	e2e717bf-551a-4917-bdc9-4fa0f342c530	33.94051	44.36554							2018-08-30	30	8	2018	4QMMS	4QMMS	HUMAN_OBSERVATION	CLO	EBIRD	OBS652562416				CC_BY_4_0		obsr801879			2026-06-11T22:16:39.123Z		CONTINENT_DERIVED_FROM_COORDINATES;TAXON_CONCEPT_ID_NOT_FOUND",,,,
"2193200690	4fa7b334-ce0d-4e88-aaae-2e0c138d049e	URN:catalog:CLO:EBIRD:OBS652039573	Animalia	Chordata	Aves	Passeriformes	Pycnonotidae	Pycnonotus	Pycnonotus leucotis		SPECIES	Pycnonotus leucotis (Gould"," 1836)	pycnonotus leucotis mesopotamia		IQ	Hawari Shar	As Sulaymaniyah	PRESENT	3	e2e717bf-551a-4917-bdc9-4fa0f342c530	35.611534	45.425804							2018-08-28	28	8	2018	4QMMS	4QMMS	HUMAN_OBSERVATION	CLO	EBIRD	OBS652039573				CC_BY_4_0		obsr843990			2026-06-11T23:55:25.941Z		CONTINENT_DERIVED_FROM_COORDINATES;TAXON_CONCEPT_ID_NOT_FOUND",,,,
"2193001321	4fa7b334-ce0d-4e88-aaae-2e0c138d049e	URN:catalog:CLO:EBIRD:OBS646926903	Animalia	Chordata	Aves	Passeriformes	Pycnonotidae	Pycnonotus	Pycnonotus leucotis		SPECIES	Pycnonotus leucotis (Gould"," 1836)	pycnonotus leucotis mesopotamia		IQ	Joint Base Balad	Salah ad Din	PRESENT	4	e2e717bf-551a-4917-bdc9-4fa0f342c530	33.94051	44.36554							2018-08-09	9	8	2018	4QMMS	4QMMS	HUMAN_OBSERVATION	CLO	EBIRD	OBS646926903				CC_BY_4_0		obsr801879			2026-06-11T22:40:38.241Z		CONTINENT_DERIVED_FROM_COORDINATES;TAXON_CONCEPT_ID_NOT_FOUND",,,,
"2191548635	4fa7b334-ce0d-4e88-aaae-2e0c138d049e	URN:catalog:CLO:EBIRD:OBS637174127	Animalia	Chordata	Aves	Passeriformes	Pycnonotidae	Pycnonotus	Pycnonotus leucotis		SPECIES	Pycnonotus leucotis (Gould"," 1836)	pycnonotus leucotis mesopotamia		IQ	Hawari Shar	As Sulaymaniyah	PRESENT	5	e2e717bf-551a-4917-bdc9-4fa0f342c530	35.611534	45.425804							2018-07-05	5	7	2018	4QMMS	4QMMS	HUMAN_OBSERVATION	CLO	EBIRD	OBS637174127				CC_BY_4_0		obsr843990			2026-06-11T23:51:33.033Z		CONTINENT_DERIVED_FROM_COORDINATES;TAXON_CONCEPT_ID_NOT_FOUND",,,,
"2190974331	4fa7b334-ce0d-4e88-aaae-2e0c138d049e	URN:catalog:CLO:EBIRD:OBS662724862	Animalia	Chordata	Aves	Passeriformes	Pycnonotidae	Pycnonotus	Pycnonotus leucotis		SPECIES	Pycnonotus leucotis (Gould"," 1836)	pycnonotus leucotis mesopotamia		IQ	Hawari Shar	As Sulaymaniyah	PRESENT	4	e2e717bf-551a-4917-bdc9-4fa0f342c530	35.611534	45.425804							2018-10-03	3	10	2018	4QMMS	4QMMS	HUMAN_OBSERVATION	CLO	EBIRD	OBS662724862				CC_BY_4_0		obsr843990			2026-06-11T23:19:56.485Z		CONTINENT_DERIVED_FROM_COORDINATES;TAXON_CONCEPT_ID_NOT_FOUND",,,,
"2190288321	4fa7b334-ce0d-4e88-aaae-2e0c138d049e	URN:catalog:CLO:EBIRD:OBS648744226	Animalia	Chordata	Aves	Passeriformes	Pycnonotidae	Pycnonotus	Pycnonotus leucotis		SPECIES	Pycnonotus leucotis (Gould"," 1836)	pycnonotus leucotis mesopotamia		IQ	Joint Base Balad	Salah ad Din	PRESENT	3	e2e717bf-551a-4917-bdc9-4fa0f342c530	33.94051	44.36554							2018-08-16	16	8	2018	4QMMS	4QMMS	HUMAN_OBSERVATION	CLO	EBIRD	OBS648744226				CC_BY_4_0		obsr801879			2026-06-11T22:31:30.657Z		CONTINENT_DERIVED_FROM_COORDINATES;TAXON_CONCEPT_ID_NOT_FOUND",,,,
"2189929824	4fa7b334-ce0d-4e88-aaae-2e0c138d049e	URN:catalog:CLO:EBIRD:OBS635403790	Animalia	Chordata	Aves	Passeriformes	Pycnonotidae	Pycnonotus	Pycnonotus leucotis		SPECIES	Pycnonotus leucotis (Gould"," 1836)	pycnonotus leucotis mesopotamia		IQ	Joint Base Balad	Salah ad Din	PRESENT	2	e2e717bf-551a-4917-bdc9-4fa0f342c530	33.94051	44.36554							2018-06-26	26	6	2018	4QMMS	4QMMS	HUMAN_OBSERVATION	CLO	EBIRD	OBS635403790				CC_BY_4_0		obsr801879			2026-06-11T21:58:48.464Z		CONTINENT_DERIVED_FROM_COORDINATES;TAXON_CONCEPT_ID_NOT_FOUND",,,,
"2189843027	4fa7b334-ce0d-4e88-aaae-2e0c138d049e	URN:catalog:CLO:EBIRD:OBS643365978	Animalia	Chordata	Aves	Passeriformes	Pycnonotidae	Pycnonotus	Pycnonotus leucotis		SPECIES	Pycnonotus leucotis (Gould"," 1836)	pycnonotus leucotis mesopotamia		IQ	Mosul Lake--dam outlet	Ninawá	PRESENT	3	e2e717bf-551a-4917-bdc9-4fa0f342c530	36.627365	42.818314							2018-07-27	27	7	2018	4QMMS	4QMMS	HUMAN_OBSERVATION	CLO	EBIRD	OBS643365978				CC_BY_4_0		obsr904739			2026-06-11T21:42:35.989Z		CONTINENT_DERIVED_FROM_COORDINATES;TAXON_CONCEPT_ID_NOT_FOUND",,,,
"2188977698	4fa7b334-ce0d-4e88-aaae-2e0c138d049e	URN:catalog:CLO:EBIRD:OBS660826931	Animalia	Chordata	Aves	Passeriformes	Pycnonotidae	Pycnonotus	Pycnonotus leucotis		SPECIES	Pycnonotus leucotis (Gould"," 1836)	pycnonotus leucotis mesopotamia		IQ	Joint Base Balad	Salah ad Din	PRESENT	3	e2e717bf-551a-4917-bdc9-4fa0f342c530	33.94051	44.36554							2018-09-27	27	9	2018	4QMMS	4QMMS	HUMAN_OBSERVATION	CLO	EBIRD	OBS660826931				CC_BY_4_0		obsr801879			2026-06-11T21:42:33.506Z		CONTINENT_DERIVED_FROM_COORDINATES;TAXON_CONCEPT_ID_NOT_FOUND",,,,
"2188295590	4fa7b334-ce0d-4e88-aaae-2e0c138d049e	URN:catalog:CLO:EBIRD:OBS646192119	Animalia	Chordata	Aves	Passeriformes	Pycnonotidae	Pycnonotus	Pycnonotus leucotis		SPECIES	Pycnonotus leucotis (Gould"," 1836)	pycnonotus leucotis mesopotamia		IQ	Joint Base Balad	Salah ad Din	PRESENT	10	e2e717bf-551a-4917-bdc9-4fa0f342c530	33.94051	44.36554							2018-08-06	6	8	2018	4QMMS	4QMMS	HUMAN_OBSERVATION	CLO	EBIRD	OBS646192119				CC_BY_4_0		obsr801879			2026-06-11T23:35:31.247Z		CONTINENT_DERIVED_FROM_COORDINATES;TAXON_CONCEPT_ID_NOT_FOUND",,,,
"2186800170	4fa7b334-ce0d-4e88-aaae-2e0c138d049e	URN:catalog:CLO:EBIRD:OBS658763529	Animalia	Chordata	Aves	Passeriformes	Pycnonotidae	Pycnonotus	Pycnonotus leucotis		SPECIES	Pycnonotus leucotis (Gould"," 1836)	pycnonotus leucotis mesopotamia		IQ	Joint Base Balad	Salah ad Din	PRESENT	5	e2e717bf-551a-4917-bdc9-4fa0f342c530	33.94051	44.36554							2018-09-20	20	9	2018	4QMMS	4QMMS	HUMAN_OBSERVATION	CLO	EBIRD	OBS658763529				CC_BY_4_0		obsr801879			2026-06-11T23:05:39.749Z		CONTINENT_DERIVED_FROM_COORDINATES;TAXON_CONCEPT_ID_NOT_FOUND",,,,
"2185968560	4fa7b334-ce0d-4e88-aaae-2e0c138d049e	URN:catalog:CLO:EBIRD:OBS657936894	Animalia	Chordata	Aves	Passeriformes	Pycnonotidae	Pycnonotus	Pycnonotus leucotis		SPECIES	Pycnonotus leucotis (Gould"," 1836)	pycnonotus leucotis mesopotamia		IQ	Parki Azadi	As Sulaymaniyah	PRESENT	1	e2e717bf-551a-4917-bdc9-4fa0f342c530	35.56482	45.431							2018-09-17	17	9	2018	4QMMS	4QMMS	HUMAN_OBSERVATION	CLO	EBIRD	OBS657936894				CC_BY_4_0		obsr843990			2026-06-11T22:15:09.327Z		CONTINENT_DERIVED_FROM_COORDINATES;TAXON_CONCEPT_ID_NOT_FOUND",,,,
"2184498564	4fa7b334-ce0d-4e88-aaae-2e0c138d049e	URN:catalog:CLO:EBIRD:OBS637454631	Animalia	Chordata	Aves	Passeriformes	Pycnonotidae	Pycnonotus	Pycnonotus leucotis		SPECIES	Pycnonotus leucotis (Gould"," 1836)	pycnonotus leucotis mesopotamia		IQ	Ahdeb Oil Field	Wasit	PRESENT	2	e2e717bf-551a-4917-bdc9-4fa0f342c530	32.522327	45.661392							2018-07-06	6	7	2018	4QMMS	4QMMS	HUMAN_OBSERVATION	CLO	EBIRD	OBS637454631				CC_BY_4_0		obsr672744			2026-06-11T21:43:25.958Z		CONTINENT_DERIVED_FROM_COORDINATES;TAXON_CONCEPT_ID_NOT_FOUND",,,,
"2184495808	4fa7b334-ce0d-4e88-aaae-2e0c138d049e	URN:catalog:CLO:EBIRD:OBS655825534	Animalia	Chordata	Aves	Passeriformes	Pycnonotidae	Pycnonotus	Pycnonotus leucotis		SPECIES	Pycnonotus leucotis (Gould"," 1836)	pycnonotus leucotis mesopotamia		IQ	Joint Base Balad	Salah ad Din	PRESENT	10	e2e717bf-551a-4917-bdc9-4fa0f342c530	33.94051	44.36554							2018-09-10	10	9	2018	4QMMS	4QMMS	HUMAN_OBSERVATION	CLO	EBIRD	OBS655825534				CC_BY_4_0		obsr801879			2026-06-11T22:47:17.467Z		CONTINENT_DERIVED_FROM_COORDINATES;TAXON_CONCEPT_ID_NOT_FOUND",,,,
"2183061149	4fa7b334-ce0d-4e88-aaae-2e0c138d049e	URN:catalog:CLO:EBIRD:OBS653751888	Animalia	Chordata	Aves	Passeriformes	Pycnonotidae	Pycnonotus	Pycnonotus leucotis		SPECIES	Pycnonotus leucotis (Gould"," 1836)	pycnonotus leucotis mesopotamia		IQ	Joint Base Balad	Salah ad Din	PRESENT	2	e2e717bf-551a-4917-bdc9-4fa0f342c530	33.94051	44.36554							2018-08-22	22	8	2018	4QMMS	4QMMS	HUMAN_OBSERVATION	CLO	EBIRD	OBS653751888				CC_BY_4_0		obsr801879			2026-06-11T21:42:32.787Z		CONTINENT_DERIVED_FROM_COORDINATES;TAXON_CONCEPT_ID_NOT_FOUND",,,,
"2183060098	4fa7b334-ce0d-4e88-aaae-2e0c138d049e	URN:catalog:CLO:EBIRD:OBS653745562	Animalia	Chordata	Aves	Passeriformes	Pycnonotidae	Pycnonotus	Pycnonotus leucotis		SPECIES	Pycnonotus leucotis (Gould"," 1836)	pycnonotus leucotis mesopotamia		IQ	Joint Base Balad	Salah ad Din	PRESENT	6	e2e717bf-551a-4917-bdc9-4fa0f342c530	33.94051	44.36554							2018-09-03	3	9	2018	4QMMS	4QMMS	HUMAN_OBSERVATION	CLO	EBIRD	OBS653745562				CC_BY_4_0		obsr801879			2026-06-11T21:58:18.427Z		CONTINENT_DERIVED_FROM_COORDINATES;TAXON_CONCEPT_ID_NOT_FOUND",,,,
"2183057566	4fa7b334-ce0d-4e88-aaae-2e0c138d049e	URN:catalog:CLO:EBIRD:OBS653752009	Animalia	Chordata	Aves	Passeriformes	Pycnonotidae	Pycnonotus	Pycnonotus leucotis		SPECIES	Pycnonotus leucotis (Gould"," 1836)	pycnonotus leucotis mesopotamia		IQ	Joint Base Balad	Salah ad Din	PRESENT	1	e2e717bf-551a-4917-bdc9-4fa0f342c530	33.94051	44.36554							2018-08-10	10	8	2018	4QMMS	4QMMS	HUMAN_OBSERVATION	CLO	EBIRD	OBS653752009				CC_BY_4_0		obsr801879			2026-06-11T23:02:01.469Z		CONTINENT_DERIVED_FROM_COORDINATES;TAXON_CONCEPT_ID_NOT_FOUND",,,,
"2182720390	4fa7b334-ce0d-4e88-aaae-2e0c138d049e	URN:catalog:CLO:EBIRD:OBS635403615	Animalia	Chordata	Aves	Passeriformes	Pycnonotidae	Pycnonotus	Pycnonotus leucotis		SPECIES	Pycnonotus leucotis (Gould"," 1836)	pycnonotus leucotis mesopotamia		IQ	Joint Base Balad	Salah ad Din	PRESENT	1	e2e717bf-551a-4917-bdc9-4fa0f342c530	33.94051	44.36554							2018-06-17	17	6	2018	4QMMS	4QMMS	HUMAN_OBSERVATION	CLO	EBIRD	OBS635403615				CC_BY_4_0		obsr801879			2026-06-11T21:42:28.134Z		CONTINENT_DERIVED_FROM_COORDINATES;TAXON_CONCEPT_ID_NOT_FOUND",,,,
"2182257307	4fa7b334-ce0d-4e88-aaae-2e0c138d049e	URN:catalog:CLO:EBIRD:OBS627479376	Animalia	Chordata	Aves	Passeriformes	Pycnonotidae	Pycnonotus	Pycnonotus leucotis		SPECIES	Pycnonotus leucotis (Gould"," 1836)	pycnonotus leucotis mesopotamia		IQ	Joint Base Balad	Salah ad Din	PRESENT	2	e2e717bf-551a-4917-bdc9-4fa0f342c530	33.94051	44.36554							2018-06-04	4	6	2018	4QMMS	4QMMS	HUMAN_OBSERVATION	CLO	EBIRD	OBS627479376				CC_BY_4_0		obsr801879			2026-06-11T22:25:44.911Z		CONTINENT_DERIVED_FROM_COORDINATES;TAXON_CONCEPT_ID_NOT_FOUND",,,,
"2181287448	4fa7b334-ce0d-4e88-aaae-2e0c138d049e	URN:catalog:CLO:EBIRD:OBS651525104	Animalia	Chordata	Aves	Passeriformes	Pycnonotidae	Pycnonotus	Pycnonotus leucotis		SPECIES	Pycnonotus leucotis (Gould"," 1836)	pycnonotus leucotis mesopotamia		IQ	Dukan-Koya road"," mountain pass	As Sulaymaniyah	PRESENT	2	e2e717bf-551a-4917-bdc9-4fa0f342c530	35.924408	44.91578							2018-08-26	26	8	2018	4QMMS	4QMMS	HUMAN_OBSERVATION	CLO	EBIRD	OBS651525104				CC_BY_4_0		obsr843990			2026-06-11T21:58:01.770Z		CONTINENT_DERIVED_FROM_COORDINATES;TAXON_CONCEPT_ID_NOT_FOUND",,,
"2181264401	4fa7b334-ce0d-4e88-aaae-2e0c138d049e	URN:catalog:CLO:EBIRD:OBS626264103	Animalia	Chordata	Aves	Passeriformes	Pycnonotidae	Pycnonotus	Pycnonotus leucotis		SPECIES	Pycnonotus leucotis (Gould"," 1836)	pycnonotus leucotis mesopotamia		IQ	Joint Base Balad	Salah ad Din	PRESENT	1	e2e717bf-551a-4917-bdc9-4fa0f342c530	33.94051	44.36554							2018-05-21	21	5	2018	4QMMS	4QMMS	HUMAN_OBSERVATION	CLO	EBIRD	OBS626264103				CC_BY_4_0		obsr801879			2026-06-11T21:58:07.252Z		CONTINENT_DERIVED_FROM_COORDINATES;TAXON_CONCEPT_ID_NOT_FOUND",,,,
"2179862926	4fa7b334-ce0d-4e88-aaae-2e0c138d049e	URN:catalog:CLO:EBIRD:OBS649839592	Animalia	Chordata	Aves	Passeriformes	Pycnonotidae	Pycnonotus	Pycnonotus leucotis		SPECIES	Pycnonotus leucotis (Gould"," 1836)	pycnonotus leucotis mesopotamia		IQ	Joint Base Balad	Salah ad Din	PRESENT	8	e2e717bf-551a-4917-bdc9-4fa0f342c530	33.94051	44.36554							2018-08-20	20	8	2018	4QMMS	4QMMS	HUMAN_OBSERVATION	CLO	EBIRD	OBS649839592				CC_BY_4_0		obsr801879			2026-06-12T00:20:47.737Z		CONTINENT_DERIVED_FROM_COORDINATES;TAXON_CONCEPT_ID_NOT_FOUND",,,,
"2179133611	4fa7b334-ce0d-4e88-aaae-2e0c138d049e	URN:catalog:CLO:EBIRD:OBS623302488	Animalia	Chordata	Aves	Passeriformes	Pycnonotidae	Pycnonotus	Pycnonotus leucotis		SPECIES	Pycnonotus leucotis (Gould"," 1836)	pycnonotus leucotis mesopotamia		IQ	Joint Base Balad	Salah ad Din	PRESENT	3	e2e717bf-551a-4917-bdc9-4fa0f342c530	33.94051	44.36554							2018-05-24	24	5	2018	4QMMS	4QMMS	HUMAN_OBSERVATION	CLO	EBIRD	OBS623302488				CC_BY_4_0		obsr801879			2026-06-11T21:42:24.766Z		CONTINENT_DERIVED_FROM_COORDINATES;TAXON_CONCEPT_ID_NOT_FOUND",,,,
"2178187585	4fa7b334-ce0d-4e88-aaae-2e0c138d049e	URN:catalog:CLO:EBIRD:OBS648038443	Animalia	Chordata	Aves	Passeriformes	Pycnonotidae	Pycnonotus	Pycnonotus leucotis		SPECIES	Pycnonotus leucotis (Gould"," 1836)	pycnonotus leucotis mesopotamia		IQ	Joint Base Balad	Salah ad Din	PRESENT	5	e2e717bf-551a-4917-bdc9-4fa0f342c530	33.94051	44.36554							2018-08-13	13	8	2018	4QMMS	4QMMS	HUMAN_OBSERVATION	CLO	EBIRD	OBS648038443				CC_BY_4_0		obsr801879			2026-06-11T22:47:30.729Z		CONTINENT_DERIVED_FROM_COORDINATES;TAXON_CONCEPT_ID_NOT_FOUND",,,,
"2178183624	4fa7b334-ce0d-4e88-aaae-2e0c138d049e	URN:catalog:CLO:EBIRD:OBS622203354	Animalia	Chordata	Aves	Passeriformes	Pycnonotidae	Pycnonotus	Pycnonotus leucotis		SPECIES	Pycnonotus leucotis (Gould"," 1836)	pycnonotus leucotis mesopotamia		IQ	Al Asad (restricted access)	Al Anbar	PRESENT	1	e2e717bf-551a-4917-bdc9-4fa0f342c530	33.725277	42.453056							2018-05-22	22	5	2018	4QMMS	4QMMS	HUMAN_OBSERVATION	CLO	EBIRD	OBS622203354				CC_BY_4_0		obsr1002665			2026-06-11T22:42:18.687Z		CONTINENT_DERIVED_FROM_COORDINATES;TAXON_CONCEPT_ID_NOT_FOUND",,,,
"2177109408	4fa7b334-ce0d-4e88-aaae-2e0c138d049e	URN:catalog:CLO:EBIRD:OBS634228695	Animalia	Chordata	Aves	Passeriformes	Pycnonotidae	Pycnonotus	Pycnonotus leucotis		SPECIES	Pycnonotus leucotis (Gould"," 1836)	pycnonotus leucotis mesopotamia		IQ	Joint Base Balad	Salah ad Din	PRESENT	3	e2e717bf-551a-4917-bdc9-4fa0f342c530	33.94051	44.36554							2018-06-25	25	6	2018	4QMMS	4QMMS	HUMAN_OBSERVATION	CLO	EBIRD	OBS634228695				CC_BY_4_0		obsr801879			2026-06-11T22:15:24.684Z		CONTINENT_DERIVED_FROM_COORDINATES;TAXON_CONCEPT_ID_NOT_FOUND",,,,
"2175814935	4fa7b334-ce0d-4e88-aaae-2e0c138d049e	URN:catalog:CLO:EBIRD:OBS619903745	Animalia	Chordata	Aves	Passeriformes	Pycnonotidae	Pycnonotus	Pycnonotus leucotis		SPECIES	Pycnonotus leucotis (Gould"," 1836)	pycnonotus leucotis mesopotamia		IQ	Al Asad (restricted access)	Al Anbar	PRESENT	1	e2e717bf-551a-4917-bdc9-4fa0f342c530	33.725277	42.453056							2018-05-18	18	5	2018	4QMMS	4QMMS	HUMAN_OBSERVATION	CLO	EBIRD	OBS619903745				CC_BY_4_0		obsr919476			2026-06-12T00:14:23.965Z		CONTINENT_DERIVED_FROM_COORDINATES;TAXON_CONCEPT_ID_NOT_FOUND",,,,
"2175432203	4fa7b334-ce0d-4e88-aaae-2e0c138d049e	URN:catalog:CLO:EBIRD:OBS632164392	Animalia	Chordata	Aves	Passeriformes	Pycnonotidae	Pycnonotus	Pycnonotus leucotis		SPECIES	Pycnonotus leucotis (Gould"," 1836)	pycnonotus leucotis mesopotamia		IQ	Sami Abdulrahman Park	Arbil	PRESENT	1	e2e717bf-551a-4917-bdc9-4fa0f342c530	36.19152	43.980846							2018-06-18	18	6	2018	4QMMS	4QMMS	HUMAN_OBSERVATION	CLO	EBIRD	OBS632164392				CC_BY_4_0		obsr843990			2026-06-11T21:42:21.992Z		CONTINENT_DERIVED_FROM_COORDINATES;TAXON_CONCEPT_ID_NOT_FOUND",,,,
"2175288731	4fa7b334-ce0d-4e88-aaae-2e0c138d049e	URN:catalog:CLO:EBIRD:OBS644261575	Animalia	Chordata	Aves	Passeriformes	Pycnonotidae	Pycnonotus	Pycnonotus leucotis		SPECIES	Pycnonotus leucotis (Gould"," 1836)	pycnonotus leucotis mesopotamia		IQ	Joint Base Balad	Salah ad Din	PRESENT	6	e2e717bf-551a-4917-bdc9-4fa0f342c530	33.94051	44.36554							2018-07-30	30	7	2018	4QMMS	4QMMS	HUMAN_OBSERVATION	CLO	EBIRD	OBS644261575				CC_BY_4_0		obsr801879			2026-06-12T00:04:54.430Z		CONTINENT_DERIVED_FROM_COORDINATES;TAXON_CONCEPT_ID_NOT_FOUND",,,,
"2174812204	4fa7b334-ce0d-4e88-aaae-2e0c138d049e	URN:catalog:CLO:EBIRD:OBS631454629	Animalia	Chordata	Aves	Passeriformes	Pycnonotidae	Pycnonotus	Pycnonotus leucotis		SPECIES	Pycnonotus leucotis (Gould"," 1836)	pycnonotus leucotis mesopotamia		IQ	Hawari Shar	As Sulaymaniyah	PRESENT	1	e2e717bf-551a-4917-bdc9-4fa0f342c530	35.611534	45.425804							2018-06-16	16	6	2018	4QMMS	4QMMS	HUMAN_OBSERVATION	CLO	EBIRD	OBS631454629				CC_BY_4_0		obsr843990			2026-06-11T23:02:46.348Z		CONTINENT_DERIVED_FROM_COORDINATES;TAXON_CONCEPT_ID_NOT_FOUND",,,,
"2173678341	4fa7b334-ce0d-4e88-aaae-2e0c138d049e	URN:catalog:CLO:EBIRD:OBS618705197	Animalia	Chordata	Aves	Passeriformes	Pycnonotidae	Pycnonotus	Pycnonotus leucotis		SPECIES	Pycnonotus leucotis (Gould"," 1836)	pycnonotus leucotis mesopotamia		IQ	Parki Azadi	As Sulaymaniyah	PRESENT	2	e2e717bf-551a-4917-bdc9-4fa0f342c530	35.56482	45.431							2018-05-16	16	5	2018	4QMMS	4QMMS	HUMAN_OBSERVATION	CLO	EBIRD	OBS618705197				CC_BY_4_0		obsr843990			2026-06-11T22:24:22.729Z		CONTINENT_DERIVED_FROM_COORDINATES;TAXON_CONCEPT_ID_NOT_FOUND",,,,
"2173371981	4fa7b334-ce0d-4e88-aaae-2e0c138d049e	URN:catalog:CLO:EBIRD:OBS629923931	Animalia	Chordata	Aves	Passeriformes	Pycnonotidae	Pycnonotus	Pycnonotus leucotis		SPECIES	Pycnonotus leucotis (Gould"," 1836)	pycnonotus leucotis mesopotamia		IQ	Joint Base Balad	Salah ad Din	PRESENT	2	e2e717bf-551a-4917-bdc9-4fa0f342c530	33.94051	44.36554							2018-06-11	11	6	2018	4QMMS	4QMMS	HUMAN_OBSERVATION	CLO	EBIRD	OBS629923931				CC_BY_4_0		obsr801879			2026-06-11T21:43:04.042Z		CONTINENT_DERIVED_FROM_COORDINATES;TAXON_CONCEPT_ID_NOT_FOUND",,,,
"2173269361	4fa7b334-ce0d-4e88-aaae-2e0c138d049e	URN:catalog:CLO:EBIRD:OBS624644445	Animalia	Chordata	Aves	Passeriformes	Pycnonotidae	Pycnonotus	Pycnonotus leucotis		SPECIES	Pycnonotus leucotis (Gould"," 1836)	pycnonotus leucotis mesopotamia		IQ	Joint Base Balad	Salah ad Din	PRESENT	3	e2e717bf-551a-4917-bdc9-4fa0f342c530	33.94051	44.36554							2018-05-28	28	5	2018	4QMMS	4QMMS	HUMAN_OBSERVATION	CLO	EBIRD	OBS624644445				CC_BY_4_0		obsr801879			2026-06-11T23:00:28.302Z		CONTINENT_DERIVED_FROM_COORDINATES;TAXON_CONCEPT_ID_NOT_FOUND",,,,
"2173123209	4fa7b334-ce0d-4e88-aaae-2e0c138d049e	URN:catalog:CLO:EBIRD:OBS618160858	Animalia	Chordata	Aves	Passeriformes	Pycnonotidae	Pycnonotus	Pycnonotus leucotis		SPECIES	Pycnonotus leucotis (Gould"," 1836)	pycnonotus leucotis mesopotamia		IQ	Al Asad (restricted access)	Al Anbar	PRESENT	1	e2e717bf-551a-4917-bdc9-4fa0f342c530	33.725277	42.453056							2018-05-15	15	5	2018	4QMMS	4QMMS	HUMAN_OBSERVATION	CLO	EBIRD	OBS618160858				CC_BY_4_0		obsr919476			2026-06-11T21:58:11.985Z		CONTINENT_DERIVED_FROM_COORDINATES;TAXON_CONCEPT_ID_NOT_FOUND",,,,
"2170370304	4fa7b334-ce0d-4e88-aaae-2e0c138d049e	URN:catalog:CLO:EBIRD:OBS621456988	Animalia	Chordata	Aves	Passeriformes	Pycnonotidae	Pycnonotus	Pycnonotus leucotis		SPECIES	Pycnonotus leucotis (Gould"," 1836)	pycnonotus leucotis mesopotamia		IQ	Joint Base Balad	Salah ad Din	PRESENT	4	e2e717bf-551a-4917-bdc9-4fa0f342c530	33.94051	44.36554							2018-05-21	21	5	2018	4QMMS	4QMMS	HUMAN_OBSERVATION	CLO	EBIRD	OBS621456988				CC_BY_4_0		obsr801879			2026-06-11T23:20:51.792Z		CONTINENT_DERIVED_FROM_COORDINATES;TAXON_CONCEPT_ID_NOT_FOUND",,,,
"2169860251	4fa7b334-ce0d-4e88-aaae-2e0c138d049e	URN:catalog:CLO:EBIRD:OBS625918861	Animalia	Chordata	Aves	Passeriformes	Pycnonotidae	Pycnonotus	Pycnonotus leucotis		SPECIES	Pycnonotus leucotis (Gould"," 1836)	pycnonotus leucotis mesopotamia		IQ	Joint Base Balad	Salah ad Din	PRESENT	1	e2e717bf-551a-4917-bdc9-4fa0f342c530	33.94051	44.36554							2018-05-31	31	5	2018	4QMMS	4QMMS	HUMAN_OBSERVATION	CLO	EBIRD	OBS625918861				CC_BY_4_0		obsr801879			2026-06-11T21:42:17.612Z		CONTINENT_DERIVED_FROM_COORDINATES;TAXON_CONCEPT_ID_NOT_FOUND",,,,
"2168511820	4fa7b334-ce0d-4e88-aaae-2e0c138d049e	URN:catalog:CLO:EBIRD:OBS623924143	Animalia	Chordata	Aves	Passeriformes	Pycnonotidae	Pycnonotus	Pycnonotus leucotis		SPECIES	Pycnonotus leucotis (Gould"," 1836)	pycnonotus leucotis mesopotamia		IQ	Baghdad"," Iraq	Baghdad	PRESENT		e2e717bf-551a-4917-bdc9-4fa0f342c530	33.292152	44.39485							2017-12-11	11	12	2017	4QMMS	4QMMS	HUMAN_OBSERVATION	CLO	EBIRD	OBS623924143				CC_BY_4_0		obsr345451			2026-06-12T00:13:42.590Z		CONTINENT_DERIVED_FROM_COORDINATES;TAXON_CONCEPT_ID_NOT_FOUND",,,
"2168351860	4fa7b334-ce0d-4e88-aaae-2e0c138d049e	URN:catalog:CLO:EBIRD:OBS623681555	Animalia	Chordata	Aves	Passeriformes	Pycnonotidae	Pycnonotus	Pycnonotus leucotis		SPECIES	Pycnonotus leucotis (Gould"," 1836)	pycnonotus leucotis mesopotamia		IQ	Hawari Shar	As Sulaymaniyah	PRESENT	6	e2e717bf-551a-4917-bdc9-4fa0f342c530	35.611534	45.425804							2018-05-26	26	5	2018	4QMMS	4QMMS	HUMAN_OBSERVATION	CLO	EBIRD	OBS623681555				CC_BY_4_0		obsr843990			2026-06-11T23:21:08.190Z		CONTINENT_DERIVED_FROM_COORDINATES;TAXON_CONCEPT_ID_NOT_FOUND",,,,
"2168233235	4fa7b334-ce0d-4e88-aaae-2e0c138d049e	URN:catalog:CLO:EBIRD:OBS611941787	Animalia	Chordata	Aves	Passeriformes	Pycnonotidae	Pycnonotus	Pycnonotus leucotis		SPECIES	Pycnonotus leucotis (Gould"," 1836)	pycnonotus leucotis mesopotamia		IQ	Unnamed Road", Al Anbar Governorate, IQ (33.81," 42.454)	Al Anbar	PRESENT	10	e2e717bf-551a-4917-bdc9-4fa0f342c530	33.809532	42.453968							2018-03-26	26	3	2018	4QMMS	4QMMS	HUMAN_OBSERVATION	CLO	EBIRD	OBS611941787				CC_BY_4_0		obsr1002665			2026-06-11T22:44:15.842Z		CONTINENT_DERIVED_FROM_COORDINATES;TAXON_CONCEPT_ID_NOT_FOUND",
"2167798457	4fa7b334-ce0d-4e88-aaae-2e0c138d049e	URN:catalog:CLO:EBIRD:OBS636269286	Animalia	Chordata	Aves	Passeriformes	Pycnonotidae	Pycnonotus	Pycnonotus leucotis		SPECIES	Pycnonotus leucotis (Gould"," 1836)	pycnonotus leucotis mesopotamia		IQ	Joint Base Balad	Salah ad Din	PRESENT	1	e2e717bf-551a-4917-bdc9-4fa0f342c530	33.94051	44.36554							2018-07-02	2	7	2018	4QMMS	4QMMS	HUMAN_OBSERVATION	CLO	EBIRD	OBS636269286				CC_BY_4_0		obsr801879			2026-06-11T22:15:53.133Z		CONTINENT_DERIVED_FROM_COORDINATES;TAXON_CONCEPT_ID_NOT_FOUND",,,,
"2167246993	4fa7b334-ce0d-4e88-aaae-2e0c138d049e	URN:catalog:CLO:EBIRD:OBS610813190	Animalia	Chordata	Aves	Passeriformes	Pycnonotidae	Pycnonotus	Pycnonotus leucotis		SPECIES	Pycnonotus leucotis (Gould"," 1836)	pycnonotus leucotis mesopotamia		IQ	Al Asad (restricted access)	Al Anbar	PRESENT	1	e2e717bf-551a-4917-bdc9-4fa0f342c530	33.725277	42.453056							2018-05-05	5	5	2018	4QMMS	4QMMS	HUMAN_OBSERVATION	CLO	EBIRD	OBS610813190				CC_BY_4_0		obsr1002665			2026-06-11T22:23:38.481Z		CONTINENT_DERIVED_FROM_COORDINATES;TAXON_CONCEPT_ID_NOT_FOUND",,,,
"2167234336	4fa7b334-ce0d-4e88-aaae-2e0c138d049e	URN:catalog:CLO:EBIRD:OBS610789720	Animalia	Chordata	Aves	Passeriformes	Pycnonotidae	Pycnonotus	Pycnonotus leucotis		SPECIES	Pycnonotus leucotis (Gould"," 1836)	pycnonotus leucotis mesopotamia		IQ	Al Asad (restricted access)	Al Anbar	PRESENT	7	e2e717bf-551a-4917-bdc9-4fa0f342c530	33.725277	42.453056							2018-05-05	5	5	2018	4QMMS	4QMMS	HUMAN_OBSERVATION	CLO	EBIRD	OBS610789720				CC_BY_4_0		obsr919476			2026-06-11T21:43:04.355Z		CONTINENT_DERIVED_FROM_COORDINATES;TAXON_CONCEPT_ID_NOT_FOUND",,,,
"2167187544	4fa7b334-ce0d-4e88-aaae-2e0c138d049e	URN:catalog:CLO:EBIRD:OBS610721547	Animalia	Chordata	Aves	Passeriformes	Pycnonotidae	Pycnonotus	Pycnonotus leucotis		SPECIES	Pycnonotus leucotis (Gould"," 1836)	pycnonotus leucotis mesopotamia		IQ	Joint Base Balad	Salah ad Din	PRESENT	11	e2e717bf-551a-4917-bdc9-4fa0f342c530	33.94051	44.36554							2018-05-05	5	5	2018	4QMMS	4QMMS	HUMAN_OBSERVATION	CLO	EBIRD	OBS610721547				CC_BY_4_0		obsr801879			2026-06-12T00:04:25.772Z		CONTINENT_DERIVED_FROM_COORDINATES;TAXON_CONCEPT_ID_NOT_FOUND",,,,
"2166865174	4fa7b334-ce0d-4e88-aaae-2e0c138d049e	URN:catalog:CLO:EBIRD:OBS635153052	Animalia	Chordata	Aves	Passeriformes	Pycnonotidae	Pycnonotus	Pycnonotus leucotis		SPECIES	Pycnonotus leucotis (Gould"," 1836)	pycnonotus leucotis mesopotamia		IQ	Joint Base Balad	Salah ad Din	PRESENT	4	e2e717bf-551a-4917-bdc9-4fa0f342c530	33.94051	44.36554							2018-06-28	28	6	2018	4QMMS	4QMMS	HUMAN_OBSERVATION	CLO	EBIRD	OBS635153052				CC_BY_4_0		obsr801879			2026-06-11T23:39:50.555Z		CONTINENT_DERIVED_FROM_COORDINATES;TAXON_CONCEPT_ID_NOT_FOUND",,,,
"2166777381	4fa7b334-ce0d-4e88-aaae-2e0c138d049e	URN:catalog:CLO:EBIRD:OBS618794153	Animalia	Chordata	Aves	Passeriformes	Pycnonotidae	Pycnonotus	Pycnonotus leucotis		SPECIES	Pycnonotus leucotis (Gould"," 1836)	pycnonotus leucotis mesopotamia		IQ	Al Asad (restricted access)	Al Anbar	PRESENT	2	e2e717bf-551a-4917-bdc9-4fa0f342c530	33.725277	42.453056							2018-05-16	16	5	2018	4QMMS	4QMMS	HUMAN_OBSERVATION	CLO	EBIRD	OBS618794153				CC_BY_4_0		obsr919476			2026-06-11T23:03:37.365Z		CONTINENT_DERIVED_FROM_COORDINATES;TAXON_CONCEPT_ID_NOT_FOUND",,,,
"2166050355	4fa7b334-ce0d-4e88-aaae-2e0c138d049e	URN:catalog:CLO:EBIRD:OBS621156423	Animalia	Chordata	Aves	Passeriformes	Pycnonotidae	Pycnonotus	Pycnonotus leucotis		SPECIES	Pycnonotus leucotis (Gould"," 1836)	pycnonotus leucotis mesopotamia		IQ	Al Asad (restricted access)	Al Anbar	PRESENT	1	e2e717bf-551a-4917-bdc9-4fa0f342c530	33.725277	42.453056							2018-05-20	20	5	2018	4QMMS	4QMMS	HUMAN_OBSERVATION	CLO	EBIRD	OBS621156423				CC_BY_4_0		obsr1002665			2026-06-11T22:47:12.044Z		CONTINENT_DERIVED_FROM_COORDINATES;TAXON_CONCEPT_ID_NOT_FOUND",,,,
"2165313100	4fa7b334-ce0d-4e88-aaae-2e0c138d049e	URN:catalog:CLO:EBIRD:OBS608419329	Animalia	Chordata	Aves	Passeriformes	Pycnonotidae	Pycnonotus	Pycnonotus leucotis		SPECIES	Pycnonotus leucotis (Gould"," 1836)	pycnonotus leucotis mesopotamia		IQ	Al Asad (restricted access)	Al Anbar	PRESENT	1	e2e717bf-551a-4917-bdc9-4fa0f342c530	33.725277	42.453056							2018-05-01	1	5	2018	4QMMS	4QMMS	HUMAN_OBSERVATION	CLO	EBIRD	OBS608419329				CC_BY_4_0		obsr919476			2026-06-11T23:35:38.421Z		CONTINENT_DERIVED_FROM_COORDINATES;TAXON_CONCEPT_ID_NOT_FOUND",,,,
"2165276866	4fa7b334-ce0d-4e88-aaae-2e0c138d049e	URN:catalog:CLO:EBIRD:OBS633024390	Animalia	Chordata	Aves	Passeriformes	Pycnonotidae	Pycnonotus	Pycnonotus leucotis		SPECIES	Pycnonotus leucotis (Gould"," 1836)	pycnonotus leucotis mesopotamia		IQ	Joint Base Balad	Salah ad Din	PRESENT	4	e2e717bf-551a-4917-bdc9-4fa0f342c530	33.94051	44.36554							2018-06-21	21	6	2018	4QMMS	4QMMS	HUMAN_OBSERVATION	CLO	EBIRD	OBS633024390				CC_BY_4_0		obsr801879			2026-06-12T00:05:12.952Z		CONTINENT_DERIVED_FROM_COORDINATES;TAXON_CONCEPT_ID_NOT_FOUND",,,,
"2164511640	4fa7b334-ce0d-4e88-aaae-2e0c138d049e	URN:catalog:CLO:EBIRD:OBS632155553	Animalia	Chordata	Aves	Passeriformes	Pycnonotidae	Pycnonotus	Pycnonotus leucotis		SPECIES	Pycnonotus leucotis (Gould"," 1836)	pycnonotus leucotis mesopotamia		IQ	Joint Base Balad	Salah ad Din	PRESENT	4	e2e717bf-551a-4917-bdc9-4fa0f342c530	33.94051	44.36554							2018-06-18	18	6	2018	4QMMS	4QMMS	HUMAN_OBSERVATION	CLO	EBIRD	OBS632155553				CC_BY_4_0		obsr801879			2026-06-11T22:02:38.491Z		CONTINENT_DERIVED_FROM_COORDINATES;TAXON_CONCEPT_ID_NOT_FOUND",,,,
"2164375966	4fa7b334-ce0d-4e88-aaae-2e0c138d049e	URN:catalog:CLO:EBIRD:OBS607346218	Animalia	Chordata	Aves	Passeriformes	Pycnonotidae	Pycnonotus	Pycnonotus leucotis		SPECIES	Pycnonotus leucotis (Gould"," 1836)	pycnonotus leucotis mesopotamia		IQ	Al Asad (restricted access)	Al Anbar	PRESENT	7	e2e717bf-551a-4917-bdc9-4fa0f342c530	33.725277	42.453056							2018-04-29	29	4	2018	4QMMS	4QMMS	HUMAN_OBSERVATION	CLO	EBIRD	OBS607346218				CC_BY_4_0		obsr919476			2026-06-11T23:01:57.545Z		CONTINENT_DERIVED_FROM_COORDINATES;TAXON_CONCEPT_ID_NOT_FOUND",,,,
"2163744042	4fa7b334-ce0d-4e88-aaae-2e0c138d049e	URN:catalog:CLO:EBIRD:OBS606544031	Animalia	Chordata	Aves	Passeriformes	Pycnonotidae	Pycnonotus	Pycnonotus leucotis		SPECIES	Pycnonotus leucotis (Gould"," 1836)	pycnonotus leucotis mesopotamia		IQ	Al Asad (restricted access)	Al Anbar	PRESENT	6	e2e717bf-551a-4917-bdc9-4fa0f342c530	33.725277	42.453056							2018-04-28	28	4	2018	4QMMS	4QMMS	HUMAN_OBSERVATION	CLO	EBIRD	OBS606544031				CC_BY_4_0		obsr1002665			2026-06-11T23:53:34.522Z		CONTINENT_DERIVED_FROM_COORDINATES;TAXON_CONCEPT_ID_NOT_FOUND",,,,
"2163621060	4fa7b334-ce0d-4e88-aaae-2e0c138d049e	URN:catalog:CLO:EBIRD:OBS619264099	Animalia	Chordata	Aves	Passeriformes	Pycnonotidae	Pycnonotus	Pycnonotus leucotis		SPECIES	Pycnonotus leucotis (Gould"," 1836)	pycnonotus leucotis mesopotamia		IQ	Joint Base Balad	Salah ad Din	PRESENT	2	e2e717bf-551a-4917-bdc9-4fa0f342c530	33.94051	44.36554							2018-05-17	17	5	2018	4QMMS	4QMMS	HUMAN_OBSERVATION	CLO	EBIRD	OBS619264099				CC_BY_4_0		obsr801879			2026-06-11T23:01:57.265Z		CONTINENT_DERIVED_FROM_COORDINATES;TAXON_CONCEPT_ID_NOT_FOUND",,,,
"2163395602	4fa7b334-ce0d-4e88-aaae-2e0c138d049e	URN:catalog:CLO:EBIRD:OBS630876461	Animalia	Chordata	Aves	Passeriformes	Pycnonotidae	Pycnonotus	Pycnonotus leucotis		SPECIES	Pycnonotus leucotis (Gould"," 1836)	pycnonotus leucotis mesopotamia		IQ	Joint Base Balad	Salah ad Din	PRESENT	5	e2e717bf-551a-4917-bdc9-4fa0f342c530	33.94051	44.36554							2018-06-14	14	6	2018	4QMMS	4QMMS	HUMAN_OBSERVATION	CLO	EBIRD	OBS630876461				CC_BY_4_0		obsr801879			2026-06-11T22:46:55.473Z		CONTINENT_DERIVED_FROM_COORDINATES;TAXON_CONCEPT_ID_NOT_FOUND",,,,
"2163132453	4fa7b334-ce0d-4e88-aaae-2e0c138d049e	URN:catalog:CLO:EBIRD:OBS618799379	Animalia	Chordata	Aves	Passeriformes	Pycnonotidae	Pycnonotus	Pycnonotus leucotis		SPECIES	Pycnonotus leucotis (Gould"," 1836)	pycnonotus leucotis mesopotamia		IQ	Al Asad (restricted access)	Al Anbar	PRESENT	2	e2e717bf-551a-4917-bdc9-4fa0f342c530	33.725277	42.453056							2018-05-16	16	5	2018	4QMMS	4QMMS	HUMAN_OBSERVATION	CLO	EBIRD	OBS618799379				CC_BY_4_0		obsr1002665			2026-06-11T21:42:10.896Z		CONTINENT_DERIVED_FROM_COORDINATES;TAXON_CONCEPT_ID_NOT_FOUND",,,,
"2162631396	4fa7b334-ce0d-4e88-aaae-2e0c138d049e	URN:catalog:CLO:EBIRD:OBS613972025	Animalia	Chordata	Aves	Passeriformes	Pycnonotidae	Pycnonotus	Pycnonotus leucotis		SPECIES	Pycnonotus leucotis (Gould"," 1836)	pycnonotus leucotis mesopotamia		IQ	Sami Abdulrahman Park	Arbil	PRESENT	1	e2e717bf-551a-4917-bdc9-4fa0f342c530	36.19152	43.980846							2018-05-07	7	5	2018	4QMMS	4QMMS	HUMAN_OBSERVATION	CLO	EBIRD	OBS613972025				CC_BY_4_0		obsr843990			2026-06-11T23:51:07.323Z		CONTINENT_DERIVED_FROM_COORDINATES;TAXON_CONCEPT_ID_NOT_FOUND",,,,
"2162582401	4fa7b334-ce0d-4e88-aaae-2e0c138d049e	URN:catalog:CLO:EBIRD:OBS613921010	Animalia	Chordata	Aves	Passeriformes	Pycnonotidae	Pycnonotus	Pycnonotus leucotis		SPECIES	Pycnonotus leucotis (Gould"," 1836)	pycnonotus leucotis mesopotamia		IQ	Al Asad (restricted access)	Al Anbar	PRESENT	4	e2e717bf-551a-4917-bdc9-4fa0f342c530	33.725277	42.453056							2018-05-07	7	5	2018	4QMMS	4QMMS	HUMAN_OBSERVATION	CLO	EBIRD	OBS613921010				CC_BY_4_0		obsr1002665			2026-06-11T21:42:10.654Z		CONTINENT_DERIVED_FROM_COORDINATES;TAXON_CONCEPT_ID_NOT_FOUND",,,,
"2162085191	4fa7b334-ce0d-4e88-aaae-2e0c138d049e	URN:catalog:CLO:EBIRD:OBS613059351	Animalia	Chordata	Aves	Passeriformes	Pycnonotidae	Pycnonotus	Pycnonotus leucotis		SPECIES	Pycnonotus leucotis (Gould"," 1836)	pycnonotus leucotis mesopotamia		IQ	Al Asad (restricted access)	Al Anbar	PRESENT	4	e2e717bf-551a-4917-bdc9-4fa0f342c530	33.725277	42.453056							2018-05-07	7	5	2018	4QMMS	4QMMS	HUMAN_OBSERVATION	CLO	EBIRD	OBS613059351				CC_BY_4_0		obsr919476			2026-06-12T00:12:39.310Z		CONTINENT_DERIVED_FROM_COORDINATES;TAXON_CONCEPT_ID_NOT_FOUND",,,,
"2161052083	4fa7b334-ce0d-4e88-aaae-2e0c138d049e	URN:catalog:CLO:EBIRD:OBS628531899	Animalia	Chordata	Aves	Passeriformes	Pycnonotidae	Pycnonotus	Pycnonotus leucotis		SPECIES	Pycnonotus leucotis (Gould"," 1836)	pycnonotus leucotis mesopotamia		IQ	Joint Base Balad	Salah ad Din	PRESENT	5	e2e717bf-551a-4917-bdc9-4fa0f342c530	33.94051	44.36554							2018-06-07	7	6	2018	4QMMS	4QMMS	HUMAN_OBSERVATION	CLO	EBIRD	OBS628531899				CC_BY_4_0		obsr801879			2026-06-11T22:02:54.102Z		CONTINENT_DERIVED_FROM_COORDINATES;TAXON_CONCEPT_ID_NOT_FOUND",,,,
"2160738603	4fa7b334-ce0d-4e88-aaae-2e0c138d049e	URN:catalog:CLO:EBIRD:OBS616065882	Animalia	Chordata	Aves	Passeriformes	Pycnonotidae	Pycnonotus	Pycnonotus leucotis		SPECIES	Pycnonotus leucotis (Gould"," 1836)	pycnonotus leucotis mesopotamia		IQ	Hawari Shar	As Sulaymaniyah	PRESENT	2	e2e717bf-551a-4917-bdc9-4fa0f342c530	35.611534	45.425804							2018-05-12	12	5	2018	4QMMS	4QMMS	HUMAN_OBSERVATION	CLO	EBIRD	OBS616065882				CC_BY_4_0		obsr843990			2026-06-12T00:37:55.914Z		CONTINENT_DERIVED_FROM_COORDINATES;TAXON_CONCEPT_ID_NOT_FOUND",,,,
"2160068021	4fa7b334-ce0d-4e88-aaae-2e0c138d049e	URN:catalog:CLO:EBIRD:OBS611247193	Animalia	Chordata	Aves	Passeriformes	Pycnonotidae	Pycnonotus	Pycnonotus leucotis		SPECIES	Pycnonotus leucotis (Gould"," 1836)	pycnonotus leucotis mesopotamia		IQ	Grd Mamk on the Great Zab River	Arbil	PRESENT	2	e2e717bf-551a-4917-bdc9-4fa0f342c530	36.422043	43.815514							2018-05-05	5	5	2018	4QMMS	4QMMS	HUMAN_OBSERVATION	CLO	EBIRD	OBS611247193				CC_BY_4_0		obsr843990			2026-06-11T22:15:25.234Z		CONTINENT_DERIVED_FROM_COORDINATES;TAXON_CONCEPT_ID_NOT_FOUND",,,,
"2159902774	4fa7b334-ce0d-4e88-aaae-2e0c138d049e	URN:catalog:CLO:EBIRD:OBS611041462	Animalia	Chordata	Aves	Passeriformes	Pycnonotidae	Pycnonotus	Pycnonotus leucotis		SPECIES	Pycnonotus leucotis (Gould"," 1836)	pycnonotus leucotis mesopotamia		IQ	Joint Base Balad	Salah ad Din	PRESENT	11	e2e717bf-551a-4917-bdc9-4fa0f342c530	33.94051	44.36554							2018-05-05	5	5	2018	4QMMS	4QMMS	HUMAN_OBSERVATION	CLO	EBIRD	OBS611041462				CC_BY_4_0		obsr801879			2026-06-11T22:22:23.158Z		CONTINENT_DERIVED_FROM_COORDINATES;TAXON_CONCEPT_ID_NOT_FOUND",,,,
"2159895391	4fa7b334-ce0d-4e88-aaae-2e0c138d049e	URN:catalog:CLO:EBIRD:OBS614936611	Animalia	Chordata	Aves	Passeriformes	Pycnonotidae	Pycnonotus	Pycnonotus leucotis		SPECIES	Pycnonotus leucotis (Gould"," 1836)	pycnonotus leucotis mesopotamia		IQ	Parki Azadi	As Sulaymaniyah	PRESENT	1	e2e717bf-551a-4917-bdc9-4fa0f342c530	35.56482	45.431							2018-05-10	10	5	2018	4QMMS	4QMMS	HUMAN_OBSERVATION	CLO	EBIRD	OBS614936611				CC_BY_4_0		obsr843990			2026-06-11T23:03:46.980Z		CONTINENT_DERIVED_FROM_COORDINATES;TAXON_CONCEPT_ID_NOT_FOUND",,,,
"2157896648	4fa7b334-ce0d-4e88-aaae-2e0c138d049e	URN:catalog:CLO:EBIRD:OBS608986764	Animalia	Chordata	Aves	Passeriformes	Pycnonotidae	Pycnonotus	Pycnonotus leucotis		SPECIES	Pycnonotus leucotis (Gould"," 1836)	pycnonotus leucotis mesopotamia		IQ	Al Asad (restricted access)	Al Anbar	PRESENT	1	e2e717bf-551a-4917-bdc9-4fa0f342c530	33.725277	42.453056							2018-05-02	2	5	2018	4QMMS	4QMMS	HUMAN_OBSERVATION	CLO	EBIRD	OBS608986764				CC_BY_4_0		obsr919476			2026-06-11T21:57:42.781Z		CONTINENT_DERIVED_FROM_COORDINATES;TAXON_CONCEPT_ID_NOT_FOUND",,,,
"2157436516	4fa7b334-ce0d-4e88-aaae-2e0c138d049e	URN:catalog:CLO:EBIRD:OBS611945129	Animalia	Chordata	Aves	Passeriformes	Pycnonotidae	Pycnonotus	Pycnonotus leucotis		SPECIES	Pycnonotus leucotis (Gould"," 1836)	pycnonotus leucotis mesopotamia		IQ	Al Asad (restricted access)	Al Anbar	PRESENT	7	e2e717bf-551a-4917-bdc9-4fa0f342c530	33.725277	42.453056							2018-05-05	5	5	2018	4QMMS	4QMMS	HUMAN_OBSERVATION	CLO	EBIRD	OBS611945129				CC_BY_4_0		obsr1002665			2026-06-11T22:31:43.112Z		CONTINENT_DERIVED_FROM_COORDINATES;TAXON_CONCEPT_ID_NOT_FOUND",,,,
"2156863105	4fa7b334-ce0d-4e88-aaae-2e0c138d049e	URN:catalog:CLO:EBIRD:OBS623782356	Animalia	Chordata	Aves	Passeriformes	Pycnonotidae	Pycnonotus	Pycnonotus leucotis		SPECIES	Pycnonotus leucotis (Gould"," 1836)	pycnonotus leucotis mesopotamia		IQ	Al Asad (restricted access)	Al Anbar	PRESENT	4	e2e717bf-551a-4917-bdc9-4fa0f342c530	33.725277	42.453056							2018-05-26	26	5	2018	4QMMS	4QMMS	HUMAN_OBSERVATION	CLO	EBIRD	OBS623782356				CC_BY_4_0		obsr919476			2026-06-11T22:22:09.650Z		CONTINENT_DERIVED_FROM_COORDINATES;TAXON_CONCEPT_ID_NOT_FOUND",,,,
"2156805961	4fa7b334-ce0d-4e88-aaae-2e0c138d049e	URN:catalog:CLO:EBIRD:OBS607850956	Animalia	Chordata	Aves	Passeriformes	Pycnonotidae	Pycnonotus	Pycnonotus leucotis		SPECIES	Pycnonotus leucotis (Gould"," 1836)	pycnonotus leucotis mesopotamia		IQ	Parki Azadi	As Sulaymaniyah	PRESENT	1	e2e717bf-551a-4917-bdc9-4fa0f342c530	35.56482	45.431							2018-04-30	30	4	2018	4QMMS	4QMMS	HUMAN_OBSERVATION	CLO	EBIRD	OBS607850956				CC_BY_4_0		obsr843990			2026-06-12T00:14:42.177Z		CONTINENT_DERIVED_FROM_COORDINATES;TAXON_CONCEPT_ID_NOT_FOUND",,,,
"2155937692	4fa7b334-ce0d-4e88-aaae-2e0c138d049e	URN:catalog:CLO:EBIRD:OBS606534386	Animalia	Chordata	Aves	Passeriformes	Pycnonotidae	Pycnonotus	Pycnonotus leucotis		SPECIES	Pycnonotus leucotis (Gould"," 1836)	pycnonotus leucotis mesopotamia		IQ	Al Asad (restricted access)	Al Anbar	PRESENT	2	e2e717bf-551a-4917-bdc9-4fa0f342c530	33.725277	42.453056							2018-04-27	27	4	2018	4QMMS	4QMMS	HUMAN_OBSERVATION	CLO	EBIRD	OBS606534386				CC_BY_4_0		obsr1002665			2026-06-12T00:00:00.659Z		CONTINENT_DERIVED_FROM_COORDINATES;TAXON_CONCEPT_ID_NOT_FOUND",,,,
"2155894043	4fa7b334-ce0d-4e88-aaae-2e0c138d049e	URN:catalog:CLO:EBIRD:OBS606543339	Animalia	Chordata	Aves	Passeriformes	Pycnonotidae	Pycnonotus	Pycnonotus leucotis		SPECIES	Pycnonotus leucotis (Gould"," 1836)	pycnonotus leucotis mesopotamia		IQ	Al Asad (restricted access)	Al Anbar	PRESENT	6	e2e717bf-551a-4917-bdc9-4fa0f342c530	33.725277	42.453056							2018-04-28	28	4	2018	4QMMS	4QMMS	HUMAN_OBSERVATION	CLO	EBIRD	OBS606543339				CC_BY_4_0		obsr919476			2026-06-11T22:59:18.310Z		CONTINENT_DERIVED_FROM_COORDINATES;TAXON_CONCEPT_ID_NOT_FOUND",,,,
"2155568525	4fa7b334-ce0d-4e88-aaae-2e0c138d049e	URN:catalog:CLO:EBIRD:OBS606040036	Animalia	Chordata	Aves	Passeriformes	Pycnonotidae	Pycnonotus	Pycnonotus leucotis		SPECIES	Pycnonotus leucotis (Gould"," 1836)	pycnonotus leucotis mesopotamia		IQ	Camp Victory	Baghdad	PRESENT		e2e717bf-551a-4917-bdc9-4fa0f342c530	33.28792	44.252415							2007-04-13	13	4	2007	4QMMS	4QMMS	HUMAN_OBSERVATION	CLO	EBIRD	OBS606040036				CC_BY_4_0		obsr535218			2026-06-11T23:59:07.744Z		CONTINENT_DERIVED_FROM_COORDINATES;TAXON_CONCEPT_ID_NOT_FOUND",,,,
"2155394491	4fa7b334-ce0d-4e88-aaae-2e0c138d049e	URN:catalog:CLO:EBIRD:OBS622120603	Animalia	Chordata	Aves	Passeriformes	Pycnonotidae	Pycnonotus	Pycnonotus leucotis		SPECIES	Pycnonotus leucotis (Gould"," 1836)	pycnonotus leucotis mesopotamia		IQ	Al Asad (restricted access)	Al Anbar	PRESENT	1	e2e717bf-551a-4917-bdc9-4fa0f342c530	33.725277	42.453056							2018-05-22	22	5	2018	4QMMS	4QMMS	HUMAN_OBSERVATION	CLO	EBIRD	OBS622120603				CC_BY_4_0		obsr919476			2026-06-11T23:20:20.845Z		CONTINENT_DERIVED_FROM_COORDINATES;TAXON_CONCEPT_ID_NOT_FOUND",,,,
"2154994194	4fa7b334-ce0d-4e88-aaae-2e0c138d049e	URN:catalog:CLO:EBIRD:OBS605205868	Animalia	Chordata	Aves	Passeriformes	Pycnonotidae	Pycnonotus	Pycnonotus leucotis		SPECIES	Pycnonotus leucotis (Gould"," 1836)	pycnonotus leucotis mesopotamia		IQ	Al Asad (restricted access)	Al Anbar	PRESENT	8	e2e717bf-551a-4917-bdc9-4fa0f342c530	33.725277	42.453056							2018-04-25	25	4	2018	4QMMS	4QMMS	HUMAN_OBSERVATION	CLO	EBIRD	OBS605205868				CC_BY_4_0		obsr919476			2026-06-11T21:42:43.979Z		CONTINENT_DERIVED_FROM_COORDINATES;TAXON_CONCEPT_ID_NOT_FOUND",,,,
"2154968553	4fa7b334-ce0d-4e88-aaae-2e0c138d049e	URN:catalog:CLO:EBIRD:OBS609632996	Animalia	Chordata	Aves	Passeriformes	Pycnonotidae	Pycnonotus	Pycnonotus leucotis		SPECIES	Pycnonotus leucotis (Gould"," 1836)	pycnonotus leucotis mesopotamia		IQ	Joint Base Balad	Salah ad Din	PRESENT	1	e2e717bf-551a-4917-bdc9-4fa0f342c530	33.94051	44.36554							2018-04-03	3	4	2018	4QMMS	4QMMS	HUMAN_OBSERVATION	CLO	EBIRD	OBS609632996				CC_BY_4_0		obsr801879			2026-06-11T22:43:40.158Z		CONTINENT_DERIVED_FROM_COORDINATES;TAXON_CONCEPT_ID_NOT_FOUND",,,,
"2154873915	4fa7b334-ce0d-4e88-aaae-2e0c138d049e	URN:catalog:CLO:EBIRD:OBS609595913	Animalia	Chordata	Aves	Passeriformes	Pycnonotidae	Pycnonotus	Pycnonotus leucotis		SPECIES	Pycnonotus leucotis (Gould"," 1836)	pycnonotus leucotis mesopotamia		IQ	Joint Base Balad	Salah ad Din	PRESENT	2	e2e717bf-551a-4917-bdc9-4fa0f342c530	33.94051	44.36554							2018-05-03	3	5	2018	4QMMS	4QMMS	HUMAN_OBSERVATION	CLO	EBIRD	OBS609595913				CC_BY_4_0		obsr801879			2026-06-11T21:57:56.835Z		CONTINENT_DERIVED_FROM_COORDINATES;TAXON_CONCEPT_ID_NOT_FOUND",,,,
"2154678710	4fa7b334-ce0d-4e88-aaae-2e0c138d049e	URN:catalog:CLO:EBIRD:OBS604805869	Animalia	Chordata	Aves	Passeriformes	Pycnonotidae	Pycnonotus	Pycnonotus leucotis		SPECIES	Pycnonotus leucotis (Gould"," 1836)	pycnonotus leucotis mesopotamia		IQ	Al Asad (restricted access)	Al Anbar	PRESENT	7	e2e717bf-551a-4917-bdc9-4fa0f342c530	33.725277	42.453056							2018-04-24	24	4	2018	4QMMS	4QMMS	HUMAN_OBSERVATION	CLO	EBIRD	OBS604805869				CC_BY_4_0		obsr919476			2026-06-11T23:51:16.964Z		CONTINENT_DERIVED_FROM_COORDINATES;TAXON_CONCEPT_ID_NOT_FOUND",,,,
"2153912874	4fa7b334-ce0d-4e88-aaae-2e0c138d049e	URN:catalog:CLO:EBIRD:OBS620947631	Animalia	Chordata	Aves	Passeriformes	Pycnonotidae	Pycnonotus	Pycnonotus leucotis		SPECIES	Pycnonotus leucotis (Gould"," 1836)	pycnonotus leucotis mesopotamia		IQ	Al Asad (restricted access)	Al Anbar	PRESENT	1	e2e717bf-551a-4917-bdc9-4fa0f342c530	33.725277	42.453056							2018-05-20	20	5	2018	4QMMS	4QMMS	HUMAN_OBSERVATION	CLO	EBIRD	OBS620947631				CC_BY_4_0		obsr919476			2026-06-11T22:14:47.815Z		CONTINENT_DERIVED_FROM_COORDINATES;TAXON_CONCEPT_ID_NOT_FOUND",,,,
"2153750761	4fa7b334-ce0d-4e88-aaae-2e0c138d049e	URN:catalog:CLO:EBIRD:OBS620791478	Animalia	Chordata	Aves	Passeriformes	Pycnonotidae	Pycnonotus	Pycnonotus leucotis		SPECIES	Pycnonotus leucotis (Gould"," 1836)	pycnonotus leucotis mesopotamia		IQ	Al Asad (restricted access)	Al Anbar	PRESENT	1	e2e717bf-551a-4917-bdc9-4fa0f342c530	33.725277	42.453056							2018-05-18	18	5	2018	4QMMS	4QMMS	HUMAN_OBSERVATION	CLO	EBIRD	OBS620791478				CC_BY_4_0		obsr1002665			2026-06-11T23:18:39.023Z		CONTINENT_DERIVED_FROM_COORDINATES;TAXON_CONCEPT_ID_NOT_FOUND",,,,
"2153197588	4fa7b334-ce0d-4e88-aaae-2e0c138d049e	URN:catalog:CLO:EBIRD:OBS607880266	Animalia	Chordata	Aves	Passeriformes	Pycnonotidae	Pycnonotus	Pycnonotus leucotis		SPECIES	Pycnonotus leucotis (Gould"," 1836)	pycnonotus leucotis mesopotamia		IQ	IQ-Al Anbar (33.8003","42.4288)	Al Anbar	PRESENT	2	e2e717bf-551a-4917-bdc9-4fa0f342c530	33.800262	42.42884							2018-04-30	30	4	2018	4QMMS	4QMMS	HUMAN_OBSERVATION	CLO	EBIRD	OBS607880266				CC_BY_4_0		obsr1002665			2026-06-11T23:05:15.031Z		CONTINENT_DERIVED_FROM_COORDINATES;TAXON_CONCEPT_ID_NOT_FOUND",,,
"2153190974	4fa7b334-ce0d-4e88-aaae-2e0c138d049e	URN:catalog:CLO:EBIRD:OBS607837524	Animalia	Chordata	Aves	Passeriformes	Pycnonotidae	Pycnonotus	Pycnonotus leucotis		SPECIES	Pycnonotus leucotis (Gould"," 1836)	pycnonotus leucotis mesopotamia		IQ	Al Asad (restricted access)	Al Anbar	PRESENT	7	e2e717bf-551a-4917-bdc9-4fa0f342c530	33.725277	42.453056							2018-04-29	29	4	2018	4QMMS	4QMMS	HUMAN_OBSERVATION	CLO	EBIRD	OBS607837524				CC_BY_4_0		obsr1002665			2026-06-12T00:34:44.985Z		CONTINENT_DERIVED_FROM_COORDINATES;TAXON_CONCEPT_ID_NOT_FOUND",,,,
"2152973752	4fa7b334-ce0d-4e88-aaae-2e0c138d049e	URN:catalog:CLO:EBIRD:OBS620248779	Animalia	Chordata	Aves	Passeriformes	Pycnonotidae	Pycnonotus	Pycnonotus leucotis		SPECIES	Pycnonotus leucotis (Gould"," 1836)	pycnonotus leucotis mesopotamia		IQ	Chami Rezan--bridge over Tabben Stream	As Sulaymaniyah	PRESENT	1	e2e717bf-551a-4917-bdc9-4fa0f342c530	35.808903	45.021694							2018-05-19	19	5	2018	4QMMS	4QMMS	HUMAN_OBSERVATION	CLO	EBIRD	OBS620248779				CC_BY_4_0		obsr843990			2026-06-11T23:51:08.349Z		CONTINENT_DERIVED_FROM_COORDINATES;TAXON_CONCEPT_ID_NOT_FOUND",,,,
"2151617852	4fa7b334-ce0d-4e88-aaae-2e0c138d049e	URN:catalog:CLO:EBIRD:OBS593058723	Animalia	Chordata	Aves	Passeriformes	Pycnonotidae	Pycnonotus	Pycnonotus leucotis		SPECIES	Pycnonotus leucotis (Gould"," 1836)	pycnonotus leucotis mesopotamia		IQ	Joint Base Balad	Salah ad Din	PRESENT	8	e2e717bf-551a-4917-bdc9-4fa0f342c530	33.94051	44.36554							2018-03-29	29	3	2018	4QMMS	4QMMS	HUMAN_OBSERVATION	CLO	EBIRD	OBS593058723				CC_BY_4_0		obsr801879			2026-06-12T00:10:42.038Z		CONTINENT_DERIVED_FROM_COORDINATES;TAXON_CONCEPT_ID_NOT_FOUND",,,,
"2150439162	4fa7b334-ce0d-4e88-aaae-2e0c138d049e	URN:catalog:CLO:EBIRD:OBS604283433	Animalia	Chordata	Aves	Passeriformes	Pycnonotidae	Pycnonotus	Pycnonotus leucotis		SPECIES	Pycnonotus leucotis (Gould"," 1836)	pycnonotus leucotis mesopotamia		IQ	Al Asad (restricted access)	Al Anbar	PRESENT	12	e2e717bf-551a-4917-bdc9-4fa0f342c530	33.725277	42.453056							2018-04-23	23	4	2018	4QMMS	4QMMS	HUMAN_OBSERVATION	CLO	EBIRD	OBS604283433				CC_BY_4_0		obsr1002665			2026-06-11T22:46:27.528Z		CONTINENT_DERIVED_FROM_COORDINATES;TAXON_CONCEPT_ID_NOT_FOUND",,,,
"2150438621	4fa7b334-ce0d-4e88-aaae-2e0c138d049e	URN:catalog:CLO:EBIRD:OBS604285472	Animalia	Chordata	Aves	Passeriformes	Pycnonotidae	Pycnonotus	Pycnonotus leucotis		SPECIES	Pycnonotus leucotis (Gould"," 1836)	pycnonotus leucotis mesopotamia		IQ	Al Asad (restricted access)	Al Anbar	PRESENT	2	e2e717bf-551a-4917-bdc9-4fa0f342c530	33.725277	42.453056							2018-04-21	21	4	2018	4QMMS	4QMMS	HUMAN_OBSERVATION	CLO	EBIRD	OBS604285472				CC_BY_4_0		obsr1002665			2026-06-11T23:51:06.105Z		CONTINENT_DERIVED_FROM_COORDINATES;TAXON_CONCEPT_ID_NOT_FOUND",,,,
"2147947889	4fa7b334-ce0d-4e88-aaae-2e0c138d049e	URN:catalog:CLO:EBIRD:OBS614952102	Animalia	Chordata	Aves	Passeriformes	Pycnonotidae	Pycnonotus	Pycnonotus leucotis		SPECIES	Pycnonotus leucotis (Gould"," 1836)	pycnonotus leucotis mesopotamia		IQ	Joint Base Balad	Salah ad Din	PRESENT	5	e2e717bf-551a-4917-bdc9-4fa0f342c530	33.94051	44.36554							2018-05-10	10	5	2018	4QMMS	4QMMS	HUMAN_OBSERVATION	CLO	EBIRD	OBS614952102				CC_BY_4_0		obsr801879			2026-06-11T22:59:52.988Z		CONTINENT_DERIVED_FROM_COORDINATES;TAXON_CONCEPT_ID_NOT_FOUND",,,,
"2147221872	4fa7b334-ce0d-4e88-aaae-2e0c138d049e	URN:catalog:CLO:EBIRD:OBS613997062	Animalia	Chordata	Aves	Passeriformes	Pycnonotidae	Pycnonotus	Pycnonotus leucotis		SPECIES	Pycnonotus leucotis (Gould"," 1836)	pycnonotus leucotis mesopotamia		IQ	Mosul Dam area	Ninawá	PRESENT	1	e2e717bf-551a-4917-bdc9-4fa0f342c530	36.609165	42.839203							2018-05-08	8	5	2018	4QMMS	4QMMS	HUMAN_OBSERVATION	CLO	EBIRD	OBS613997062				CC_BY_4_0		obsr904739			2026-06-11T22:31:08.676Z		CONTINENT_DERIVED_FROM_COORDINATES;TAXON_CONCEPT_ID_NOT_FOUND",,,,
"2146721178	4fa7b334-ce0d-4e88-aaae-2e0c138d049e	URN:catalog:CLO:EBIRD:OBS588351081	Animalia	Chordata	Aves	Passeriformes	Pycnonotidae	Pycnonotus	Pycnonotus leucotis		SPECIES	Pycnonotus leucotis (Gould"," 1836)	pycnonotus leucotis mesopotamia		IQ	Joint Base Balad	Salah ad Din	PRESENT	7	e2e717bf-551a-4917-bdc9-4fa0f342c530	33.94051	44.36554							2018-03-16	16	3	2018	4QMMS	4QMMS	HUMAN_OBSERVATION	CLO	EBIRD	OBS588351081				CC_BY_4_0		obsr801879			2026-06-11T22:30:59.930Z		CONTINENT_DERIVED_FROM_COORDINATES;TAXON_CONCEPT_ID_NOT_FOUND",,,,
"2145800255	4fa7b334-ce0d-4e88-aaae-2e0c138d049e	URN:catalog:CLO:EBIRD:OBS587067294	Animalia	Chordata	Aves	Passeriformes	Pycnonotidae	Pycnonotus	Pycnonotus leucotis		SPECIES	Pycnonotus leucotis (Gould"," 1836)	pycnonotus leucotis mesopotamia		IQ	Joint Base Balad	Salah ad Din	PRESENT	4	e2e717bf-551a-4917-bdc9-4fa0f342c530	33.94051	44.36554							2018-03-09	9	3	2018	4QMMS	4QMMS	HUMAN_OBSERVATION	CLO	EBIRD	OBS587067294				CC_BY_4_0		obsr801879			2026-06-11T21:57:47.204Z		CONTINENT_DERIVED_FROM_COORDINATES;TAXON_CONCEPT_ID_NOT_FOUND",,,,
"2144876039	4fa7b334-ce0d-4e88-aaae-2e0c138d049e	URN:catalog:CLO:EBIRD:OBS594651573	Animalia	Chordata	Aves	Passeriformes	Pycnonotidae	Pycnonotus	Pycnonotus leucotis		SPECIES	Pycnonotus leucotis (Gould"," 1836)	pycnonotus leucotis mesopotamia		IQ	Joint Base Balad	Salah ad Din	PRESENT	6	e2e717bf-551a-4917-bdc9-4fa0f342c530	33.94051	44.36554							2018-04-02	2	4	2018	4QMMS	4QMMS	HUMAN_OBSERVATION	CLO	EBIRD	OBS594651573				CC_BY_4_0		obsr801879			2026-06-11T22:41:21.235Z		CONTINENT_DERIVED_FROM_COORDINATES;TAXON_CONCEPT_ID_NOT_FOUND",,,,
"2144562632	4fa7b334-ce0d-4e88-aaae-2e0c138d049e	URN:catalog:CLO:EBIRD:OBS594196379	Animalia	Chordata	Aves	Passeriformes	Pycnonotidae	Pycnonotus	Pycnonotus leucotis		SPECIES	Pycnonotus leucotis (Gould"," 1836)	pycnonotus leucotis mesopotamia		IQ	Joint Base Balad	Salah ad Din	PRESENT	1	e2e717bf-551a-4917-bdc9-4fa0f342c530	33.94051	44.36554							2018-03-14	14	3	2018	4QMMS	4QMMS	HUMAN_OBSERVATION	CLO	EBIRD	OBS594196379				CC_BY_4_0		obsr801879			2026-06-12T00:40:07.483Z		CONTINENT_DERIVED_FROM_COORDINATES;TAXON_CONCEPT_ID_NOT_FOUND",,,,
"2144555254	4fa7b334-ce0d-4e88-aaae-2e0c138d049e	URN:catalog:CLO:EBIRD:OBS594196641	Animalia	Chordata	Aves	Passeriformes	Pycnonotidae	Pycnonotus	Pycnonotus leucotis		SPECIES	Pycnonotus leucotis (Gould"," 1836)	pycnonotus leucotis mesopotamia		IQ	Joint Base Balad	Salah ad Din	PRESENT	1	e2e717bf-551a-4917-bdc9-4fa0f342c530	33.94051	44.36554							2018-03-22	22	3	2018	4QMMS	4QMMS	HUMAN_OBSERVATION	CLO	EBIRD	OBS594196641				CC_BY_4_0		obsr801879			2026-06-12T00:12:27.045Z		CONTINENT_DERIVED_FROM_COORDINATES;TAXON_CONCEPT_ID_NOT_FOUND",,,,
"2144551938	4fa7b334-ce0d-4e88-aaae-2e0c138d049e	URN:catalog:CLO:EBIRD:OBS594196491	Animalia	Chordata	Aves	Passeriformes	Pycnonotidae	Pycnonotus	Pycnonotus leucotis		SPECIES	Pycnonotus leucotis (Gould"," 1836)	pycnonotus leucotis mesopotamia		IQ	Joint Base Balad	Salah ad Din	PRESENT	2	e2e717bf-551a-4917-bdc9-4fa0f342c530	33.94051	44.36554							2018-03-18	18	3	2018	4QMMS	4QMMS	HUMAN_OBSERVATION	CLO	EBIRD	OBS594196491				CC_BY_4_0		obsr801879			2026-06-11T22:14:29.273Z		CONTINENT_DERIVED_FROM_COORDINATES;TAXON_CONCEPT_ID_NOT_FOUND",,,,
"2144358717	4fa7b334-ce0d-4e88-aaae-2e0c138d049e	URN:catalog:CLO:EBIRD:OBS585050210	Animalia	Chordata	Aves	Passeriformes	Pycnonotidae	Pycnonotus	Pycnonotus leucotis		SPECIES	Pycnonotus leucotis (Gould"," 1836)	pycnonotus leucotis mesopotamia		IQ	Joint Base Balad	Salah ad Din	PRESENT	8	e2e717bf-551a-4917-bdc9-4fa0f342c530	33.94051	44.36554							2018-03-06	6	3	2018	4QMMS	4QMMS	HUMAN_OBSERVATION	CLO	EBIRD	OBS585050210				CC_BY_4_0		obsr801879			2026-06-12T00:12:16.278Z		CONTINENT_DERIVED_FROM_COORDINATES;TAXON_CONCEPT_ID_NOT_FOUND",,,,
"2144162343	4fa7b334-ce0d-4e88-aaae-2e0c138d049e	URN:catalog:CLO:EBIRD:OBS610738075	Animalia	Chordata	Aves	Passeriformes	Pycnonotidae	Pycnonotus	Pycnonotus leucotis		SPECIES	Pycnonotus leucotis (Gould"," 1836)	pycnonotus leucotis mesopotamia		IQ	Al Asad (restricted access)	Al Anbar	PRESENT	1	e2e717bf-551a-4917-bdc9-4fa0f342c530	33.725277	42.453056							2018-05-05	5	5	2018	4QMMS	4QMMS	HUMAN_OBSERVATION	CLO	EBIRD	OBS610738075				CC_BY_4_0		obsr919476			2026-06-11T22:14:55.004Z		CONTINENT_DERIVED_FROM_COORDINATES;TAXON_CONCEPT_ID_NOT_FOUND",,,,
"2143232388	4fa7b334-ce0d-4e88-aaae-2e0c138d049e	URN:catalog:CLO:EBIRD:OBS592304057	Animalia	Chordata	Aves	Passeriformes	Pycnonotidae	Pycnonotus	Pycnonotus leucotis		SPECIES	Pycnonotus leucotis (Gould"," 1836)	pycnonotus leucotis mesopotamia		IQ	Joint Base Balad	Salah ad Din	PRESENT	4	e2e717bf-551a-4917-bdc9-4fa0f342c530	33.94051	44.36554							2018-03-27	27	3	2018	4QMMS	4QMMS	HUMAN_OBSERVATION	CLO	EBIRD	OBS592304057				CC_BY_4_0		obsr801879			2026-06-12T00:10:58.378Z		CONTINENT_DERIVED_FROM_COORDINATES;TAXON_CONCEPT_ID_NOT_FOUND",,,,
"2142592186	4fa7b334-ce0d-4e88-aaae-2e0c138d049e	URN:catalog:CLO:EBIRD:OBS591572007	Animalia	Chordata	Aves	Passeriformes	Pycnonotidae	Pycnonotus	Pycnonotus leucotis		SPECIES	Pycnonotus leucotis (Gould"," 1836)	pycnonotus leucotis mesopotamia		IQ	Al Asad (restricted access)	Al Anbar	PRESENT	12	e2e717bf-551a-4917-bdc9-4fa0f342c530	33.725277	42.453056							2018-03-25	25	3	2018	4QMMS	4QMMS	HUMAN_OBSERVATION	CLO	EBIRD	OBS591572007				CC_BY_4_0		obsr919476			2026-06-12T00:18:46.856Z		CONTINENT_DERIVED_FROM_COORDINATES;TAXON_CONCEPT_ID_NOT_FOUND",,,,
"2142153023	4fa7b334-ce0d-4e88-aaae-2e0c138d049e	URN:catalog:CLO:EBIRD:OBS608969762	Animalia	Chordata	Aves	Passeriformes	Pycnonotidae	Pycnonotus	Pycnonotus leucotis		SPECIES	Pycnonotus leucotis (Gould"," 1836)	pycnonotus leucotis mesopotamia		IQ	Parki Azadi	As Sulaymaniyah	PRESENT	1	e2e717bf-551a-4917-bdc9-4fa0f342c530	35.56482	45.431							2018-05-02	2	5	2018	4QMMS	4QMMS	HUMAN_OBSERVATION	CLO	EBIRD	OBS608969762				CC_BY_4_0		obsr843990			2026-06-11T22:45:32.326Z		CONTINENT_DERIVED_FROM_COORDINATES;TAXON_CONCEPT_ID_NOT_FOUND",,,,
"2142047322	4fa7b334-ce0d-4e88-aaae-2e0c138d049e	URN:catalog:CLO:EBIRD:OBS595768436	Animalia	Chordata	Aves	Passeriformes	Pycnonotidae	Pycnonotus	Pycnonotus leucotis		SPECIES	Pycnonotus leucotis (Gould"," 1836)	pycnonotus leucotis mesopotamia		IQ	Joint Base Balad	Salah ad Din	PRESENT	6	e2e717bf-551a-4917-bdc9-4fa0f342c530	33.94051	44.36554							2018-04-05	5	4	2018	4QMMS	4QMMS	HUMAN_OBSERVATION	CLO	EBIRD	OBS595768436				CC_BY_4_0		obsr801879			2026-06-11T22:46:48.381Z		CONTINENT_DERIVED_FROM_COORDINATES;TAXON_CONCEPT_ID_NOT_FOUND",,,,
"2141786183	4fa7b334-ce0d-4e88-aaae-2e0c138d049e	URN:catalog:CLO:EBIRD:OBS590773340	Animalia	Chordata	Aves	Passeriformes	Pycnonotidae	Pycnonotus	Pycnonotus leucotis		SPECIES	Pycnonotus leucotis (Gould"," 1836)	pycnonotus leucotis mesopotamia		IQ	Joint Base Balad	Salah ad Din	PRESENT	11	e2e717bf-551a-4917-bdc9-4fa0f342c530	33.94051	44.36554							2018-03-23	23	3	2018	4QMMS	4QMMS	HUMAN_OBSERVATION	CLO	EBIRD	OBS590773340				CC_BY_4_0		obsr801879			2026-06-11T22:59:34.537Z		CONTINENT_DERIVED_FROM_COORDINATES;TAXON_CONCEPT_ID_NOT_FOUND",,,,
"2141783756	4fa7b334-ce0d-4e88-aaae-2e0c138d049e	URN:catalog:CLO:EBIRD:OBS590772836	Animalia	Chordata	Aves	Passeriformes	Pycnonotidae	Pycnonotus	Pycnonotus leucotis		SPECIES	Pycnonotus leucotis (Gould"," 1836)	pycnonotus leucotis mesopotamia		IQ	Joint Base Balad	Salah ad Din	PRESENT	6	e2e717bf-551a-4917-bdc9-4fa0f342c530	33.94051	44.36554							2018-03-22	22	3	2018	4QMMS	4QMMS	HUMAN_OBSERVATION	CLO	EBIRD	OBS590772836				CC_BY_4_0		obsr801879			2026-06-12T00:44:11.209Z		CONTINENT_DERIVED_FROM_COORDINATES;TAXON_CONCEPT_ID_NOT_FOUND",,,,
"2140965368	4fa7b334-ce0d-4e88-aaae-2e0c138d049e	URN:catalog:CLO:EBIRD:OBS589848897	Animalia	Chordata	Aves	Passeriformes	Pycnonotidae	Pycnonotus	Pycnonotus leucotis		SPECIES	Pycnonotus leucotis (Gould"," 1836)	pycnonotus leucotis mesopotamia		IQ	Joint Base Balad	Salah ad Din	PRESENT	7	e2e717bf-551a-4917-bdc9-4fa0f342c530	33.94051	44.36554							2018-03-20	20	3	2018	4QMMS	4QMMS	HUMAN_OBSERVATION	CLO	EBIRD	OBS589848897				CC_BY_4_0		obsr801879			2026-06-12T00:43:49.668Z		CONTINENT_DERIVED_FROM_COORDINATES;TAXON_CONCEPT_ID_NOT_FOUND",,,,
"2140748616	4fa7b334-ce0d-4e88-aaae-2e0c138d049e	URN:catalog:CLO:EBIRD:OBS594196506	Animalia	Chordata	Aves	Passeriformes	Pycnonotidae	Pycnonotus	Pycnonotus leucotis		SPECIES	Pycnonotus leucotis (Gould"," 1836)	pycnonotus leucotis mesopotamia		IQ	Joint Base Balad	Salah ad Din	PRESENT	2	e2e717bf-551a-4917-bdc9-4fa0f342c530	33.94051	44.36554							2018-03-18	18	3	2018	4QMMS	4QMMS	HUMAN_OBSERVATION	CLO	EBIRD	OBS594196506				CC_BY_4_0		obsr801879			2026-06-11T21:41:50.889Z		CONTINENT_DERIVED_FROM_COORDINATES;TAXON_CONCEPT_ID_NOT_FOUND",,,,
"2139891133	4fa7b334-ce0d-4e88-aaae-2e0c138d049e	URN:catalog:CLO:EBIRD:OBS606517911	Animalia	Chordata	Aves	Passeriformes	Pycnonotidae	Pycnonotus	Pycnonotus leucotis		SPECIES	Pycnonotus leucotis (Gould"," 1836)	pycnonotus leucotis mesopotamia		IQ	Al Asad (restricted access)	Al Anbar	PRESENT	2	e2e717bf-551a-4917-bdc9-4fa0f342c530	33.725277	42.453056							2018-04-27	27	4	2018	4QMMS	4QMMS	HUMAN_OBSERVATION	CLO	EBIRD	OBS606517911				CC_BY_4_0		obsr919476			2026-06-12T00:12:55.335Z		CONTINENT_DERIVED_FROM_COORDINATES;TAXON_CONCEPT_ID_NOT_FOUND",,,,
"2139428740	4fa7b334-ce0d-4e88-aaae-2e0c138d049e	URN:catalog:CLO:EBIRD:OBS606032020	Animalia	Chordata	Aves	Passeriformes	Pycnonotidae	Pycnonotus	Pycnonotus leucotis		SPECIES	Pycnonotus leucotis (Gould"," 1836)	pycnonotus leucotis mesopotamia		IQ	Joint Base Balad	Salah ad Din	PRESENT	2	e2e717bf-551a-4917-bdc9-4fa0f342c530	33.94051	44.36554							2018-04-26	26	4	2018	4QMMS	4QMMS	HUMAN_OBSERVATION	CLO	EBIRD	OBS606032020				CC_BY_4_0		obsr801879			2026-06-11T23:19:44.989Z		CONTINENT_DERIVED_FROM_COORDINATES;TAXON_CONCEPT_ID_NOT_FOUND",,,,
"2139089888	4fa7b334-ce0d-4e88-aaae-2e0c138d049e	URN:catalog:CLO:EBIRD:OBS605595659	Animalia	Chordata	Aves	Passeriformes	Pycnonotidae	Pycnonotus	Pycnonotus leucotis		SPECIES	Pycnonotus leucotis (Gould"," 1836)	pycnonotus leucotis mesopotamia		IQ	Joint Base Balad	Salah ad Din	PRESENT	5	e2e717bf-551a-4917-bdc9-4fa0f342c530	33.94051	44.36554							2018-04-26	26	4	2018	4QMMS	4QMMS	HUMAN_OBSERVATION	CLO	EBIRD	OBS605595659				CC_BY_4_0		obsr801879			2026-06-11T23:24:56.952Z		CONTINENT_DERIVED_FROM_COORDINATES;TAXON_CONCEPT_ID_NOT_FOUND",,,,
"2138997932	4fa7b334-ce0d-4e88-aaae-2e0c138d049e	URN:catalog:CLO:EBIRD:OBS592305537	Animalia	Chordata	Aves	Passeriformes	Pycnonotidae	Pycnonotus	Pycnonotus leucotis		SPECIES	Pycnonotus leucotis (Gould"," 1836)	pycnonotus leucotis mesopotamia		IQ	IQ-Al Anbar (33.8003","42.4288)	Al Anbar	PRESENT	6	e2e717bf-551a-4917-bdc9-4fa0f342c530	33.800262	42.42884							2018-03-26	26	3	2018	4QMMS	4QMMS	HUMAN_OBSERVATION	CLO	EBIRD	OBS592305537				CC_BY_4_0		obsr1002665			2026-06-11T21:57:24.176Z		CONTINENT_DERIVED_FROM_COORDINATES;TAXON_CONCEPT_ID_NOT_FOUND",,,
"2138797419	4fa7b334-ce0d-4e88-aaae-2e0c138d049e	URN:catalog:CLO:EBIRD:OBS587388665	Animalia	Chordata	Aves	Passeriformes	Pycnonotidae	Pycnonotus	Pycnonotus leucotis		SPECIES	Pycnonotus leucotis (Gould"," 1836)	pycnonotus leucotis mesopotamia		IQ	Joint Base Balad	Salah ad Din	PRESENT	15	e2e717bf-551a-4917-bdc9-4fa0f342c530	33.94051	44.36554							2018-03-13	13	3	2018	4QMMS	4QMMS	HUMAN_OBSERVATION	CLO	EBIRD	OBS587388665				CC_BY_4_0		obsr801879			2026-06-11T23:19:53.139Z		CONTINENT_DERIVED_FROM_COORDINATES;TAXON_CONCEPT_ID_NOT_FOUND",,,,
"2138764033	4fa7b334-ce0d-4e88-aaae-2e0c138d049e	URN:catalog:CLO:EBIRD:OBS605195887	Animalia	Chordata	Aves	Passeriformes	Pycnonotidae	Pycnonotus	Pycnonotus leucotis		SPECIES	Pycnonotus leucotis (Gould"," 1836)	pycnonotus leucotis mesopotamia		IQ	Al Asad (restricted access)	Al Anbar	PRESENT	8	e2e717bf-551a-4917-bdc9-4fa0f342c530	33.725277	42.453056							2018-04-25	25	4	2018	4QMMS	4QMMS	HUMAN_OBSERVATION	CLO	EBIRD	OBS605195887				CC_BY_4_0		obsr1002665			2026-06-12T00:34:53.975Z		CONTINENT_DERIVED_FROM_COORDINATES;TAXON_CONCEPT_ID_NOT_FOUND",,,,
"2138684066	4fa7b334-ce0d-4e88-aaae-2e0c138d049e	URN:catalog:CLO:EBIRD:OBS592006259	Animalia	Chordata	Aves	Passeriformes	Pycnonotidae	Pycnonotus	Pycnonotus leucotis		SPECIES	Pycnonotus leucotis (Gould"," 1836)	pycnonotus leucotis mesopotamia		IQ	Al Asad (restricted access)	Al Anbar	PRESENT	10	e2e717bf-551a-4917-bdc9-4fa0f342c530	33.725277	42.453056							2018-03-26	26	3	2018	4QMMS	4QMMS	HUMAN_OBSERVATION	CLO	EBIRD	OBS592006259				CC_BY_4_0		obsr919476			2026-06-11T22:14:24.938Z		CONTINENT_DERIVED_FROM_COORDINATES;TAXON_CONCEPT_ID_NOT_FOUND",,,,
"2138311336	4fa7b334-ce0d-4e88-aaae-2e0c138d049e	URN:catalog:CLO:EBIRD:OBS604661224	Animalia	Chordata	Aves	Passeriformes	Pycnonotidae	Pycnonotus	Pycnonotus leucotis		SPECIES	Pycnonotus leucotis (Gould"," 1836)	pycnonotus leucotis mesopotamia		IQ	Al Asad (restricted access)	Al Anbar	PRESENT	3	e2e717bf-551a-4917-bdc9-4fa0f342c530	33.725277	42.453056							2018-04-24	24	4	2018	4QMMS	4QMMS	HUMAN_OBSERVATION	CLO	EBIRD	OBS604661224				CC_BY_4_0		obsr919476			2026-06-12T00:38:43.193Z		CONTINENT_DERIVED_FROM_COORDINATES;TAXON_CONCEPT_ID_NOT_FOUND",,,,
"2137974520	4fa7b334-ce0d-4e88-aaae-2e0c138d049e	URN:catalog:CLO:EBIRD:OBS604276840	Animalia	Chordata	Aves	Passeriformes	Pycnonotidae	Pycnonotus	Pycnonotus leucotis		SPECIES	Pycnonotus leucotis (Gould"," 1836)	pycnonotus leucotis mesopotamia		IQ	Al Asad (restricted access)	Al Anbar	PRESENT	12	e2e717bf-551a-4917-bdc9-4fa0f342c530	33.725277	42.453056							2018-04-23	23	4	2018	4QMMS	4QMMS	HUMAN_OBSERVATION	CLO	EBIRD	OBS604276840				CC_BY_4_0		obsr919476			2026-06-11T23:54:09.522Z		CONTINENT_DERIVED_FROM_COORDINATES;TAXON_CONCEPT_ID_NOT_FOUND",,,,
"2137315458	4fa7b334-ce0d-4e88-aaae-2e0c138d049e	URN:catalog:CLO:EBIRD:OBS585940904	Animalia	Chordata	Aves	Passeriformes	Pycnonotidae	Pycnonotus	Pycnonotus leucotis		SPECIES	Pycnonotus leucotis (Gould"," 1836)	pycnonotus leucotis mesopotamia		IQ	Joint Base Balad	Salah ad Din	PRESENT	4	e2e717bf-551a-4917-bdc9-4fa0f342c530	33.94051	44.36554							2018-03-09	9	3	2018	4QMMS	4QMMS	HUMAN_OBSERVATION	CLO	EBIRD	OBS585940904				CC_BY_4_0		obsr801879			2026-06-12T00:35:21.166Z		CONTINENT_DERIVED_FROM_COORDINATES;TAXON_CONCEPT_ID_NOT_FOUND",,,,
"2136709134	4fa7b334-ce0d-4e88-aaae-2e0c138d049e	URN:catalog:CLO:EBIRD:OBS602824104	Animalia	Chordata	Aves	Passeriformes	Pycnonotidae	Pycnonotus	Pycnonotus leucotis		SPECIES	Pycnonotus leucotis (Gould"," 1836)	pycnonotus leucotis mesopotamia		IQ	Al Asad (restricted access)	Al Anbar	PRESENT	2	e2e717bf-551a-4917-bdc9-4fa0f342c530	33.725277	42.453056							2018-04-21	21	4	2018	4QMMS	4QMMS	HUMAN_OBSERVATION	CLO	EBIRD	OBS602824104				CC_BY_4_0		obsr919476			2026-06-11T21:42:26.575Z		CONTINENT_DERIVED_FROM_COORDINATES;TAXON_CONCEPT_ID_NOT_FOUND",,,,
"2136015228	4fa7b334-ce0d-4e88-aaae-2e0c138d049e	URN:catalog:CLO:EBIRD:OBS584319421	Animalia	Chordata	Aves	Passeriformes	Pycnonotidae	Pycnonotus	Pycnonotus leucotis		SPECIES	Pycnonotus leucotis (Gould"," 1836)	pycnonotus leucotis mesopotamia		IQ	Joint Base Balad	Salah ad Din	PRESENT	5	e2e717bf-551a-4917-bdc9-4fa0f342c530	33.94051	44.36554							2018-03-02	2	3	2018	4QMMS	4QMMS	HUMAN_OBSERVATION	CLO	EBIRD	OBS584319421				CC_BY_4_0		obsr801879			2026-06-11T23:35:36.063Z		CONTINENT_DERIVED_FROM_COORDINATES;TAXON_CONCEPT_ID_NOT_FOUND",,,,
"2136006378	4fa7b334-ce0d-4e88-aaae-2e0c138d049e	URN:catalog:CLO:EBIRD:OBS584319760	Animalia	Chordata	Aves	Passeriformes	Pycnonotidae	Pycnonotus	Pycnonotus leucotis		SPECIES	Pycnonotus leucotis (Gould"," 1836)	pycnonotus leucotis mesopotamia		IQ	Joint Base Balad	Salah ad Din	PRESENT	1	e2e717bf-551a-4917-bdc9-4fa0f342c530	33.94051	44.36554							2018-03-02	2	3	2018	4QMMS	4QMMS	HUMAN_OBSERVATION	CLO	EBIRD	OBS584319760				CC_BY_4_0		obsr801879			2026-06-11T23:17:38.430Z		CONTINENT_DERIVED_FROM_COORDINATES;TAXON_CONCEPT_ID_NOT_FOUND",,,,
"2134035505	4fa7b334-ce0d-4e88-aaae-2e0c138d049e	URN:catalog:CLO:EBIRD:OBS572616279	Animalia	Chordata	Aves	Passeriformes	Pycnonotidae	Pycnonotus	Pycnonotus leucotis		SPECIES	Pycnonotus leucotis (Gould"," 1836)	pycnonotus leucotis mesopotamia		IQ	Joint Base Balad	Salah ad Din	PRESENT	3	e2e717bf-551a-4917-bdc9-4fa0f342c530	33.94051	44.36554							2018-01-30	30	1	2018	4QMMS	4QMMS	HUMAN_OBSERVATION	CLO	EBIRD	OBS572616279				CC_BY_4_0		obsr801879			2026-06-12T00:19:37.834Z		CONTINENT_DERIVED_FROM_COORDINATES;TAXON_CONCEPT_ID_NOT_FOUND",,,,
"2132083927	4fa7b334-ce0d-4e88-aaae-2e0c138d049e	URN:catalog:CLO:EBIRD:OBS583651825	Animalia	Chordata	Aves	Passeriformes	Pycnonotidae	Pycnonotus	Pycnonotus leucotis		SPECIES	Pycnonotus leucotis (Gould"," 1836)	pycnonotus leucotis mesopotamia		IQ	Parki Azadi	As Sulaymaniyah	PRESENT	1	e2e717bf-551a-4917-bdc9-4fa0f342c530	35.56482	45.431							2018-03-02	2	3	2018	4QMMS	4QMMS	HUMAN_OBSERVATION	CLO	EBIRD	OBS583651825				CC_BY_4_0		obsr843990			2026-06-12T00:37:31.062Z		CONTINENT_DERIVED_FROM_COORDINATES;TAXON_CONCEPT_ID_NOT_FOUND",,,,
"2131124615	4fa7b334-ce0d-4e88-aaae-2e0c138d049e	URN:catalog:CLO:EBIRD:OBS582321766	Animalia	Chordata	Aves	Passeriformes	Pycnonotidae	Pycnonotus	Pycnonotus leucotis		SPECIES	Pycnonotus leucotis (Gould"," 1836)	pycnonotus leucotis mesopotamia		IQ	Joint Base Balad	Salah ad Din	PRESENT	1	e2e717bf-551a-4917-bdc9-4fa0f342c530	33.94051	44.36554							2018-02-26	26	2	2018	4QMMS	4QMMS	HUMAN_OBSERVATION	CLO	EBIRD	OBS582321766				CC_BY_4_0		obsr801879			2026-06-11T23:19:07.881Z		CONTINENT_DERIVED_FROM_COORDINATES;TAXON_CONCEPT_ID_NOT_FOUND",,,,
"2130647490	4fa7b334-ce0d-4e88-aaae-2e0c138d049e	URN:catalog:CLO:EBIRD:OBS569273747	Animalia	Chordata	Aves	Passeriformes	Pycnonotidae	Pycnonotus	Pycnonotus leucotis		SPECIES	Pycnonotus leucotis (Gould"," 1836)	pycnonotus leucotis mesopotamia		IQ	Al Asad (restricted access)	Al Anbar	PRESENT	4	e2e717bf-551a-4917-bdc9-4fa0f342c530	33.725277	42.453056							2018-01-19	19	1	2018	4QMMS	4QMMS	HUMAN_OBSERVATION	CLO	EBIRD	OBS569273747				CC_BY_4_0		obsr1002665			2026-06-11T23:20:45.840Z		CONTINENT_DERIVED_FROM_COORDINATES;TAXON_CONCEPT_ID_NOT_FOUND",,,,
"2130622113	4fa7b334-ce0d-4e88-aaae-2e0c138d049e	URN:catalog:CLO:EBIRD:OBS569255458	Animalia	Chordata	Aves	Passeriformes	Pycnonotidae	Pycnonotus	Pycnonotus leucotis		SPECIES	Pycnonotus leucotis (Gould"," 1836)	pycnonotus leucotis mesopotamia		IQ	Al Asad (restricted access)	Al Anbar	PRESENT	4	e2e717bf-551a-4917-bdc9-4fa0f342c530	33.725277	42.453056							2018-01-19	19	1	2018	4QMMS	4QMMS	HUMAN_OBSERVATION	CLO	EBIRD	OBS569255458				CC_BY_4_0		obsr919476			2026-06-11T22:59:50.341Z		CONTINENT_DERIVED_FROM_COORDINATES;TAXON_CONCEPT_ID_NOT_FOUND",,,,
"2129835963	4fa7b334-ce0d-4e88-aaae-2e0c138d049e	URN:catalog:CLO:EBIRD:OBS596153959	Animalia	Chordata	Aves	Passeriformes	Pycnonotidae	Pycnonotus	Pycnonotus leucotis		SPECIES	Pycnonotus leucotis (Gould"," 1836)	pycnonotus leucotis mesopotamia		IQ	Baghdad International Airport	Al Anbar	PRESENT	1	e2e717bf-551a-4917-bdc9-4fa0f342c530	33.26704	44.23113							2018-04-05	5	4	2018	4QMMS	4QMMS	HUMAN_OBSERVATION	CLO	EBIRD	OBS596153959				CC_BY_4_0		obsr801879			2026-06-11T21:41:42.390Z		CONTINENT_DERIVED_FROM_COORDINATES;TAXON_CONCEPT_ID_NOT_FOUND",,,,
"2128584322	4fa7b334-ce0d-4e88-aaae-2e0c138d049e	URN:catalog:CLO:EBIRD:OBS576091192	Animalia	Chordata	Aves	Passeriformes	Pycnonotidae	Pycnonotus	Pycnonotus leucotis		SPECIES	Pycnonotus leucotis (Gould"," 1836)	pycnonotus leucotis mesopotamia		IQ	Hawari Shar	As Sulaymaniyah	PRESENT	8	e2e717bf-551a-4917-bdc9-4fa0f342c530	35.611534	45.425804							2018-02-10	10	2	2018	4QMMS	4QMMS	HUMAN_OBSERVATION	CLO	EBIRD	OBS576091192				CC_BY_4_0		obsr843990			2026-06-12T00:38:42.837Z		CONTINENT_DERIVED_FROM_COORDINATES;TAXON_CONCEPT_ID_NOT_FOUND",,,,
"2128527132	4fa7b334-ce0d-4e88-aaae-2e0c138d049e	URN:catalog:CLO:EBIRD:OBS566857346	Animalia	Chordata	Aves	Passeriformes	Pycnonotidae	Pycnonotus	Pycnonotus leucotis		SPECIES	Pycnonotus leucotis (Gould"," 1836)	pycnonotus leucotis mesopotamia		IQ	Al Asad (restricted access)	Al Anbar	PRESENT	4	e2e717bf-551a-4917-bdc9-4fa0f342c530	33.725277	42.453056							2018-01-13	13	1	2018	4QMMS	4QMMS	HUMAN_OBSERVATION	CLO	EBIRD	OBS566857346				CC_BY_4_0		obsr919476			2026-06-11T23:00:28.159Z		CONTINENT_DERIVED_FROM_COORDINATES;TAXON_CONCEPT_ID_NOT_FOUND",,,,
"2128340279	4fa7b334-ce0d-4e88-aaae-2e0c138d049e	URN:catalog:CLO:EBIRD:OBS575820613	Animalia	Chordata	Aves	Passeriformes	Pycnonotidae	Pycnonotus	Pycnonotus leucotis		SPECIES	Pycnonotus leucotis (Gould"," 1836)	pycnonotus leucotis mesopotamia		IQ	Joint Base Balad	Salah ad Din	PRESENT	5	e2e717bf-551a-4917-bdc9-4fa0f342c530	33.94051	44.36554							2018-02-09	9	2	2018	4QMMS	4QMMS	HUMAN_OBSERVATION	CLO	EBIRD	OBS575820613				CC_BY_4_0		obsr801879			2026-06-11T23:39:06.032Z		CONTINENT_DERIVED_FROM_COORDINATES;TAXON_CONCEPT_ID_NOT_FOUND",,,,
"2128238638	4fa7b334-ce0d-4e88-aaae-2e0c138d049e	URN:catalog:CLO:EBIRD:OBS566525184	Animalia	Chordata	Aves	Passeriformes	Pycnonotidae	Pycnonotus	Pycnonotus leucotis		SPECIES	Pycnonotus leucotis (Gould"," 1836)	pycnonotus leucotis mesopotamia		IQ	Hawari Shar	As Sulaymaniyah	PRESENT	5	e2e717bf-551a-4917-bdc9-4fa0f342c530	35.611534	45.425804							2018-01-12	12	1	2018	4QMMS	4QMMS	HUMAN_OBSERVATION	CLO	EBIRD	OBS566525184				CC_BY_4_0		obsr843990			2026-06-12T00:39:39.739Z		CONTINENT_DERIVED_FROM_COORDINATES;TAXON_CONCEPT_ID_NOT_FOUND",,,,
"2128192088	4fa7b334-ce0d-4e88-aaae-2e0c138d049e	URN:catalog:CLO:EBIRD:OBS594259024	Animalia	Chordata	Aves	Passeriformes	Pycnonotidae	Pycnonotus	Pycnonotus leucotis		SPECIES	Pycnonotus leucotis (Gould"," 1836)	pycnonotus leucotis mesopotamia		IQ	Al Asad (restricted access)	Al Anbar	PRESENT	2	e2e717bf-551a-4917-bdc9-4fa0f342c530	33.725277	42.453056							2018-04-01	1	4	2018	4QMMS	4QMMS	HUMAN_OBSERVATION	CLO	EBIRD	OBS594259024				CC_BY_4_0		obsr919476			2026-06-12T00:40:47.445Z		CONTINENT_DERIVED_FROM_COORDINATES;TAXON_CONCEPT_ID_NOT_FOUND",,,,
"2127215517	4fa7b334-ce0d-4e88-aaae-2e0c138d049e	URN:catalog:CLO:EBIRD:OBS593307431	Animalia	Chordata	Aves	Passeriformes	Pycnonotidae	Pycnonotus	Pycnonotus leucotis		SPECIES	Pycnonotus leucotis (Gould"," 1836)	pycnonotus leucotis mesopotamia		IQ	Joint Base Balad	Salah ad Din	PRESENT	4	e2e717bf-551a-4917-bdc9-4fa0f342c530	33.94051	44.36554							2018-03-30	30	3	2018	4QMMS	4QMMS	HUMAN_OBSERVATION	CLO	EBIRD	OBS593307431				CC_BY_4_0		obsr801879			2026-06-11T22:00:46.115Z		CONTINENT_DERIVED_FROM_COORDINATES;TAXON_CONCEPT_ID_NOT_FOUND",,,,
"2126310272	4fa7b334-ce0d-4e88-aaae-2e0c138d049e	URN:catalog:CLO:EBIRD:OBS592303645	Animalia	Chordata	Aves	Passeriformes	Pycnonotidae	Pycnonotus	Pycnonotus leucotis		SPECIES	Pycnonotus leucotis (Gould"," 1836)	pycnonotus leucotis mesopotamia		IQ	Joint Base Balad	Salah ad Din	PRESENT	5	e2e717bf-551a-4917-bdc9-4fa0f342c530	33.94051	44.36554							2018-03-26	26	3	2018	4QMMS	4QMMS	HUMAN_OBSERVATION	CLO	EBIRD	OBS592303645				CC_BY_4_0		obsr801879			2026-06-11T22:14:30.444Z		CONTINENT_DERIVED_FROM_COORDINATES;TAXON_CONCEPT_ID_NOT_FOUND",,,,
"2125616936	4fa7b334-ce0d-4e88-aaae-2e0c138d049e	URN:catalog:CLO:EBIRD:OBS563445488	Animalia	Chordata	Aves	Passeriformes	Pycnonotidae	Pycnonotus	Pycnonotus leucotis		SPECIES	Pycnonotus leucotis (Gould"," 1836)	pycnonotus leucotis mesopotamia		IQ	Al Asad (restricted access)	Al Anbar	PRESENT	12	e2e717bf-551a-4917-bdc9-4fa0f342c530	33.725277	42.453056							2018-01-03	3	1	2018	4QMMS	4QMMS	HUMAN_OBSERVATION	CLO	EBIRD	OBS563445488				CC_BY_4_0		obsr919476			2026-06-11T22:00:37.360Z		CONTINENT_DERIVED_FROM_COORDINATES;TAXON_CONCEPT_ID_NOT_FOUND",,,,
"2123918694	4fa7b334-ce0d-4e88-aaae-2e0c138d049e	URN:catalog:CLO:EBIRD:OBS589848259	Animalia	Chordata	Aves	Passeriformes	Pycnonotidae	Pycnonotus	Pycnonotus leucotis		SPECIES	Pycnonotus leucotis (Gould"," 1836)	pycnonotus leucotis mesopotamia		IQ	Joint Base Balad	Salah ad Din	PRESENT	7	e2e717bf-551a-4917-bdc9-4fa0f342c530	33.94051	44.36554							2018-03-19	19	3	2018	4QMMS	4QMMS	HUMAN_OBSERVATION	CLO	EBIRD	OBS589848259				CC_BY_4_0		obsr801879			2026-06-11T22:48:59.546Z		CONTINENT_DERIVED_FROM_COORDINATES;TAXON_CONCEPT_ID_NOT_FOUND",,,,
"2123765455	4fa7b334-ce0d-4e88-aaae-2e0c138d049e	URN:catalog:CLO:EBIRD:OBS572896635	Animalia	Chordata	Aves	Passeriformes	Pycnonotidae	Pycnonotus	Pycnonotus leucotis		SPECIES	Pycnonotus leucotis (Gould"," 1836)	pycnonotus leucotis mesopotamia		IQ	Joint Base Balad	Salah ad Din	PRESENT	5	e2e717bf-551a-4917-bdc9-4fa0f342c530	33.94051	44.36554							2018-01-30	30	1	2018	4QMMS	4QMMS	HUMAN_OBSERVATION	CLO	EBIRD	OBS572896635				CC_BY_4_0		obsr801879			2026-06-12T00:30:30.293Z		CONTINENT_DERIVED_FROM_COORDINATES;TAXON_CONCEPT_ID_NOT_FOUND",,,,
"2123442444	4fa7b334-ce0d-4e88-aaae-2e0c138d049e	URN:catalog:CLO:EBIRD:OBS570398354	Animalia	Chordata	Aves	Passeriformes	Pycnonotidae	Pycnonotus	Pycnonotus leucotis		SPECIES	Pycnonotus leucotis (Gould"," 1836)	pycnonotus leucotis mesopotamia		IQ	Al Asad (restricted access)	Al Anbar	PRESENT	4	e2e717bf-551a-4917-bdc9-4fa0f342c530	33.725277	42.453056							2018-01-23	23	1	2018	4QMMS	4QMMS	HUMAN_OBSERVATION	CLO	EBIRD	OBS570398354				CC_BY_4_0		obsr919476			2026-06-11T22:40:34.410Z		CONTINENT_DERIVED_FROM_COORDINATES;TAXON_CONCEPT_ID_NOT_FOUND",,,,
"2123436837	4fa7b334-ce0d-4e88-aaae-2e0c138d049e	URN:catalog:CLO:EBIRD:OBS570407605	Animalia	Chordata	Aves	Passeriformes	Pycnonotidae	Pycnonotus	Pycnonotus leucotis		SPECIES	Pycnonotus leucotis (Gould"," 1836)	pycnonotus leucotis mesopotamia		IQ	Al Asad (restricted access)	Al Anbar	PRESENT	4	e2e717bf-551a-4917-bdc9-4fa0f342c530	33.725277	42.453056							2018-01-23	23	1	2018	4QMMS	4QMMS	HUMAN_OBSERVATION	CLO	EBIRD	OBS570407605				CC_BY_4_0		obsr1002665			2026-06-11T22:14:40.976Z		CONTINENT_DERIVED_FROM_COORDINATES;TAXON_CONCEPT_ID_NOT_FOUND",,,,
"2123417324	4fa7b334-ce0d-4e88-aaae-2e0c138d049e	URN:catalog:CLO:EBIRD:OBS570398385	Animalia	Chordata	Aves	Passeriformes	Pycnonotidae	Pycnonotus	Pycnonotus leucotis		SPECIES	Pycnonotus leucotis (Gould"," 1836)	pycnonotus leucotis mesopotamia		IQ	Al Asad (restricted access)	Al Anbar	PRESENT	4	e2e717bf-551a-4917-bdc9-4fa0f342c530	33.725277	42.453056							2018-01-21	21	1	2018	4QMMS	4QMMS	HUMAN_OBSERVATION	CLO	EBIRD	OBS570398385				CC_BY_4_0		obsr919476			2026-06-12T00:15:03.364Z		CONTINENT_DERIVED_FROM_COORDINATES;TAXON_CONCEPT_ID_NOT_FOUND",,,,
"2123381268	4fa7b334-ce0d-4e88-aaae-2e0c138d049e	URN:catalog:CLO:EBIRD:OBS589279574	Animalia	Chordata	Aves	Passeriformes	Pycnonotidae	Pycnonotus	Pycnonotus leucotis		SPECIES	Pycnonotus leucotis (Gould"," 1836)	pycnonotus leucotis mesopotamia		IQ	Ahdeb Oilfield	Wasit	PRESENT	4	e2e717bf-551a-4917-bdc9-4fa0f342c530	32.522327	45.661392							2018-03-18	18	3	2018	4QMMS	4QMMS	HUMAN_OBSERVATION	CLO	EBIRD	OBS589279574				CC_BY_4_0		obsr672744			2026-06-11T22:22:25.278Z		CONTINENT_DERIVED_FROM_COORDINATES;TAXON_CONCEPT_ID_NOT_FOUND",,,,
"2122642687	4fa7b334-ce0d-4e88-aaae-2e0c138d049e	URN:catalog:CLO:EBIRD:OBS571530306	Animalia	Chordata	Aves	Passeriformes	Pycnonotidae	Pycnonotus	Pycnonotus leucotis		SPECIES	Pycnonotus leucotis (Gould"," 1836)	pycnonotus leucotis mesopotamia		IQ	Hawari Shar	As Sulaymaniyah	PRESENT	5	e2e717bf-551a-4917-bdc9-4fa0f342c530	35.611534	45.425804							2018-01-26	26	1	2018	4QMMS	4QMMS	HUMAN_OBSERVATION	CLO	EBIRD	OBS571530306				CC_BY_4_0		obsr843990			2026-06-11T22:14:22.341Z		CONTINENT_DERIVED_FROM_COORDINATES;TAXON_CONCEPT_ID_NOT_FOUND",,,,
"2122465097	4fa7b334-ce0d-4e88-aaae-2e0c138d049e	URN:catalog:CLO:EBIRD:OBS588350329	Animalia	Chordata	Aves	Passeriformes	Pycnonotidae	Pycnonotus	Pycnonotus leucotis		SPECIES	Pycnonotus leucotis (Gould"," 1836)	pycnonotus leucotis mesopotamia		IQ	Joint Base Balad	Salah ad Din	PRESENT	2	e2e717bf-551a-4917-bdc9-4fa0f342c530	33.94051	44.36554							2018-03-15	15	3	2018	4QMMS	4QMMS	HUMAN_OBSERVATION	CLO	EBIRD	OBS588350329				CC_BY_4_0		obsr801879			2026-06-11T23:17:49.638Z		CONTINENT_DERIVED_FROM_COORDINATES;TAXON_CONCEPT_ID_NOT_FOUND",,,,
"2121768628	4fa7b334-ce0d-4e88-aaae-2e0c138d049e	URN:catalog:CLO:EBIRD:OBS570407640	Animalia	Chordata	Aves	Passeriformes	Pycnonotidae	Pycnonotus	Pycnonotus leucotis		SPECIES	Pycnonotus leucotis (Gould"," 1836)	pycnonotus leucotis mesopotamia		IQ	Al Asad (restricted access)	Al Anbar	PRESENT	4	e2e717bf-551a-4917-bdc9-4fa0f342c530	33.725277	42.453056							2018-01-21	21	1	2018	4QMMS	4QMMS	HUMAN_OBSERVATION	CLO	EBIRD	OBS570407640				CC_BY_4_0		obsr1002665			2026-06-12T00:12:31.427Z		CONTINENT_DERIVED_FROM_COORDINATES;TAXON_CONCEPT_ID_NOT_FOUND",,,,
"2121759041	4fa7b334-ce0d-4e88-aaae-2e0c138d049e	URN:catalog:CLO:EBIRD:OBS570432899	Animalia	Chordata	Aves	Passeriformes	Pycnonotidae	Pycnonotus	Pycnonotus leucotis		SPECIES	Pycnonotus leucotis (Gould"," 1836)	pycnonotus leucotis mesopotamia		IQ	Joint Base Balad	Salah ad Din	PRESENT	2	e2e717bf-551a-4917-bdc9-4fa0f342c530	33.94051	44.36554							2018-01-23	23	1	2018	4QMMS	4QMMS	HUMAN_OBSERVATION	CLO	EBIRD	OBS570432899				CC_BY_4_0		obsr801879			2026-06-11T23:01:02.882Z		CONTINENT_DERIVED_FROM_COORDINATES;TAXON_CONCEPT_ID_NOT_FOUND",,,,
"2121623756	4fa7b334-ce0d-4e88-aaae-2e0c138d049e	URN:catalog:CLO:EBIRD:OBS587388324	Animalia	Chordata	Aves	Passeriformes	Pycnonotidae	Pycnonotus	Pycnonotus leucotis		SPECIES	Pycnonotus leucotis (Gould"," 1836)	pycnonotus leucotis mesopotamia		IQ	Joint Base Balad	Salah ad Din	PRESENT	6	e2e717bf-551a-4917-bdc9-4fa0f342c530	33.94051	44.36554							2018-03-12	12	3	2018	4QMMS	4QMMS	HUMAN_OBSERVATION	CLO	EBIRD	OBS587388324				CC_BY_4_0		obsr801879			2026-06-11T22:58:50.395Z		CONTINENT_DERIVED_FROM_COORDINATES;TAXON_CONCEPT_ID_NOT_FOUND",,,,
"2121420613	4fa7b334-ce0d-4e88-aaae-2e0c138d049e	URN:catalog:CLO:EBIRD:OBS568402902	Animalia	Chordata	Aves	Passeriformes	Pycnonotidae	Pycnonotus	Pycnonotus leucotis		SPECIES	Pycnonotus leucotis (Gould"," 1836)	pycnonotus leucotis mesopotamia		IQ	Al Asad (restricted access)	Al Anbar	PRESENT	3	e2e717bf-551a-4917-bdc9-4fa0f342c530	33.725277	42.453056							2018-01-17	17	1	2018	4QMMS	4QMMS	HUMAN_OBSERVATION	CLO	EBIRD	OBS568402902				CC_BY_4_0		obsr1002665			2026-06-11T23:38:58.169Z		CONTINENT_DERIVED_FROM_COORDINATES;TAXON_CONCEPT_ID_NOT_FOUND",,,,
"2121044283	4fa7b334-ce0d-4e88-aaae-2e0c138d049e	URN:catalog:CLO:EBIRD:OBS568039549	Animalia	Chordata	Aves	Passeriformes	Pycnonotidae	Pycnonotus	Pycnonotus leucotis		SPECIES	Pycnonotus leucotis (Gould"," 1836)	pycnonotus leucotis mesopotamia		IQ	Joint Base Balad	Salah ad Din	PRESENT	3	e2e717bf-551a-4917-bdc9-4fa0f342c530	33.94051	44.36554							2018-01-16	16	1	2018	4QMMS	4QMMS	HUMAN_OBSERVATION	CLO	EBIRD	OBS568039549				CC_BY_4_0		obsr801879			2026-06-11T23:50:29.273Z		CONTINENT_DERIVED_FROM_COORDINATES;TAXON_CONCEPT_ID_NOT_FOUND",,,,
"2120931692	4fa7b334-ce0d-4e88-aaae-2e0c138d049e	URN:catalog:CLO:EBIRD:OBS558271103	Animalia	Chordata	Aves	Passeriformes	Pycnonotidae	Pycnonotus	Pycnonotus leucotis		SPECIES	Pycnonotus leucotis (Gould"," 1836)	pycnonotus leucotis mesopotamia		IQ	Joint Base Balad	Salah ad Din	PRESENT	3	e2e717bf-551a-4917-bdc9-4fa0f342c530	33.94051	44.36554							2017-12-18	18	12	2017	4QMMS	4QMMS	HUMAN_OBSERVATION	CLO	EBIRD	OBS558271103				CC_BY_4_0		obsr801879			2026-06-11T21:57:55.024Z		CONTINENT_DERIVED_FROM_COORDINATES;TAXON_CONCEPT_ID_NOT_FOUND",,,,
"2120767004	4fa7b334-ce0d-4e88-aaae-2e0c138d049e	URN:catalog:CLO:EBIRD:OBS567622242	Animalia	Chordata	Aves	Passeriformes	Pycnonotidae	Pycnonotus	Pycnonotus leucotis		SPECIES	Pycnonotus leucotis (Gould"," 1836)	pycnonotus leucotis mesopotamia		IQ	Al Asad (restricted access)	Al Anbar	PRESENT	1	e2e717bf-551a-4917-bdc9-4fa0f342c530	33.725277	42.453056							2018-01-13	13	1	2018	4QMMS	4QMMS	HUMAN_OBSERVATION	CLO	EBIRD	OBS567622242				CC_BY_4_0		obsr1002665			2026-06-11T22:46:20.527Z		CONTINENT_DERIVED_FROM_COORDINATES;TAXON_CONCEPT_ID_NOT_FOUND",,,,
"2120002152	4fa7b334-ce0d-4e88-aaae-2e0c138d049e	URN:catalog:CLO:EBIRD:OBS568379333	Animalia	Chordata	Aves	Passeriformes	Pycnonotidae	Pycnonotus	Pycnonotus leucotis		SPECIES	Pycnonotus leucotis (Gould"," 1836)	pycnonotus leucotis mesopotamia		IQ	Al Asad (restricted access)	Al Anbar	PRESENT	3	e2e717bf-551a-4917-bdc9-4fa0f342c530	33.725277	42.453056							2018-01-17	17	1	2018	4QMMS	4QMMS	HUMAN_OBSERVATION	CLO	EBIRD	OBS568379333				CC_BY_4_0		obsr919476			2026-06-11T22:02:38.465Z		CONTINENT_DERIVED_FROM_COORDINATES;TAXON_CONCEPT_ID_NOT_FOUND",,,,
"2119683278	4fa7b334-ce0d-4e88-aaae-2e0c138d049e	URN:catalog:CLO:EBIRD:OBS568040584	Animalia	Chordata	Aves	Passeriformes	Pycnonotidae	Pycnonotus	Pycnonotus leucotis		SPECIES	Pycnonotus leucotis (Gould"," 1836)	pycnonotus leucotis mesopotamia		IQ	Al Asad (restricted access)	Al Anbar	PRESENT	2	e2e717bf-551a-4917-bdc9-4fa0f342c530	33.725277	42.453056							2018-01-16	16	1	2018	4QMMS	4QMMS	HUMAN_OBSERVATION	CLO	EBIRD	OBS568040584				CC_BY_4_0		obsr1002665			2026-06-11T22:22:27.501Z		CONTINENT_DERIVED_FROM_COORDINATES;TAXON_CONCEPT_ID_NOT_FOUND",,,,
"2119608804	4fa7b334-ce0d-4e88-aaae-2e0c138d049e	URN:catalog:CLO:EBIRD:OBS585100752	Animalia	Chordata	Aves	Passeriformes	Pycnonotidae	Pycnonotus	Pycnonotus leucotis		SPECIES	Pycnonotus leucotis (Gould"," 1836)	pycnonotus leucotis mesopotamia		IQ	Joint Base Balad	Salah ad Din	PRESENT	5	e2e717bf-551a-4917-bdc9-4fa0f342c530	33.94051	44.36554							2018-03-06	6	3	2018	4QMMS	4QMMS	HUMAN_OBSERVATION	CLO	EBIRD	OBS585100752				CC_BY_4_0		obsr801879			2026-06-11T22:30:17.204Z		CONTINENT_DERIVED_FROM_COORDINATES;TAXON_CONCEPT_ID_NOT_FOUND",,,,
"2119361311	4fa7b334-ce0d-4e88-aaae-2e0c138d049e	URN:catalog:CLO:EBIRD:OBS584759474	Animalia	Chordata	Aves	Passeriformes	Pycnonotidae	Pycnonotus	Pycnonotus leucotis		SPECIES	Pycnonotus leucotis (Gould"," 1836)	pycnonotus leucotis mesopotamia		IQ	Joint Base Balad	Salah ad Din	PRESENT	2	e2e717bf-551a-4917-bdc9-4fa0f342c530	33.94051	44.36554							2018-02-23	23	2	2018	4QMMS	4QMMS	HUMAN_OBSERVATION	CLO	EBIRD	OBS584759474				CC_BY_4_0		obsr801879			2026-06-11T23:22:55.801Z		CONTINENT_DERIVED_FROM_COORDINATES;TAXON_CONCEPT_ID_NOT_FOUND",,,,
"2119284514	4fa7b334-ce0d-4e88-aaae-2e0c138d049e	URN:catalog:CLO:EBIRD:OBS556473916	Animalia	Chordata	Aves	Passeriformes	Pycnonotidae	Pycnonotus	Pycnonotus leucotis		SPECIES	Pycnonotus leucotis (Gould"," 1836)	pycnonotus leucotis mesopotamia		IQ	Joint Base Balad	Salah ad Din	PRESENT	2	e2e717bf-551a-4917-bdc9-4fa0f342c530	33.94051	44.36554							2017-12-12	12	12	2017	4QMMS	4QMMS	HUMAN_OBSERVATION	CLO	EBIRD	OBS556473916				CC_BY_4_0		obsr801879			2026-06-11T21:42:12.123Z		CONTINENT_DERIVED_FROM_COORDINATES;TAXON_CONCEPT_ID_NOT_FOUND",,,,
"2119275507	4fa7b334-ce0d-4e88-aaae-2e0c138d049e	URN:catalog:CLO:EBIRD:OBS567622357	Animalia	Chordata	Aves	Passeriformes	Pycnonotidae	Pycnonotus	Pycnonotus leucotis		SPECIES	Pycnonotus leucotis (Gould"," 1836)	pycnonotus leucotis mesopotamia		IQ	Al Asad (restricted access)	Al Anbar	PRESENT	1	e2e717bf-551a-4917-bdc9-4fa0f342c530	33.725277	42.453056							2018-01-14	14	1	2018	4QMMS	4QMMS	HUMAN_OBSERVATION	CLO	EBIRD	OBS567622357				CC_BY_4_0		obsr1002665			2026-06-11T22:20:52.732Z		CONTINENT_DERIVED_FROM_COORDINATES;TAXON_CONCEPT_ID_NOT_FOUND",,,,
"2119261793	4fa7b334-ce0d-4e88-aaae-2e0c138d049e	URN:catalog:CLO:EBIRD:OBS567622170	Animalia	Chordata	Aves	Passeriformes	Pycnonotidae	Pycnonotus	Pycnonotus leucotis		SPECIES	Pycnonotus leucotis (Gould"," 1836)	pycnonotus leucotis mesopotamia		IQ	Al Asad (restricted access)	Al Anbar	PRESENT	4	e2e717bf-551a-4917-bdc9-4fa0f342c530	33.725277	42.453056							2018-01-13	13	1	2018	4QMMS	4QMMS	HUMAN_OBSERVATION	CLO	EBIRD	OBS567622170				CC_BY_4_0		obsr1002665			2026-06-11T22:21:57.256Z		CONTINENT_DERIVED_FROM_COORDINATES;TAXON_CONCEPT_ID_NOT_FOUND",,,,
"2119067108	4fa7b334-ce0d-4e88-aaae-2e0c138d049e	URN:catalog:CLO:EBIRD:OBS565684674	Animalia	Chordata	Aves	Passeriformes	Pycnonotidae	Pycnonotus	Pycnonotus leucotis		SPECIES	Pycnonotus leucotis (Gould"," 1836)	pycnonotus leucotis mesopotamia		IQ	Joint Base Balad	Salah ad Din	PRESENT	9	e2e717bf-551a-4917-bdc9-4fa0f342c530	33.94051	44.36554							2018-01-09	9	1	2018	4QMMS	4QMMS	HUMAN_OBSERVATION	CLO	EBIRD	OBS565684674				CC_BY_4_0		obsr801879			2026-06-11T22:00:37.097Z		CONTINENT_DERIVED_FROM_COORDINATES;TAXON_CONCEPT_ID_NOT_FOUND",,,,
"2119021354	4fa7b334-ce0d-4e88-aaae-2e0c138d049e	URN:catalog:CLO:EBIRD:OBS567340305	Animalia	Chordata	Aves	Passeriformes	Pycnonotidae	Pycnonotus	Pycnonotus leucotis		SPECIES	Pycnonotus leucotis (Gould"," 1836)	pycnonotus leucotis mesopotamia		IQ	Mosul Dam area	Ninawá	PRESENT	10	e2e717bf-551a-4917-bdc9-4fa0f342c530	36.609165	42.839203							2018-01-14	14	1	2018	4QMMS	4QMMS	HUMAN_OBSERVATION	CLO	EBIRD	OBS567340305				CC_BY_4_0		obsr904739			2026-06-11T21:57:07.142Z		CONTINENT_DERIVED_FROM_COORDINATES;TAXON_CONCEPT_ID_NOT_FOUND",,,,
"2119007037	4fa7b334-ce0d-4e88-aaae-2e0c138d049e	URN:catalog:CLO:EBIRD:OBS565644000	Animalia	Chordata	Aves	Passeriformes	Pycnonotidae	Pycnonotus	Pycnonotus leucotis		SPECIES	Pycnonotus leucotis (Gould"," 1836)	pycnonotus leucotis mesopotamia		IQ	Al Asad (restricted access)	Al Anbar	PRESENT	1	e2e717bf-551a-4917-bdc9-4fa0f342c530	33.725277	42.453056							2018-01-09	9	1	2018	4QMMS	4QMMS	HUMAN_OBSERVATION	CLO	EBIRD	OBS565644000				CC_BY_4_0		obsr919476			2026-06-12T00:13:02.847Z		CONTINENT_DERIVED_FROM_COORDINATES;TAXON_CONCEPT_ID_NOT_FOUND",,,,
"2118943374	4fa7b334-ce0d-4e88-aaae-2e0c138d049e	URN:catalog:CLO:EBIRD:OBS567242232	Animalia	Chordata	Aves	Passeriformes	Pycnonotidae	Pycnonotus	Pycnonotus leucotis		SPECIES	Pycnonotus leucotis (Gould"," 1836)	pycnonotus leucotis mesopotamia		IQ	Al Asad (restricted access)	Al Anbar	PRESENT	2	e2e717bf-551a-4917-bdc9-4fa0f342c530	33.725277	42.453056							2018-01-14	14	1	2018	4QMMS	4QMMS	HUMAN_OBSERVATION	CLO	EBIRD	OBS567242232				CC_BY_4_0		obsr919476			2026-06-11T23:34:51.052Z		CONTINENT_DERIVED_FROM_COORDINATES;TAXON_CONCEPT_ID_NOT_FOUND",,,,
"2118906471	4fa7b334-ce0d-4e88-aaae-2e0c138d049e	URN:catalog:CLO:EBIRD:OBS567206235	Animalia	Chordata	Aves	Passeriformes	Pycnonotidae	Pycnonotus	Pycnonotus leucotis		SPECIES	Pycnonotus leucotis (Gould"," 1836)	pycnonotus leucotis mesopotamia		IQ	Al Asad (restricted access)	Al Anbar	PRESENT	1	e2e717bf-551a-4917-bdc9-4fa0f342c530	33.725277	42.453056							2018-01-14	14	1	2018	4QMMS	4QMMS	HUMAN_OBSERVATION	CLO	EBIRD	OBS567206235				CC_BY_4_0		obsr919476			2026-06-11T22:00:34.170Z		CONTINENT_DERIVED_FROM_COORDINATES;TAXON_CONCEPT_ID_NOT_FOUND",,,,
"2118544145	4fa7b334-ce0d-4e88-aaae-2e0c138d049e	URN:catalog:CLO:EBIRD:OBS583913050	Animalia	Chordata	Aves	Passeriformes	Pycnonotidae	Pycnonotus	Pycnonotus leucotis		SPECIES	Pycnonotus leucotis (Gould"," 1836)	pycnonotus leucotis mesopotamia		IQ	Hawari Shar	As Sulaymaniyah	PRESENT	5	e2e717bf-551a-4917-bdc9-4fa0f342c530	35.611534	45.425804							2018-03-03	3	3	2018	4QMMS	4QMMS	HUMAN_OBSERVATION	CLO	EBIRD	OBS583913050				CC_BY_4_0		obsr843990			2026-06-12T00:02:24.446Z		CONTINENT_DERIVED_FROM_COORDINATES;TAXON_CONCEPT_ID_NOT_FOUND",,,,
"2118285454	4fa7b334-ce0d-4e88-aaae-2e0c138d049e	URN:catalog:CLO:EBIRD:OBS566513363	Animalia	Chordata	Aves	Passeriformes	Pycnonotidae	Pycnonotus	Pycnonotus leucotis		SPECIES	Pycnonotus leucotis (Gould"," 1836)	pycnonotus leucotis mesopotamia		IQ	Joint Base Balad	Salah ad Din	PRESENT	1	e2e717bf-551a-4917-bdc9-4fa0f342c530	33.94051	44.36554							2018-01-12	12	1	2018	4QMMS	4QMMS	HUMAN_OBSERVATION	CLO	EBIRD	OBS566513363				CC_BY_4_0		obsr801879			2026-06-11T22:01:00.671Z		CONTINENT_DERIVED_FROM_COORDINATES;TAXON_CONCEPT_ID_NOT_FOUND",,,,
"2118013753	4fa7b334-ce0d-4e88-aaae-2e0c138d049e	URN:catalog:CLO:EBIRD:OBS566236638	Animalia	Chordata	Aves	Passeriformes	Pycnonotidae	Pycnonotus	Pycnonotus leucotis		SPECIES	Pycnonotus leucotis (Gould"," 1836)	pycnonotus leucotis mesopotamia		IQ	Al Asad (restricted access)	Al Anbar	PRESENT	4	e2e717bf-551a-4917-bdc9-4fa0f342c530	33.725277	42.453056							2018-01-11	11	1	2018	4QMMS	4QMMS	HUMAN_OBSERVATION	CLO	EBIRD	OBS566236638				CC_BY_4_0		obsr919476			2026-06-12T00:37:44.265Z		CONTINENT_DERIVED_FROM_COORDINATES;TAXON_CONCEPT_ID_NOT_FOUND",,,,
"2117536278	4fa7b334-ce0d-4e88-aaae-2e0c138d049e	URN:catalog:CLO:EBIRD:OBS563904316	Animalia	Chordata	Aves	Passeriformes	Pycnonotidae	Pycnonotus	Pycnonotus leucotis		SPECIES	Pycnonotus leucotis (Gould"," 1836)	pycnonotus leucotis mesopotamia		IQ	Al Asad (restricted access)	Al Anbar	PRESENT	2	e2e717bf-551a-4917-bdc9-4fa0f342c530	33.725277	42.453056							2018-01-04	4	1	2018	4QMMS	4QMMS	HUMAN_OBSERVATION	CLO	EBIRD	OBS563904316				CC_BY_4_0		obsr919476			2026-06-11T23:18:51.583Z		CONTINENT_DERIVED_FROM_COORDINATES;TAXON_CONCEPT_ID_NOT_FOUND",,,,
"2117508205	4fa7b334-ce0d-4e88-aaae-2e0c138d049e	URN:catalog:CLO:EBIRD:OBS565642903	Animalia	Chordata	Aves	Passeriformes	Pycnonotidae	Pycnonotus	Pycnonotus leucotis		SPECIES	Pycnonotus leucotis (Gould"," 1836)	pycnonotus leucotis mesopotamia		IQ	Joint Base Balad	Salah ad Din	PRESENT	2	e2e717bf-551a-4917-bdc9-4fa0f342c530	33.94051	44.36554							2018-01-09	9	1	2018	4QMMS	4QMMS	HUMAN_OBSERVATION	CLO	EBIRD	OBS565642903				CC_BY_4_0		obsr801879			2026-06-11T23:39:15.061Z		CONTINENT_DERIVED_FROM_COORDINATES;TAXON_CONCEPT_ID_NOT_FOUND",,,,
"2116865219	4fa7b334-ce0d-4e88-aaae-2e0c138d049e	URN:catalog:CLO:EBIRD:OBS581835475	Animalia	Chordata	Aves	Passeriformes	Pycnonotidae	Pycnonotus	Pycnonotus leucotis		SPECIES	Pycnonotus leucotis (Gould"," 1836)	pycnonotus leucotis mesopotamia		IQ	Joint Base Balad	Salah ad Din	PRESENT	1	e2e717bf-551a-4917-bdc9-4fa0f342c530	33.94051	44.36554							2018-02-23	23	2	2018	4QMMS	4QMMS	HUMAN_OBSERVATION	CLO	EBIRD	OBS581835475				CC_BY_4_0		obsr801879			2026-06-11T23:16:43.975Z		CONTINENT_DERIVED_FROM_COORDINATES;TAXON_CONCEPT_ID_NOT_FOUND",,,,
"2116644364	4fa7b334-ce0d-4e88-aaae-2e0c138d049e	URN:catalog:CLO:EBIRD:OBS564555139	Animalia	Chordata	Aves	Passeriformes	Pycnonotidae	Pycnonotus	Pycnonotus leucotis		SPECIES	Pycnonotus leucotis (Gould"," 1836)	pycnonotus leucotis mesopotamia		IQ	Hawari Shar	As Sulaymaniyah	PRESENT	2	e2e717bf-551a-4917-bdc9-4fa0f342c530	35.611534	45.425804							2018-01-06	6	1	2018	4QMMS	4QMMS	HUMAN_OBSERVATION	CLO	EBIRD	OBS564555139				CC_BY_4_0		obsr843990			2026-06-11T22:39:53.470Z		CONTINENT_DERIVED_FROM_COORDINATES;TAXON_CONCEPT_ID_NOT_FOUND",,,,
"2116291105	4fa7b334-ce0d-4e88-aaae-2e0c138d049e	URN:catalog:CLO:EBIRD:OBS581165185	Animalia	Chordata	Aves	Passeriformes	Pycnonotidae	Pycnonotus	Pycnonotus leucotis		SPECIES	Pycnonotus leucotis (Gould"," 1836)	pycnonotus leucotis mesopotamia		IQ	Joint Base Balad	Salah ad Din	PRESENT	2	e2e717bf-551a-4917-bdc9-4fa0f342c530	33.94051	44.36554							2018-02-23	23	2	2018	4QMMS	4QMMS	HUMAN_OBSERVATION	CLO	EBIRD	OBS581165185				CC_BY_4_0		obsr801879			2026-06-11T22:14:00.374Z		CONTINENT_DERIVED_FROM_COORDINATES;TAXON_CONCEPT_ID_NOT_FOUND",,,,
"2114586135	4fa7b334-ce0d-4e88-aaae-2e0c138d049e	URN:catalog:CLO:EBIRD:OBS561748156	Animalia	Chordata	Aves	Passeriformes	Pycnonotidae	Pycnonotus	Pycnonotus leucotis		SPECIES	Pycnonotus leucotis (Gould"," 1836)	pycnonotus leucotis mesopotamia		IQ	Al Asad (restricted access)	Al Anbar	PRESENT	8	e2e717bf-551a-4917-bdc9-4fa0f342c530	33.725277	42.453056							2017-12-30	30	12	2017	4QMMS	4QMMS	HUMAN_OBSERVATION	CLO	EBIRD	OBS561748156				CC_BY_4_0		obsr919476			2026-06-11T23:37:25.539Z		CONTINENT_DERIVED_FROM_COORDINATES;TAXON_CONCEPT_ID_NOT_FOUND",,,,
"2113183863	4fa7b334-ce0d-4e88-aaae-2e0c138d049e	URN:catalog:CLO:EBIRD:OBS549574239	Animalia	Chordata	Aves	Passeriformes	Pycnonotidae	Pycnonotus	Pycnonotus leucotis		SPECIES	Pycnonotus leucotis (Gould"," 1836)	pycnonotus leucotis mesopotamia		IQ	Joint Base Balad	Salah ad Din	PRESENT	1	e2e717bf-551a-4917-bdc9-4fa0f342c530	33.94051	44.36554							2017-11-14	14	11	2017	4QMMS	4QMMS	HUMAN_OBSERVATION	CLO	EBIRD	OBS549574239				CC_BY_4_0		obsr801879			2026-06-12T00:43:28.950Z		CONTINENT_DERIVED_FROM_COORDINATES;TAXON_CONCEPT_ID_NOT_FOUND",,,,
"2112993093	4fa7b334-ce0d-4e88-aaae-2e0c138d049e	URN:catalog:CLO:EBIRD:OBS549316324	Animalia	Chordata	Aves	Passeriformes	Pycnonotidae	Pycnonotus	Pycnonotus leucotis		SPECIES	Pycnonotus leucotis (Gould"," 1836)	pycnonotus leucotis mesopotamia		IQ	Joint Base Balad	Salah ad Din	PRESENT	8	e2e717bf-551a-4917-bdc9-4fa0f342c530	33.94051	44.36554							2017-11-14	14	11	2017	4QMMS	4QMMS	HUMAN_OBSERVATION	CLO	EBIRD	OBS549316324				CC_BY_4_0		obsr801879			2026-06-11T23:20:10.701Z		CONTINENT_DERIVED_FROM_COORDINATES;TAXON_CONCEPT_ID_NOT_FOUND",,,,
"2112312809	4fa7b334-ce0d-4e88-aaae-2e0c138d049e	URN:catalog:CLO:EBIRD:OBS558311419	Animalia	Chordata	Aves	Passeriformes	Pycnonotidae	Pycnonotus	Pycnonotus leucotis		SPECIES	Pycnonotus leucotis (Gould"," 1836)	pycnonotus leucotis mesopotamia		IQ	Joint Base Balad	Salah ad Din	PRESENT	9	e2e717bf-551a-4917-bdc9-4fa0f342c530	33.94051	44.36554							2017-12-18	18	12	2017	4QMMS	4QMMS	HUMAN_OBSERVATION	CLO	EBIRD	OBS558311419				CC_BY_4_0		obsr801879			2026-06-11T22:22:44.387Z		CONTINENT_DERIVED_FROM_COORDINATES;TAXON_CONCEPT_ID_NOT_FOUND",,,,
"2112093012	4fa7b334-ce0d-4e88-aaae-2e0c138d049e	URN:catalog:CLO:EBIRD:OBS575820266	Animalia	Chordata	Aves	Passeriformes	Pycnonotidae	Pycnonotus	Pycnonotus leucotis		SPECIES	Pycnonotus leucotis (Gould"," 1836)	pycnonotus leucotis mesopotamia		IQ	Joint Base Balad	Salah ad Din	PRESENT	3	e2e717bf-551a-4917-bdc9-4fa0f342c530	33.94051	44.36554							2018-02-09	9	2	2018	4QMMS	4QMMS	HUMAN_OBSERVATION	CLO	EBIRD	OBS575820266				CC_BY_4_0		obsr801879			2026-06-11T23:19:15.680Z		CONTINENT_DERIVED_FROM_COORDINATES;TAXON_CONCEPT_ID_NOT_FOUND",,,,
"2111249035	4fa7b334-ce0d-4e88-aaae-2e0c138d049e	URN:catalog:CLO:EBIRD:OBS574801978	Animalia	Chordata	Aves	Passeriformes	Pycnonotidae	Pycnonotus	Pycnonotus leucotis		SPECIES	Pycnonotus leucotis (Gould"," 1836)	pycnonotus leucotis mesopotamia		IQ	Joint Base Balad	Salah ad Din	PRESENT	2	e2e717bf-551a-4917-bdc9-4fa0f342c530	33.94051	44.36554							2018-02-06	6	2	2018	4QMMS	4QMMS	HUMAN_OBSERVATION	CLO	EBIRD	OBS574801978				CC_BY_4_0		obsr801879			2026-06-12T00:17:42.528Z		CONTINENT_DERIVED_FROM_COORDINATES;TAXON_CONCEPT_ID_NOT_FOUND",,,,
"2110648328	4fa7b334-ce0d-4e88-aaae-2e0c138d049e	URN:catalog:CLO:EBIRD:OBS547014750	Animalia	Chordata	Aves	Passeriformes	Pycnonotidae	Pycnonotus	Pycnonotus leucotis		SPECIES	Pycnonotus leucotis (Gould"," 1836)	pycnonotus leucotis mesopotamia		IQ	Al Asad (restricted access)	Al Anbar	PRESENT	2	e2e717bf-551a-4917-bdc9-4fa0f342c530	33.725277	42.453056							2017-11-05	5	11	2017	4QMMS	4QMMS	HUMAN_OBSERVATION	CLO	EBIRD	OBS547014750				CC_BY_4_0		obsr919476			2026-06-11T23:26:54.793Z		CONTINENT_DERIVED_FROM_COORDINATES;TAXON_CONCEPT_ID_NOT_FOUND",,,,
"2109958531	4fa7b334-ce0d-4e88-aaae-2e0c138d049e	URN:catalog:CLO:EBIRD:OBS555431814	Animalia	Chordata	Aves	Passeriformes	Pycnonotidae	Pycnonotus	Pycnonotus leucotis		SPECIES	Pycnonotus leucotis (Gould"," 1836)	pycnonotus leucotis mesopotamia		IQ	Qamtaran--bridge and river	As Sulaymaniyah	PRESENT	1	e2e717bf-551a-4917-bdc9-4fa0f342c530	36.150627	44.743							2017-12-01	1	12	2017	4QMMS	4QMMS	HUMAN_OBSERVATION	CLO	EBIRD	OBS555431814				CC_BY_4_0		obsr453249			2026-06-12T00:37:58.742Z		CONTINENT_DERIVED_FROM_COORDINATES;TAXON_CONCEPT_ID_NOT_FOUND",,,,
"2108960793	4fa7b334-ce0d-4e88-aaae-2e0c138d049e	URN:catalog:CLO:EBIRD:OBS554785307	Animalia	Chordata	Aves	Passeriformes	Pycnonotidae	Pycnonotus	Pycnonotus leucotis		SPECIES	Pycnonotus leucotis (Gould"," 1836)	pycnonotus leucotis mesopotamia		IQ	Joint Base Balad	Salah ad Din	PRESENT	1	e2e717bf-551a-4917-bdc9-4fa0f342c530	33.94051	44.36554							2017-12-05	5	12	2017	4QMMS	4QMMS	HUMAN_OBSERVATION	CLO	EBIRD	OBS554785307				CC_BY_4_0		obsr801879			2026-06-11T23:00:55.342Z		CONTINENT_DERIVED_FROM_COORDINATES;TAXON_CONCEPT_ID_NOT_FOUND",,,,
"2108761062	4fa7b334-ce0d-4e88-aaae-2e0c138d049e	URN:catalog:CLO:EBIRD:OBS553678737	Animalia	Chordata	Aves	Passeriformes	Pycnonotidae	Pycnonotus	Pycnonotus leucotis		SPECIES	Pycnonotus leucotis (Gould"," 1836)	pycnonotus leucotis mesopotamia		IQ	Qamtaran--bridge and river	As Sulaymaniyah	PRESENT	1	e2e717bf-551a-4917-bdc9-4fa0f342c530	36.150627	44.743							2017-12-01	1	12	2017	4QMMS	4QMMS	HUMAN_OBSERVATION	CLO	EBIRD	OBS553678737				CC_BY_4_0		obsr843990			2026-06-11T22:14:04.068Z		CONTINENT_DERIVED_FROM_COORDINATES;TAXON_CONCEPT_ID_NOT_FOUND",,,,
"2108708613	4fa7b334-ce0d-4e88-aaae-2e0c138d049e	URN:catalog:CLO:EBIRD:OBS553638862	Animalia	Chordata	Aves	Passeriformes	Pycnonotidae	Pycnonotus	Pycnonotus leucotis		SPECIES	Pycnonotus leucotis (Gould"," 1836)	pycnonotus leucotis mesopotamia		IQ	Joint Base Balad	Salah ad Din	PRESENT	1	e2e717bf-551a-4917-bdc9-4fa0f342c530	33.94051	44.36554							2017-10-16	16	10	2017	4QMMS	4QMMS	HUMAN_OBSERVATION	CLO	EBIRD	OBS553638862				CC_BY_4_0		obsr801879			2026-06-12T00:37:24.222Z		CONTINENT_DERIVED_FROM_COORDINATES;TAXON_CONCEPT_ID_NOT_FOUND",,,,
"2108486305	4fa7b334-ce0d-4e88-aaae-2e0c138d049e	URN:catalog:CLO:EBIRD:OBS553431827	Animalia	Chordata	Aves	Passeriformes	Pycnonotidae	Pycnonotus	Pycnonotus leucotis		SPECIES	Pycnonotus leucotis (Gould"," 1836)	pycnonotus leucotis mesopotamia		IQ	Joint Base Balad	Salah ad Din	PRESENT	6	e2e717bf-551a-4917-bdc9-4fa0f342c530	33.94051	44.36554							2017-11-28	28	11	2017	4QMMS	4QMMS	HUMAN_OBSERVATION	CLO	EBIRD	OBS553431827				CC_BY_4_0		obsr801879			2026-06-11T22:58:01.541Z		CONTINENT_DERIVED_FROM_COORDINATES;TAXON_CONCEPT_ID_NOT_FOUND",,,,
"2108239519	4fa7b334-ce0d-4e88-aaae-2e0c138d049e	URN:catalog:CLO:EBIRD:OBS571235029	Animalia	Chordata	Aves	Passeriformes	Pycnonotidae	Pycnonotus	Pycnonotus leucotis		SPECIES	Pycnonotus leucotis (Gould"," 1836)	pycnonotus leucotis mesopotamia		IQ	Hawari Shar	As Sulaymaniyah	PRESENT	5	e2e717bf-551a-4917-bdc9-4fa0f342c530	35.611534	45.425804							2018-01-26	26	1	2018	4QMMS	4QMMS	HUMAN_OBSERVATION	CLO	EBIRD	OBS571235029				CC_BY_4_0		obsr843990			2026-06-12T00:30:58.288Z		CONTINENT_DERIVED_FROM_COORDINATES;TAXON_CONCEPT_ID_NOT_FOUND",,,,
"2108231521	4fa7b334-ce0d-4e88-aaae-2e0c138d049e	URN:catalog:CLO:EBIRD:OBS544625613	Animalia	Chordata	Aves	Passeriformes	Pycnonotidae	Pycnonotus	Pycnonotus leucotis		SPECIES	Pycnonotus leucotis (Gould"," 1836)	pycnonotus leucotis mesopotamia		IQ	Joint Base Balad	Salah ad Din	PRESENT	1	e2e717bf-551a-4917-bdc9-4fa0f342c530	33.94051	44.36554							2017-10-27	27	10	2017	4QMMS	4QMMS	HUMAN_OBSERVATION	CLO	EBIRD	OBS544625613				CC_BY_4_0		obsr801879			2026-06-11T23:34:03.542Z		CONTINENT_DERIVED_FROM_COORDINATES;TAXON_CONCEPT_ID_NOT_FOUND",,,,
"2108218462	4fa7b334-ce0d-4e88-aaae-2e0c138d049e	URN:catalog:CLO:EBIRD:OBS553638845	Animalia	Chordata	Aves	Passeriformes	Pycnonotidae	Pycnonotus	Pycnonotus leucotis		SPECIES	Pycnonotus leucotis (Gould"," 1836)	pycnonotus leucotis mesopotamia		IQ	Joint Base Balad	Salah ad Din	PRESENT	1	e2e717bf-551a-4917-bdc9-4fa0f342c530	33.94051	44.36554							2017-10-15	15	10	2017	4QMMS	4QMMS	HUMAN_OBSERVATION	CLO	EBIRD	OBS553638845				CC_BY_4_0		obsr801879			2026-06-11T23:02:50.265Z		CONTINENT_DERIVED_FROM_COORDINATES;TAXON_CONCEPT_ID_NOT_FOUND",,,,
"2108214523	4fa7b334-ce0d-4e88-aaae-2e0c138d049e	URN:catalog:CLO:EBIRD:OBS553638569	Animalia	Chordata	Aves	Passeriformes	Pycnonotidae	Pycnonotus	Pycnonotus leucotis		SPECIES	Pycnonotus leucotis (Gould"," 1836)	pycnonotus leucotis mesopotamia		IQ	Joint Base Balad	Salah ad Din	PRESENT	1	e2e717bf-551a-4917-bdc9-4fa0f342c530	33.94051	44.36554							2017-10-26	26	10	2017	4QMMS	4QMMS	HUMAN_OBSERVATION	CLO	EBIRD	OBS553638569				CC_BY_4_0		obsr801879			2026-06-11T23:00:04.426Z		CONTINENT_DERIVED_FROM_COORDINATES;TAXON_CONCEPT_ID_NOT_FOUND",,,,
"2107520262	4fa7b334-ce0d-4e88-aaae-2e0c138d049e	URN:catalog:CLO:EBIRD:OBS570391700	Animalia	Chordata	Aves	Passeriformes	Pycnonotidae	Pycnonotus	Pycnonotus leucotis		SPECIES	Pycnonotus leucotis (Gould"," 1836)	pycnonotus leucotis mesopotamia		IQ	Joint Base Balad	Salah ad Din	PRESENT	4	e2e717bf-551a-4917-bdc9-4fa0f342c530	33.94051	44.36554							2018-01-23	23	1	2018	4QMMS	4QMMS	HUMAN_OBSERVATION	CLO	EBIRD	OBS570391700				CC_BY_4_0		obsr801879			2026-06-11T22:43:59.038Z		CONTINENT_DERIVED_FROM_COORDINATES;TAXON_CONCEPT_ID_NOT_FOUND",,,,
"2106748219	4fa7b334-ce0d-4e88-aaae-2e0c138d049e	URN:catalog:CLO:EBIRD:OBS551846248	Animalia	Chordata	Aves	Passeriformes	Pycnonotidae	Pycnonotus	Pycnonotus leucotis		SPECIES	Pycnonotus leucotis (Gould"," 1836)	pycnonotus leucotis mesopotamia		IQ	Hawari Shar	As Sulaymaniyah	PRESENT	6	e2e717bf-551a-4917-bdc9-4fa0f342c530	35.611534	45.425804							2017-11-24	24	11	2017	4QMMS	4QMMS	HUMAN_OBSERVATION	CLO	EBIRD	OBS551846248				CC_BY_4_0		obsr843990			2026-06-11T22:30:15.649Z		CONTINENT_DERIVED_FROM_COORDINATES;TAXON_CONCEPT_ID_NOT_FOUND",,,,
"2105713369	4fa7b334-ce0d-4e88-aaae-2e0c138d049e	URN:catalog:CLO:EBIRD:OBS568072781	Animalia	Chordata	Aves	Passeriformes	Pycnonotidae	Pycnonotus	Pycnonotus leucotis		SPECIES	Pycnonotus leucotis (Gould"," 1836)	pycnonotus leucotis mesopotamia		IQ	Joint Base Balad	Salah ad Din	PRESENT	2	e2e717bf-551a-4917-bdc9-4fa0f342c530	33.94051	44.36554							2018-01-16	16	1	2018	4QMMS	4QMMS	HUMAN_OBSERVATION	CLO	EBIRD	OBS568072781				CC_BY_4_0		obsr801879			2026-06-11T22:58:58.088Z		CONTINENT_DERIVED_FROM_COORDINATES;TAXON_CONCEPT_ID_NOT_FOUND",,,,
"2105674857	4fa7b334-ce0d-4e88-aaae-2e0c138d049e	URN:catalog:CLO:EBIRD:OBS568034979	Animalia	Chordata	Aves	Passeriformes	Pycnonotidae	Pycnonotus	Pycnonotus leucotis		SPECIES	Pycnonotus leucotis (Gould"," 1836)	pycnonotus leucotis mesopotamia		IQ	Al Asad (restricted access)	Al Anbar	PRESENT	2	e2e717bf-551a-4917-bdc9-4fa0f342c530	33.725277	42.453056							2018-01-16	16	1	2018	4QMMS	4QMMS	HUMAN_OBSERVATION	CLO	EBIRD	OBS568034979				CC_BY_4_0		obsr919476			2026-06-11T22:15:07.187Z		CONTINENT_DERIVED_FROM_COORDINATES;TAXON_CONCEPT_ID_NOT_FOUND",,,,
"2105026817	4fa7b334-ce0d-4e88-aaae-2e0c138d049e	URN:catalog:CLO:EBIRD:OBS566810242	Animalia	Chordata	Aves	Passeriformes	Pycnonotidae	Pycnonotus	Pycnonotus leucotis		SPECIES	Pycnonotus leucotis (Gould"," 1836)	pycnonotus leucotis mesopotamia		IQ	Al Asad (restricted access)	Al Anbar	PRESENT	1	e2e717bf-551a-4917-bdc9-4fa0f342c530	33.725277	42.453056							2018-01-13	13	1	2018	4QMMS	4QMMS	HUMAN_OBSERVATION	CLO	EBIRD	OBS566810242				CC_BY_4_0		obsr919476			2026-06-11T23:18:38.514Z		CONTINENT_DERIVED_FROM_COORDINATES;TAXON_CONCEPT_ID_NOT_FOUND",,,,
"2103959681	4fa7b334-ce0d-4e88-aaae-2e0c138d049e	URN:catalog:CLO:EBIRD:OBS547580536	Animalia	Chordata	Aves	Passeriformes	Pycnonotidae	Pycnonotus	Pycnonotus leucotis		SPECIES	Pycnonotus leucotis (Gould"," 1836)	pycnonotus leucotis mesopotamia		IQ	Joint Base Balad	Salah ad Din	PRESENT	7	e2e717bf-551a-4917-bdc9-4fa0f342c530	33.94051	44.36554							2017-11-07	7	11	2017	4QMMS	4QMMS	HUMAN_OBSERVATION	CLO	EBIRD	OBS547580536				CC_BY_4_0		obsr801879			2026-06-11T23:39:02.784Z		CONTINENT_DERIVED_FROM_COORDINATES;TAXON_CONCEPT_ID_NOT_FOUND",,,,
"2103959027	4fa7b334-ce0d-4e88-aaae-2e0c138d049e	URN:catalog:CLO:EBIRD:OBS547579473	Animalia	Chordata	Aves	Passeriformes	Pycnonotidae	Pycnonotus	Pycnonotus leucotis		SPECIES	Pycnonotus leucotis (Gould"," 1836)	pycnonotus leucotis mesopotamia		IQ	Joint Base Balad	Salah ad Din	PRESENT	2	e2e717bf-551a-4917-bdc9-4fa0f342c530	33.94051	44.36554							2017-11-07	7	11	2017	4QMMS	4QMMS	HUMAN_OBSERVATION	CLO	EBIRD	OBS547579473				CC_BY_4_0		obsr801879			2026-06-11T23:02:45.796Z		CONTINENT_DERIVED_FROM_COORDINATES;TAXON_CONCEPT_ID_NOT_FOUND",,,,
"2103394655	4fa7b334-ce0d-4e88-aaae-2e0c138d049e	URN:catalog:CLO:EBIRD:OBS564111702	Animalia	Chordata	Aves	Passeriformes	Pycnonotidae	Pycnonotus	Pycnonotus leucotis		SPECIES	Pycnonotus leucotis (Gould"," 1836)	pycnonotus leucotis mesopotamia		IQ	Al Asad (restricted access)	Al Anbar	PRESENT	5	e2e717bf-551a-4917-bdc9-4fa0f342c530	33.725277	42.453056							2018-01-05	5	1	2018	4QMMS	4QMMS	HUMAN_OBSERVATION	CLO	EBIRD	OBS564111702				CC_BY_4_0		obsr919476			2026-06-11T21:41:20.242Z		CONTINENT_DERIVED_FROM_COORDINATES;TAXON_CONCEPT_ID_NOT_FOUND",,,,
"2102362616	4fa7b334-ce0d-4e88-aaae-2e0c138d049e	URN:catalog:CLO:EBIRD:OBS537625591	Animalia	Chordata	Aves	Passeriformes	Pycnonotidae	Pycnonotus	Pycnonotus leucotis		SPECIES	Pycnonotus leucotis (Gould"," 1836)	pycnonotus leucotis mesopotamia		IQ	Joint Base Balad	Salah ad Din	PRESENT	12	e2e717bf-551a-4917-bdc9-4fa0f342c530	33.94051	44.36554							2017-10-02	2	10	2017	4QMMS	4QMMS	HUMAN_OBSERVATION	CLO	EBIRD	OBS537625591				CC_BY_4_0		obsr801879			2026-06-11T23:02:20.739Z		CONTINENT_DERIVED_FROM_COORDINATES;TAXON_CONCEPT_ID_NOT_FOUND",,,,
"2102175839	4fa7b334-ce0d-4e88-aaae-2e0c138d049e	URN:catalog:CLO:EBIRD:OBS537369050	Animalia	Chordata	Aves	Passeriformes	Pycnonotidae	Pycnonotus	Pycnonotus leucotis		SPECIES	Pycnonotus leucotis (Gould"," 1836)	pycnonotus leucotis mesopotamia		IQ	Al Asad (restricted access)	Al Anbar	PRESENT	2	e2e717bf-551a-4917-bdc9-4fa0f342c530	33.725277	42.453056							2017-10-01	1	10	2017	4QMMS	4QMMS	HUMAN_OBSERVATION	CLO	EBIRD	OBS537369050				CC_BY_4_0		obsr919476			2026-06-11T23:16:27.250Z		CONTINENT_DERIVED_FROM_COORDINATES;TAXON_CONCEPT_ID_NOT_FOUND",,,,
"2102015568	4fa7b334-ce0d-4e88-aaae-2e0c138d049e	URN:catalog:CLO:EBIRD:OBS537094102	Animalia	Chordata	Aves	Passeriformes	Pycnonotidae	Pycnonotus	Pycnonotus leucotis		SPECIES	Pycnonotus leucotis (Gould"," 1836)	pycnonotus leucotis mesopotamia		IQ	Al Asad (restricted access)	Al Anbar	PRESENT	2	e2e717bf-551a-4917-bdc9-4fa0f342c530	33.725277	42.453056							2017-09-30	30	9	2017	4QMMS	4QMMS	HUMAN_OBSERVATION	CLO	EBIRD	OBS537094102				CC_BY_4_0		obsr919476			2026-06-11T22:59:02.353Z		CONTINENT_DERIVED_FROM_COORDINATES;TAXON_CONCEPT_ID_NOT_FOUND",,,,
"2101774273	4fa7b334-ce0d-4e88-aaae-2e0c138d049e	URN:catalog:CLO:EBIRD:OBS536688356	Animalia	Chordata	Aves	Passeriformes	Pycnonotidae	Pycnonotus	Pycnonotus leucotis		SPECIES	Pycnonotus leucotis (Gould"," 1836)	pycnonotus leucotis mesopotamia		IQ	Al Asad (restricted access)	Al Anbar	PRESENT	9	e2e717bf-551a-4917-bdc9-4fa0f342c530	33.725277	42.453056							2017-09-28	28	9	2017	4QMMS	4QMMS	HUMAN_OBSERVATION	CLO	EBIRD	OBS536688356				CC_BY_4_0		obsr919476			2026-06-11T21:41:18.710Z		CONTINENT_DERIVED_FROM_COORDINATES;TAXON_CONCEPT_ID_NOT_FOUND",,,,
"2101536150	4fa7b334-ce0d-4e88-aaae-2e0c138d049e	URN:catalog:CLO:EBIRD:OBS545729727	Animalia	Chordata	Aves	Passeriformes	Pycnonotidae	Pycnonotus	Pycnonotus leucotis		SPECIES	Pycnonotus leucotis (Gould"," 1836)	pycnonotus leucotis mesopotamia		IQ	Joint Base Balad	Salah ad Din	PRESENT	15	e2e717bf-551a-4917-bdc9-4fa0f342c530	33.94051	44.36554							2017-10-31	31	10	2017	4QMMS	4QMMS	HUMAN_OBSERVATION	CLO	EBIRD	OBS545729727				CC_BY_4_0		obsr801879			2026-06-12T00:11:19.358Z		CONTINENT_DERIVED_FROM_COORDINATES;TAXON_CONCEPT_ID_NOT_FOUND",,,,
"2101193591	4fa7b334-ce0d-4e88-aaae-2e0c138d049e	URN:catalog:CLO:EBIRD:OBS535673067	Animalia	Chordata	Aves	Passeriformes	Pycnonotidae	Pycnonotus	Pycnonotus leucotis		SPECIES	Pycnonotus leucotis (Gould"," 1836)	pycnonotus leucotis mesopotamia		IQ	Joint Base Balad	Salah ad Din	PRESENT	7	e2e717bf-551a-4917-bdc9-4fa0f342c530	33.94051	44.36554							2017-09-25	25	9	2017	4QMMS	4QMMS	HUMAN_OBSERVATION	CLO	EBIRD	OBS535673067				CC_BY_4_0		obsr801879			2026-06-11T23:04:26.331Z		CONTINENT_DERIVED_FROM_COORDINATES;TAXON_CONCEPT_ID_NOT_FOUND",,,,
"2097898449	4fa7b334-ce0d-4e88-aaae-2e0c138d049e	URN:catalog:CLO:EBIRD:OBS539911744	Animalia	Chordata	Aves	Passeriformes	Pycnonotidae	Pycnonotus	Pycnonotus leucotis		SPECIES	Pycnonotus leucotis (Gould"," 1836)	pycnonotus leucotis mesopotamia		IQ	Joint Base Balad	Salah ad Din	PRESENT	4	e2e717bf-551a-4917-bdc9-4fa0f342c530	33.94051	44.36554							2017-10-09	9	10	2017	4QMMS	4QMMS	HUMAN_OBSERVATION	CLO	EBIRD	OBS539911744				CC_BY_4_0		obsr801879			2026-06-11T22:59:50.689Z		CONTINENT_DERIVED_FROM_COORDINATES;TAXON_CONCEPT_ID_NOT_FOUND",,,,
"2097875502	4fa7b334-ce0d-4e88-aaae-2e0c138d049e	URN:catalog:CLO:EBIRD:OBS556704196	Animalia	Chordata	Aves	Passeriformes	Pycnonotidae	Pycnonotus	Pycnonotus leucotis		SPECIES	Pycnonotus leucotis (Gould"," 1836)	pycnonotus leucotis mesopotamia		IQ	Joint Base Balad	Salah ad Din	PRESENT	3	e2e717bf-551a-4917-bdc9-4fa0f342c530	33.94051	44.36554							2017-12-12	12	12	2017	4QMMS	4QMMS	HUMAN_OBSERVATION	CLO	EBIRD	OBS556704196				CC_BY_4_0		obsr801879			2026-06-11T21:57:19.642Z		CONTINENT_DERIVED_FROM_COORDINATES;TAXON_CONCEPT_ID_NOT_FOUND",,,,
"2097875313	4fa7b334-ce0d-4e88-aaae-2e0c138d049e	URN:catalog:CLO:EBIRD:OBS531980005	Animalia	Chordata	Aves	Passeriformes	Pycnonotidae	Pycnonotus	Pycnonotus leucotis		SPECIES	Pycnonotus leucotis (Gould"," 1836)	pycnonotus leucotis mesopotamia		IQ	Joint Base Balad	Salah ad Din	PRESENT	1	e2e717bf-551a-4917-bdc9-4fa0f342c530	33.94051	44.36554							2017-08-04	4	8	2017	4QMMS	4QMMS	HUMAN_OBSERVATION	CLO	EBIRD	OBS531980005				CC_BY_4_0		obsr801879			2026-06-11T22:00:05.707Z		CONTINENT_DERIVED_FROM_COORDINATES;TAXON_CONCEPT_ID_NOT_FOUND",,,,
"2097865240	4fa7b334-ce0d-4e88-aaae-2e0c138d049e	URN:catalog:CLO:EBIRD:OBS531980030	Animalia	Chordata	Aves	Passeriformes	Pycnonotidae	Pycnonotus	Pycnonotus leucotis		SPECIES	Pycnonotus leucotis (Gould"," 1836)	pycnonotus leucotis mesopotamia		IQ	Joint Base Balad	Salah ad Din	PRESENT	3	e2e717bf-551a-4917-bdc9-4fa0f342c530	33.94051	44.36554							2017-08-08	8	8	2017	4QMMS	4QMMS	HUMAN_OBSERVATION	CLO	EBIRD	OBS531980030				CC_BY_4_0		obsr801879			2026-06-11T22:22:05.230Z		CONTINENT_DERIVED_FROM_COORDINATES;TAXON_CONCEPT_ID_NOT_FOUND",,,,
"2097572268	4fa7b334-ce0d-4e88-aaae-2e0c138d049e	URN:catalog:CLO:EBIRD:OBS540603873	Animalia	Chordata	Aves	Passeriformes	Pycnonotidae	Pycnonotus	Pycnonotus leucotis		SPECIES	Pycnonotus leucotis (Gould"," 1836)	pycnonotus leucotis mesopotamia		IQ	Joint Base Balad	Salah ad Din	PRESENT	2	e2e717bf-551a-4917-bdc9-4fa0f342c530	33.94051	44.36554							2017-10-12	12	10	2017	4QMMS	4QMMS	HUMAN_OBSERVATION	CLO	EBIRD	OBS540603873				CC_BY_4_0		obsr801879			2026-06-12T00:37:16.370Z		CONTINENT_DERIVED_FROM_COORDINATES;TAXON_CONCEPT_ID_NOT_FOUND",,,,
"2097262044	4fa7b334-ce0d-4e88-aaae-2e0c138d049e	URN:catalog:CLO:EBIRD:OBS555728054	Animalia	Chordata	Aves	Passeriformes	Pycnonotidae	Pycnonotus	Pycnonotus leucotis		SPECIES	Pycnonotus leucotis (Gould"," 1836)	pycnonotus leucotis mesopotamia		IQ	Hawari Shar	As Sulaymaniyah	PRESENT	12	e2e717bf-551a-4917-bdc9-4fa0f342c530	35.611534	45.425804							2017-12-09	9	12	2017	4QMMS	4QMMS	HUMAN_OBSERVATION	CLO	EBIRD	OBS555728054				CC_BY_4_0		obsr843990			2026-06-12T00:32:17.037Z		CONTINENT_DERIVED_FROM_COORDINATES;TAXON_CONCEPT_ID_NOT_FOUND",,,,
"2096815042	4fa7b334-ce0d-4e88-aaae-2e0c138d049e	URN:catalog:CLO:EBIRD:OBS530782484	Animalia	Chordata	Aves	Passeriformes	Pycnonotidae	Pycnonotus	Pycnonotus leucotis		SPECIES	Pycnonotus leucotis (Gould"," 1836)	pycnonotus leucotis mesopotamia		IQ	Joint Base Balad	Salah ad Din	PRESENT	4	e2e717bf-551a-4917-bdc9-4fa0f342c530	33.94051	44.36554							2017-09-07	7	9	2017	4QMMS	4QMMS	HUMAN_OBSERVATION	CLO	EBIRD	OBS530782484				CC_BY_4_0		obsr801879			2026-06-11T22:23:12.035Z		CONTINENT_DERIVED_FROM_COORDINATES;TAXON_CONCEPT_ID_NOT_FOUND",,,,
"2096723327	4fa7b334-ce0d-4e88-aaae-2e0c138d049e	URN:catalog:CLO:EBIRD:OBS554811982	Animalia	Chordata	Aves	Passeriformes	Pycnonotidae	Pycnonotus	Pycnonotus leucotis		SPECIES	Pycnonotus leucotis (Gould"," 1836)	pycnonotus leucotis mesopotamia		IQ	Joint Base Balad	Salah ad Din	PRESENT	21	e2e717bf-551a-4917-bdc9-4fa0f342c530	33.94051	44.36554							2017-12-05	5	12	2017	4QMMS	4QMMS	HUMAN_OBSERVATION	CLO	EBIRD	OBS554811982				CC_BY_4_0		obsr801879			2026-06-11T21:41:14.839Z		CONTINENT_DERIVED_FROM_COORDINATES;TAXON_CONCEPT_ID_NOT_FOUND",,,,
"2095585268	4fa7b334-ce0d-4e88-aaae-2e0c138d049e	URN:catalog:CLO:EBIRD:OBS536677909	Animalia	Chordata	Aves	Passeriformes	Pycnonotidae	Pycnonotus	Pycnonotus leucotis		SPECIES	Pycnonotus leucotis (Gould"," 1836)	pycnonotus leucotis mesopotamia		IQ	Joint Base Balad	Salah ad Din	PRESENT	3	e2e717bf-551a-4917-bdc9-4fa0f342c530	33.94051	44.36554							2017-09-28	28	9	2017	4QMMS	4QMMS	HUMAN_OBSERVATION	CLO	EBIRD	OBS536677909				CC_BY_4_0		obsr801879			2026-06-12T00:36:31.289Z		CONTINENT_DERIVED_FROM_COORDINATES;TAXON_CONCEPT_ID_NOT_FOUND",,,,
"2095473892	4fa7b334-ce0d-4e88-aaae-2e0c138d049e	URN:catalog:CLO:EBIRD:OBS536479992	Animalia	Chordata	Aves	Passeriformes	Pycnonotidae	Pycnonotus	Pycnonotus leucotis		SPECIES	Pycnonotus leucotis (Gould"," 1836)	pycnonotus leucotis mesopotamia		IQ	Joint Base Balad	Salah ad Din	PRESENT	5	e2e717bf-551a-4917-bdc9-4fa0f342c530	33.94051	44.36554							2017-09-28	28	9	2017	4QMMS	4QMMS	HUMAN_OBSERVATION	CLO	EBIRD	OBS536479992				CC_BY_4_0		obsr801879			2026-06-11T23:43:28.213Z		CONTINENT_DERIVED_FROM_COORDINATES;TAXON_CONCEPT_ID_NOT_FOUND",,,,
"2094765335	4fa7b334-ce0d-4e88-aaae-2e0c138d049e	URN:catalog:CLO:EBIRD:OBS528778160	Animalia	Chordata	Aves	Passeriformes	Pycnonotidae	Pycnonotus	Pycnonotus leucotis		SPECIES	Pycnonotus leucotis (Gould"," 1836)	pycnonotus leucotis mesopotamia		IQ	طريق الحسنينة - الكوت", Wasit Governorate, IQ (32.522," 45.662)	Wasit	PRESENT	1	e2e717bf-551a-4917-bdc9-4fa0f342c530	32.522224	45.661808							2017-08-30	30	8	2017	4QMMS	4QMMS	HUMAN_OBSERVATION	CLO	EBIRD	OBS528778160				CC_BY_4_0		obsr672744			2026-06-11T23:00:41.448Z		CONTINENT_DERIVED_FROM_COORDINATES;TAXON_CONCEPT_ID_NOT_FOUND",
"2094039020	4fa7b334-ce0d-4e88-aaae-2e0c138d049e	URN:catalog:CLO:EBIRD:OBS551119713	Animalia	Chordata	Aves	Passeriformes	Pycnonotidae	Pycnonotus	Pycnonotus leucotis		SPECIES	Pycnonotus leucotis (Gould"," 1836)	pycnonotus leucotis mesopotamia		IQ	Joint Base Balad	Salah ad Din	PRESENT	3	e2e717bf-551a-4917-bdc9-4fa0f342c530	33.94051	44.36554							2017-11-21	21	11	2017	4QMMS	4QMMS	HUMAN_OBSERVATION	CLO	EBIRD	OBS551119713				CC_BY_4_0		obsr801879			2026-06-11T22:46:07.134Z		CONTINENT_DERIVED_FROM_COORDINATES;TAXON_CONCEPT_ID_NOT_FOUND",,,,
"2094014484	4fa7b334-ce0d-4e88-aaae-2e0c138d049e	URN:catalog:CLO:EBIRD:OBS534949350	Animalia	Chordata	Aves	Passeriformes	Pycnonotidae	Pycnonotus	Pycnonotus leucotis		SPECIES	Pycnonotus leucotis (Gould"," 1836)	pycnonotus leucotis mesopotamia		IQ	Qamtaran road	As Sulaymaniyah	PRESENT	2	e2e717bf-551a-4917-bdc9-4fa0f342c530	35.995922	44.90588							2017-09-22	22	9	2017	4QMMS	4QMMS	HUMAN_OBSERVATION	CLO	EBIRD	OBS534949350				CC_BY_4_0		obsr453249			2026-06-11T23:01:22.939Z		CONTINENT_DERIVED_FROM_COORDINATES;TAXON_CONCEPT_ID_NOT_FOUND",,,,
"2093591257	4fa7b334-ce0d-4e88-aaae-2e0c138d049e	URN:catalog:CLO:EBIRD:OBS534950503	Animalia	Chordata	Aves	Passeriformes	Pycnonotidae	Pycnonotus	Pycnonotus leucotis		SPECIES	Pycnonotus leucotis (Gould"," 1836)	pycnonotus leucotis mesopotamia		IQ	Qamtaran fields	As Sulaymaniyah	PRESENT	1	e2e717bf-551a-4917-bdc9-4fa0f342c530	36.15125	44.760174							2017-09-22	22	9	2017	4QMMS	4QMMS	HUMAN_OBSERVATION	CLO	EBIRD	OBS534950503				CC_BY_4_0		obsr453249			2026-06-11T23:38:00.881Z		CONTINENT_DERIVED_FROM_COORDINATES;TAXON_CONCEPT_ID_NOT_FOUND",,,,
"2093300868	4fa7b334-ce0d-4e88-aaae-2e0c138d049e	URN:catalog:CLO:EBIRD:OBS534623597	Animalia	Chordata	Aves	Passeriformes	Pycnonotidae	Pycnonotus	Pycnonotus leucotis		SPECIES	Pycnonotus leucotis (Gould"," 1836)	pycnonotus leucotis mesopotamia		IQ	Joint Base Balad	Salah ad Din	PRESENT	8	e2e717bf-551a-4917-bdc9-4fa0f342c530	33.94051	44.36554							2017-09-21	21	9	2017	4QMMS	4QMMS	HUMAN_OBSERVATION	CLO	EBIRD	OBS534623597				CC_BY_4_0		obsr801879			2026-06-11T22:40:58.268Z		CONTINENT_DERIVED_FROM_COORDINATES;TAXON_CONCEPT_ID_NOT_FOUND",,,,
"2092732002	4fa7b334-ce0d-4e88-aaae-2e0c138d049e	URN:catalog:CLO:EBIRD:OBS549556430	Animalia	Chordata	Aves	Passeriformes	Pycnonotidae	Pycnonotus	Pycnonotus leucotis		SPECIES	Pycnonotus leucotis (Gould"," 1836)	pycnonotus leucotis mesopotamia		IQ	Ahdeb Oilfield	Wasit	PRESENT	5	e2e717bf-551a-4917-bdc9-4fa0f342c530	32.522167	45.661537							2017-11-15	15	11	2017	4QMMS	4QMMS	HUMAN_OBSERVATION	CLO	EBIRD	OBS549556430				CC_BY_4_0		obsr672744			2026-06-11T23:38:32.996Z		CONTINENT_DERIVED_FROM_COORDINATES;TAXON_CONCEPT_ID_NOT_FOUND",,,,
"2092688483	4fa7b334-ce0d-4e88-aaae-2e0c138d049e	URN:catalog:CLO:EBIRD:OBS533739261	Animalia	Chordata	Aves	Passeriformes	Pycnonotidae	Pycnonotus	Pycnonotus leucotis		SPECIES	Pycnonotus leucotis (Gould"," 1836)	pycnonotus leucotis mesopotamia		IQ	Joint Base Balad	Salah ad Din	PRESENT	4	e2e717bf-551a-4917-bdc9-4fa0f342c530	33.94051	44.36554							2017-09-18	18	9	2017	4QMMS	4QMMS	HUMAN_OBSERVATION	CLO	EBIRD	OBS533739261				CC_BY_4_0		obsr801879			2026-06-12T00:38:47.237Z		CONTINENT_DERIVED_FROM_COORDINATES;TAXON_CONCEPT_ID_NOT_FOUND",,,,
"2091940557	4fa7b334-ce0d-4e88-aaae-2e0c138d049e	URN:catalog:CLO:EBIRD:OBS532631609	Animalia	Chordata	Aves	Passeriformes	Pycnonotidae	Pycnonotus	Pycnonotus leucotis		SPECIES	Pycnonotus leucotis (Gould"," 1836)	pycnonotus leucotis mesopotamia		IQ	Joint Base Balad	Salah ad Din	PRESENT	5	e2e717bf-551a-4917-bdc9-4fa0f342c530	33.94051	44.36554							2017-09-14	14	9	2017	4QMMS	4QMMS	HUMAN_OBSERVATION	CLO	EBIRD	OBS532631609				CC_BY_4_0		obsr801879			2026-06-12T00:27:08.649Z		CONTINENT_DERIVED_FROM_COORDINATES;TAXON_CONCEPT_ID_NOT_FOUND",,,,
"2091930652	4fa7b334-ce0d-4e88-aaae-2e0c138d049e	URN:catalog:CLO:EBIRD:OBS548227021	Animalia	Chordata	Aves	Passeriformes	Pycnonotidae	Pycnonotus	Pycnonotus leucotis		SPECIES	Pycnonotus leucotis (Gould"," 1836)	pycnonotus leucotis mesopotamia		IQ	Joint Base Balad	Salah ad Din	PRESENT	2	e2e717bf-551a-4917-bdc9-4fa0f342c530	33.94051	44.36554							2017-11-10	10	11	2017	4QMMS	4QMMS	HUMAN_OBSERVATION	CLO	EBIRD	OBS548227021				CC_BY_4_0		obsr801879			2026-06-11T23:24:04.993Z		CONTINENT_DERIVED_FROM_COORDINATES;TAXON_CONCEPT_ID_NOT_FOUND",,,,
"2091768856	4fa7b334-ce0d-4e88-aaae-2e0c138d049e	URN:catalog:CLO:EBIRD:OBS531975701	Animalia	Chordata	Aves	Passeriformes	Pycnonotidae	Pycnonotus	Pycnonotus leucotis		SPECIES	Pycnonotus leucotis (Gould"," 1836)	pycnonotus leucotis mesopotamia		IQ	Joint Base Balad	Salah ad Din	PRESENT	6	e2e717bf-551a-4917-bdc9-4fa0f342c530	33.94051	44.36554							2017-09-11	11	9	2017	4QMMS	4QMMS	HUMAN_OBSERVATION	CLO	EBIRD	OBS531975701				CC_BY_4_0		obsr801879			2026-06-12T00:02:38.789Z		CONTINENT_DERIVED_FROM_COORDINATES;TAXON_CONCEPT_ID_NOT_FOUND",,,,
"2090906936	4fa7b334-ce0d-4e88-aaae-2e0c138d049e	URN:catalog:CLO:EBIRD:OBS523750354	Animalia	Chordata	Aves	Passeriformes	Pycnonotidae	Pycnonotus	Pycnonotus leucotis		SPECIES	Pycnonotus leucotis (Gould"," 1836)	pycnonotus leucotis mesopotamia		IQ	Joint Base Balad	Salah ad Din	PRESENT	6	e2e717bf-551a-4917-bdc9-4fa0f342c530	33.94051	44.36554							2017-08-07	7	8	2017	4QMMS	4QMMS	HUMAN_OBSERVATION	CLO	EBIRD	OBS523750354				CC_BY_4_0		obsr801879			2026-06-11T23:16:15.724Z		CONTINENT_DERIVED_FROM_COORDINATES;TAXON_CONCEPT_ID_NOT_FOUND",,,,
"2090702813	4fa7b334-ce0d-4e88-aaae-2e0c138d049e	URN:catalog:CLO:EBIRD:OBS546427142	Animalia	Chordata	Aves	Passeriformes	Pycnonotidae	Pycnonotus	Pycnonotus leucotis		SPECIES	Pycnonotus leucotis (Gould"," 1836)	pycnonotus leucotis mesopotamia		IQ	Joint Base Balad	Salah ad Din	PRESENT	2	e2e717bf-551a-4917-bdc9-4fa0f342c530	33.94051	44.36554							2017-11-03	3	11	2017	4QMMS	4QMMS	HUMAN_OBSERVATION	CLO	EBIRD	OBS546427142				CC_BY_4_0		obsr801879			2026-06-11T22:40:22.097Z		CONTINENT_DERIVED_FROM_COORDINATES;TAXON_CONCEPT_ID_NOT_FOUND",,,,
"2090151935	4fa7b334-ce0d-4e88-aaae-2e0c138d049e	URN:catalog:CLO:EBIRD:OBS522834946	Animalia	Chordata	Aves	Passeriformes	Pycnonotidae	Pycnonotus	Pycnonotus leucotis		SPECIES	Pycnonotus leucotis (Gould"," 1836)	pycnonotus leucotis mesopotamia		IQ	Joint Base Balad	Salah ad Din	PRESENT	1	e2e717bf-551a-4917-bdc9-4fa0f342c530	33.94051	44.36554							2017-08-03	3	8	2017	4QMMS	4QMMS	HUMAN_OBSERVATION	CLO	EBIRD	OBS522834946				CC_BY_4_0		obsr801879			2026-06-11T22:45:43.267Z		CONTINENT_DERIVED_FROM_COORDINATES;TAXON_CONCEPT_ID_NOT_FOUND",,,,
"2089532627	4fa7b334-ce0d-4e88-aaae-2e0c138d049e	URN:catalog:CLO:EBIRD:OBS530016770	Animalia	Chordata	Aves	Passeriformes	Pycnonotidae	Pycnonotus	Pycnonotus leucotis		SPECIES	Pycnonotus leucotis (Gould"," 1836)	pycnonotus leucotis mesopotamia		IQ	Joint Base Balad	Salah ad Din	PRESENT	1	e2e717bf-551a-4917-bdc9-4fa0f342c530	33.94051	44.36554							2017-09-04	4	9	2017	4QMMS	4QMMS	HUMAN_OBSERVATION	CLO	EBIRD	OBS530016770				CC_BY_4_0		obsr801879			2026-06-11T23:50:00.497Z		CONTINENT_DERIVED_FROM_COORDINATES;TAXON_CONCEPT_ID_NOT_FOUND",,,,
"2088902362	4fa7b334-ce0d-4e88-aaae-2e0c138d049e	URN:catalog:CLO:EBIRD:OBS543770245	Animalia	Chordata	Aves	Passeriformes	Pycnonotidae	Pycnonotus	Pycnonotus leucotis		SPECIES	Pycnonotus leucotis (Gould"," 1836)	pycnonotus leucotis mesopotamia		IQ	Joint Base Balad	Salah ad Din	PRESENT	24	e2e717bf-551a-4917-bdc9-4fa0f342c530	33.94051	44.36554							2017-10-23	23	10	2017	4QMMS	4QMMS	HUMAN_OBSERVATION	CLO	EBIRD	OBS543770245				CC_BY_4_0		obsr801879			2026-06-11T22:38:33.854Z		CONTINENT_DERIVED_FROM_COORDINATES;TAXON_CONCEPT_ID_NOT_FOUND",,,,
"2088744954	4fa7b334-ce0d-4e88-aaae-2e0c138d049e	URN:catalog:CLO:EBIRD:OBS521373592	Animalia	Chordata	Aves	Passeriformes	Pycnonotidae	Pycnonotus	Pycnonotus leucotis		SPECIES	Pycnonotus leucotis (Gould"," 1836)	pycnonotus leucotis mesopotamia		IQ	Joint Base Balad	Salah ad Din	PRESENT	4	e2e717bf-551a-4917-bdc9-4fa0f342c530	33.94051	44.36554							2017-07-27	27	7	2017	4QMMS	4QMMS	HUMAN_OBSERVATION	CLO	EBIRD	OBS521373592				CC_BY_4_0		obsr801879			2026-06-11T23:19:46.555Z		CONTINENT_DERIVED_FROM_COORDINATES;TAXON_CONCEPT_ID_NOT_FOUND",,,,
"2088637904	4fa7b334-ce0d-4e88-aaae-2e0c138d049e	URN:catalog:CLO:EBIRD:OBS528978856	Animalia	Chordata	Aves	Passeriformes	Pycnonotidae	Pycnonotus	Pycnonotus leucotis		SPECIES	Pycnonotus leucotis (Gould"," 1836)	pycnonotus leucotis mesopotamia		IQ	Joint Base Balad	Salah ad Din	PRESENT	2	e2e717bf-551a-4917-bdc9-4fa0f342c530	33.94051	44.36554							2017-08-31	31	8	2017	4QMMS	4QMMS	HUMAN_OBSERVATION	CLO	EBIRD	OBS528978856				CC_BY_4_0		obsr801879			2026-06-11T21:56:55.734Z		CONTINENT_DERIVED_FROM_COORDINATES;TAXON_CONCEPT_ID_NOT_FOUND",,,,
"2088239805	4fa7b334-ce0d-4e88-aaae-2e0c138d049e	URN:catalog:CLO:EBIRD:OBS542968918	Animalia	Chordata	Aves	Passeriformes	Pycnonotidae	Pycnonotus	Pycnonotus leucotis		SPECIES	Pycnonotus leucotis (Gould"," 1836)	pycnonotus leucotis mesopotamia		IQ	Joint Base Balad	Salah ad Din	PRESENT	1	e2e717bf-551a-4917-bdc9-4fa0f342c530	33.94051	44.36554							2017-10-19	19	10	2017	4QMMS	4QMMS	HUMAN_OBSERVATION	CLO	EBIRD	OBS542968918				CC_BY_4_0		obsr801879			2026-06-11T22:30:48.292Z		CONTINENT_DERIVED_FROM_COORDINATES;TAXON_CONCEPT_ID_NOT_FOUND",,,,
"2087514382	4fa7b334-ce0d-4e88-aaae-2e0c138d049e	URN:catalog:CLO:EBIRD:OBS542284213	Animalia	Chordata	Aves	Passeriformes	Pycnonotidae	Pycnonotus	Pycnonotus leucotis		SPECIES	Pycnonotus leucotis (Gould"," 1836)	pycnonotus leucotis mesopotamia		IQ	Joint Base Balad	Salah ad Din	PRESENT	1	e2e717bf-551a-4917-bdc9-4fa0f342c530	33.94051	44.36554							2017-10-16	16	10	2017	4QMMS	4QMMS	HUMAN_OBSERVATION	CLO	EBIRD	OBS542284213				CC_BY_4_0		obsr801879			2026-06-11T22:00:20.279Z		CONTINENT_DERIVED_FROM_COORDINATES;TAXON_CONCEPT_ID_NOT_FOUND",,,,
"2087224740	4fa7b334-ce0d-4e88-aaae-2e0c138d049e	URN:catalog:CLO:EBIRD:OBS519361533	Animalia	Chordata	Aves	Passeriformes	Pycnonotidae	Pycnonotus	Pycnonotus leucotis		SPECIES	Pycnonotus leucotis (Gould"," 1836)	pycnonotus leucotis mesopotamia		IQ	Al Asad (restricted access)	Al Anbar	PRESENT	6	e2e717bf-551a-4917-bdc9-4fa0f342c530	33.725277	42.453056							2017-07-17	17	7	2017	4QMMS	4QMMS	HUMAN_OBSERVATION	CLO	EBIRD	OBS519361533				CC_BY_4_0		obsr919476			2026-06-11T21:41:54.626Z		CONTINENT_DERIVED_FROM_COORDINATES;TAXON_CONCEPT_ID_NOT_FOUND",,,,
"2086633354	4fa7b334-ce0d-4e88-aaae-2e0c138d049e	URN:catalog:CLO:EBIRD:OBS518678071	Animalia	Chordata	Aves	Passeriformes	Pycnonotidae	Pycnonotus	Pycnonotus leucotis		SPECIES	Pycnonotus leucotis (Gould"," 1836)	pycnonotus leucotis mesopotamia		IQ	Al Asad (restricted access)	Al Anbar	PRESENT	8	e2e717bf-551a-4917-bdc9-4fa0f342c530	33.725277	42.453056							2017-07-15	15	7	2017	4QMMS	4QMMS	HUMAN_OBSERVATION	CLO	EBIRD	OBS518678071				CC_BY_4_0		obsr919476			2026-06-11T21:57:25.687Z		CONTINENT_DERIVED_FROM_COORDINATES;TAXON_CONCEPT_ID_NOT_FOUND",,,,
"2085910475	4fa7b334-ce0d-4e88-aaae-2e0c138d049e	URN:catalog:CLO:EBIRD:OBS539912297	Animalia	Chordata	Aves	Passeriformes	Pycnonotidae	Pycnonotus	Pycnonotus leucotis		SPECIES	Pycnonotus leucotis (Gould"," 1836)	pycnonotus leucotis mesopotamia		IQ	Joint Base Balad	Salah ad Din	PRESENT	4	e2e717bf-551a-4917-bdc9-4fa0f342c530	33.94051	44.36554							2017-10-09	9	10	2017	4QMMS	4QMMS	HUMAN_OBSERVATION	CLO	EBIRD	OBS539912297				CC_BY_4_0		obsr801879			2026-06-11T22:40:19.316Z		CONTINENT_DERIVED_FROM_COORDINATES;TAXON_CONCEPT_ID_NOT_FOUND",,,,
"2085365600	4fa7b334-ce0d-4e88-aaae-2e0c138d049e	URN:catalog:CLO:EBIRD:OBS523750219	Animalia	Chordata	Aves	Passeriformes	Pycnonotidae	Pycnonotus	Pycnonotus leucotis		SPECIES	Pycnonotus leucotis (Gould"," 1836)	pycnonotus leucotis mesopotamia		IQ	Joint Base Balad	Salah ad Din	PRESENT	10	e2e717bf-551a-4917-bdc9-4fa0f342c530	33.94051	44.36554							2017-08-07	7	8	2017	4QMMS	4QMMS	HUMAN_OBSERVATION	CLO	EBIRD	OBS523750219				CC_BY_4_0		obsr801879			2026-06-11T22:29:38.953Z		CONTINENT_DERIVED_FROM_COORDINATES;TAXON_CONCEPT_ID_NOT_FOUND",,,,
"2085099265	4fa7b334-ce0d-4e88-aaae-2e0c138d049e	URN:catalog:CLO:EBIRD:OBS516609607	Animalia	Chordata	Aves	Passeriformes	Pycnonotidae	Pycnonotus	Pycnonotus leucotis		SPECIES	Pycnonotus leucotis (Gould"," 1836)	pycnonotus leucotis mesopotamia		IQ	Joint Base Balad	Salah ad Din	PRESENT	4	e2e717bf-551a-4917-bdc9-4fa0f342c530	33.94051	44.36554							2017-07-06	6	7	2017	4QMMS	4QMMS	HUMAN_OBSERVATION	CLO	EBIRD	OBS516609607				CC_BY_4_0		obsr801879			2026-06-12T00:12:13.963Z		CONTINENT_DERIVED_FROM_COORDINATES;TAXON_CONCEPT_ID_NOT_FOUND",,,,
"2084622981	4fa7b334-ce0d-4e88-aaae-2e0c138d049e	URN:catalog:CLO:EBIRD:OBS538570027	Animalia	Chordata	Aves	Passeriformes	Pycnonotidae	Pycnonotus	Pycnonotus leucotis		SPECIES	Pycnonotus leucotis (Gould"," 1836)	pycnonotus leucotis mesopotamia		IQ	Joint Base Balad	Salah ad Din	PRESENT	1	e2e717bf-551a-4917-bdc9-4fa0f342c530	33.94051	44.36554							2017-10-05	5	10	2017	4QMMS	4QMMS	HUMAN_OBSERVATION	CLO	EBIRD	OBS538570027				CC_BY_4_0		obsr801879			2026-06-11T23:33:45.233Z		CONTINENT_DERIVED_FROM_COORDINATES;TAXON_CONCEPT_ID_NOT_FOUND",,,,
"2084265529	4fa7b334-ce0d-4e88-aaae-2e0c138d049e	URN:catalog:CLO:EBIRD:OBS538107671	Animalia	Chordata	Aves	Passeriformes	Pycnonotidae	Pycnonotus	Pycnonotus leucotis		SPECIES	Pycnonotus leucotis (Gould"," 1836)	pycnonotus leucotis mesopotamia		IQ	Joint Base Balad	Salah ad Din	PRESENT	4	e2e717bf-551a-4917-bdc9-4fa0f342c530	33.94051	44.36554							2017-10-02	2	10	2017	4QMMS	4QMMS	HUMAN_OBSERVATION	CLO	EBIRD	OBS538107671				CC_BY_4_0		obsr801879			2026-06-11T23:34:22.146Z		CONTINENT_DERIVED_FROM_COORDINATES;TAXON_CONCEPT_ID_NOT_FOUND",,,,
"2083434049	4fa7b334-ce0d-4e88-aaae-2e0c138d049e	URN:catalog:CLO:EBIRD:OBS514033799	Animalia	Chordata	Aves	Passeriformes	Pycnonotidae	Pycnonotus	Pycnonotus leucotis		SPECIES	Pycnonotus leucotis (Gould"," 1836)	pycnonotus leucotis mesopotamia		IQ	Joint Base Balad	Salah ad Din	PRESENT	2	e2e717bf-551a-4917-bdc9-4fa0f342c530	33.94051	44.36554							2017-06-26	26	6	2017	4QMMS	4QMMS	HUMAN_OBSERVATION	CLO	EBIRD	OBS514033799				CC_BY_4_0		obsr801879			2026-06-12T00:39:17.359Z		CONTINENT_DERIVED_FROM_COORDINATES;TAXON_CONCEPT_ID_NOT_FOUND",,,,
"2083421782	4fa7b334-ce0d-4e88-aaae-2e0c138d049e	URN:catalog:CLO:EBIRD:OBS536755812	Animalia	Chordata	Aves	Passeriformes	Pycnonotidae	Pycnonotus	Pycnonotus leucotis		SPECIES	Pycnonotus leucotis (Gould"," 1836)	pycnonotus leucotis mesopotamia		IQ	Al Asad (restricted access)	Al Anbar	PRESENT	9	e2e717bf-551a-4917-bdc9-4fa0f342c530	33.725277	42.453056							2017-09-29	29	9	2017	4QMMS	4QMMS	HUMAN_OBSERVATION	CLO	EBIRD	OBS536755812				CC_BY_4_0		obsr919476			2026-06-11T23:46:12.804Z		CONTINENT_DERIVED_FROM_COORDINATES;TAXON_CONCEPT_ID_NOT_FOUND",,,,
"2083409242	4fa7b334-ce0d-4e88-aaae-2e0c138d049e	URN:catalog:CLO:EBIRD:OBS536705532	Animalia	Chordata	Aves	Passeriformes	Pycnonotidae	Pycnonotus	Pycnonotus leucotis		SPECIES	Pycnonotus leucotis (Gould"," 1836)	pycnonotus leucotis mesopotamia		IQ	Joint Base Balad	Salah ad Din	PRESENT	1	e2e717bf-551a-4917-bdc9-4fa0f342c530	33.94051	44.36554							2017-09-07	7	9	2017	4QMMS	4QMMS	HUMAN_OBSERVATION	CLO	EBIRD	OBS536705532				CC_BY_4_0		obsr801879			2026-06-11T22:14:03.566Z		CONTINENT_DERIVED_FROM_COORDINATES;TAXON_CONCEPT_ID_NOT_FOUND",,,,
"2082750311	4fa7b334-ce0d-4e88-aaae-2e0c138d049e	URN:catalog:CLO:EBIRD:OBS513040526	Animalia	Chordata	Aves	Passeriformes	Pycnonotidae	Pycnonotus	Pycnonotus leucotis		SPECIES	Pycnonotus leucotis (Gould"," 1836)	pycnonotus leucotis mesopotamia		IQ	Joint Base Balad	Salah ad Din	PRESENT	2	e2e717bf-551a-4917-bdc9-4fa0f342c530	33.94051	44.36554							2017-06-22	22	6	2017	4QMMS	4QMMS	HUMAN_OBSERVATION	CLO	EBIRD	OBS513040526				CC_BY_4_0		obsr801879			2026-06-12T00:32:25.370Z		CONTINENT_DERIVED_FROM_COORDINATES;TAXON_CONCEPT_ID_NOT_FOUND",,,,
"2081925713	4fa7b334-ce0d-4e88-aaae-2e0c138d049e	URN:catalog:CLO:EBIRD:OBS512246787	Animalia	Chordata	Aves	Passeriformes	Pycnonotidae	Pycnonotus	Pycnonotus leucotis		SPECIES	Pycnonotus leucotis (Gould"," 1836)	pycnonotus leucotis mesopotamia		IQ	Joint Base Balad	Salah ad Din	PRESENT	2	e2e717bf-551a-4917-bdc9-4fa0f342c530	33.94051	44.36554							2017-06-19	19	6	2017	4QMMS	4QMMS	HUMAN_OBSERVATION	CLO	EBIRD	OBS512246787				CC_BY_4_0		obsr801879			2026-06-11T23:22:21.585Z		CONTINENT_DERIVED_FROM_COORDINATES;TAXON_CONCEPT_ID_NOT_FOUND",,,,
"2081799576	4fa7b334-ce0d-4e88-aaae-2e0c138d049e	URN:catalog:CLO:EBIRD:OBS519361392	Animalia	Chordata	Aves	Passeriformes	Pycnonotidae	Pycnonotus	Pycnonotus leucotis		SPECIES	Pycnonotus leucotis (Gould"," 1836)	pycnonotus leucotis mesopotamia		IQ	Al Asad (restricted access)	Al Anbar	PRESENT	6	e2e717bf-551a-4917-bdc9-4fa0f342c530	33.725277	42.453056							2017-07-16	16	7	2017	4QMMS	4QMMS	HUMAN_OBSERVATION	CLO	EBIRD	OBS519361392				CC_BY_4_0		obsr919476			2026-06-12T00:14:01.785Z		CONTINENT_DERIVED_FROM_COORDINATES;TAXON_CONCEPT_ID_NOT_FOUND",,,,
"2081746715	4fa7b334-ce0d-4e88-aaae-2e0c138d049e	URN:catalog:CLO:EBIRD:OBS520291397	Animalia	Chordata	Aves	Passeriformes	Pycnonotidae	Pycnonotus	Pycnonotus leucotis		SPECIES	Pycnonotus leucotis (Gould"," 1836)	pycnonotus leucotis mesopotamia		IQ	Al Asad (restricted access)	Al Anbar	PRESENT	13	e2e717bf-551a-4917-bdc9-4fa0f342c530	33.725277	42.453056							2017-07-21	21	7	2017	4QMMS	4QMMS	HUMAN_OBSERVATION	CLO	EBIRD	OBS520291397				CC_BY_4_0		obsr919476			2026-06-11T23:16:07.006Z		CONTINENT_DERIVED_FROM_COORDINATES;TAXON_CONCEPT_ID_NOT_FOUND",,,,
"2081742975	4fa7b334-ce0d-4e88-aaae-2e0c138d049e	URN:catalog:CLO:EBIRD:OBS519191515	Animalia	Chordata	Aves	Passeriformes	Pycnonotidae	Pycnonotus	Pycnonotus leucotis		SPECIES	Pycnonotus leucotis (Gould"," 1836)	pycnonotus leucotis mesopotamia		IQ	Joint Base Balad	Salah ad Din	PRESENT	2	e2e717bf-551a-4917-bdc9-4fa0f342c530	33.94051	44.36554							2017-07-17	17	7	2017	4QMMS	4QMMS	HUMAN_OBSERVATION	CLO	EBIRD	OBS519191515				CC_BY_4_0		obsr801879			2026-06-11T23:17:47.996Z		CONTINENT_DERIVED_FROM_COORDINATES;TAXON_CONCEPT_ID_NOT_FOUND",,,,
"2081636505	4fa7b334-ce0d-4e88-aaae-2e0c138d049e	URN:catalog:CLO:EBIRD:OBS520098356	Animalia	Chordata	Aves	Passeriformes	Pycnonotidae	Pycnonotus	Pycnonotus leucotis		SPECIES	Pycnonotus leucotis (Gould"," 1836)	pycnonotus leucotis mesopotamia		IQ	Al Asad (restricted access)	Al Anbar	PRESENT	12	e2e717bf-551a-4917-bdc9-4fa0f342c530	33.725277	42.453056							2017-07-20	20	7	2017	4QMMS	4QMMS	HUMAN_OBSERVATION	CLO	EBIRD	OBS520098356				CC_BY_4_0		obsr919476			2026-06-11T21:41:38.386Z		CONTINENT_DERIVED_FROM_COORDINATES;TAXON_CONCEPT_ID_NOT_FOUND",,,,
"2081632092	4fa7b334-ce0d-4e88-aaae-2e0c138d049e	URN:catalog:CLO:EBIRD:OBS520098362	Animalia	Chordata	Aves	Passeriformes	Pycnonotidae	Pycnonotus	Pycnonotus leucotis		SPECIES	Pycnonotus leucotis (Gould"," 1836)	pycnonotus leucotis mesopotamia		IQ	Al Asad (restricted access)	Al Anbar	PRESENT	8	e2e717bf-551a-4917-bdc9-4fa0f342c530	33.725277	42.453056							2017-07-19	19	7	2017	4QMMS	4QMMS	HUMAN_OBSERVATION	CLO	EBIRD	OBS520098362				CC_BY_4_0		obsr919476			2026-06-11T22:20:24.761Z		CONTINENT_DERIVED_FROM_COORDINATES;TAXON_CONCEPT_ID_NOT_FOUND",,,,
"2081519893	4fa7b334-ce0d-4e88-aaae-2e0c138d049e	URN:catalog:CLO:EBIRD:OBS519890938	Animalia	Chordata	Aves	Passeriformes	Pycnonotidae	Pycnonotus	Pycnonotus leucotis		SPECIES	Pycnonotus leucotis (Gould"," 1836)	pycnonotus leucotis mesopotamia		IQ	Joint Base Balad	Salah ad Din	PRESENT	6	e2e717bf-551a-4917-bdc9-4fa0f342c530	33.94051	44.36554							2017-07-20	20	7	2017	4QMMS	4QMMS	HUMAN_OBSERVATION	CLO	EBIRD	OBS519890938				CC_BY_4_0		obsr801879			2026-06-12T00:40:35.029Z		CONTINENT_DERIVED_FROM_COORDINATES;TAXON_CONCEPT_ID_NOT_FOUND",,,,
"2081227232	4fa7b334-ce0d-4e88-aaae-2e0c138d049e	URN:catalog:CLO:EBIRD:OBS518615572	Animalia	Chordata	Aves	Passeriformes	Pycnonotidae	Pycnonotus	Pycnonotus leucotis		SPECIES	Pycnonotus leucotis (Gould"," 1836)	pycnonotus leucotis mesopotamia		IQ	Al Asad (restricted access)	Al Anbar	PRESENT	12	e2e717bf-551a-4917-bdc9-4fa0f342c530	33.725277	42.453056							2017-07-14	14	7	2017	4QMMS	4QMMS	HUMAN_OBSERVATION	CLO	EBIRD	OBS518615572				CC_BY_4_0		obsr919476			2026-06-12T00:38:44.489Z		CONTINENT_DERIVED_FROM_COORDINATES;TAXON_CONCEPT_ID_NOT_FOUND",,,,
"2080617830	4fa7b334-ce0d-4e88-aaae-2e0c138d049e	URN:catalog:CLO:EBIRD:OBS517821738	Animalia	Chordata	Aves	Passeriformes	Pycnonotidae	Pycnonotus	Pycnonotus leucotis		SPECIES	Pycnonotus leucotis (Gould"," 1836)	pycnonotus leucotis mesopotamia		IQ	Al Asad (restricted access)	Al Anbar	PRESENT	16	e2e717bf-551a-4917-bdc9-4fa0f342c530	33.725277	42.453056							2017-07-10	10	7	2017	4QMMS	4QMMS	HUMAN_OBSERVATION	CLO	EBIRD	OBS517821738				CC_BY_4_0		obsr919476			2026-06-11T22:46:38.413Z		CONTINENT_DERIVED_FROM_COORDINATES;TAXON_CONCEPT_ID_NOT_FOUND",,,,
"2080584752	4fa7b334-ce0d-4e88-aaae-2e0c138d049e	URN:catalog:CLO:EBIRD:OBS518406610	Animalia	Chordata	Aves	Passeriformes	Pycnonotidae	Pycnonotus	Pycnonotus leucotis		SPECIES	Pycnonotus leucotis (Gould"," 1836)	pycnonotus leucotis mesopotamia		IQ	Al Asad (restricted access)	Al Anbar	PRESENT	6	e2e717bf-551a-4917-bdc9-4fa0f342c530	33.725277	42.453056							2017-07-13	13	7	2017	4QMMS	4QMMS	HUMAN_OBSERVATION	CLO	EBIRD	OBS518406610				CC_BY_4_0		obsr919476			2026-06-11T22:00:37.160Z		CONTINENT_DERIVED_FROM_COORDINATES;TAXON_CONCEPT_ID_NOT_FOUND",,,,
"2080435670	4fa7b334-ce0d-4e88-aaae-2e0c138d049e	URN:catalog:CLO:EBIRD:OBS517561888	Animalia	Chordata	Aves	Passeriformes	Pycnonotidae	Pycnonotus	Pycnonotus leucotis		SPECIES	Pycnonotus leucotis (Gould"," 1836)	pycnonotus leucotis mesopotamia		IQ	Joint Base Balad	Salah ad Din	PRESENT	1	e2e717bf-551a-4917-bdc9-4fa0f342c530	33.94051	44.36554							2017-07-10	10	7	2017	4QMMS	4QMMS	HUMAN_OBSERVATION	CLO	EBIRD	OBS517561888				CC_BY_4_0		obsr801879			2026-06-11T23:01:00.381Z		CONTINENT_DERIVED_FROM_COORDINATES;TAXON_CONCEPT_ID_NOT_FOUND",,,,
"2080295241	4fa7b334-ce0d-4e88-aaae-2e0c138d049e	URN:catalog:CLO:EBIRD:OBS517284376	Animalia	Chordata	Aves	Passeriformes	Pycnonotidae	Pycnonotus	Pycnonotus leucotis		SPECIES	Pycnonotus leucotis (Gould"," 1836)	pycnonotus leucotis mesopotamia		IQ	Al Asad (restricted access)	Al Anbar	PRESENT	12	e2e717bf-551a-4917-bdc9-4fa0f342c530	33.725277	42.453056							2017-07-08	8	7	2017	4QMMS	4QMMS	HUMAN_OBSERVATION	CLO	EBIRD	OBS517284376				CC_BY_4_0		obsr919476			2026-06-11T23:25:42.426Z		CONTINENT_DERIVED_FROM_COORDINATES;TAXON_CONCEPT_ID_NOT_FOUND",,,,
"2080102331	4fa7b334-ce0d-4e88-aaae-2e0c138d049e	URN:catalog:CLO:EBIRD:OBS516932456	Animalia	Chordata	Aves	Passeriformes	Pycnonotidae	Pycnonotus	Pycnonotus leucotis		SPECIES	Pycnonotus leucotis (Gould"," 1836)	pycnonotus leucotis mesopotamia		IQ	Al Asad (restricted access)	Al Anbar	PRESENT	3	e2e717bf-551a-4917-bdc9-4fa0f342c530	33.725277	42.453056							2017-07-07	7	7	2017	4QMMS	4QMMS	HUMAN_OBSERVATION	CLO	EBIRD	OBS516932456				CC_BY_4_0		obsr919476			2026-06-12T00:29:40.607Z		CONTINENT_DERIVED_FROM_COORDINATES;TAXON_CONCEPT_ID_NOT_FOUND",,,,
"2080094030	4fa7b334-ce0d-4e88-aaae-2e0c138d049e	URN:catalog:CLO:EBIRD:OBS510424659	Animalia	Chordata	Aves	Passeriformes	Pycnonotidae	Pycnonotus	Pycnonotus leucotis		SPECIES	Pycnonotus leucotis (Gould"," 1836)	pycnonotus leucotis mesopotamia		IQ	Joint Base Balad	Salah ad Din	PRESENT	3	e2e717bf-551a-4917-bdc9-4fa0f342c530	33.94051	44.36554							2017-06-12	12	6	2017	4QMMS	4QMMS	HUMAN_OBSERVATION	CLO	EBIRD	OBS510424659				CC_BY_4_0		obsr801879			2026-06-11T23:17:08.785Z		CONTINENT_DERIVED_FROM_COORDINATES;TAXON_CONCEPT_ID_NOT_FOUND",,,,
"2080039289	4fa7b334-ce0d-4e88-aaae-2e0c138d049e	URN:catalog:CLO:EBIRD:OBS516838654	Animalia	Chordata	Aves	Passeriformes	Pycnonotidae	Pycnonotus	Pycnonotus leucotis		SPECIES	Pycnonotus leucotis (Gould"," 1836)	pycnonotus leucotis mesopotamia		IQ	IQ-Al Anbar Governorate - 33.801x42.429 - 5 Jul 2017 12:50	Al Anbar	PRESENT	1	e2e717bf-551a-4917-bdc9-4fa0f342c530	33.800526	42.42865							2017-07-05	5	7	2017	4QMMS	4QMMS	HUMAN_OBSERVATION	CLO	EBIRD	OBS516838654				CC_BY_4_0		obsr919476			2026-06-11T22:42:35.353Z		CONTINENT_DERIVED_FROM_COORDINATES;TAXON_CONCEPT_ID_NOT_FOUND",,,,
"2079961082	4fa7b334-ce0d-4e88-aaae-2e0c138d049e	URN:catalog:CLO:EBIRD:OBS517586785	Animalia	Chordata	Aves	Passeriformes	Pycnonotidae	Pycnonotus	Pycnonotus leucotis		SPECIES	Pycnonotus leucotis (Gould"," 1836)	pycnonotus leucotis mesopotamia		IQ	Al Asad (restricted access)	Al Anbar	PRESENT	6	e2e717bf-551a-4917-bdc9-4fa0f342c530	33.725277	42.453056							2017-07-09	9	7	2017	4QMMS	4QMMS	HUMAN_OBSERVATION	CLO	EBIRD	OBS517586785				CC_BY_4_0		obsr919476			2026-06-11T22:19:30.495Z		CONTINENT_DERIVED_FROM_COORDINATES;TAXON_CONCEPT_ID_NOT_FOUND",,,,
"2078827501	4fa7b334-ce0d-4e88-aaae-2e0c138d049e	URN:catalog:CLO:EBIRD:OBS515845039	Animalia	Chordata	Aves	Passeriformes	Pycnonotidae	Pycnonotus	Pycnonotus leucotis		SPECIES	Pycnonotus leucotis (Gould"," 1836)	pycnonotus leucotis mesopotamia		IQ	Joint Base Balad	Salah ad Din	PRESENT	2	e2e717bf-551a-4917-bdc9-4fa0f342c530	33.94051	44.36554							2017-07-03	3	7	2017	4QMMS	4QMMS	HUMAN_OBSERVATION	CLO	EBIRD	OBS515845039				CC_BY_4_0		obsr801879			2026-06-12T00:37:45.123Z		CONTINENT_DERIVED_FROM_COORDINATES;TAXON_CONCEPT_ID_NOT_FOUND",,,,
"2077013944	4fa7b334-ce0d-4e88-aaae-2e0c138d049e	URN:catalog:CLO:EBIRD:OBS512840463	Animalia	Chordata	Aves	Passeriformes	Pycnonotidae	Pycnonotus	Pycnonotus leucotis		SPECIES	Pycnonotus leucotis (Gould"," 1836)	pycnonotus leucotis mesopotamia		IQ	Joint Base Balad	Salah ad Din	PRESENT	1	e2e717bf-551a-4917-bdc9-4fa0f342c530	33.94051	44.36554							2017-05-04	4	5	2017	4QMMS	4QMMS	HUMAN_OBSERVATION	CLO	EBIRD	OBS512840463				CC_BY_4_0		obsr801879			2026-06-11T23:36:05.446Z		CONTINENT_DERIVED_FROM_COORDINATES;TAXON_CONCEPT_ID_NOT_FOUND",,,,
"2076491534	4fa7b334-ce0d-4e88-aaae-2e0c138d049e	URN:catalog:CLO:EBIRD:OBS505401863	Animalia	Chordata	Aves	Passeriformes	Pycnonotidae	Pycnonotus	Pycnonotus leucotis		SPECIES	Pycnonotus leucotis (Gould"," 1836)	pycnonotus leucotis mesopotamia		IQ	Al Asad (restricted access)	Al Anbar	PRESENT	6	e2e717bf-551a-4917-bdc9-4fa0f342c530	33.725277	42.453056							2017-05-05	5	5	2017	4QMMS	4QMMS	HUMAN_OBSERVATION	CLO	EBIRD	OBS505401863				CC_BY_4_0		obsr919476			2026-06-11T22:01:25.083Z		CONTINENT_DERIVED_FROM_COORDINATES;TAXON_CONCEPT_ID_NOT_FOUND",,,,
"2076485637	4fa7b334-ce0d-4e88-aaae-2e0c138d049e	URN:catalog:CLO:EBIRD:OBS505405163	Animalia	Chordata	Aves	Passeriformes	Pycnonotidae	Pycnonotus	Pycnonotus leucotis		SPECIES	Pycnonotus leucotis (Gould"," 1836)	pycnonotus leucotis mesopotamia		IQ	Al Asad (restricted access)	Al Anbar	PRESENT	8	e2e717bf-551a-4917-bdc9-4fa0f342c530	33.725277	42.453056							2017-05-11	11	5	2017	4QMMS	4QMMS	HUMAN_OBSERVATION	CLO	EBIRD	OBS505405163				CC_BY_4_0		obsr919476			2026-06-12T00:48:38.164Z		CONTINENT_DERIVED_FROM_COORDINATES;TAXON_CONCEPT_ID_NOT_FOUND",,,,
"2076483132	4fa7b334-ce0d-4e88-aaae-2e0c138d049e	URN:catalog:CLO:EBIRD:OBS505404622	Animalia	Chordata	Aves	Passeriformes	Pycnonotidae	Pycnonotus	Pycnonotus leucotis		SPECIES	Pycnonotus leucotis (Gould"," 1836)	pycnonotus leucotis mesopotamia		IQ	Al Asad (restricted access)	Al Anbar	PRESENT	14	e2e717bf-551a-4917-bdc9-4fa0f342c530	33.725277	42.453056							2017-05-10	10	5	2017	4QMMS	4QMMS	HUMAN_OBSERVATION	CLO	EBIRD	OBS505404622				CC_BY_4_0		obsr919476			2026-06-11T23:03:20.899Z		CONTINENT_DERIVED_FROM_COORDINATES;TAXON_CONCEPT_ID_NOT_FOUND",,,,
"2076215332	4fa7b334-ce0d-4e88-aaae-2e0c138d049e	URN:catalog:CLO:EBIRD:OBS512387067	Animalia	Chordata	Aves	Passeriformes	Pycnonotidae	Pycnonotus	Pycnonotus leucotis		SPECIES	Pycnonotus leucotis (Gould"," 1836)	pycnonotus leucotis mesopotamia		IQ	IQ-瓦西特 - 32.522x45.661 - 2017年6月17日 14:00	Wasit	PRESENT	5	e2e717bf-551a-4917-bdc9-4fa0f342c530	32.522274	45.661396							2017-06-17	17	6	2017	4QMMS	4QMMS	HUMAN_OBSERVATION	CLO	EBIRD	OBS512387067				CC_BY_4_0		obsr672744			2026-06-11T23:00:39.051Z		CONTINENT_DERIVED_FROM_COORDINATES;TAXON_CONCEPT_ID_NOT_FOUND",,,,
"2075861118	4fa7b334-ce0d-4e88-aaae-2e0c138d049e	URN:catalog:CLO:EBIRD:OBS504754299	Animalia	Chordata	Aves	Passeriformes	Pycnonotidae	Pycnonotus	Pycnonotus leucotis		SPECIES	Pycnonotus leucotis (Gould"," 1836)	pycnonotus leucotis mesopotamia		IQ	Al Asad (restricted access)	Al Anbar	PRESENT	10	e2e717bf-551a-4917-bdc9-4fa0f342c530	33.725277	42.453056							2017-05-26	26	5	2017	4QMMS	4QMMS	HUMAN_OBSERVATION	CLO	EBIRD	OBS504754299				CC_BY_4_0		obsr919476			2026-06-12T00:32:58.387Z		CONTINENT_DERIVED_FROM_COORDINATES;TAXON_CONCEPT_ID_NOT_FOUND",,,,
"2075621394	4fa7b334-ce0d-4e88-aaae-2e0c138d049e	URN:catalog:CLO:EBIRD:OBS504505939	Animalia	Chordata	Aves	Passeriformes	Pycnonotidae	Pycnonotus	Pycnonotus leucotis		SPECIES	Pycnonotus leucotis (Gould"," 1836)	pycnonotus leucotis mesopotamia		IQ	Al Asad (restricted access)	Al Anbar	PRESENT	9	e2e717bf-551a-4917-bdc9-4fa0f342c530	33.725277	42.453056							2017-05-25	25	5	2017	4QMMS	4QMMS	HUMAN_OBSERVATION	CLO	EBIRD	OBS504505939				CC_BY_4_0		obsr919476			2026-06-11T22:14:35.884Z		CONTINENT_DERIVED_FROM_COORDINATES;TAXON_CONCEPT_ID_NOT_FOUND",,,,
"2075269469	4fa7b334-ce0d-4e88-aaae-2e0c138d049e	URN:catalog:CLO:EBIRD:OBS504017277	Animalia	Chordata	Aves	Passeriformes	Pycnonotidae	Pycnonotus	Pycnonotus leucotis		SPECIES	Pycnonotus leucotis (Gould"," 1836)	pycnonotus leucotis mesopotamia		IQ	Al Asad (restricted access)	Al Anbar	PRESENT	22	e2e717bf-551a-4917-bdc9-4fa0f342c530	33.725277	42.453056							2017-04-27	27	4	2017	4QMMS	4QMMS	HUMAN_OBSERVATION	CLO	EBIRD	OBS504017277				CC_BY_4_0		obsr919476			2026-06-12T00:00:13.751Z		CONTINENT_DERIVED_FROM_COORDINATES;TAXON_CONCEPT_ID_NOT_FOUND",,,,
"2075254176	4fa7b334-ce0d-4e88-aaae-2e0c138d049e	URN:catalog:CLO:EBIRD:OBS503998834	Animalia	Chordata	Aves	Passeriformes	Pycnonotidae	Pycnonotus	Pycnonotus leucotis		SPECIES	Pycnonotus leucotis (Gould"," 1836)	pycnonotus leucotis mesopotamia		IQ	Al Asad (restricted access)	Al Anbar	PRESENT	16	e2e717bf-551a-4917-bdc9-4fa0f342c530	33.725277	42.453056							2017-04-12	12	4	2017	4QMMS	4QMMS	HUMAN_OBSERVATION	CLO	EBIRD	OBS503998834				CC_BY_4_0		obsr919476			2026-06-11T23:33:44.907Z		CONTINENT_DERIVED_FROM_COORDINATES;TAXON_CONCEPT_ID_NOT_FOUND",,,,
"2075250677	4fa7b334-ce0d-4e88-aaae-2e0c138d049e	URN:catalog:CLO:EBIRD:OBS504017218	Animalia	Chordata	Aves	Passeriformes	Pycnonotidae	Pycnonotus	Pycnonotus leucotis		SPECIES	Pycnonotus leucotis (Gould"," 1836)	pycnonotus leucotis mesopotamia		IQ	Al Asad (restricted access)	Al Anbar	PRESENT	15	e2e717bf-551a-4917-bdc9-4fa0f342c530	33.725277	42.453056							2017-04-30	30	4	2017	4QMMS	4QMMS	HUMAN_OBSERVATION	CLO	EBIRD	OBS504017218				CC_BY_4_0		obsr919476			2026-06-11T22:29:31.859Z		CONTINENT_DERIVED_FROM_COORDINATES;TAXON_CONCEPT_ID_NOT_FOUND",,,,
"2075061940	4fa7b334-ce0d-4e88-aaae-2e0c138d049e	URN:catalog:CLO:EBIRD:OBS503701471	Animalia	Chordata	Aves	Passeriformes	Pycnonotidae	Pycnonotus	Pycnonotus leucotis		SPECIES	Pycnonotus leucotis (Gould"," 1836)	pycnonotus leucotis mesopotamia		IQ	Al Asad (restricted access)	Al Anbar	PRESENT	3	e2e717bf-551a-4917-bdc9-4fa0f342c530	33.725277	42.453056							2017-03-31	31	3	2017	4QMMS	4QMMS	HUMAN_OBSERVATION	CLO	EBIRD	OBS503701471				CC_BY_4_0		obsr919476			2026-06-11T22:43:20.949Z		CONTINENT_DERIVED_FROM_COORDINATES;TAXON_CONCEPT_ID_NOT_FOUND",,,,
"2075029841	4fa7b334-ce0d-4e88-aaae-2e0c138d049e	URN:catalog:CLO:EBIRD:OBS503693317	Animalia	Chordata	Aves	Passeriformes	Pycnonotidae	Pycnonotus	Pycnonotus leucotis		SPECIES	Pycnonotus leucotis (Gould"," 1836)	pycnonotus leucotis mesopotamia		IQ	Al Asad (restricted access)	Al Anbar	PRESENT	2	e2e717bf-551a-4917-bdc9-4fa0f342c530	33.725277	42.453056							2017-03-19	19	3	2017	4QMMS	4QMMS	HUMAN_OBSERVATION	CLO	EBIRD	OBS503693317				CC_BY_4_0		obsr919476			2026-06-11T23:01:11.757Z		CONTINENT_DERIVED_FROM_COORDINATES;TAXON_CONCEPT_ID_NOT_FOUND",,,,
"2074840709	4fa7b334-ce0d-4e88-aaae-2e0c138d049e	URN:catalog:CLO:EBIRD:OBS503390683	Animalia	Chordata	Aves	Passeriformes	Pycnonotidae	Pycnonotus	Pycnonotus leucotis		SPECIES	Pycnonotus leucotis (Gould"," 1836)	pycnonotus leucotis mesopotamia		IQ	Al Asad (restricted access)	Al Anbar	PRESENT	23	e2e717bf-551a-4917-bdc9-4fa0f342c530	33.725277	42.453056							2017-05-22	22	5	2017	4QMMS	4QMMS	HUMAN_OBSERVATION	CLO	EBIRD	OBS503390683				CC_BY_4_0		obsr919476			2026-06-11T23:58:04.684Z		CONTINENT_DERIVED_FROM_COORDINATES;TAXON_CONCEPT_ID_NOT_FOUND",,,,
"2073642415	4fa7b334-ce0d-4e88-aaae-2e0c138d049e	URN:catalog:CLO:EBIRD:OBS509305074	Animalia	Chordata	Aves	Passeriformes	Pycnonotidae	Pycnonotus	Pycnonotus leucotis		SPECIES	Pycnonotus leucotis (Gould"," 1836)	pycnonotus leucotis mesopotamia		IQ	Joint Base Balad	Salah ad Din	PRESENT	8	e2e717bf-551a-4917-bdc9-4fa0f342c530	33.94051	44.36554							2017-06-08	8	6	2017	4QMMS	4QMMS	HUMAN_OBSERVATION	CLO	EBIRD	OBS509305074				CC_BY_4_0		obsr801879			2026-06-11T23:38:34.758Z		CONTINENT_DERIVED_FROM_COORDINATES;TAXON_CONCEPT_ID_NOT_FOUND",,,,
"2073077976	4fa7b334-ce0d-4e88-aaae-2e0c138d049e	URN:catalog:CLO:EBIRD:OBS508271743	Animalia	Chordata	Aves	Passeriformes	Pycnonotidae	Pycnonotus	Pycnonotus leucotis		SPECIES	Pycnonotus leucotis (Gould"," 1836)	pycnonotus leucotis mesopotamia		IQ	Joint Base Balad	Salah ad Din	PRESENT	1	e2e717bf-551a-4917-bdc9-4fa0f342c530	33.94051	44.36554							2017-06-05	5	6	2017	4QMMS	4QMMS	HUMAN_OBSERVATION	CLO	EBIRD	OBS508271743				CC_BY_4_0		obsr801879			2026-06-11T23:00:30.499Z		CONTINENT_DERIVED_FROM_COORDINATES;TAXON_CONCEPT_ID_NOT_FOUND",,,,
"2072012698	4fa7b334-ce0d-4e88-aaae-2e0c138d049e	URN:catalog:CLO:EBIRD:OBS506724091	Animalia	Chordata	Aves	Passeriformes	Pycnonotidae	Pycnonotus	Pycnonotus leucotis		SPECIES	Pycnonotus leucotis (Gould"," 1836)	pycnonotus leucotis mesopotamia		IQ	Al Asad (restricted access)	Al Anbar	PRESENT	3	e2e717bf-551a-4917-bdc9-4fa0f342c530	33.725277	42.453056							2017-05-31	31	5	2017	4QMMS	4QMMS	HUMAN_OBSERVATION	CLO	EBIRD	OBS506724091				CC_BY_4_0		obsr919476			2026-06-11T22:29:29.447Z		CONTINENT_DERIVED_FROM_COORDINATES;TAXON_CONCEPT_ID_NOT_FOUND",,,,
"2071758631	4fa7b334-ce0d-4e88-aaae-2e0c138d049e	URN:catalog:CLO:EBIRD:OBS500216735	Animalia	Chordata	Aves	Passeriformes	Pycnonotidae	Pycnonotus	Pycnonotus leucotis		SPECIES	Pycnonotus leucotis (Gould"," 1836)	pycnonotus leucotis mesopotamia		IQ	IQ-Wasit Governorate - 32.522x45.662 - May 15"," 2017 23:53	Wasit	PRESENT		e2e717bf-551a-4917-bdc9-4fa0f342c530	32.521957	45.661716							2017-05-15	15	5	2017	4QMMS	4QMMS	HUMAN_OBSERVATION	CLO	EBIRD	OBS500216735				CC_BY_4_0		obsr672744			2026-06-11T21:56:25.033Z		CONTINENT_DERIVED_FROM_COORDINATES;TAXON_CONCEPT_ID_NOT_FOUND",,,
"2071599951	4fa7b334-ce0d-4e88-aaae-2e0c138d049e	URN:catalog:CLO:EBIRD:OBS506030477	Animalia	Chordata	Aves	Passeriformes	Pycnonotidae	Pycnonotus	Pycnonotus leucotis		SPECIES	Pycnonotus leucotis (Gould"," 1836)	pycnonotus leucotis mesopotamia		IQ	Al Asad (restricted access)	Al Anbar	PRESENT	18	e2e717bf-551a-4917-bdc9-4fa0f342c530	33.725277	42.453056							2017-05-29	29	5	2017	4QMMS	4QMMS	HUMAN_OBSERVATION	CLO	EBIRD	OBS506030477				CC_BY_4_0		obsr919476			2026-06-11T22:20:17.340Z		CONTINENT_DERIVED_FROM_COORDINATES;TAXON_CONCEPT_ID_NOT_FOUND",,,,
"2071026983	4fa7b334-ce0d-4e88-aaae-2e0c138d049e	URN:catalog:CLO:EBIRD:OBS505404405	Animalia	Chordata	Aves	Passeriformes	Pycnonotidae	Pycnonotus	Pycnonotus leucotis		SPECIES	Pycnonotus leucotis (Gould"," 1836)	pycnonotus leucotis mesopotamia		IQ	Al Asad (restricted access)	Al Anbar	PRESENT	9	e2e717bf-551a-4917-bdc9-4fa0f342c530	33.725277	42.453056							2017-05-09	9	5	2017	4QMMS	4QMMS	HUMAN_OBSERVATION	CLO	EBIRD	OBS505404405				CC_BY_4_0		obsr919476			2026-06-11T22:45:43.987Z		CONTINENT_DERIVED_FROM_COORDINATES;TAXON_CONCEPT_ID_NOT_FOUND",,,,
"2071023092	4fa7b334-ce0d-4e88-aaae-2e0c138d049e	URN:catalog:CLO:EBIRD:OBS505408357	Animalia	Chordata	Aves	Passeriformes	Pycnonotidae	Pycnonotus	Pycnonotus leucotis		SPECIES	Pycnonotus leucotis (Gould"," 1836)	pycnonotus leucotis mesopotamia		IQ	Al Asad (restricted access)	Al Anbar	PRESENT	6	e2e717bf-551a-4917-bdc9-4fa0f342c530	33.725277	42.453056							2017-05-12	12	5	2017	4QMMS	4QMMS	HUMAN_OBSERVATION	CLO	EBIRD	OBS505408357				CC_BY_4_0		obsr919476			2026-06-12T00:28:56.925Z		CONTINENT_DERIVED_FROM_COORDINATES;TAXON_CONCEPT_ID_NOT_FOUND",,,,
"2071014203	4fa7b334-ce0d-4e88-aaae-2e0c138d049e	URN:catalog:CLO:EBIRD:OBS505403848	Animalia	Chordata	Aves	Passeriformes	Pycnonotidae	Pycnonotus	Pycnonotus leucotis		SPECIES	Pycnonotus leucotis (Gould"," 1836)	pycnonotus leucotis mesopotamia		IQ	Al Asad (restricted access)	Al Anbar	PRESENT	8	e2e717bf-551a-4917-bdc9-4fa0f342c530	33.725277	42.453056							2017-05-07	7	5	2017	4QMMS	4QMMS	HUMAN_OBSERVATION	CLO	EBIRD	OBS505403848				CC_BY_4_0		obsr919476			2026-06-12T00:10:47.689Z		CONTINENT_DERIVED_FROM_COORDINATES;TAXON_CONCEPT_ID_NOT_FOUND",,,,
"2070783399	4fa7b334-ce0d-4e88-aaae-2e0c138d049e	URN:catalog:CLO:EBIRD:OBS505150149	Animalia	Chordata	Aves	Passeriformes	Pycnonotidae	Pycnonotus	Pycnonotus leucotis		SPECIES	Pycnonotus leucotis (Gould"," 1836)	pycnonotus leucotis mesopotamia		IQ	Al Asad (restricted access)	Al Anbar	PRESENT	3	e2e717bf-551a-4917-bdc9-4fa0f342c530	33.725277	42.453056							2017-05-27	27	5	2017	4QMMS	4QMMS	HUMAN_OBSERVATION	CLO	EBIRD	OBS505150149				CC_BY_4_0		obsr919476			2026-06-11T23:34:04.491Z		CONTINENT_DERIVED_FROM_COORDINATES;TAXON_CONCEPT_ID_NOT_FOUND",,,,
"2070313369	4fa7b334-ce0d-4e88-aaae-2e0c138d049e	URN:catalog:CLO:EBIRD:OBS520361148	Animalia	Chordata	Aves	Passeriformes	Pycnonotidae	Pycnonotus	Pycnonotus leucotis		SPECIES	Pycnonotus leucotis (Gould"," 1836)	pycnonotus leucotis mesopotamia		IQ	Al Asad (restricted access)	Al Anbar	PRESENT	22	e2e717bf-551a-4917-bdc9-4fa0f342c530	33.725277	42.453056							2017-07-22	22	7	2017	4QMMS	4QMMS	HUMAN_OBSERVATION	CLO	EBIRD	OBS520361148				CC_BY_4_0		obsr919476			2026-06-12T00:12:07.952Z		CONTINENT_DERIVED_FROM_COORDINATES;TAXON_CONCEPT_ID_NOT_FOUND",,,,
"2069891584	4fa7b334-ce0d-4e88-aaae-2e0c138d049e	URN:catalog:CLO:EBIRD:OBS519710750	Animalia	Chordata	Aves	Passeriformes	Pycnonotidae	Pycnonotus	Pycnonotus leucotis		SPECIES	Pycnonotus leucotis (Gould"," 1836)	pycnonotus leucotis mesopotamia		IQ	Al Asad (restricted access)	Al Anbar	PRESENT	4	e2e717bf-551a-4917-bdc9-4fa0f342c530	33.725277	42.453056							2017-07-18	18	7	2017	4QMMS	4QMMS	HUMAN_OBSERVATION	CLO	EBIRD	OBS519710750				CC_BY_4_0		obsr919476			2026-06-11T22:57:51.864Z		CONTINENT_DERIVED_FROM_COORDINATES;TAXON_CONCEPT_ID_NOT_FOUND",,,,
"2069786564	4fa7b334-ce0d-4e88-aaae-2e0c138d049e	URN:catalog:CLO:EBIRD:OBS504109231	Animalia	Chordata	Aves	Passeriformes	Pycnonotidae	Pycnonotus	Pycnonotus leucotis		SPECIES	Pycnonotus leucotis (Gould"," 1836)	pycnonotus leucotis mesopotamia		IQ	Al Asad (restricted access)	Al Anbar	PRESENT	19	e2e717bf-551a-4917-bdc9-4fa0f342c530	33.725277	42.453056							2017-05-03	3	5	2017	4QMMS	4QMMS	HUMAN_OBSERVATION	CLO	EBIRD	OBS504109231				CC_BY_4_0		obsr919476			2026-06-11T23:16:56.167Z		CONTINENT_DERIVED_FROM_COORDINATES;TAXON_CONCEPT_ID_NOT_FOUND",,,,
"2069720929	4fa7b334-ce0d-4e88-aaae-2e0c138d049e	URN:catalog:CLO:EBIRD:OBS504018949	Animalia	Chordata	Aves	Passeriformes	Pycnonotidae	Pycnonotus	Pycnonotus leucotis		SPECIES	Pycnonotus leucotis (Gould"," 1836)	pycnonotus leucotis mesopotamia		IQ	Al Asad (restricted access)	Al Anbar	PRESENT	20	e2e717bf-551a-4917-bdc9-4fa0f342c530	33.725277	42.453056							2017-05-01	1	5	2017	4QMMS	4QMMS	HUMAN_OBSERVATION	CLO	EBIRD	OBS504018949				CC_BY_4_0		obsr919476			2026-06-11T23:52:06.178Z		CONTINENT_DERIVED_FROM_COORDINATES;TAXON_CONCEPT_ID_NOT_FOUND",,,,
"2069717263	4fa7b334-ce0d-4e88-aaae-2e0c138d049e	URN:catalog:CLO:EBIRD:OBS504016282	Animalia	Chordata	Aves	Passeriformes	Pycnonotidae	Pycnonotus	Pycnonotus leucotis		SPECIES	Pycnonotus leucotis (Gould"," 1836)	pycnonotus leucotis mesopotamia		IQ	Al Asad (restricted access)	Al Anbar	PRESENT	18	e2e717bf-551a-4917-bdc9-4fa0f342c530	33.725277	42.453056							2017-04-28	28	4	2017	4QMMS	4QMMS	HUMAN_OBSERVATION	CLO	EBIRD	OBS504016282				CC_BY_4_0		obsr919476			2026-06-11T23:02:00.867Z		CONTINENT_DERIVED_FROM_COORDINATES;TAXON_CONCEPT_ID_NOT_FOUND",,,,
"2069714084	4fa7b334-ce0d-4e88-aaae-2e0c138d049e	URN:catalog:CLO:EBIRD:OBS503999386	Animalia	Chordata	Aves	Passeriformes	Pycnonotidae	Pycnonotus	Pycnonotus leucotis		SPECIES	Pycnonotus leucotis (Gould"," 1836)	pycnonotus leucotis mesopotamia		IQ	Al Asad (restricted access)	Al Anbar	PRESENT	12	e2e717bf-551a-4917-bdc9-4fa0f342c530	33.725277	42.453056							2017-04-14	14	4	2017	4QMMS	4QMMS	HUMAN_OBSERVATION	CLO	EBIRD	OBS503999386				CC_BY_4_0		obsr919476			2026-06-11T23:15:56.637Z		CONTINENT_DERIVED_FROM_COORDINATES;TAXON_CONCEPT_ID_NOT_FOUND",,,,
"2069707860	4fa7b334-ce0d-4e88-aaae-2e0c138d049e	URN:catalog:CLO:EBIRD:OBS504016015	Animalia	Chordata	Aves	Passeriformes	Pycnonotidae	Pycnonotus	Pycnonotus leucotis		SPECIES	Pycnonotus leucotis (Gould"," 1836)	pycnonotus leucotis mesopotamia		IQ	Al Asad (restricted access)	Al Anbar	PRESENT	16	e2e717bf-551a-4917-bdc9-4fa0f342c530	33.725277	42.453056							2017-04-25	25	4	2017	4QMMS	4QMMS	HUMAN_OBSERVATION	CLO	EBIRD	OBS504016015				CC_BY_4_0		obsr919476			2026-06-12T00:43:24.049Z		CONTINENT_DERIVED_FROM_COORDINATES;TAXON_CONCEPT_ID_NOT_FOUND",,,,
"2069698955	4fa7b334-ce0d-4e88-aaae-2e0c138d049e	URN:catalog:CLO:EBIRD:OBS503997896	Animalia	Chordata	Aves	Passeriformes	Pycnonotidae	Pycnonotus	Pycnonotus leucotis		SPECIES	Pycnonotus leucotis (Gould"," 1836)	pycnonotus leucotis mesopotamia		IQ	Al Asad (restricted access)	Al Anbar	PRESENT	6	e2e717bf-551a-4917-bdc9-4fa0f342c530	33.725277	42.453056							2017-04-09	9	4	2017	4QMMS	4QMMS	HUMAN_OBSERVATION	CLO	EBIRD	OBS503997896				CC_BY_4_0		obsr919476			2026-06-11T22:01:19.156Z		CONTINENT_DERIVED_FROM_COORDINATES;TAXON_CONCEPT_ID_NOT_FOUND",,,,
"2069698412	4fa7b334-ce0d-4e88-aaae-2e0c138d049e	URN:catalog:CLO:EBIRD:OBS503998531	Animalia	Chordata	Aves	Passeriformes	Pycnonotidae	Pycnonotus	Pycnonotus leucotis		SPECIES	Pycnonotus leucotis (Gould"," 1836)	pycnonotus leucotis mesopotamia		IQ	Al Asad (restricted access)	Al Anbar	PRESENT	8	e2e717bf-551a-4917-bdc9-4fa0f342c530	33.725277	42.453056							2017-04-11	11	4	2017	4QMMS	4QMMS	HUMAN_OBSERVATION	CLO	EBIRD	OBS503998531				CC_BY_4_0		obsr919476			2026-06-12T00:36:55.352Z		CONTINENT_DERIVED_FROM_COORDINATES;TAXON_CONCEPT_ID_NOT_FOUND",,,,
"2069592701	4fa7b334-ce0d-4e88-aaae-2e0c138d049e	URN:catalog:CLO:EBIRD:OBS503999689	Animalia	Chordata	Aves	Passeriformes	Pycnonotidae	Pycnonotus	Pycnonotus leucotis		SPECIES	Pycnonotus leucotis (Gould"," 1836)	pycnonotus leucotis mesopotamia		IQ	Al Asad (restricted access)	Al Anbar	PRESENT	17	e2e717bf-551a-4917-bdc9-4fa0f342c530	33.725277	42.453056							2017-04-17	17	4	2017	4QMMS	4QMMS	HUMAN_OBSERVATION	CLO	EBIRD	OBS503999689				CC_BY_4_0		obsr919476			2026-06-11T21:56:47.379Z		CONTINENT_DERIVED_FROM_COORDINATES;TAXON_CONCEPT_ID_NOT_FOUND",,,,
"2069589173	4fa7b334-ce0d-4e88-aaae-2e0c138d049e	URN:catalog:CLO:EBIRD:OBS503999892	Animalia	Chordata	Aves	Passeriformes	Pycnonotidae	Pycnonotus	Pycnonotus leucotis		SPECIES	Pycnonotus leucotis (Gould"," 1836)	pycnonotus leucotis mesopotamia		IQ	Al Asad (restricted access)	Al Anbar	PRESENT	20	e2e717bf-551a-4917-bdc9-4fa0f342c530	33.725277	42.453056							2017-04-18	18	4	2017	4QMMS	4QMMS	HUMAN_OBSERVATION	CLO	EBIRD	OBS503999892				CC_BY_4_0		obsr919476			2026-06-11T22:29:21.648Z		CONTINENT_DERIVED_FROM_COORDINATES;TAXON_CONCEPT_ID_NOT_FOUND",,,,
"2069588772	4fa7b334-ce0d-4e88-aaae-2e0c138d049e	URN:catalog:CLO:EBIRD:OBS503998113	Animalia	Chordata	Aves	Passeriformes	Pycnonotidae	Pycnonotus	Pycnonotus leucotis		SPECIES	Pycnonotus leucotis (Gould"," 1836)	pycnonotus leucotis mesopotamia		IQ	Al Asad (restricted access)	Al Anbar	PRESENT	8	e2e717bf-551a-4917-bdc9-4fa0f342c530	33.725277	42.453056							2017-04-10	10	4	2017	4QMMS	4QMMS	HUMAN_OBSERVATION	CLO	EBIRD	OBS503998113				CC_BY_4_0		obsr919476			2026-06-11T23:02:02.666Z		CONTINENT_DERIVED_FROM_COORDINATES;TAXON_CONCEPT_ID_NOT_FOUND",,,,
"2069468621	4fa7b334-ce0d-4e88-aaae-2e0c138d049e	URN:catalog:CLO:EBIRD:OBS503692236	Animalia	Chordata	Aves	Passeriformes	Pycnonotidae	Pycnonotus	Pycnonotus leucotis		SPECIES	Pycnonotus leucotis (Gould"," 1836)	pycnonotus leucotis mesopotamia		IQ	Al Asad (restricted access)	Al Anbar	PRESENT	1	e2e717bf-551a-4917-bdc9-4fa0f342c530	33.725277	42.453056							2017-03-18	18	3	2017	4QMMS	4QMMS	HUMAN_OBSERVATION	CLO	EBIRD	OBS503692236				CC_BY_4_0		obsr919476			2026-06-11T21:59:36.223Z		CONTINENT_DERIVED_FROM_COORDINATES;TAXON_CONCEPT_ID_NOT_FOUND",,,,
"2069363903	4fa7b334-ce0d-4e88-aaae-2e0c138d049e	URN:catalog:CLO:EBIRD:OBS503700461	Animalia	Chordata	Aves	Passeriformes	Pycnonotidae	Pycnonotus	Pycnonotus leucotis		SPECIES	Pycnonotus leucotis (Gould"," 1836)	pycnonotus leucotis mesopotamia		IQ	Al Asad (restricted access)	Al Anbar	PRESENT	2	e2e717bf-551a-4917-bdc9-4fa0f342c530	33.725277	42.453056							2017-03-30	30	3	2017	4QMMS	4QMMS	HUMAN_OBSERVATION	CLO	EBIRD	OBS503700461				CC_BY_4_0		obsr919476			2026-06-11T23:00:09.874Z		CONTINENT_DERIVED_FROM_COORDINATES;TAXON_CONCEPT_ID_NOT_FOUND",,,,
"2068577642	4fa7b334-ce0d-4e88-aaae-2e0c138d049e	URN:catalog:CLO:EBIRD:OBS502640563	Animalia	Chordata	Aves	Passeriformes	Pycnonotidae	Pycnonotus	Pycnonotus leucotis		SPECIES	Pycnonotus leucotis (Gould"," 1836)	pycnonotus leucotis mesopotamia		IQ	Al Asad (restricted access)	Al Anbar	PRESENT	6	e2e717bf-551a-4917-bdc9-4fa0f342c530	33.725277	42.453056							2017-05-19	19	5	2017	4QMMS	4QMMS	HUMAN_OBSERVATION	CLO	EBIRD	OBS502640563				CC_BY_4_0		obsr919476			2026-06-11T23:16:10.503Z		CONTINENT_DERIVED_FROM_COORDINATES;TAXON_CONCEPT_ID_NOT_FOUND",,,,
"2068501394	4fa7b334-ce0d-4e88-aaae-2e0c138d049e	URN:catalog:CLO:EBIRD:OBS502640692	Animalia	Chordata	Aves	Passeriformes	Pycnonotidae	Pycnonotus	Pycnonotus leucotis		SPECIES	Pycnonotus leucotis (Gould"," 1836)	pycnonotus leucotis mesopotamia		IQ	Al Asad (restricted access)	Al Anbar	PRESENT	2	e2e717bf-551a-4917-bdc9-4fa0f342c530	33.725277	42.453056							2017-05-20	20	5	2017	4QMMS	4QMMS	HUMAN_OBSERVATION	CLO	EBIRD	OBS502640692				CC_BY_4_0		obsr919476			2026-06-11T22:31:24.532Z		CONTINENT_DERIVED_FROM_COORDINATES;TAXON_CONCEPT_ID_NOT_FOUND",,,,
"2068375355	4fa7b334-ce0d-4e88-aaae-2e0c138d049e	URN:catalog:CLO:EBIRD:OBS518063242	Animalia	Chordata	Aves	Passeriformes	Pycnonotidae	Pycnonotus	Pycnonotus leucotis		SPECIES	Pycnonotus leucotis (Gould"," 1836)	pycnonotus leucotis mesopotamia		IQ	Al Asad (restricted access)	Al Anbar	PRESENT	2	e2e717bf-551a-4917-bdc9-4fa0f342c530	33.725277	42.453056							2017-07-12	12	7	2017	4QMMS	4QMMS	HUMAN_OBSERVATION	CLO	EBIRD	OBS518063242				CC_BY_4_0		obsr919476			2026-06-11T21:41:35.564Z		CONTINENT_DERIVED_FROM_COORDINATES;TAXON_CONCEPT_ID_NOT_FOUND",,,,
"2068343591	4fa7b334-ce0d-4e88-aaae-2e0c138d049e	URN:catalog:CLO:EBIRD:OBS518035449	Animalia	Chordata	Aves	Passeriformes	Pycnonotidae	Pycnonotus	Pycnonotus leucotis		SPECIES	Pycnonotus leucotis (Gould"," 1836)	pycnonotus leucotis mesopotamia		IQ	Al Asad (restricted access)	Al Anbar	PRESENT	4	e2e717bf-551a-4917-bdc9-4fa0f342c530	33.725277	42.453056							2017-07-11	11	7	2017	4QMMS	4QMMS	HUMAN_OBSERVATION	CLO	EBIRD	OBS518035449				CC_BY_4_0		obsr919476			2026-06-11T23:18:31.145Z		CONTINENT_DERIVED_FROM_COORDINATES;TAXON_CONCEPT_ID_NOT_FOUND",,,,
"2067714708	4fa7b334-ce0d-4e88-aaae-2e0c138d049e	URN:catalog:CLO:EBIRD:OBS501602725	Animalia	Chordata	Aves	Passeriformes	Pycnonotidae	Pycnonotus	Pycnonotus leucotis		SPECIES	Pycnonotus leucotis (Gould"," 1836)	pycnonotus leucotis mesopotamia		IQ	Al Asad (restricted access)	Al Anbar	PRESENT	11	e2e717bf-551a-4917-bdc9-4fa0f342c530	33.725277	42.453056							2017-05-17	17	5	2017	4QMMS	4QMMS	HUMAN_OBSERVATION	CLO	EBIRD	OBS501602725				CC_BY_4_0		obsr919476			2026-06-11T21:41:25.516Z		CONTINENT_DERIVED_FROM_COORDINATES;TAXON_CONCEPT_ID_NOT_FOUND",,,,
"2066813138	4fa7b334-ce0d-4e88-aaae-2e0c138d049e	URN:catalog:CLO:EBIRD:OBS493261702	Animalia	Chordata	Aves	Passeriformes	Pycnonotidae	Pycnonotus	Pycnonotus leucotis		SPECIES	Pycnonotus leucotis (Gould"," 1836)	pycnonotus leucotis mesopotamia		IQ	Joint Base Balad	Salah ad Din	PRESENT	1	e2e717bf-551a-4917-bdc9-4fa0f342c530	33.94051	44.36554							2017-04-07	7	4	2017	4QMMS	4QMMS	HUMAN_OBSERVATION	CLO	EBIRD	OBS493261702				CC_BY_4_0		obsr801879			2026-06-11T23:16:35.479Z		CONTINENT_DERIVED_FROM_COORDINATES;TAXON_CONCEPT_ID_NOT_FOUND",,,,
"2066810526	4fa7b334-ce0d-4e88-aaae-2e0c138d049e	URN:catalog:CLO:EBIRD:OBS493254458	Animalia	Chordata	Aves	Passeriformes	Pycnonotidae	Pycnonotus	Pycnonotus leucotis		SPECIES	Pycnonotus leucotis (Gould"," 1836)	pycnonotus leucotis mesopotamia		IQ	Joint Base Balad	Salah ad Din	PRESENT	2	e2e717bf-551a-4917-bdc9-4fa0f342c530	33.94051	44.36554							2017-05-02	2	5	2017	4QMMS	4QMMS	HUMAN_OBSERVATION	CLO	EBIRD	OBS493254458				CC_BY_4_0		obsr801879			2026-06-12T00:14:42.477Z		CONTINENT_DERIVED_FROM_COORDINATES;TAXON_CONCEPT_ID_NOT_FOUND",,,,
"2066710753	4fa7b334-ce0d-4e88-aaae-2e0c138d049e	URN:catalog:CLO:EBIRD:OBS500661090	Animalia	Chordata	Aves	Passeriformes	Pycnonotidae	Pycnonotus	Pycnonotus leucotis		SPECIES	Pycnonotus leucotis (Gould"," 1836)	pycnonotus leucotis mesopotamia		IQ	Al Asad (restricted access)	Al Anbar	PRESENT	4	e2e717bf-551a-4917-bdc9-4fa0f342c530	33.725277	42.453056							2017-05-16	16	5	2017	4QMMS	4QMMS	HUMAN_OBSERVATION	CLO	EBIRD	OBS500661090				CC_BY_4_0		obsr919476			2026-06-11T22:00:21.998Z		CONTINENT_DERIVED_FROM_COORDINATES;TAXON_CONCEPT_ID_NOT_FOUND",,,,
"2066659470	4fa7b334-ce0d-4e88-aaae-2e0c138d049e	URN:catalog:CLO:EBIRD:OBS515607554	Animalia	Chordata	Aves	Passeriformes	Pycnonotidae	Pycnonotus	Pycnonotus leucotis		SPECIES	Pycnonotus leucotis (Gould"," 1836)	pycnonotus leucotis mesopotamia		IQ	Joint Base Balad	Salah ad Din	PRESENT	1	e2e717bf-551a-4917-bdc9-4fa0f342c530	33.94051	44.36554							2017-06-20	20	6	2017	4QMMS	4QMMS	HUMAN_OBSERVATION	CLO	EBIRD	OBS515607554				CC_BY_4_0		obsr801879			2026-06-11T23:00:04.748Z		CONTINENT_DERIVED_FROM_COORDINATES;TAXON_CONCEPT_ID_NOT_FOUND",,,,
"2065236977	4fa7b334-ce0d-4e88-aaae-2e0c138d049e	URN:catalog:CLO:EBIRD:OBS499386176	Animalia	Chordata	Aves	Passeriformes	Pycnonotidae	Pycnonotus	Pycnonotus leucotis		SPECIES	Pycnonotus leucotis (Gould"," 1836)	pycnonotus leucotis mesopotamia		IQ	Al Asad (restricted access)	Al Anbar	PRESENT	16	e2e717bf-551a-4917-bdc9-4fa0f342c530	33.725277	42.453056							2017-05-14	14	5	2017	4QMMS	4QMMS	HUMAN_OBSERVATION	CLO	EBIRD	OBS499386176				CC_BY_4_0		obsr919476			2026-06-11T22:29:20.798Z		CONTINENT_DERIVED_FROM_COORDINATES;TAXON_CONCEPT_ID_NOT_FOUND",,,,
"2064956435	4fa7b334-ce0d-4e88-aaae-2e0c138d049e	URN:catalog:CLO:EBIRD:OBS490803187	Animalia	Chordata	Aves	Passeriformes	Pycnonotidae	Pycnonotus	Pycnonotus leucotis		SPECIES	Pycnonotus leucotis (Gould"," 1836)	pycnonotus leucotis mesopotamia		IQ	Joint Base Balad	Salah ad Din	PRESENT	6	e2e717bf-551a-4917-bdc9-4fa0f342c530	33.94051	44.36554							2017-04-27	27	4	2017	4QMMS	4QMMS	HUMAN_OBSERVATION	CLO	EBIRD	OBS490803187				CC_BY_4_0		obsr801879			2026-06-11T23:16:32.477Z		CONTINENT_DERIVED_FROM_COORDINATES;TAXON_CONCEPT_ID_NOT_FOUND",,,,
"2064862398	4fa7b334-ce0d-4e88-aaae-2e0c138d049e	URN:catalog:CLO:EBIRD:OBS498548492	Animalia	Chordata	Aves	Passeriformes	Pycnonotidae	Pycnonotus	Pycnonotus leucotis		SPECIES	Pycnonotus leucotis (Gould"," 1836)	pycnonotus leucotis mesopotamia		IQ	Al Asad (restricted access)	Al Anbar	PRESENT	14	e2e717bf-551a-4917-bdc9-4fa0f342c530	33.725277	42.453056							2017-05-13	13	5	2017	4QMMS	4QMMS	HUMAN_OBSERVATION	CLO	EBIRD	OBS498548492				CC_BY_4_0		obsr919476			2026-06-11T23:40:13.521Z		CONTINENT_DERIVED_FROM_COORDINATES;TAXON_CONCEPT_ID_NOT_FOUND",,,,
"2064608796	4fa7b334-ce0d-4e88-aaae-2e0c138d049e	URN:catalog:CLO:EBIRD:OBS498627503	Animalia	Chordata	Aves	Passeriformes	Pycnonotidae	Pycnonotus	Pycnonotus leucotis		SPECIES	Pycnonotus leucotis (Gould"," 1836)	pycnonotus leucotis mesopotamia		IQ	Al Asad (restricted access)	Al Anbar	PRESENT	1	e2e717bf-551a-4917-bdc9-4fa0f342c530	33.725277	42.453056							2017-03-04	4	3	2017	4QMMS	4QMMS	HUMAN_OBSERVATION	CLO	EBIRD	OBS498627503				CC_BY_4_0		obsr919476			2026-06-12T00:39:39.434Z		CONTINENT_DERIVED_FROM_COORDINATES;TAXON_CONCEPT_ID_NOT_FOUND",,,,
"2064394868	4fa7b334-ce0d-4e88-aaae-2e0c138d049e	URN:catalog:CLO:EBIRD:OBS512840561	Animalia	Chordata	Aves	Passeriformes	Pycnonotidae	Pycnonotus	Pycnonotus leucotis		SPECIES	Pycnonotus leucotis (Gould"," 1836)	pycnonotus leucotis mesopotamia		IQ	Joint Base Balad	Salah ad Din	PRESENT	3	e2e717bf-551a-4917-bdc9-4fa0f342c530	33.94051	44.36554							2017-05-08	8	5	2017	4QMMS	4QMMS	HUMAN_OBSERVATION	CLO	EBIRD	OBS512840561				CC_BY_4_0		obsr801879			2026-06-11T23:20:46.441Z		CONTINENT_DERIVED_FROM_COORDINATES;TAXON_CONCEPT_ID_NOT_FOUND",,,,
"2063961109	4fa7b334-ce0d-4e88-aaae-2e0c138d049e	URN:catalog:CLO:EBIRD:OBS497405105	Animalia	Chordata	Aves	Passeriformes	Pycnonotidae	Pycnonotus	Pycnonotus leucotis		SPECIES	Pycnonotus leucotis (Gould"," 1836)	pycnonotus leucotis mesopotamia		IQ	Joint Base Balad	Salah ad Din	PRESENT	1	e2e717bf-551a-4917-bdc9-4fa0f342c530	33.94051	44.36554							2017-05-11	11	5	2017	4QMMS	4QMMS	HUMAN_OBSERVATION	CLO	EBIRD	OBS497405105				CC_BY_4_0		obsr801879			2026-06-11T23:33:16.737Z		CONTINENT_DERIVED_FROM_COORDINATES;TAXON_CONCEPT_ID_NOT_FOUND",,,,
"2063614831	4fa7b334-ce0d-4e88-aaae-2e0c138d049e	URN:catalog:CLO:EBIRD:OBS496952909	Animalia	Chordata	Aves	Passeriformes	Pycnonotidae	Pycnonotus	Pycnonotus leucotis		SPECIES	Pycnonotus leucotis (Gould"," 1836)	pycnonotus leucotis mesopotamia		IQ	Joint Base Balad	Salah ad Din	PRESENT	4	e2e717bf-551a-4917-bdc9-4fa0f342c530	33.94051	44.36554							2017-05-10	10	5	2017	4QMMS	4QMMS	HUMAN_OBSERVATION	CLO	EBIRD	OBS496952909				CC_BY_4_0		obsr801879			2026-06-11T22:19:41.775Z		CONTINENT_DERIVED_FROM_COORDINATES;TAXON_CONCEPT_ID_NOT_FOUND",,,,
"2060748625	4fa7b334-ce0d-4e88-aaae-2e0c138d049e	URN:catalog:CLO:EBIRD:OBS493261748	Animalia	Chordata	Aves	Passeriformes	Pycnonotidae	Pycnonotus	Pycnonotus leucotis		SPECIES	Pycnonotus leucotis (Gould"," 1836)	pycnonotus leucotis mesopotamia		IQ	Joint Base Balad	Salah ad Din	PRESENT	2	e2e717bf-551a-4917-bdc9-4fa0f342c530	33.94051	44.36554							2017-04-10	10	4	2017	4QMMS	4QMMS	HUMAN_OBSERVATION	CLO	EBIRD	OBS493261748				CC_BY_4_0		obsr801879			2026-06-11T21:41:14.377Z		CONTINENT_DERIVED_FROM_COORDINATES;TAXON_CONCEPT_ID_NOT_FOUND",,,,
"2060746372	4fa7b334-ce0d-4e88-aaae-2e0c138d049e	URN:catalog:CLO:EBIRD:OBS493261959	Animalia	Chordata	Aves	Passeriformes	Pycnonotidae	Pycnonotus	Pycnonotus leucotis		SPECIES	Pycnonotus leucotis (Gould"," 1836)	pycnonotus leucotis mesopotamia		IQ	Joint Base Balad	Salah ad Din	PRESENT	2	e2e717bf-551a-4917-bdc9-4fa0f342c530	33.94051	44.36554							2017-04-16	16	4	2017	4QMMS	4QMMS	HUMAN_OBSERVATION	CLO	EBIRD	OBS493261959				CC_BY_4_0		obsr801879			2026-06-11T22:00:30.990Z		CONTINENT_DERIVED_FROM_COORDINATES;TAXON_CONCEPT_ID_NOT_FOUND",,,,
"2060743362	4fa7b334-ce0d-4e88-aaae-2e0c138d049e	URN:catalog:CLO:EBIRD:OBS493261589	Animalia	Chordata	Aves	Passeriformes	Pycnonotidae	Pycnonotus	Pycnonotus leucotis		SPECIES	Pycnonotus leucotis (Gould"," 1836)	pycnonotus leucotis mesopotamia		IQ	Joint Base Balad	Salah ad Din	PRESENT	1	e2e717bf-551a-4917-bdc9-4fa0f342c530	33.94051	44.36554							2017-04-02	2	4	2017	4QMMS	4QMMS	HUMAN_OBSERVATION	CLO	EBIRD	OBS493261589				CC_BY_4_0		obsr801879			2026-06-11T21:40:45.697Z		CONTINENT_DERIVED_FROM_COORDINATES;TAXON_CONCEPT_ID_NOT_FOUND",,,,
"2060529912	4fa7b334-ce0d-4e88-aaae-2e0c138d049e	URN:catalog:CLO:EBIRD:OBS493262333	Animalia	Chordata	Aves	Passeriformes	Pycnonotidae	Pycnonotus	Pycnonotus leucotis		SPECIES	Pycnonotus leucotis (Gould"," 1836)	pycnonotus leucotis mesopotamia		IQ	Joint Base Balad	Salah ad Din	PRESENT	1	e2e717bf-551a-4917-bdc9-4fa0f342c530	33.94051	44.36554							2017-04-27	27	4	2017	4QMMS	4QMMS	HUMAN_OBSERVATION	CLO	EBIRD	OBS493262333				CC_BY_4_0		obsr801879			2026-06-11T23:54:42.426Z		CONTINENT_DERIVED_FROM_COORDINATES;TAXON_CONCEPT_ID_NOT_FOUND",,,,
"2058791969	4fa7b334-ce0d-4e88-aaae-2e0c138d049e	URN:catalog:CLO:EBIRD:OBS506603221	Animalia	Chordata	Aves	Passeriformes	Pycnonotidae	Pycnonotus	Pycnonotus leucotis		SPECIES	Pycnonotus leucotis (Gould"," 1836)	pycnonotus leucotis mesopotamia		IQ	Al Asad (restricted access)	Al Anbar	PRESENT	6	e2e717bf-551a-4917-bdc9-4fa0f342c530	33.725277	42.453056							2017-05-30	30	5	2017	4QMMS	4QMMS	HUMAN_OBSERVATION	CLO	EBIRD	OBS506603221				CC_BY_4_0		obsr919476			2026-06-11T21:40:43.954Z		CONTINENT_DERIVED_FROM_COORDINATES;TAXON_CONCEPT_ID_NOT_FOUND",,,,
"2058044692	4fa7b334-ce0d-4e88-aaae-2e0c138d049e	URN:catalog:CLO:EBIRD:OBS505566551	Animalia	Chordata	Aves	Passeriformes	Pycnonotidae	Pycnonotus	Pycnonotus leucotis		SPECIES	Pycnonotus leucotis (Gould"," 1836)	pycnonotus leucotis mesopotamia		IQ	Al Asad (restricted access)	Al Anbar	PRESENT	14	e2e717bf-551a-4917-bdc9-4fa0f342c530	33.725277	42.453056							2017-05-28	28	5	2017	4QMMS	4QMMS	HUMAN_OBSERVATION	CLO	EBIRD	OBS505566551				CC_BY_4_0		obsr919476			2026-06-11T21:41:24.106Z		CONTINENT_DERIVED_FROM_COORDINATES;TAXON_CONCEPT_ID_NOT_FOUND",,,,
"2057880254	4fa7b334-ce0d-4e88-aaae-2e0c138d049e	URN:catalog:CLO:EBIRD:OBS505404057	Animalia	Chordata	Aves	Passeriformes	Pycnonotidae	Pycnonotus	Pycnonotus leucotis		SPECIES	Pycnonotus leucotis (Gould"," 1836)	pycnonotus leucotis mesopotamia		IQ	Al Asad (restricted access)	Al Anbar	PRESENT	9	e2e717bf-551a-4917-bdc9-4fa0f342c530	33.725277	42.453056							2017-05-08	8	5	2017	4QMMS	4QMMS	HUMAN_OBSERVATION	CLO	EBIRD	OBS505404057				CC_BY_4_0		obsr919476			2026-06-12T00:00:40.617Z		CONTINENT_DERIVED_FROM_COORDINATES;TAXON_CONCEPT_ID_NOT_FOUND",,,,
"2057025898	4fa7b334-ce0d-4e88-aaae-2e0c138d049e	URN:catalog:CLO:EBIRD:OBS481087898	Animalia	Chordata	Aves	Passeriformes	Pycnonotidae	Pycnonotus	Pycnonotus leucotis		SPECIES	Pycnonotus leucotis (Gould"," 1836)	pycnonotus leucotis mesopotamia		IQ	Joint Base Balad	Salah ad Din	PRESENT	1	e2e717bf-551a-4917-bdc9-4fa0f342c530	33.94051	44.36554							2017-03-17	17	3	2017	4QMMS	4QMMS	HUMAN_OBSERVATION	CLO	EBIRD	OBS481087898				CC_BY_4_0		obsr801879			2026-06-11T23:20:12.468Z		CONTINENT_DERIVED_FROM_COORDINATES;TAXON_CONCEPT_ID_NOT_FOUND",,,,
"2057024203	4fa7b334-ce0d-4e88-aaae-2e0c138d049e	URN:catalog:CLO:EBIRD:OBS481088383	Animalia	Chordata	Aves	Passeriformes	Pycnonotidae	Pycnonotus	Pycnonotus leucotis		SPECIES	Pycnonotus leucotis (Gould"," 1836)	pycnonotus leucotis mesopotamia		IQ	Joint Base Balad	Salah ad Din	PRESENT	1	e2e717bf-551a-4917-bdc9-4fa0f342c530	33.94051	44.36554							2017-03-03	3	3	2017	4QMMS	4QMMS	HUMAN_OBSERVATION	CLO	EBIRD	OBS481088383				CC_BY_4_0		obsr801879			2026-06-12T00:14:05.580Z		CONTINENT_DERIVED_FROM_COORDINATES;TAXON_CONCEPT_ID_NOT_FOUND",,,,
"2057002266	4fa7b334-ce0d-4e88-aaae-2e0c138d049e	URN:catalog:CLO:EBIRD:OBS481088416	Animalia	Chordata	Aves	Passeriformes	Pycnonotidae	Pycnonotus	Pycnonotus leucotis		SPECIES	Pycnonotus leucotis (Gould"," 1836)	pycnonotus leucotis mesopotamia		IQ	Joint Base Balad	Salah ad Din	PRESENT	1	e2e717bf-551a-4917-bdc9-4fa0f342c530	33.94051	44.36554							2017-03-03	3	3	2017	4QMMS	4QMMS	HUMAN_OBSERVATION	CLO	EBIRD	OBS481088416				CC_BY_4_0		obsr801879			2026-06-11T21:41:08.299Z		CONTINENT_DERIVED_FROM_COORDINATES;TAXON_CONCEPT_ID_NOT_FOUND",,,,
"2056554579	4fa7b334-ce0d-4e88-aaae-2e0c138d049e	URN:catalog:CLO:EBIRD:OBS504111607	Animalia	Chordata	Aves	Passeriformes	Pycnonotidae	Pycnonotus	Pycnonotus leucotis		SPECIES	Pycnonotus leucotis (Gould"," 1836)	pycnonotus leucotis mesopotamia		IQ	Al Asad (restricted access)	Al Anbar	PRESENT	12	e2e717bf-551a-4917-bdc9-4fa0f342c530	33.725277	42.453056							2017-05-04	4	5	2017	4QMMS	4QMMS	HUMAN_OBSERVATION	CLO	EBIRD	OBS504111607				CC_BY_4_0		obsr919476			2026-06-11T23:49:38.849Z		CONTINENT_DERIVED_FROM_COORDINATES;TAXON_CONCEPT_ID_NOT_FOUND",,,,
"2056537905	4fa7b334-ce0d-4e88-aaae-2e0c138d049e	URN:catalog:CLO:EBIRD:OBS504093434	Animalia	Chordata	Aves	Passeriformes	Pycnonotidae	Pycnonotus	Pycnonotus leucotis		SPECIES	Pycnonotus leucotis (Gould"," 1836)	pycnonotus leucotis mesopotamia		IQ	Al Asad (restricted access)	Al Anbar	PRESENT	10	e2e717bf-551a-4917-bdc9-4fa0f342c530	33.725277	42.453056							2017-04-24	24	4	2017	4QMMS	4QMMS	HUMAN_OBSERVATION	CLO	EBIRD	OBS504093434				CC_BY_4_0		obsr919476			2026-06-11T22:38:48.195Z		CONTINENT_DERIVED_FROM_COORDINATES;TAXON_CONCEPT_ID_NOT_FOUND",,,,
"2056492898	4fa7b334-ce0d-4e88-aaae-2e0c138d049e	URN:catalog:CLO:EBIRD:OBS504017707	Animalia	Chordata	Aves	Passeriformes	Pycnonotidae	Pycnonotus	Pycnonotus leucotis		SPECIES	Pycnonotus leucotis (Gould"," 1836)	pycnonotus leucotis mesopotamia		IQ	Al Asad (restricted access)	Al Anbar	PRESENT	20	e2e717bf-551a-4917-bdc9-4fa0f342c530	33.725277	42.453056							2017-05-24	24	5	2017	4QMMS	4QMMS	HUMAN_OBSERVATION	CLO	EBIRD	OBS504017707				CC_BY_4_0		obsr919476			2026-06-11T22:29:09.280Z		CONTINENT_DERIVED_FROM_COORDINATES;TAXON_CONCEPT_ID_NOT_FOUND",,,,
"2056490258	4fa7b334-ce0d-4e88-aaae-2e0c138d049e	URN:catalog:CLO:EBIRD:OBS504015853	Animalia	Chordata	Aves	Passeriformes	Pycnonotidae	Pycnonotus	Pycnonotus leucotis		SPECIES	Pycnonotus leucotis (Gould"," 1836)	pycnonotus leucotis mesopotamia		IQ	Al Asad (restricted access)	Al Anbar	PRESENT	12	e2e717bf-551a-4917-bdc9-4fa0f342c530	33.725277	42.453056							2017-04-23	23	4	2017	4QMMS	4QMMS	HUMAN_OBSERVATION	CLO	EBIRD	OBS504015853				CC_BY_4_0		obsr919476			2026-06-12T00:38:47.255Z		CONTINENT_DERIVED_FROM_COORDINATES;TAXON_CONCEPT_ID_NOT_FOUND",,,,
"2056488490	4fa7b334-ce0d-4e88-aaae-2e0c138d049e	URN:catalog:CLO:EBIRD:OBS504017045	Animalia	Chordata	Aves	Passeriformes	Pycnonotidae	Pycnonotus	Pycnonotus leucotis		SPECIES	Pycnonotus leucotis (Gould"," 1836)	pycnonotus leucotis mesopotamia		IQ	Al Asad (restricted access)	Al Anbar	PRESENT	12	e2e717bf-551a-4917-bdc9-4fa0f342c530	33.725277	42.453056							2017-04-29	29	4	2017	4QMMS	4QMMS	HUMAN_OBSERVATION	CLO	EBIRD	OBS504017045				CC_BY_4_0		obsr919476			2026-06-11T23:57:42.724Z		CONTINENT_DERIVED_FROM_COORDINATES;TAXON_CONCEPT_ID_NOT_FOUND",,,,
"2056479403	4fa7b334-ce0d-4e88-aaae-2e0c138d049e	URN:catalog:CLO:EBIRD:OBS503997773	Animalia	Chordata	Aves	Passeriformes	Pycnonotidae	Pycnonotus	Pycnonotus leucotis		SPECIES	Pycnonotus leucotis (Gould"," 1836)	pycnonotus leucotis mesopotamia		IQ	Al Asad (restricted access)	Al Anbar	PRESENT	9	e2e717bf-551a-4917-bdc9-4fa0f342c530	33.725277	42.453056							2017-04-08	8	4	2017	4QMMS	4QMMS	HUMAN_OBSERVATION	CLO	EBIRD	OBS503997773				CC_BY_4_0		obsr919476			2026-06-11T23:18:46.762Z		CONTINENT_DERIVED_FROM_COORDINATES;TAXON_CONCEPT_ID_NOT_FOUND",,,,
"2056378235	4fa7b334-ce0d-4e88-aaae-2e0c138d049e	URN:catalog:CLO:EBIRD:OBS503801481	Animalia	Chordata	Aves	Passeriformes	Pycnonotidae	Pycnonotus	Pycnonotus leucotis		SPECIES	Pycnonotus leucotis (Gould"," 1836)	pycnonotus leucotis mesopotamia		IQ	Al Asad (restricted access)	Al Anbar	PRESENT	3	e2e717bf-551a-4917-bdc9-4fa0f342c530	33.725277	42.453056							2017-05-23	23	5	2017	4QMMS	4QMMS	HUMAN_OBSERVATION	CLO	EBIRD	OBS503801481				CC_BY_4_0		obsr919476			2026-06-11T22:19:45.683Z		CONTINENT_DERIVED_FROM_COORDINATES;TAXON_CONCEPT_ID_NOT_FOUND",,,,
"2056343162	4fa7b334-ce0d-4e88-aaae-2e0c138d049e	URN:catalog:CLO:EBIRD:OBS503694956	Animalia	Chordata	Aves	Passeriformes	Pycnonotidae	Pycnonotus	Pycnonotus leucotis		SPECIES	Pycnonotus leucotis (Gould"," 1836)	pycnonotus leucotis mesopotamia		IQ	Al Asad (restricted access)	Al Anbar	PRESENT	5	e2e717bf-551a-4917-bdc9-4fa0f342c530	33.725277	42.453056							2017-03-25	25	3	2017	4QMMS	4QMMS	HUMAN_OBSERVATION	CLO	EBIRD	OBS503694956				CC_BY_4_0		obsr919476			2026-06-11T23:52:33.093Z		CONTINENT_DERIVED_FROM_COORDINATES;TAXON_CONCEPT_ID_NOT_FOUND",,,,
"2056317200	4fa7b334-ce0d-4e88-aaae-2e0c138d049e	URN:catalog:CLO:EBIRD:OBS503695778	Animalia	Chordata	Aves	Passeriformes	Pycnonotidae	Pycnonotus	Pycnonotus leucotis		SPECIES	Pycnonotus leucotis (Gould"," 1836)	pycnonotus leucotis mesopotamia		IQ	Al Asad (restricted access)	Al Anbar	PRESENT	6	e2e717bf-551a-4917-bdc9-4fa0f342c530	33.725277	42.453056							2017-03-27	27	3	2017	4QMMS	4QMMS	HUMAN_OBSERVATION	CLO	EBIRD	OBS503695778				CC_BY_4_0		obsr919476			2026-06-12T00:01:52.842Z		CONTINENT_DERIVED_FROM_COORDINATES;TAXON_CONCEPT_ID_NOT_FOUND",,,,
"2055964938	4fa7b334-ce0d-4e88-aaae-2e0c138d049e	URN:catalog:CLO:EBIRD:OBS503209742	Animalia	Chordata	Aves	Passeriformes	Pycnonotidae	Pycnonotus	Pycnonotus leucotis		SPECIES	Pycnonotus leucotis (Gould"," 1836)	pycnonotus leucotis mesopotamia		IQ	Al Asad (restricted access)	Al Anbar	PRESENT	15	e2e717bf-551a-4917-bdc9-4fa0f342c530	33.725277	42.453056							2017-05-21	21	5	2017	4QMMS	4QMMS	HUMAN_OBSERVATION	CLO	EBIRD	OBS503209742				CC_BY_4_0		obsr919476			2026-06-11T22:37:58.432Z		CONTINENT_DERIVED_FROM_COORDINATES;TAXON_CONCEPT_ID_NOT_FOUND",,,,
"2055243533	4fa7b334-ce0d-4e88-aaae-2e0c138d049e	URN:catalog:CLO:EBIRD:OBS485993186	Animalia	Chordata	Aves	Passeriformes	Pycnonotidae	Pycnonotus	Pycnonotus leucotis		SPECIES	Pycnonotus leucotis (Gould"," 1836)	pycnonotus leucotis mesopotamia		IQ	Zewe	As Sulaymaniyah	PRESENT	2	e2e717bf-551a-4917-bdc9-4fa0f342c530	35.759888	45.24144							2017-04-15	15	4	2017	4QMMS	4QMMS	HUMAN_OBSERVATION	CLO	EBIRD	OBS485993186				CC_BY_4_0		obsr453249			2026-06-11T23:49:33.652Z		CONTINENT_DERIVED_FROM_COORDINATES;TAXON_CONCEPT_ID_NOT_FOUND",,,,
"2054881844	4fa7b334-ce0d-4e88-aaae-2e0c138d049e	URN:catalog:CLO:EBIRD:OBS501602529	Animalia	Chordata	Aves	Passeriformes	Pycnonotidae	Pycnonotus	Pycnonotus leucotis		SPECIES	Pycnonotus leucotis (Gould"," 1836)	pycnonotus leucotis mesopotamia		IQ	Al Asad (restricted access)	Al Anbar	PRESENT	17	e2e717bf-551a-4917-bdc9-4fa0f342c530	33.725277	42.453056							2017-05-18	18	5	2017	4QMMS	4QMMS	HUMAN_OBSERVATION	CLO	EBIRD	OBS501602529				CC_BY_4_0		obsr919476			2026-06-11T22:13:02.240Z		CONTINENT_DERIVED_FROM_COORDINATES;TAXON_CONCEPT_ID_NOT_FOUND",,,,
"2054784684	4fa7b334-ce0d-4e88-aaae-2e0c138d049e	URN:catalog:CLO:EBIRD:OBS486246929	Animalia	Chordata	Aves	Passeriformes	Pycnonotidae	Pycnonotus	Pycnonotus leucotis		SPECIES	Pycnonotus leucotis (Gould"," 1836)	pycnonotus leucotis mesopotamia		IQ	Joint Base Balad	Salah ad Din	PRESENT	4	e2e717bf-551a-4917-bdc9-4fa0f342c530	33.94051	44.36554							2017-04-14	14	4	2017	4QMMS	4QMMS	HUMAN_OBSERVATION	CLO	EBIRD	OBS486246929				CC_BY_4_0		obsr801879			2026-06-11T23:15:58.463Z		CONTINENT_DERIVED_FROM_COORDINATES;TAXON_CONCEPT_ID_NOT_FOUND",,,,
"2053765304	4fa7b334-ce0d-4e88-aaae-2e0c138d049e	URN:catalog:CLO:EBIRD:OBS500206452	Animalia	Chordata	Aves	Passeriformes	Pycnonotidae	Pycnonotus	Pycnonotus leucotis		SPECIES	Pycnonotus leucotis (Gould"," 1836)	pycnonotus leucotis mesopotamia		IQ	Al Asad (restricted access)	Al Anbar	PRESENT	12	e2e717bf-551a-4917-bdc9-4fa0f342c530	33.725277	42.453056							2017-05-15	15	5	2017	4QMMS	4QMMS	HUMAN_OBSERVATION	CLO	EBIRD	OBS500206452				CC_BY_4_0		obsr919476			2026-06-11T22:57:07.652Z		CONTINENT_DERIVED_FROM_COORDINATES;TAXON_CONCEPT_ID_NOT_FOUND",,,,
"2051878410	4fa7b334-ce0d-4e88-aaae-2e0c138d049e	URN:catalog:CLO:EBIRD:OBS475279164	Animalia	Chordata	Aves	Passeriformes	Pycnonotidae	Pycnonotus	Pycnonotus leucotis		SPECIES	Pycnonotus leucotis (Gould"," 1836)	pycnonotus leucotis mesopotamia		IQ	Joint Base Balad	Salah ad Din	PRESENT	7	e2e717bf-551a-4917-bdc9-4fa0f342c530	33.94051	44.36554							2017-03-14	14	3	2017	4QMMS	4QMMS	HUMAN_OBSERVATION	CLO	EBIRD	OBS475279164				CC_BY_4_0		obsr801879			2026-06-11T23:15:42.342Z		CONTINENT_DERIVED_FROM_COORDINATES;TAXON_CONCEPT_ID_NOT_FOUND",,,,
"2051654360	4fa7b334-ce0d-4e88-aaae-2e0c138d049e	URN:catalog:CLO:EBIRD:OBS481088438	Animalia	Chordata	Aves	Passeriformes	Pycnonotidae	Pycnonotus	Pycnonotus leucotis		SPECIES	Pycnonotus leucotis (Gould"," 1836)	pycnonotus leucotis mesopotamia		IQ	Joint Base Balad	Salah ad Din	PRESENT	1	e2e717bf-551a-4917-bdc9-4fa0f342c530	33.94051	44.36554							2017-03-05	5	3	2017	4QMMS	4QMMS	HUMAN_OBSERVATION	CLO	EBIRD	OBS481088438				CC_BY_4_0		obsr801879			2026-06-11T23:50:15.105Z		CONTINENT_DERIVED_FROM_COORDINATES;TAXON_CONCEPT_ID_NOT_FOUND",,,,
"2051650233	4fa7b334-ce0d-4e88-aaae-2e0c138d049e	URN:catalog:CLO:EBIRD:OBS481088180	Animalia	Chordata	Aves	Passeriformes	Pycnonotidae	Pycnonotus	Pycnonotus leucotis		SPECIES	Pycnonotus leucotis (Gould"," 1836)	pycnonotus leucotis mesopotamia		IQ	Joint Base Balad	Salah ad Din	PRESENT	1	e2e717bf-551a-4917-bdc9-4fa0f342c530	33.94051	44.36554							2017-03-29	29	3	2017	4QMMS	4QMMS	HUMAN_OBSERVATION	CLO	EBIRD	OBS481088180				CC_BY_4_0		obsr801879			2026-06-11T21:56:36.960Z		CONTINENT_DERIVED_FROM_COORDINATES;TAXON_CONCEPT_ID_NOT_FOUND",,,,
"2050388016	4fa7b334-ce0d-4e88-aaae-2e0c138d049e	URN:catalog:CLO:EBIRD:OBS479748833	Animalia	Chordata	Aves	Passeriformes	Pycnonotidae	Pycnonotus	Pycnonotus leucotis		SPECIES	Pycnonotus leucotis (Gould"," 1836)	pycnonotus leucotis mesopotamia		IQ	Joint Base Balad	Salah ad Din	PRESENT	5	e2e717bf-551a-4917-bdc9-4fa0f342c530	33.94051	44.36554							2017-03-29	29	3	2017	4QMMS	4QMMS	HUMAN_OBSERVATION	CLO	EBIRD	OBS479748833				CC_BY_4_0		obsr801879			2026-06-11T22:56:59.898Z		CONTINENT_DERIVED_FROM_COORDINATES;TAXON_CONCEPT_ID_NOT_FOUND",,,,
"2049441712	4fa7b334-ce0d-4e88-aaae-2e0c138d049e	URN:catalog:CLO:EBIRD:OBS478726898	Animalia	Chordata	Aves	Passeriformes	Pycnonotidae	Pycnonotus	Pycnonotus leucotis		SPECIES	Pycnonotus leucotis (Gould"," 1836)	pycnonotus leucotis mesopotamia		IQ	Joint Base Balad	Salah ad Din	PRESENT	3	e2e717bf-551a-4917-bdc9-4fa0f342c530	33.94051	44.36554							2017-03-26	26	3	2017	4QMMS	4QMMS	HUMAN_OBSERVATION	CLO	EBIRD	OBS478726898				CC_BY_4_0		obsr801879			2026-06-11T23:00:23.750Z		CONTINENT_DERIVED_FROM_COORDINATES;TAXON_CONCEPT_ID_NOT_FOUND",,,,
"2048966288	4fa7b334-ce0d-4e88-aaae-2e0c138d049e	URN:catalog:CLO:EBIRD:OBS471261309	Animalia	Chordata	Aves	Passeriformes	Pycnonotidae	Pycnonotus	Pycnonotus leucotis		SPECIES	Pycnonotus leucotis (Gould"," 1836)	pycnonotus leucotis mesopotamia		IQ	Joint Base Balad	Salah ad Din	PRESENT	4	e2e717bf-551a-4917-bdc9-4fa0f342c530	33.94051	44.36554							2017-02-27	27	2	2017	4QMMS	4QMMS	HUMAN_OBSERVATION	CLO	EBIRD	OBS471261309				CC_BY_4_0		obsr801879			2026-06-11T23:54:04.126Z		CONTINENT_DERIVED_FROM_COORDINATES;TAXON_CONCEPT_ID_NOT_FOUND",,,,
"2047514987	4fa7b334-ce0d-4e88-aaae-2e0c138d049e	URN:catalog:CLO:EBIRD:OBS491217399	Animalia	Chordata	Aves	Passeriformes	Pycnonotidae	Pycnonotus	Pycnonotus leucotis		SPECIES	Pycnonotus leucotis (Gould"," 1836)	pycnonotus leucotis mesopotamia		IQ	Joint Base Balad	Salah ad Din	PRESENT	4	e2e717bf-551a-4917-bdc9-4fa0f342c530	33.94051	44.36554							2017-04-28	28	4	2017	4QMMS	4QMMS	HUMAN_OBSERVATION	CLO	EBIRD	OBS491217399				CC_BY_4_0		obsr801879			2026-06-11T23:50:11.680Z		CONTINENT_DERIVED_FROM_COORDINATES;TAXON_CONCEPT_ID_NOT_FOUND",,,,
"2047413117	4fa7b334-ce0d-4e88-aaae-2e0c138d049e	URN:catalog:CLO:EBIRD:OBS477521933	Animalia	Chordata	Aves	Passeriformes	Pycnonotidae	Pycnonotus	Pycnonotus leucotis		SPECIES	Pycnonotus leucotis (Gould"," 1836)	pycnonotus leucotis mesopotamia		IQ	Joint Base Balad	Salah ad Din	PRESENT	6	e2e717bf-551a-4917-bdc9-4fa0f342c530	33.94051	44.36554							2017-03-22	22	3	2017	4QMMS	4QMMS	HUMAN_OBSERVATION	CLO	EBIRD	OBS477521933				CC_BY_4_0		obsr801879			2026-06-11T21:56:21.857Z		CONTINENT_DERIVED_FROM_COORDINATES;TAXON_CONCEPT_ID_NOT_FOUND",,,,
"2046663999	4fa7b334-ce0d-4e88-aaae-2e0c138d049e	URN:catalog:CLO:EBIRD:OBS474977570	Animalia	Chordata	Aves	Passeriformes	Pycnonotidae	Pycnonotus	Pycnonotus leucotis		SPECIES	Pycnonotus leucotis (Gould"," 1836)	pycnonotus leucotis mesopotamia		IQ	Joint Base Balad	Salah ad Din	PRESENT	4	e2e717bf-551a-4917-bdc9-4fa0f342c530	33.94051	44.36554							2017-02-22	22	2	2017	4QMMS	4QMMS	HUMAN_OBSERVATION	CLO	EBIRD	OBS474977570				CC_BY_4_0		obsr801879			2026-06-11T21:41:00.400Z		CONTINENT_DERIVED_FROM_COORDINATES;TAXON_CONCEPT_ID_NOT_FOUND",,,,
"2046653396	4fa7b334-ce0d-4e88-aaae-2e0c138d049e	URN:catalog:CLO:EBIRD:OBS474969479	Animalia	Chordata	Aves	Passeriformes	Pycnonotidae	Pycnonotus	Pycnonotus leucotis		SPECIES	Pycnonotus leucotis (Gould"," 1836)	pycnonotus leucotis mesopotamia		IQ	Joint Base Balad	Salah ad Din	PRESENT	1	e2e717bf-551a-4917-bdc9-4fa0f342c530	33.94051	44.36554							2017-01-13	13	1	2017	4QMMS	4QMMS	HUMAN_OBSERVATION	CLO	EBIRD	OBS474969479				CC_BY_4_0		obsr801879			2026-06-11T21:56:17.957Z		CONTINENT_DERIVED_FROM_COORDINATES;TAXON_CONCEPT_ID_NOT_FOUND",,,,
"2046309693	4fa7b334-ce0d-4e88-aaae-2e0c138d049e	URN:catalog:CLO:EBIRD:OBS468549481	Animalia	Chordata	Aves	Passeriformes	Pycnonotidae	Pycnonotus	Pycnonotus leucotis		SPECIES	Pycnonotus leucotis (Gould"," 1836)	pycnonotus leucotis mesopotamia		IQ	Mosul Dam	Ninawá	PRESENT	5	e2e717bf-551a-4917-bdc9-4fa0f342c530	36.621292	42.822777							2017-02-17	17	2	2017	4QMMS	4QMMS	HUMAN_OBSERVATION	CLO	EBIRD	OBS468549481				CC_BY_4_0		obsr152761			2026-06-11T22:28:57.293Z		CONTINENT_DERIVED_FROM_COORDINATES;TAXON_CONCEPT_ID_NOT_FOUND",,,,
"2045463117	4fa7b334-ce0d-4e88-aaae-2e0c138d049e	URN:catalog:CLO:EBIRD:OBS474977618	Animalia	Chordata	Aves	Passeriformes	Pycnonotidae	Pycnonotus	Pycnonotus leucotis		SPECIES	Pycnonotus leucotis (Gould"," 1836)	pycnonotus leucotis mesopotamia		IQ	Joint Base Balad	Salah ad Din	PRESENT	1	e2e717bf-551a-4917-bdc9-4fa0f342c530	33.94051	44.36554							2017-02-23	23	2	2017	4QMMS	4QMMS	HUMAN_OBSERVATION	CLO	EBIRD	OBS474977618				CC_BY_4_0		obsr801879			2026-06-11T23:24:37.437Z		CONTINENT_DERIVED_FROM_COORDINATES;TAXON_CONCEPT_ID_NOT_FOUND",,,,
"2045453287	4fa7b334-ce0d-4e88-aaae-2e0c138d049e	URN:catalog:CLO:EBIRD:OBS474977706	Animalia	Chordata	Aves	Passeriformes	Pycnonotidae	Pycnonotus	Pycnonotus leucotis		SPECIES	Pycnonotus leucotis (Gould"," 1836)	pycnonotus leucotis mesopotamia		IQ	Joint Base Balad	Salah ad Din	PRESENT	2	e2e717bf-551a-4917-bdc9-4fa0f342c530	33.94051	44.36554							2017-02-28	28	2	2017	4QMMS	4QMMS	HUMAN_OBSERVATION	CLO	EBIRD	OBS474977706				CC_BY_4_0		obsr801879			2026-06-12T00:19:27.540Z		CONTINENT_DERIVED_FROM_COORDINATES;TAXON_CONCEPT_ID_NOT_FOUND",,,,
"2044492942	4fa7b334-ce0d-4e88-aaae-2e0c138d049e	URN:catalog:CLO:EBIRD:OBS486411298	Animalia	Chordata	Aves	Passeriformes	Pycnonotidae	Pycnonotus	Pycnonotus leucotis		SPECIES	Pycnonotus leucotis (Gould"," 1836)	pycnonotus leucotis mesopotamia		IQ	Zewe	As Sulaymaniyah	PRESENT	2	e2e717bf-551a-4917-bdc9-4fa0f342c530	35.759888	45.24144							2017-04-15	15	4	2017	4QMMS	4QMMS	HUMAN_OBSERVATION	CLO	EBIRD	OBS486411298				CC_BY_4_0		obsr843990			2026-06-11T22:58:20.624Z		CONTINENT_DERIVED_FROM_COORDINATES;TAXON_CONCEPT_ID_NOT_FOUND",,,,
"2043849765	4fa7b334-ce0d-4e88-aaae-2e0c138d049e	URN:catalog:CLO:EBIRD:OBS465074113	Animalia	Chordata	Aves	Passeriformes	Pycnonotidae	Pycnonotus	Pycnonotus leucotis		SPECIES	Pycnonotus leucotis (Gould"," 1836)	pycnonotus leucotis mesopotamia		IQ	Dukan--town	As Sulaymaniyah	PRESENT	2	e2e717bf-551a-4917-bdc9-4fa0f342c530	35.92916	44.95924							2017-02-10	10	2	2017	4QMMS	4QMMS	HUMAN_OBSERVATION	CLO	EBIRD	OBS465074113				CC_BY_4_0		obsr453249			2026-06-11T22:39:34.504Z		CONTINENT_DERIVED_FROM_COORDINATES;TAXON_CONCEPT_ID_NOT_FOUND",,,,
"2042586396	4fa7b334-ce0d-4e88-aaae-2e0c138d049e	URN:catalog:CLO:EBIRD:OBS471262063	Animalia	Chordata	Aves	Passeriformes	Pycnonotidae	Pycnonotus	Pycnonotus leucotis		SPECIES	Pycnonotus leucotis (Gould"," 1836)	pycnonotus leucotis mesopotamia		IQ	Joint Base Balad	Salah ad Din	PRESENT	4	e2e717bf-551a-4917-bdc9-4fa0f342c530	33.94051	44.36554							2017-02-28	28	2	2017	4QMMS	4QMMS	HUMAN_OBSERVATION	CLO	EBIRD	OBS471262063				CC_BY_4_0		obsr801879			2026-06-11T23:00:55.629Z		CONTINENT_DERIVED_FROM_COORDINATES;TAXON_CONCEPT_ID_NOT_FOUND",,,,
"2042203589	4fa7b334-ce0d-4e88-aaae-2e0c138d049e	URN:catalog:CLO:EBIRD:OBS483476813	Animalia	Chordata	Aves	Passeriformes	Pycnonotidae	Pycnonotus	Pycnonotus leucotis		SPECIES	Pycnonotus leucotis (Gould"," 1836)	pycnonotus leucotis mesopotamia		IQ	Joint Base Balad	Salah ad Din	PRESENT	5	e2e717bf-551a-4917-bdc9-4fa0f342c530	33.94051	44.36554							2017-04-09	9	4	2017	4QMMS	4QMMS	HUMAN_OBSERVATION	CLO	EBIRD	OBS483476813				CC_BY_4_0		obsr801879			2026-06-11T22:38:49.584Z		CONTINENT_DERIVED_FROM_COORDINATES;TAXON_CONCEPT_ID_NOT_FOUND",,,,
"2041490079	4fa7b334-ce0d-4e88-aaae-2e0c138d049e	URN:catalog:CLO:EBIRD:OBS482141840	Animalia	Chordata	Aves	Passeriformes	Pycnonotidae	Pycnonotus	Pycnonotus leucotis		SPECIES	Pycnonotus leucotis (Gould"," 1836)	pycnonotus leucotis mesopotamia		IQ	Joint Base Balad	Salah ad Din	PRESENT	4	e2e717bf-551a-4917-bdc9-4fa0f342c530	33.94051	44.36554							2017-04-05	5	4	2017	4QMMS	4QMMS	HUMAN_OBSERVATION	CLO	EBIRD	OBS482141840				CC_BY_4_0		obsr801879			2026-06-11T23:01:39.667Z		CONTINENT_DERIVED_FROM_COORDINATES;TAXON_CONCEPT_ID_NOT_FOUND",,,,
"2041061509	4fa7b334-ce0d-4e88-aaae-2e0c138d049e	URN:catalog:CLO:EBIRD:OBS481088296	Animalia	Chordata	Aves	Passeriformes	Pycnonotidae	Pycnonotus	Pycnonotus leucotis		SPECIES	Pycnonotus leucotis (Gould"," 1836)	pycnonotus leucotis mesopotamia		IQ	Joint Base Balad	Salah ad Din	PRESENT	1	e2e717bf-551a-4917-bdc9-4fa0f342c530	33.94051	44.36554							2017-03-07	7	3	2017	4QMMS	4QMMS	HUMAN_OBSERVATION	CLO	EBIRD	OBS481088296				CC_BY_4_0		obsr801879			2026-06-11T23:39:46.125Z		CONTINENT_DERIVED_FROM_COORDINATES;TAXON_CONCEPT_ID_NOT_FOUND",,,,
"2038493348	4fa7b334-ce0d-4e88-aaae-2e0c138d049e	URN:catalog:CLO:EBIRD:OBS457381710	Animalia	Chordata	Aves	Passeriformes	Pycnonotidae	Pycnonotus	Pycnonotus leucotis		SPECIES	Pycnonotus leucotis (Gould"," 1836)	pycnonotus leucotis mesopotamia		IQ	Qara Dagh--Chami Darwana River bridge	As Sulaymaniyah	PRESENT	2	e2e717bf-551a-4917-bdc9-4fa0f342c530	35.2872	45.380386							2017-01-13	13	1	2017	4QMMS	4QMMS	HUMAN_OBSERVATION	CLO	EBIRD	OBS457381710				CC_BY_4_0		obsr843990			2026-06-11T23:18:57.101Z		CONTINENT_DERIVED_FROM_COORDINATES;TAXON_CONCEPT_ID_NOT_FOUND",,,,
"2036848252	4fa7b334-ce0d-4e88-aaae-2e0c138d049e	URN:catalog:CLO:EBIRD:OBS475510519	Animalia	Chordata	Aves	Passeriformes	Pycnonotidae	Pycnonotus	Pycnonotus leucotis		SPECIES	Pycnonotus leucotis (Gould"," 1836)	pycnonotus leucotis mesopotamia		IQ	Joint Base Balad	Salah ad Din	PRESENT	7	e2e717bf-551a-4917-bdc9-4fa0f342c530	33.94051	44.36554							2017-03-15	15	3	2017	4QMMS	4QMMS	HUMAN_OBSERVATION	CLO	EBIRD	OBS475510519				CC_BY_4_0		obsr801879			2026-06-12T00:32:05.482Z		CONTINENT_DERIVED_FROM_COORDINATES;TAXON_CONCEPT_ID_NOT_FOUND",,,,
"2036451878	4fa7b334-ce0d-4e88-aaae-2e0c138d049e	URN:catalog:CLO:EBIRD:OBS474969283	Animalia	Chordata	Aves	Passeriformes	Pycnonotidae	Pycnonotus	Pycnonotus leucotis		SPECIES	Pycnonotus leucotis (Gould"," 1836)	pycnonotus leucotis mesopotamia		IQ	Joint Base Balad	Salah ad Din	PRESENT	1	e2e717bf-551a-4917-bdc9-4fa0f342c530	33.94051	44.36554							2017-01-05	5	1	2017	4QMMS	4QMMS	HUMAN_OBSERVATION	CLO	EBIRD	OBS474969283				CC_BY_4_0		obsr801879			2026-06-11T22:38:29.735Z		CONTINENT_DERIVED_FROM_COORDINATES;TAXON_CONCEPT_ID_NOT_FOUND",,,,
"2036303020	4fa7b334-ce0d-4e88-aaae-2e0c138d049e	URN:catalog:CLO:EBIRD:OBS460473905	Animalia	Chordata	Aves	Passeriformes	Pycnonotidae	Pycnonotus	Pycnonotus leucotis		SPECIES	Pycnonotus leucotis (Gould"," 1836)	pycnonotus leucotis mesopotamia		IQ	Joint Base Balad	Salah ad Din	PRESENT	3	e2e717bf-551a-4917-bdc9-4fa0f342c530	33.94051	44.36554							2017-01-26	26	1	2017	4QMMS	4QMMS	HUMAN_OBSERVATION	CLO	EBIRD	OBS460473905				CC_BY_4_0		obsr801879			2026-06-11T23:32:38.884Z		CONTINENT_DERIVED_FROM_COORDINATES;TAXON_CONCEPT_ID_NOT_FOUND",,,,
"2033091127	4fa7b334-ce0d-4e88-aaae-2e0c138d049e	URN:catalog:CLO:EBIRD:OBS456987605	Animalia	Chordata	Aves	Passeriformes	Pycnonotidae	Pycnonotus	Pycnonotus leucotis		SPECIES	Pycnonotus leucotis (Gould"," 1836)	pycnonotus leucotis mesopotamia		IQ	Qara Dagh--Chami Darwana River bridge	As Sulaymaniyah	PRESENT	2	e2e717bf-551a-4917-bdc9-4fa0f342c530	35.2872	45.380386							2017-01-13	13	1	2017	4QMMS	4QMMS	HUMAN_OBSERVATION	CLO	EBIRD	OBS456987605				CC_BY_4_0		obsr453249			2026-06-11T22:46:00.659Z		CONTINENT_DERIVED_FROM_COORDINATES;TAXON_CONCEPT_ID_NOT_FOUND",,,,
"2031715405	4fa7b334-ce0d-4e88-aaae-2e0c138d049e	URN:catalog:CLO:EBIRD:OBS465636717	Animalia	Chordata	Aves	Passeriformes	Pycnonotidae	Pycnonotus	Pycnonotus leucotis		SPECIES	Pycnonotus leucotis (Gould"," 1836)	pycnonotus leucotis mesopotamia		IQ	Joint Base Balad	Salah ad Din	PRESENT	4	e2e717bf-551a-4917-bdc9-4fa0f342c530	33.94051	44.36554							2017-02-13	13	2	2017	4QMMS	4QMMS	HUMAN_OBSERVATION	CLO	EBIRD	OBS465636717				CC_BY_4_0		obsr801879			2026-06-11T22:58:38.664Z		CONTINENT_DERIVED_FROM_COORDINATES;TAXON_CONCEPT_ID_NOT_FOUND",,,,
"2029352361	4fa7b334-ce0d-4e88-aaae-2e0c138d049e	URN:catalog:CLO:EBIRD:OBS602296648	Animalia	Chordata	Aves	Passeriformes	Pycnonotidae	Pycnonotus	Pycnonotus leucotis		SPECIES	Pycnonotus leucotis (Gould"," 1836)	pycnonotus leucotis mesopotamia		IQ	Baghdad U.S. Embassy	Baghdad	PRESENT	1	e2e717bf-551a-4917-bdc9-4fa0f342c530	33.29782	44.385536							2010-08-16	16	8	2010	4QMMS	4QMMS	HUMAN_OBSERVATION	CLO	EBIRD	OBS602296648				CC_BY_4_0		obsr235798			2026-06-11T22:13:58.585Z		CONTINENT_DERIVED_FROM_COORDINATES;TAXON_CONCEPT_ID_NOT_FOUND",,,,
"1990453079	50c9509d-22c7-4a22-a47d-8c48425ef4a7	https://www.inaturalist.org/observations/16654165	Animalia	Chordata	Aves	Passeriformes	Pycnonotidae	Pycnonotus	Pycnonotus leucotis		SPECIES	Pycnonotus leucotis (Gould"," 1836)	pycnonotus leucotis mesopotamia		IQ		Al-Basrah	PRESENT		28eb1a3f-1c15-4a95-931a-4af90ecb574d	30.479441	47.803427	135.0						2017-05-07T13:15	7	5	2017	4QMMS	4QMMS	HUMAN_OBSERVATION	iNaturalist	Observations	16654165		زين _النجم	2018-09-18T11:23:56	CC_BY_NC_4_0	زين _النجم	زين _النجم			2026-07-07T20:20:32.285Z	StillImage	COORDINATE_ROUNDED;CONTINENT_DERIVED_FROM_COORDINATES;TAXON_ID_NOT_FOUND",,,,
"1831211435	50c9509d-22c7-4a22-a47d-8c48425ef4a7	https://www.inaturalist.org/observations/9923854	Animalia	Chordata	Aves	Passeriformes	Pycnonotidae	Pycnonotus	Pycnonotus leucotis		SPECIES	Pycnonotus leucotis (Gould"," 1836)	pycnonotus leucotis mesopotamia		IQ		Al-Basrah	PRESENT		28eb1a3f-1c15-4a95-931a-4af90ecb574d	30.451263	47.81044	122.0						2018-02-02T13:55	2	2	2018	4QMMS	4QMMS	HUMAN_OBSERVATION	iNaturalist	Observations	9923854		زين _النجم	2018-02-19T20:29:19	CC_BY_NC_4_0	زين _النجم	زين _النجم			2026-07-07T20:20:24.433Z	StillImage	COORDINATE_ROUNDED;CONTINENT_DERIVED_FROM_COORDINATES;TAXON_ID_NOT_FOUND",,,,
"1802655183	50c9509d-22c7-4a22-a47d-8c48425ef4a7	https://www.inaturalist.org/observations/9042870	Animalia	Chordata	Aves	Passeriformes	Pycnonotidae	Pycnonotus	Pycnonotus leucotis		SPECIES	Pycnonotus leucotis (Gould"," 1836)	pycnonotus leucotis mesopotamia		IQ		Al-Basrah	PRESENT		28eb1a3f-1c15-4a95-931a-4af90ecb574d	30.451226	47.810011	151.0						2015-12-21T18:30	21	12	2015	4QMMS	4QMMS	HUMAN_OBSERVATION	iNaturalist	Observations	9042870		زين _النجم	2017-12-04T14:50:38	CC_BY_NC_4_0	زين _النجم	زين _النجم			2026-07-07T20:34:47.708Z	StillImage	COORDINATE_ROUNDED;CONTINENT_DERIVED_FROM_COORDINATES;TAXON_ID_NOT_FOUND",,,,
"1794344363	4fa7b334-ce0d-4e88-aaae-2e0c138d049e	URN:catalog:CLO:EBIRD:OBS545675927	Animalia	Chordata	Aves	Passeriformes	Pycnonotidae	Pycnonotus	Pycnonotus leucotis		SPECIES	Pycnonotus leucotis (Gould"," 1836)	pycnonotus leucotis mesopotamia		IQ	Baghdad Palace	Baghdad	PRESENT		e2e717bf-551a-4917-bdc9-4fa0f342c530	33.300056	44.394306							2003-11-17	17	11	2003	4QMMS	4QMMS	HUMAN_OBSERVATION	CLO	EBIRD	OBS545675927				CC_BY_4_0		obsr951175			2026-06-11T22:19:19.288Z		CONTINENT_DERIVED_FROM_COORDINATES;TAXON_CONCEPT_ID_NOT_FOUND",,,,
"1789033057	4fa7b334-ce0d-4e88-aaae-2e0c138d049e	URN:catalog:CLO:EBIRD:OBS502634978	Animalia	Chordata	Aves	Passeriformes	Pycnonotidae	Pycnonotus	Pycnonotus leucotis		SPECIES	Pycnonotus leucotis (Gould"," 1836)	pycnonotus leucotis mesopotamia		IQ	Parki Azadi	As Sulaymaniyah	PRESENT	1	e2e717bf-551a-4917-bdc9-4fa0f342c530	35.56482	45.431							2015-03-13	13	3	2015	4QMMS	4QMMS	HUMAN_OBSERVATION	CLO	EBIRD	OBS502634978				CC_BY_4_0		obsr843990			2026-06-12T00:09:59.294Z		CONTINENT_DERIVED_FROM_COORDINATES;TAXON_CONCEPT_ID_NOT_FOUND",,,,
"1783163921	4fa7b334-ce0d-4e88-aaae-2e0c138d049e	URN:catalog:CLO:EBIRD:OBS457385320	Animalia	Chordata	Aves	Passeriformes	Pycnonotidae	Pycnonotus	Pycnonotus leucotis		SPECIES	Pycnonotus leucotis (Gould"," 1836)	pycnonotus leucotis mesopotamia		IQ	Dwawa--on Little Zab River	As Sulaymaniyah	PRESENT	4	e2e717bf-551a-4917-bdc9-4fa0f342c530	35.872047	44.94436							2016-12-10	10	12	2016	4QMMS	4QMMS	HUMAN_OBSERVATION	CLO	EBIRD	OBS457385320				CC_BY_4_0		obsr843990			2026-06-12T00:42:04.937Z		CONTINENT_DERIVED_FROM_COORDINATES;TAXON_CONCEPT_ID_NOT_FOUND",,,,
"1778122121	4fa7b334-ce0d-4e88-aaae-2e0c138d049e	URN:catalog:CLO:EBIRD:OBS448242580	Animalia	Chordata	Aves	Passeriformes	Pycnonotidae	Pycnonotus	Pycnonotus leucotis		SPECIES	Pycnonotus leucotis (Gould"," 1836)	pycnonotus leucotis mesopotamia		IQ	Dwawa--on Little Zab River	As Sulaymaniyah	PRESENT	4	e2e717bf-551a-4917-bdc9-4fa0f342c530	35.872047	44.94436							2016-12-10	10	12	2016	4QMMS	4QMMS	HUMAN_OBSERVATION	CLO	EBIRD	OBS448242580				CC_BY_4_0		obsr453249			2026-06-11T23:46:21.240Z		CONTINENT_DERIVED_FROM_COORDINATES;TAXON_CONCEPT_ID_NOT_FOUND",,,,
"1767673025	4fa7b334-ce0d-4e88-aaae-2e0c138d049e	URN:catalog:CLO:EBIRD:OBS436719987	Animalia	Chordata	Aves	Passeriformes	Pycnonotidae	Pycnonotus	Pycnonotus leucotis		SPECIES	Pycnonotus leucotis (Gould"," 1836)	pycnonotus leucotis mesopotamia		IQ	Joint Base Balad	Salah ad Din	PRESENT	9	e2e717bf-551a-4917-bdc9-4fa0f342c530	33.94051	44.36554							2016-10-15	15	10	2016	4QMMS	4QMMS	HUMAN_OBSERVATION	CLO	EBIRD	OBS436719987				CC_BY_4_0		obsr801879			2026-06-11T23:55:55.306Z		CONTINENT_DERIVED_FROM_COORDINATES;TAXON_CONCEPT_ID_NOT_FOUND",,,,
"1765596887	4fa7b334-ce0d-4e88-aaae-2e0c138d049e	URN:catalog:CLO:EBIRD:OBS434427914	Animalia	Chordata	Aves	Passeriformes	Pycnonotidae	Pycnonotus	Pycnonotus leucotis		SPECIES	Pycnonotus leucotis (Gould"," 1836)	pycnonotus leucotis mesopotamia		IQ	Joint Base Balad	Salah ad Din	PRESENT	3	e2e717bf-551a-4917-bdc9-4fa0f342c530	33.94051	44.36554							2016-10-06	6	10	2016	4QMMS	4QMMS	HUMAN_OBSERVATION	CLO	EBIRD	OBS434427914				CC_BY_4_0		obsr801879			2026-06-11T23:33:49.669Z		CONTINENT_DERIVED_FROM_COORDINATES;TAXON_CONCEPT_ID_NOT_FOUND",,,,
"1765580995	4fa7b334-ce0d-4e88-aaae-2e0c138d049e	URN:catalog:CLO:EBIRD:OBS434428355	Animalia	Chordata	Aves	Passeriformes	Pycnonotidae	Pycnonotus	Pycnonotus leucotis		SPECIES	Pycnonotus leucotis (Gould"," 1836)	pycnonotus leucotis mesopotamia		IQ	Joint Base Balad	Salah ad Din	PRESENT	7	e2e717bf-551a-4917-bdc9-4fa0f342c530	33.94051	44.36554							2016-10-06	6	10	2016	4QMMS	4QMMS	HUMAN_OBSERVATION	CLO	EBIRD	OBS434428355				CC_BY_4_0		obsr801879			2026-06-11T21:59:06.568Z		CONTINENT_DERIVED_FROM_COORDINATES;TAXON_CONCEPT_ID_NOT_FOUND",,,,
"1765181294	4fa7b334-ce0d-4e88-aaae-2e0c138d049e	URN:catalog:CLO:EBIRD:OBS434018245	Animalia	Chordata	Aves	Passeriformes	Pycnonotidae	Pycnonotus	Pycnonotus leucotis		SPECIES	Pycnonotus leucotis (Gould"," 1836)	pycnonotus leucotis mesopotamia		IQ	Joint Base Balad	Salah ad Din	PRESENT	1	e2e717bf-551a-4917-bdc9-4fa0f342c530	33.94051	44.36554							2016-10-03	3	10	2016	4QMMS	4QMMS	HUMAN_OBSERVATION	CLO	EBIRD	OBS434018245				CC_BY_4_0		obsr801879			2026-06-11T21:39:40.579Z		CONTINENT_DERIVED_FROM_COORDINATES;TAXON_CONCEPT_ID_NOT_FOUND",,,,
"1765114805	4fa7b334-ce0d-4e88-aaae-2e0c138d049e	URN:catalog:CLO:EBIRD:OBS433792432	Animalia	Chordata	Aves	Passeriformes	Pycnonotidae	Pycnonotus	Pycnonotus leucotis		SPECIES	Pycnonotus leucotis (Gould"," 1836)	pycnonotus leucotis mesopotamia		IQ	Joint Base Balad	Salah ad Din	PRESENT	1	e2e717bf-551a-4917-bdc9-4fa0f342c530	33.94051	44.36554							2016-09-20	20	9	2016	4QMMS	4QMMS	HUMAN_OBSERVATION	CLO	EBIRD	OBS433792432				CC_BY_4_0		obsr801879			2026-06-11T21:55:35.621Z		CONTINENT_DERIVED_FROM_COORDINATES;TAXON_CONCEPT_ID_NOT_FOUND",,,,
"1760219769	4fa7b334-ce0d-4e88-aaae-2e0c138d049e	URN:catalog:CLO:EBIRD:OBS428601364	Animalia	Chordata	Aves	Passeriformes	Pycnonotidae	Pycnonotus	Pycnonotus leucotis		SPECIES	Pycnonotus leucotis (Gould"," 1836)	pycnonotus leucotis mesopotamia		IQ	Joint Base Balad	Salah ad Din	PRESENT	1	e2e717bf-551a-4917-bdc9-4fa0f342c530	33.94051	44.36554							2016-09-08	8	9	2016	4QMMS	4QMMS	HUMAN_OBSERVATION	CLO	EBIRD	OBS428601364				CC_BY_4_0		obsr801879			2026-06-11T23:48:27.352Z		CONTINENT_DERIVED_FROM_COORDINATES;TAXON_CONCEPT_ID_NOT_FOUND",,,,
"1759748610	4fa7b334-ce0d-4e88-aaae-2e0c138d049e	URN:catalog:CLO:EBIRD:OBS428221489	Animalia	Chordata	Aves	Passeriformes	Pycnonotidae	Pycnonotus	Pycnonotus leucotis		SPECIES	Pycnonotus leucotis (Gould"," 1836)	pycnonotus leucotis mesopotamia		IQ	Joint Base Balad	Salah ad Din	PRESENT	1	e2e717bf-551a-4917-bdc9-4fa0f342c530	33.94051	44.36554							2016-09-06	6	9	2016	4QMMS	4QMMS	HUMAN_OBSERVATION	CLO	EBIRD	OBS428221489				CC_BY_4_0		obsr801879			2026-06-11T23:14:47.936Z		CONTINENT_DERIVED_FROM_COORDINATES;TAXON_CONCEPT_ID_NOT_FOUND",,,,
"1758595487	4fa7b334-ce0d-4e88-aaae-2e0c138d049e	URN:catalog:CLO:EBIRD:OBS426943833	Animalia	Chordata	Aves	Passeriformes	Pycnonotidae	Pycnonotus	Pycnonotus leucotis		SPECIES	Pycnonotus leucotis (Gould"," 1836)	pycnonotus leucotis mesopotamia		IQ	Joint Base Balad	Salah ad Din	PRESENT	3	e2e717bf-551a-4917-bdc9-4fa0f342c530	33.94051	44.36554							2008-06-02	2	6	2008	4QMMS	4QMMS	HUMAN_OBSERVATION	CLO	EBIRD	OBS426943833				CC_BY_4_0		obsr202020			2026-06-11T21:39:31.976Z		CONTINENT_DERIVED_FROM_COORDINATES;TAXON_CONCEPT_ID_NOT_FOUND",,,,
"1736959237	4fa7b334-ce0d-4e88-aaae-2e0c138d049e	URN:catalog:CLO:EBIRD:OBS402292448	Animalia	Chordata	Aves	Passeriformes	Pycnonotidae	Pycnonotus	Pycnonotus leucotis		SPECIES	Pycnonotus leucotis (Gould"," 1836)	pycnonotus leucotis mesopotamia		IQ	Chami Rezan	As Sulaymaniyah	PRESENT	3	e2e717bf-551a-4917-bdc9-4fa0f342c530	35.797295	44.977093							2016-05-14	14	5	2016	4QMMS	4QMMS	HUMAN_OBSERVATION	CLO	EBIRD	OBS402292448				CC_BY_4_0		obsr453249			2026-06-12T00:17:35.341Z		CONTINENT_DERIVED_FROM_COORDINATES;TAXON_CONCEPT_ID_NOT_FOUND",,,,
"1724149584	4fa7b334-ce0d-4e88-aaae-2e0c138d049e	URN:catalog:CLO:EBIRD:OBS386676591	Animalia	Chordata	Aves	Passeriformes	Pycnonotidae	Pycnonotus	Pycnonotus leucotis		SPECIES	Pycnonotus leucotis (Gould"," 1836)	pycnonotus leucotis mesopotamia		IQ	Al Rashid Hotel	Baghdad	PRESENT	8	e2e717bf-551a-4917-bdc9-4fa0f342c530	33.31597	44.389336							2016-02-05	5	2	2016	4QMMS	4QMMS	HUMAN_OBSERVATION	CLO	EBIRD	OBS386676591				CC_BY_4_0		obsr552670			2026-06-11T23:52:44.874Z		CONTINENT_DERIVED_FROM_COORDINATES;TAXON_CONCEPT_ID_NOT_FOUND",,,,
"1676023154	821cc27a-e3bb-4bc5-ac34-89ada245069d	http://n2t.net/ark:/65665/3dfc90066-0306-4e1a-b125-48ff6f026eed	Animalia	Chordata	Aves	Passeriformes	Pycnonotidae	Pycnonotus	Pycnonotus leucotis		SPECIES	Pycnonotus leucogenys (J.E.Gray"," 1835)	Pycnonotus leucogenys leucotis		IQ	Joint Base Balad	Muhafazat Salah ad Din	PRESENT	1	bc092ff0-02e4-11dc-991f-b8a03c50a862	33.94	44.3614							2010-10-01	1	10	2010	VDJTX	4QMMS	PRESERVED_SPECIMEN	USNM	BIRDS	USNM 645909				CC0_1_0		C. Vogelwede			2026-07-02T11:07:54.138Z		GEODETIC_DATUM_ASSUMED_WGS84;OCCURRENCE_STATUS_INFERRED_FROM_INDIVIDUAL_COUNT",,,,
"1675975174	821cc27a-e3bb-4bc5-ac34-89ada245069d	http://n2t.net/ark:/65665/3b6ebd468-ad17-4537-8d58-8e0735024ecc	Animalia	Chordata	Aves	Passeriformes	Pycnonotidae	Pycnonotus	Pycnonotus leucotis		SPECIES	Pycnonotus leucogenys (J.E.Gray"," 1835)	Pycnonotus leucogenys leucotis		IQ	Joint Base Balad	Muhafazat Salah ad Din	PRESENT	1	bc092ff0-02e4-11dc-991f-b8a03c50a862	33.94	44.3614							2010-10-01	1	10	2010	VDJTX	4QMMS	PRESERVED_SPECIMEN	USNM	BIRDS	USNM 645910				CC0_1_0		C. Vogelwede			2026-07-02T11:07:53.138Z		GEODETIC_DATUM_ASSUMED_WGS84;OCCURRENCE_STATUS_INFERRED_FROM_INDIVIDUAL_COUNT",,,,
"1675917375	821cc27a-e3bb-4bc5-ac34-89ada245069d	http://n2t.net/ark:/65665/3849e9e4d-9ce1-47ae-a208-5356787986a9	Animalia	Chordata	Aves	Passeriformes	Pycnonotidae	Pycnonotus	Pycnonotus leucotis		SPECIES	Pycnonotus leucogenys (J.E.Gray"," 1835)	Pycnonotus leucogenys leucotis		IQ	Joint Base Balad	Muhafazat Salah ad Din	PRESENT	1	bc092ff0-02e4-11dc-991f-b8a03c50a862	33.94	44.3614							2010-08-24	24	8	2010	VDJTX	4QMMS	PRESERVED_SPECIMEN	USNM	BIRDS	USNM 645908				CC0_1_0		C. Vogelwede			2026-07-02T11:12:15.075Z		GEODETIC_DATUM_ASSUMED_WGS84;OCCURRENCE_STATUS_INFERRED_FROM_INDIVIDUAL_COUNT",,,,
"1404723658	4fa7b334-ce0d-4e88-aaae-2e0c138d049e	URN:catalog:CLO:EBIRD:OBS362632103	Animalia	Chordata	Aves	Passeriformes	Pycnonotidae	Pycnonotus	Pycnonotus leucotis		SPECIES	Pycnonotus leucotis (Gould"," 1836)	pycnonotus leucotis mesopotamia		IQ	Ain Assad	Al Anbar	PRESENT	25	e2e717bf-551a-4917-bdc9-4fa0f342c530	33.79698	42.446793							2015-11-23	23	11	2015	4QMMS	4QMMS	HUMAN_OBSERVATION	CLO	EBIRD	OBS362632103				CC_BY_4_0		obsr675681			2026-06-11T23:31:20.274Z		CONTINENT_DERIVED_FROM_COORDINATES;TAXON_CONCEPT_ID_NOT_FOUND",,,,
"1404490246	4fa7b334-ce0d-4e88-aaae-2e0c138d049e	URN:catalog:CLO:EBIRD:OBS362044040	Animalia	Chordata	Aves	Passeriformes	Pycnonotidae	Pycnonotus	Pycnonotus leucotis		SPECIES	Pycnonotus leucotis (Gould"," 1836)	pycnonotus leucotis mesopotamia		IQ	Baghdad Fort Freedom	Baghdad	PRESENT	2	e2e717bf-551a-4917-bdc9-4fa0f342c530	33.30679	44.401375							2005-06-05	5	6	2005	4QMMS	4QMMS	HUMAN_OBSERVATION	CLO	EBIRD	OBS362044040				CC_BY_4_0		obsr310775			2026-06-11T23:47:28.377Z		CONTINENT_DERIVED_FROM_COORDINATES;TAXON_CONCEPT_ID_NOT_FOUND",,,,
"1399481745	4fa7b334-ce0d-4e88-aaae-2e0c138d049e	URN:catalog:CLO:EBIRD:OBS356025291	Animalia	Chordata	Aves	Passeriformes	Pycnonotidae	Pycnonotus	Pycnonotus leucotis		SPECIES	Pycnonotus leucotis (Gould"," 1836)	pycnonotus leucotis mesopotamia		IQ	Chami Rezan	As Sulaymaniyah	PRESENT		e2e717bf-551a-4917-bdc9-4fa0f342c530	35.797295	44.977093							2015-11-28	28	11	2015	4QMMS	4QMMS	HUMAN_OBSERVATION	CLO	EBIRD	OBS356025291				CC_BY_4_0		obsr453249			2026-06-11T22:41:13.446Z		CONTINENT_DERIVED_FROM_COORDINATES;TAXON_CONCEPT_ID_NOT_FOUND",,,,
"1394605172	4fa7b334-ce0d-4e88-aaae-2e0c138d049e	URN:catalog:CLO:EBIRD:OBS350750129	Animalia	Chordata	Aves	Passeriformes	Pycnonotidae	Pycnonotus	Pycnonotus leucotis		SPECIES	Pycnonotus leucotis (Gould"," 1836)	pycnonotus leucotis mesopotamia		IQ	Chami Rezan	As Sulaymaniyah	PRESENT	5	e2e717bf-551a-4917-bdc9-4fa0f342c530	35.797295	44.977093							2015-10-31	31	10	2015	4QMMS	4QMMS	HUMAN_OBSERVATION	CLO	EBIRD	OBS350750129				CC_BY_4_0		obsr453249			2026-06-11T23:31:13.265Z		CONTINENT_DERIVED_FROM_COORDINATES;TAXON_CONCEPT_ID_NOT_FOUND",,,,
"1394229880	4fa7b334-ce0d-4e88-aaae-2e0c138d049e	URN:catalog:CLO:EBIRD:OBS350023630	Animalia	Chordata	Aves	Passeriformes	Pycnonotidae	Pycnonotus	Pycnonotus leucotis		SPECIES	Pycnonotus leucotis (Gould"," 1836)	pycnonotus leucotis mesopotamia		IQ	Baghdad U.S. Embassy	Baghdad	PRESENT		e2e717bf-551a-4917-bdc9-4fa0f342c530	33.29782	44.385536							2010-08-14	14	8	2010	4QMMS	4QMMS	HUMAN_OBSERVATION	CLO	EBIRD	OBS350023630				CC_BY_4_0		obsr235798			2026-06-11T22:38:54.927Z		CONTINENT_DERIVED_FROM_COORDINATES;TAXON_CONCEPT_ID_NOT_FOUND",,,,
"1363949206	4fa7b334-ce0d-4e88-aaae-2e0c138d049e	URN:catalog:CLO:EBIRD:OBS314820019	Animalia	Chordata	Aves	Passeriformes	Pycnonotidae	Pycnonotus	Pycnonotus leucotis		SPECIES	Pycnonotus leucotis (Gould"," 1836)	pycnonotus leucotis mesopotamia		IQ	Parki Azadi	As Sulaymaniyah	PRESENT	4	e2e717bf-551a-4917-bdc9-4fa0f342c530	35.56482	45.431							2015-05-02	2	5	2015	4QMMS	4QMMS	HUMAN_OBSERVATION	CLO	EBIRD	OBS314820019				CC_BY_4_0		obsr453249			2026-06-11T23:15:12.386Z		CONTINENT_DERIVED_FROM_COORDINATES;TAXON_CONCEPT_ID_NOT_FOUND",,,,
"1362026220	4fa7b334-ce0d-4e88-aaae-2e0c138d049e	URN:catalog:CLO:EBIRD:OBS312538546	Animalia	Chordata	Aves	Passeriformes	Pycnonotidae	Pycnonotus	Pycnonotus leucotis		SPECIES	Pycnonotus leucotis (Gould"," 1836)	pycnonotus leucotis mesopotamia		IQ	Parki Azadi	As Sulaymaniyah	PRESENT	2	e2e717bf-551a-4917-bdc9-4fa0f342c530	35.56482	45.431							2015-04-24	24	4	2015	4QMMS	4QMMS	HUMAN_OBSERVATION	CLO	EBIRD	OBS312538546				CC_BY_4_0		obsr453249			2026-06-11T23:39:29.868Z		CONTINENT_DERIVED_FROM_COORDINATES;TAXON_CONCEPT_ID_NOT_FOUND",,,,
"1360445362	4fa7b334-ce0d-4e88-aaae-2e0c138d049e	URN:catalog:CLO:EBIRD:OBS310887532	Animalia	Chordata	Aves	Passeriformes	Pycnonotidae	Pycnonotus	Pycnonotus leucotis		SPECIES	Pycnonotus leucotis (Gould"," 1836)	pycnonotus leucotis mesopotamia		IQ	Dukan Lake--general area	As Sulaymaniyah	PRESENT	4	e2e717bf-551a-4917-bdc9-4fa0f342c530	36.113472	44.92447							2015-04-18	18	4	2015	4QMMS	4QMMS	HUMAN_OBSERVATION	CLO	EBIRD	OBS310887532				CC_BY_4_0		obsr453249			2026-06-11T21:57:16.613Z		CONTINENT_DERIVED_FROM_COORDINATES;TAXON_CONCEPT_ID_NOT_FOUND",,,,
"1291397551	7e380070-f762-11e1-a439-00145eb45e9a	f12f6a0d-1d85-4c9c-96ec-48d73fba111a	Animalia	Chordata	Aves	Passeriformes	Pycnonotidae	Pycnonotus	Pycnonotus leucotis		SPECIES	Pycnonotus leucotis (Gould"," 1836)	pycnonotus leucotis mesopotamia		IQ		Baghdad	PRESENT		19456090-b49a-11d8-abeb-b8a03c50a862									1960-11-11	11	11	1960	4QMMS	4QMMS	PRESERVED_SPECIMEN	NHMUK	ZOO	1960.40.2				CC0_1_0					2026-07-07T12:15:59.138Z	StillImage	INSTITUTION_MATCH_FUZZY;INSTITUTION_COLLECTION_MISMATCH",,,,
"1291374087	7e380070-f762-11e1-a439-00145eb45e9a	7bd23b4b-d338-4296-8a1a-30b5f0a4cbb7	Animalia	Chordata	Aves	Passeriformes	Pycnonotidae	Pycnonotus	Pycnonotus leucotis	mesopotamia	SUBSPECIES	Pycnonotus leucotis mesopotamia Ticehurst"," 1918	pycnonotus leucotis mesopotamia mesopotamia Ticehurst","  1918	Ticehurst","  1918	IQ	Basra","  Mesopotamia		PRESENT	1	19456090-b49a-11d8-abeb-b8a03c50a862									1917-11-20	20	11	1917	5KSVK	4QMMS	PRESERVED_SPECIMEN	NHMUK	ZOO	1920.10.23.2				CC0_1_0		Claud B. Ticehurst	Holotype		2026-07-07T12:15:31.022Z	StillImage	INSTITUTION_MATCH_FUZZY;INSTITUTION_COLLECTION_MISMATCH",
"1291369867	7e380070-f762-11e1-a439-00145eb45e9a	65fba2dc-5e66-48ad-894a-57d67ef536ed	Animalia	Chordata	Aves	Passeriformes	Pycnonotidae	Pycnonotus	Pycnonotus leucotis		SPECIES	Pycnonotus leucotis (Gould"," 1836)	pycnonotus leucotis mesopotamia		IQ		Baghdad	PRESENT		19456090-b49a-11d8-abeb-b8a03c50a862									1960-11-04	4	11	1960	4QMMS	4QMMS	PRESERVED_SPECIMEN	NHMUK	ZOO	1960.40.1				CC0_1_0					2026-07-07T12:11:29.050Z	StillImage	INSTITUTION_MATCH_FUZZY;INSTITUTION_COLLECTION_MISMATCH",,,,
"1208691618	4fa7b334-ce0d-4e88-aaae-2e0c138d049e	URN:catalog:CLO:EBIRD:OBS290335787	Animalia	Chordata	Aves	Passeriformes	Pycnonotidae	Pycnonotus	Pycnonotus leucotis		SPECIES	Pycnonotus leucotis (Gould"," 1836)	pycnonotus leucotis mesopotamia		IQ	Presidential Palace", CPA HQ, Baghdad," Iraq	Baghdad	PRESENT	20	e2e717bf-551a-4917-bdc9-4fa0f342c530	33.304554	44.408546							2003-07-15	15	7	2003	4QMMS	4QMMS	HUMAN_OBSERVATION	CLO	EBIRD	OBS290335787				CC_BY_4_0		obsr274710			2026-06-11T22:54:47.372Z		CONTINENT_DERIVED_FROM_COORDINATES;TAXON_CONCEPT_ID_NOT_FOUND",
"1191128361	4fa7b334-ce0d-4e88-aaae-2e0c138d049e	URN:catalog:CLO:EBIRD:OBS275295707	Animalia	Chordata	Aves	Passeriformes	Pycnonotidae	Pycnonotus	Pycnonotus leucotis		SPECIES	Pycnonotus leucotis (Gould"," 1836)	pycnonotus leucotis mesopotamia		IQ	Dukan--town	As Sulaymaniyah	PRESENT	2	e2e717bf-551a-4917-bdc9-4fa0f342c530	35.92916	44.95924							2014-10-09	9	10	2014	4QMMS	4QMMS	HUMAN_OBSERVATION	CLO	EBIRD	OBS275295707				CC_BY_4_0		obsr453249			2026-06-11T23:30:39.762Z		CONTINENT_DERIVED_FROM_COORDINATES;TAXON_CONCEPT_ID_NOT_FOUND",,,,
"1183918693	4fa7b334-ce0d-4e88-aaae-2e0c138d049e	URN:catalog:CLO:EBIRD:OBS267845536	Animalia	Chordata	Aves	Passeriformes	Pycnonotidae	Pycnonotus	Pycnonotus leucotis		SPECIES	Pycnonotus leucotis (Gould"," 1836)	pycnonotus leucotis mesopotamia		IQ	Tanjaro River--north of Sulaimani-Kirkuk Rd	As Sulaymaniyah	PRESENT	2	e2e717bf-551a-4917-bdc9-4fa0f342c530	35.574997	45.37568							2014-08-16	16	8	2014	4QMMS	4QMMS	HUMAN_OBSERVATION	CLO	EBIRD	OBS267845536				CC_BY_4_0		obsr453249			2026-06-11T23:12:50.723Z		CONTINENT_DERIVED_FROM_COORDINATES;TAXON_CONCEPT_ID_NOT_FOUND",,,,
"1182393282	4fa7b334-ce0d-4e88-aaae-2e0c138d049e	URN:catalog:CLO:EBIRD:OBS265901366	Animalia	Chordata	Aves	Passeriformes	Pycnonotidae	Pycnonotus	Pycnonotus leucotis		SPECIES	Pycnonotus leucotis (Gould"," 1836)	pycnonotus leucotis mesopotamia		IQ	Dukan town	As Sulaymaniyah	PRESENT	6	e2e717bf-551a-4917-bdc9-4fa0f342c530	35.93493	44.96069							2014-07-26	26	7	2014	4QMMS	4QMMS	HUMAN_OBSERVATION	CLO	EBIRD	OBS265901366				CC_BY_4_0		obsr292498			2026-06-11T23:59:13.418Z		CONTINENT_DERIVED_FROM_COORDINATES;TAXON_CONCEPT_ID_NOT_FOUND",,,,
"1159667916	4fa7b334-ce0d-4e88-aaae-2e0c138d049e	URN:catalog:CLO:EBIRD:OBS239381333	Animalia	Chordata	Aves	Passeriformes	Pycnonotidae	Pycnonotus	Pycnonotus leucotis		SPECIES	Pycnonotus leucotis (Gould"," 1836)	pycnonotus leucotis mesopotamia		IQ	Dukan--town	As Sulaymaniyah	PRESENT	8	e2e717bf-551a-4917-bdc9-4fa0f342c530	35.92916	44.95924							2014-03-12	12	3	2014	4QMMS	4QMMS	HUMAN_OBSERVATION	CLO	EBIRD	OBS239381333				CC_BY_4_0		obsr453249			2026-06-11T22:10:16.544Z		CONTINENT_DERIVED_FROM_COORDINATES;TAXON_CONCEPT_ID_NOT_FOUND",,,,
"1159560650	4fa7b334-ce0d-4e88-aaae-2e0c138d049e	URN:catalog:CLO:EBIRD:OBS239496034	Animalia	Chordata	Aves	Passeriformes	Pycnonotidae	Pycnonotus	Pycnonotus leucotis		SPECIES	Pycnonotus leucotis (Gould"," 1836)	pycnonotus leucotis mesopotamia		IQ	Dukan Lake--general area	As Sulaymaniyah	PRESENT	8	e2e717bf-551a-4917-bdc9-4fa0f342c530	36.113472	44.92447							2014-03-12	12	3	2014	4QMMS	4QMMS	HUMAN_OBSERVATION	CLO	EBIRD	OBS239496034				CC_BY_4_0		obsr453727			2026-06-12T00:38:01.586Z		CONTINENT_DERIVED_FROM_COORDINATES;TAXON_CONCEPT_ID_NOT_FOUND",,,,
"1154691288	4fa7b334-ce0d-4e88-aaae-2e0c138d049e	URN:catalog:CLO:EBIRD:OBS231990816	Animalia	Chordata	Aves	Passeriformes	Pycnonotidae	Pycnonotus	Pycnonotus leucotis		SPECIES	Pycnonotus leucotis (Gould"," 1836)	pycnonotus leucotis mesopotamia		IQ	Dukan Lake--general area	As Sulaymaniyah	PRESENT	12	e2e717bf-551a-4917-bdc9-4fa0f342c530	36.113472	44.92447							2014-01-31	31	1	2014	4QMMS	4QMMS	HUMAN_OBSERVATION	CLO	EBIRD	OBS231990816				CC_BY_4_0		obsr453727			2026-06-11T22:41:06.078Z		CONTINENT_DERIVED_FROM_COORDINATES;TAXON_CONCEPT_ID_NOT_FOUND",,,,
"1154616562	4fa7b334-ce0d-4e88-aaae-2e0c138d049e	URN:catalog:CLO:EBIRD:OBS231888212	Animalia	Chordata	Aves	Passeriformes	Pycnonotidae	Pycnonotus	Pycnonotus leucotis		SPECIES	Pycnonotus leucotis (Gould"," 1836)	pycnonotus leucotis mesopotamia		IQ	Dukan--town	As Sulaymaniyah	PRESENT	12	e2e717bf-551a-4917-bdc9-4fa0f342c530	35.92916	44.95924							2014-01-31	31	1	2014	4QMMS	4QMMS	HUMAN_OBSERVATION	CLO	EBIRD	OBS231888212				CC_BY_4_0		obsr453249			2026-06-11T22:53:24.368Z		CONTINENT_DERIVED_FROM_COORDINATES;TAXON_CONCEPT_ID_NOT_FOUND",,,,
"1148979356	4fa7b334-ce0d-4e88-aaae-2e0c138d049e	URN:catalog:CLO:EBIRD:OBS261781022	Animalia	Chordata	Aves	Passeriformes	Pycnonotidae	Pycnonotus	Pycnonotus leucotis		SPECIES	Pycnonotus leucotis (Gould"," 1836)	pycnonotus leucotis mesopotamia		IQ	Honey Hole	Baghdad	PRESENT	2	e2e717bf-551a-4917-bdc9-4fa0f342c530	33.263165	44.254116							2007-04-17	17	4	2007	4QMMS	4QMMS	HUMAN_OBSERVATION	CLO	EBIRD	OBS261781022				CC_BY_4_0		obsr321305			2026-06-11T22:10:11.376Z		CONTINENT_DERIVED_FROM_COORDINATES;TAXON_CONCEPT_ID_NOT_FOUND",,,,
"1148971567	4fa7b334-ce0d-4e88-aaae-2e0c138d049e	URN:catalog:CLO:EBIRD:OBS145920938	Animalia	Chordata	Aves	Passeriformes	Pycnonotidae	Pycnonotus	Pycnonotus leucotis		SPECIES	Pycnonotus leucotis (Gould"," 1836)	pycnonotus leucotis mesopotamia		IQ	Tallil Air Base	Dhi Qar	PRESENT		e2e717bf-551a-4917-bdc9-4fa0f342c530	30.950966	46.098846							2008-09-02	2	9	2008	4QMMS	4QMMS	HUMAN_OBSERVATION	CLO	EBIRD	OBS145920938				CC_BY_4_0		obsr308145			2026-06-11T23:16:45.199Z		CONTINENT_DERIVED_FROM_COORDINATES;TAXON_CONCEPT_ID_NOT_FOUND",,,,
"1148971566	4fa7b334-ce0d-4e88-aaae-2e0c138d049e	URN:catalog:CLO:EBIRD:OBS145916406	Animalia	Chordata	Aves	Passeriformes	Pycnonotidae	Pycnonotus	Pycnonotus leucotis		SPECIES	Pycnonotus leucotis (Gould"," 1836)	pycnonotus leucotis mesopotamia		IQ	Tallil Air Base	Dhi Qar	PRESENT		e2e717bf-551a-4917-bdc9-4fa0f342c530	30.950966	46.098846							2009-01-26	26	1	2009	4QMMS	4QMMS	HUMAN_OBSERVATION	CLO	EBIRD	OBS145916406				CC_BY_4_0		obsr308145			2026-06-11T22:25:39.908Z		CONTINENT_DERIVED_FROM_COORDINATES;TAXON_CONCEPT_ID_NOT_FOUND",,,,
"1148971565	4fa7b334-ce0d-4e88-aaae-2e0c138d049e	URN:catalog:CLO:EBIRD:OBS145920891	Animalia	Chordata	Aves	Passeriformes	Pycnonotidae	Pycnonotus	Pycnonotus leucotis		SPECIES	Pycnonotus leucotis (Gould"," 1836)	pycnonotus leucotis mesopotamia		IQ	Tallil Air Base	Dhi Qar	PRESENT		e2e717bf-551a-4917-bdc9-4fa0f342c530	30.950966	46.098846							2008-06-21	21	6	2008	4QMMS	4QMMS	HUMAN_OBSERVATION	CLO	EBIRD	OBS145920891				CC_BY_4_0		obsr308145			2026-06-11T22:14:47.383Z		CONTINENT_DERIVED_FROM_COORDINATES;TAXON_CONCEPT_ID_NOT_FOUND",,,,
"1148971564	4fa7b334-ce0d-4e88-aaae-2e0c138d049e	URN:catalog:CLO:EBIRD:OBS145916387	Animalia	Chordata	Aves	Passeriformes	Pycnonotidae	Pycnonotus	Pycnonotus leucotis		SPECIES	Pycnonotus leucotis (Gould"," 1836)	pycnonotus leucotis mesopotamia		IQ	Tallil Air Base	Dhi Qar	PRESENT		e2e717bf-551a-4917-bdc9-4fa0f342c530	30.950966	46.098846							2009-02-21	21	2	2009	4QMMS	4QMMS	HUMAN_OBSERVATION	CLO	EBIRD	OBS145916387				CC_BY_4_0		obsr308145			2026-06-12T00:22:29.025Z		CONTINENT_DERIVED_FROM_COORDINATES;TAXON_CONCEPT_ID_NOT_FOUND",,,,
"1148971563	4fa7b334-ce0d-4e88-aaae-2e0c138d049e	URN:catalog:CLO:EBIRD:OBS145920895	Animalia	Chordata	Aves	Passeriformes	Pycnonotidae	Pycnonotus	Pycnonotus leucotis		SPECIES	Pycnonotus leucotis (Gould"," 1836)	pycnonotus leucotis mesopotamia		IQ	Tallil Air Base	Dhi Qar	PRESENT		e2e717bf-551a-4917-bdc9-4fa0f342c530	30.950966	46.098846							2008-06-19	19	6	2008	4QMMS	4QMMS	HUMAN_OBSERVATION	CLO	EBIRD	OBS145920895				CC_BY_4_0		obsr308145			2026-06-11T21:52:32.693Z		CONTINENT_DERIVED_FROM_COORDINATES;TAXON_CONCEPT_ID_NOT_FOUND",,,,
"1148971562	4fa7b334-ce0d-4e88-aaae-2e0c138d049e	URN:catalog:CLO:EBIRD:OBS145916370	Animalia	Chordata	Aves	Passeriformes	Pycnonotidae	Pycnonotus	Pycnonotus leucotis		SPECIES	Pycnonotus leucotis (Gould"," 1836)	pycnonotus leucotis mesopotamia		IQ	Tallil Air Base	Dhi Qar	PRESENT		e2e717bf-551a-4917-bdc9-4fa0f342c530	30.950966	46.098846							2009-02-22	22	2	2009	4QMMS	4QMMS	HUMAN_OBSERVATION	CLO	EBIRD	OBS145916370				CC_BY_4_0		obsr308145			2026-06-11T21:34:55.095Z		CONTINENT_DERIVED_FROM_COORDINATES;TAXON_CONCEPT_ID_NOT_FOUND",,,,
"1148971561	4fa7b334-ce0d-4e88-aaae-2e0c138d049e	URN:catalog:CLO:EBIRD:OBS145920867	Animalia	Chordata	Aves	Passeriformes	Pycnonotidae	Pycnonotus	Pycnonotus leucotis		SPECIES	Pycnonotus leucotis (Gould"," 1836)	pycnonotus leucotis mesopotamia		IQ	Tallil Air Base	Dhi Qar	PRESENT		e2e717bf-551a-4917-bdc9-4fa0f342c530	30.950966	46.098846							2008-11-19	19	11	2008	4QMMS	4QMMS	HUMAN_OBSERVATION	CLO	EBIRD	OBS145920867				CC_BY_4_0		obsr308145			2026-06-11T22:15:16.555Z		CONTINENT_DERIVED_FROM_COORDINATES;TAXON_CONCEPT_ID_NOT_FOUND",,,,
"1148971560	4fa7b334-ce0d-4e88-aaae-2e0c138d049e	URN:catalog:CLO:EBIRD:OBS145920853	Animalia	Chordata	Aves	Passeriformes	Pycnonotidae	Pycnonotus	Pycnonotus leucotis		SPECIES	Pycnonotus leucotis (Gould"," 1836)	pycnonotus leucotis mesopotamia		IQ	Majar Al-Kahbir	Maysan	PRESENT		e2e717bf-551a-4917-bdc9-4fa0f342c530	31.521254	47.289066							2008-11-26	26	11	2008	4QMMS	4QMMS	HUMAN_OBSERVATION	CLO	EBIRD	OBS145920853				CC_BY_4_0		obsr308145			2026-06-11T23:33:30.859Z		CONTINENT_DERIVED_FROM_COORDINATES;TAXON_CONCEPT_ID_NOT_FOUND",,,,
