lon,lat,bio_1,bio_4,bio_7,bio_12,bio_15
48.77083333333333,33.770833333333336,15.224167,850.3287,38.315998,355.0,83.519485
43.229166666666664,34.0625,22.865166,849.24,33.06,129.0,81.64126
46.0625,35.479166666666664,12.006666,970.9261,39.283997,819.0,90.42216
46.4375,31.270833333333336,24.087334,892.2802,38.116,122.0,91.23254
45.89583333333333,34.6875,19.2115,928.8048,38.432,592.0,92.95316
41.520833333333336,31.520833333333336,22.181833,925.2036,39.336,77.0,79.34323
41.4375,36.729166666666664,19.941,976.1995,39.46,386.0,83.968956
49.354166666666664,31.854166666666668,25.310333,958.5637,40.36,405.0,107.583534
43.479166666666664,36.354166666666664,19.974167,1009.28253,40.160004,583.0,94.053505
48.4375,35.729166666666664,10.9279995,958.9917,41.879997,320.0,73.38706
39.1875,33.854166666666664,17.878668,840.8889,36.140003,110.0,73.94416
47.8125,33.479166666666664,17.882334,898.6146,39.852,452.0,85.996605
40.3125,35.4375,19.730667,972.5237,38.972,179.0,82.46062
45.729166666666664,29.6875,24.827333,890.97003,37.851997,118.0,87.46751
40.479166666666664,33.1875,19.187834,863.21234,37.607998,117.0,76.104065
45.479166666666664,36.0625,11.826167,982.2423,38.672,721.0,88.67201
48.1875,29.895833333333336,25.530638,867.0306,37.488235,130.0,93.74593
48.6875,35.5625,8.2185,964.31726,40.72,306.0,75.44596
42.4375,37.9375,11.5,943.9527,36.644,832.0,69.49349
48.9375,34.8125,11.429833,935.10065,41.396,293.0,74.35693
47.64583333333333,37.229166666666664,10.682333,907.8549,37.876,280.0,61.26492
39.645833333333336,36.145833333333336,18.691666,958.04474,39.632,253.0,80.8771
45.020833333333336,31.229166666666668,25.070168,923.3802,37.988003,100.0,93.887886
48.1875,36.520833333333336,10.481,921.9286,39.508,302.0,69.66884
46.89583333333333,36.604166666666664,7.657833,974.3866,39.012,404.0,72.979095
45.979166666666664,34.145833333333336,17.284666,902.94525,36.968,517.0,91.19215
45.979166666666664,33.645833333333336,20.342,923.6353,38.124,374.0,93.77002
40.3125,33.8125,19.2025,878.6978,37.699997,122.0,77.77355
43.0625,35.604166666666664,22.6345,950.43713,38.592,312.0,90.115
44.020833333333336,36.520833333333336,18.991833,1019.60254,40.532,758.0,97.85143
41.145833333333336,35.770833333333336,20.099833,975.6106,38.528,263.0,83.552956
48.5625,36.229166666666664,10.6075,909.76483,39.48,303.0,71.512215
47.729166666666664,36.8125,9.627,913.2959,37.86,297.0,67.266655
46.104166666666664,32.604166666666664,24.166334,935.30505,39.42,176.0,94.88329
48.104166666666664,31.020833333333336,24.706833,913.27246,39.084,196.0,102.59542
41.354166666666664,33.520833333333336,20.315,936.08093,39.288,119.0,79.61453
44.3125,36.354166666666664,16.811,1006.19995,39.456,836.0,97.42468
44.6875,31.229166666666668,24.297333,936.9293,38.232002,93.0,91.70413
41.145833333333336,31.854166666666668,20.972166,912.2394,39.124,90.0,74.65976
45.229166666666664,37.1875,9.507334,967.5658,37.7,436.0,72.91274
46.3125,31.854166666666668,24.401833,920.5846,39.348,149.0,100.17258
42.6875,35.8125,22.194166,974.8422,38.795998,332.0,90.32285
45.0625,32.520833333333336,23.712166,940.8811,39.996002,134.0,91.64783
48.02083333333333,32.8125,21.813,936.3345,38.74,418.0,95.96572
48.104166666666664,36.479166666666664,10.329166,935.1576,39.768,308.0,69.558266
42.604166666666664,34.395833333333336,22.428833,981.7426,40.148003,160.0,83.6328
47.14583333333333,34.729166666666664,11.656667,938.77185,41.336,485.0,80.102356
41.4375,37.520833333333336,15.9085,990.2388,39.304,731.0,76.77807
42.854166666666664,35.0625,23.668667,920.5056,38.1,225.0,88.65361
44.479166666666664,29.104166666666668,24.4705,928.6685,39.064,135.0,82.159706
39.895833333333336,33.9375,18.977,868.9307,37.38,123.0,76.664474
44.5625,31.8125,23.818333,931.9719,37.688,84.0,80.48151
43.770833333333336,31.020833333333336,23.3455,951.7558,39.48,84.0,95.94032
48.4375,33.3125,16.124666,892.3736,39.424,411.0,85.29637
46.5625,31.020833333333336,23.991667,873.13074,37.107998,106.0,91.969475
42.4375,36.729166666666664,20.2805,971.51495,38.935997,497.0,92.383354
41.3125,37.4375,16.1985,990.7415,40.096,684.0,77.97361
45.854166666666664,29.145833333333336,25.035334,895.01495,38.236,169.0,83.69258
46.6875,31.229166666666668,24.163666,891.3606,38.168,123.0,94.004326
46.604166666666664,34.020833333333336,14.639,879.5779,38.228,504.0,86.16357
49.27083333333333,33.729166666666664,12.285,944.9323,41.132,286.0,80.240456
44.0625,33.729166666666664,23.305334,936.832,40.124,155.0,88.50866
47.39583333333333,37.770833333333336,6.5656667,926.07495,37.08,311.0,63.33562
48.3125,33.979166666666664,9.873167,889.93396,38.348,373.0,78.68855
39.895833333333336,35.6875,19.304667,955.45807,38.607998,188.0,80.877014
46.354166666666664,37.854166666666664,7.3885,976.43774,37.876,319.0,63.27596
45.64583333333333,35.354166666666664,19.796833,989.1937,40.367996,674.0,94.41302
41.979166666666664,37.895833333333336,16.8745,992.34595,38.676,682.0,73.71399
46.0625,37.9375,12.320167,1006.03357,38.632004,258.0,60.628952
43.895833333333336,30.4375,23.490667,941.8326,38.976,96.0,95.22848
44.104166666666664,36.270833333333336,19.251833,1014.40656,40.475998,671.0,96.81516
43.645833333333336,36.4375,19.823166,1013.68555,40.724,631.0,95.255196
47.104166666666664,36.229166666666664,8.199,980.9881,39.96,402.0,73.19786
43.229166666666664,34.020833333333336,22.795,851.22003,33.188,127.0,81.357735
41.520833333333336,34.5625,21.224667,970.08386,39.264,167.0,83.26493
39.854166666666664,37.479166666666664,15.130667,997.8892,39.044,658.0,75.28524
44.270833333333336,30.979166666666668,23.975332,946.88574,39.048,85.0,93.54266
49.02083333333333,33.229166666666664,13.165167,918.9656,39.148003,342.0,84.16441
45.1875,36.8125,10.970667,989.58514,38.932,511.0,77.47873
43.1875,36.354166666666664,20.732834,982.7095,37.856003,478.0,91.48852
48.854166666666664,33.145833333333336,17.999,909.43207,38.928,394.0,90.35421
48.89583333333333,30.0625,25.566,838.6974,35.192,181.0,108.26051
44.479166666666664,28.770833333333336,24.576,930.0238,39.480003,154.0,82.23959
47.104166666666664,37.395833333333336,10.751833,964.9004,39.332,286.0,63.01451
48.27083333333333,31.020833333333336,24.429832,893.6522,37.452,210.0,102.36593
43.0625,29.479166666666668,23.265167,926.6685,39.211998,104.0,82.7978
49.354166666666664,32.229166666666664,22.023,939.4577,39.116,413.0,102.509415
46.1875,34.9375,12.896,952.54114,38.54,711.0,88.65767
47.5625,30.729166666666668,23.896,851.04987,35.236,140.0,96.35774
47.104166666666664,30.6875,24.262167,884.9204,38.196003,94.0,99.6125
45.979166666666664,29.270833333333336,24.98,883.83594,37.964,163.0,85.16813
47.229166666666664,33.6875,17.073334,909.39716,39.584,447.0,85.84582
46.64583333333333,29.145833333333336,25.628666,828.8617,37.46,151.0,83.966194
40.354166666666664,32.0625,19.876167,879.4597,38.128,104.0,73.326096
47.77083333333333,36.270833333333336,11.385834,949.5797,40.460003,336.0,71.88191
45.77083333333333,33.729166666666664,22.427834,925.74097,38.668,311.0,97.68539
40.0625,32.9375,18.954166,840.2242,36.644,118.0,76.7102
44.645833333333336,35.9375,20.159666,1016.7422,40.192,666.0,100.17392
42.8125,30.354166666666668,23.332167,939.6708,39.592,82.0,84.825455
48.02083333333333,33.979166666666664,13.331,875.0005,40.144,399.0,81.14406
44.145833333333336,33.270833333333336,22.595167,931.40875,39.764,142.0,86.56867
43.729166666666664,33.479166666666664,22.902834,942.74243,40.476,138.0,85.722595
41.1875,33.479166666666664,20.1455,923.6787,38.767998,119.0,77.772736
42.5625,29.6875,23.223667,924.6719,39.292,96.0,80.542496
42.9375,32.6875,22.473167,956.76587,40.556,85.0,83.48259
43.479166666666664,31.1875,23.2035,954.0752,39.796,79.0,91.612915
41.0625,33.854166666666664,19.933167,926.5459,38.871998,128.0,78.926
41.229166666666664,37.604166666666664,15.8005,1000.16614,40.416,701.0,77.70308
40.0625,32.5625,18.855833,847.8891,37.483997,121.0,76.021355
43.854166666666664,28.979166666666668,23.791166,928.86774,39.332,133.0,83.76504
43.229166666666664,34.270833333333336,23.814167,913.99207,38.596,159.0,85.37866
49.104166666666664,30.6875,25.598167,927.973,38.236,244.0,111.989845
48.14583333333333,31.354166666666668,24.564,914.37476,38.691998,228.0,103.704124
42.145833333333336,33.645833333333336,21.0975,992.6857,40.708,119.0,78.65054
41.3125,33.854166666666664,20.012333,942.82306,39.108,134.0,80.518456
40.4375,36.1875,18.563334,953.5929,39.748,285.0,79.905426
40.104166666666664,37.5625,15.207833,1025.2219,40.615997,617.0,75.677925
45.4375,35.270833333333336,18.978834,996.5685,39.656,684.0,95.15617
40.3125,32.1875,19.634,872.9848,37.871998,105.0,74.875626
42.645833333333336,35.145833333333336,22.919167,944.7298,38.156002,238.0,88.763626
43.854166666666664,31.0625,23.476,951.8227,39.620003,83.0,94.59639
47.14583333333333,34.3125,14.569834,907.98083,41.128002,469.0,83.53582
46.3125,33.645833333333336,16.680666,924.20886,36.952,467.0,86.69427
47.27083333333333,31.354166666666668,24.110666,896.5002,39.292,157.0,98.4566
42.1875,30.354166666666668,23.140833,932.93677,39.58,80.0,81.42484
40.6875,32.0625,20.269667,891.1251,38.483997,100.0,73.429756
45.604166666666664,30.645833333333336,24.5335,898.0214,37.068,96.0,96.63241
39.895833333333336,32.6875,18.911167,842.63,37.264,116.0,76.72033
46.729166666666664,36.854166666666664,7.3283334,967.34845,38.284,387.0,72.64744
44.354166666666664,30.270833333333336,23.856333,935.23456,38.752,97.0,90.71821
45.52083333333333,33.645833333333336,23.142834,929.8237,39.484,268.0,100.181656
48.6875,34.604166666666664,9.131667,923.3364,40.312,300.0,76.14996
40.1875,36.145833333333336,18.538666,952.02454,39.648,275.0,80.25773
45.354166666666664,30.770833333333336,24.532167,908.4439,37.492,101.0,95.46342
40.770833333333336,32.645833333333336,19.797667,879.08936,38.236,105.0,75.8905
41.5625,33.4375,20.529833,948.4748,39.6,116.0,79.48252
43.770833333333336,33.645833333333336,23.065666,938.72314,40.483997,144.0,84.90098
43.729166666666664,30.520833333333336,23.5565,945.5315,39.268,91.0,98.790016
45.479166666666664,32.854166666666664,23.812834,936.2845,39.708,166.0,96.06697
40.395833333333336,34.270833333333336,19.713667,911.8798,38.196,126.0,78.78612
48.4375,35.9375,10.843,947.98676,40.9,309.0,72.57844
43.354166666666664,35.395833333333336,23.506166,904.898,37.308,285.0,89.82106
44.5625,29.645833333333336,24.218666,926.8378,39.144,115.0,83.59143
44.9375,35.6875,18.033,1010.7924,39.572002,720.0,97.82767
40.770833333333336,34.5625,20.636168,931.1488,38.208,131.0,82.79931
43.4375,33.479166666666664,22.7165,936.446,40.576,126.0,84.91679
42.5625,36.395833333333336,20.7365,997.0398,38.892,497.0,92.07656
46.854166666666664,32.270833333333336,24.238167,928.15405,39.68,217.0,98.45289
48.604166666666664,35.5625,9.5135,976.66345,42.008,310.0,73.62803
48.479166666666664,36.604166666666664,10.666,877.33716,37.536,290.0,67.40786
44.020833333333336,34.645833333333336,24.392166,899.16766,38.284,199.0,93.68468
40.604166666666664,33.4375,19.261,878.11597,37.66,124.0,78.4102
46.77083333333333,30.604166666666668,24.341167,881.06396,37.848,92.0,94.55311
47.14583333333333,34.020833333333336,13.770333,899.2656,39.732,468.0,83.20293
41.229166666666664,35.979166666666664,19.972834,977.0322,38.536,287.0,83.47718
41.604166666666664,33.020833333333336,20.799,932.5169,39.412,103.0,76.99637
40.104166666666664,36.770833333333336,18.110666,921.7325,39.796,327.0,79.22657
46.4375,33.479166666666664,18.022333,931.01984,37.524,421.0,88.44282
48.39583333333333,35.229166666666664,10.077333,968.7264,42.704002,325.0,73.59594
48.39583333333333,29.395833333333336,25.614815,826.0836,36.422222,119.0,97.84104
48.0625,35.104166666666664,10.602,943.0717,41.908,361.0,75.52955
46.479166666666664,37.229166666666664,11.0585,981.1491,39.019997,335.0,70.69501
42.229166666666664,31.770833333333336,22.452333,920.22784,39.315998,67.0,81.01625
47.979166666666664,28.729166666666668,25.596,888.18536,38.612003,106.0,89.48242
41.1875,33.395833333333336,20.1505,920.79944,39.012,117.0,77.5377
46.89583333333333,37.104166666666664,8.208,957.94037,38.0,323.0,68.80899
42.8125,32.895833333333336,22.298666,958.9844,40.804,92.0,82.22955
42.229166666666664,35.3125,22.169832,969.1791,38.488,237.0,87.40471
44.020833333333336,32.479166666666664,23.904333,987.91425,40.404003,90.0,89.80774
41.0625,37.479166666666664,15.215166,997.4728,40.379997,728.0,77.39843
40.770833333333336,35.645833333333336,19.871834,963.7104,38.676003,219.0,81.4811
46.77083333333333,30.0625,24.731333,871.40356,38.172,98.0,89.93862
46.979166666666664,31.645833333333336,24.082167,897.1756,37.952,168.0,97.35907
45.1875,31.854166666666668,24.215334,920.19073,39.112,118.0,88.611305
45.1875,35.229166666666664,19.226,996.0988,39.876,622.0,96.93175
47.5625,31.104166666666668,24.146667,887.8793,38.588,159.0,98.84189
40.770833333333336,34.6875,20.469,919.9313,37.14,138.0,79.74505
47.39583333333333,36.395833333333336,7.048333,967.1126,39.056,378.0,72.07073
40.395833333333336,37.0625,17.491,931.0839,40.276,409.0,79.24772
39.9375,32.5625,18.886333,845.22266,37.447998,117.0,75.89705
43.8125,36.395833333333336,19.845167,1014.0103,40.512,602.0,95.11178
44.479166666666664,34.770833333333336,23.483,938.3394,38.955997,247.0,99.38017
43.520833333333336,33.3125,22.187334,914.5562,36.54,121.0,84.591705
44.895833333333336,29.1875,24.7695,926.1327,39.124,152.0,83.446915
42.145833333333336,37.0625,19.182,972.1214,38.864,575.0,85.35197
45.145833333333336,34.395833333333336,22.791834,931.0255,38.508,282.0,96.7379
46.1875,32.0625,24.565834,932.60425,39.908,146.0,96.16921
47.604166666666664,35.5625,10.697833,979.6945,42.344,388.0,75.574165
47.89583333333333,34.020833333333336,12.080167,895.8645,40.228,399.0,80.492
43.3125,31.270833333333336,23.191833,953.2379,39.772,78.0,90.34167
45.270833333333336,33.145833333333336,23.5305,937.51843,40.18,183.0,96.95082
47.39583333333333,36.9375,11.045167,922.4751,38.62,314.0,66.53286
44.8125,32.0625,23.6635,922.3118,38.868,104.0,86.1379
46.229166666666664,30.979166666666668,24.195667,877.98254,37.444,96.0,88.636
42.354166666666664,36.645833333333336,20.451,986.83154,39.120003,430.0,93.12317
43.270833333333336,30.729166666666668,23.170166,944.05145,39.476,85.0,94.87184
42.5625,35.895833333333336,22.046,982.93634,38.815998,337.0,90.96499
46.8125,28.895833333333336,25.408333,850.1529,37.744,169.0,84.07367
43.8125,34.479166666666664,24.363333,884.29456,37.760002,183.0,89.375336
48.39583333333333,33.145833333333336,12.3498335,904.1235,38.564,396.0,83.53807
48.27083333333333,30.520833333333336,25.179832,907.8163,38.171997,173.0,99.54969
40.854166666666664,33.104166666666664,19.848667,887.9753,38.36,113.0,76.63163
42.0625,31.979166666666668,22.1305,915.3337,39.376,67.0,78.91782
45.020833333333336,33.6875,23.196667,930.87573,39.567997,208.0,96.35584
42.854166666666664,30.020833333333336,23.412,931.7503,39.480003,88.0,83.97402
43.645833333333336,29.895833333333336,23.5825,936.42535,39.224,100.0,83.28539
41.229166666666664,36.354166666666664,19.013834,977.8392,38.272003,382.0,83.073524
46.479166666666664,37.5625,7.0938334,999.8673,38.64,339.0,68.59522
45.52083333333333,34.604166666666664,21.973833,947.85785,39.192,420.0,95.72806
46.854166666666664,36.520833333333336,7.9648333,972.84753,39.18,406.0,73.608475
48.64583333333333,33.270833333333336,11.3315,917.03375,39.08,360.0,82.99794
49.27083333333333,33.354166666666664,6.0843334,929.6621,38.668,334.0,78.23702
40.354166666666664,36.020833333333336,18.79,952.26807,39.28,250.0,81.32092
42.645833333333336,34.3125,22.489166,982.3101,40.284,154.0,82.92989
46.14583333333333,29.479166666666668,24.8585,867.28876,37.600002,147.0,87.43146
42.5625,34.645833333333336,22.687666,966.5903,39.548,190.0,85.294914
44.8125,29.104166666666668,24.721666,926.8152,39.008003,156.0,83.07629
47.479166666666664,31.270833333333336,24.176834,892.61554,38.676,169.0,99.16417
47.6875,36.354166666666664,10.1588335,958.1973,40.116,338.0,72.33072
44.395833333333336,30.479166666666668,23.970499,935.5186,38.48,92.0,91.29691
43.270833333333336,31.1875,23.159,950.8701,39.788,78.0,90.34167
42.0625,33.5625,20.7825,985.1514,40.511997,118.0,78.30919
46.39583333333333,35.1875,13.863167,966.3237,39.088,717.0,87.77096
49.39583333333333,32.3125,20.342167,927.42053,38.5,396.0,100.03145
43.479166666666664,33.229166666666664,22.354334,922.15717,37.156002,113.0,84.63242
47.6875,37.1875,11.6605,899.0987,37.872,286.0,60.239765
40.395833333333336,37.145833333333336,17.523832,950.60535,40.992,431.0,78.80929
39.6875,32.354166666666664,18.854,845.71045,37.196,114.0,74.4941
42.895833333333336,29.854166666666668,23.482334,929.7149,39.496,92.0,83.107994
42.770833333333336,37.020833333333336,17.233166,978.4732,37.975998,738.0,87.40826
46.604166666666664,32.1875,24.3535,929.56464,39.408,188.0,96.5891
47.64583333333333,30.8125,24.341667,886.7869,38.072002,149.0,97.87756
42.020833333333336,30.145833333333336,23.157,928.3188,39.636,81.0,80.88528
43.770833333333336,35.4375,22.615833,915.41327,37.724,307.0,88.634995
45.64583333333333,33.8125,22.421833,925.37976,38.452,310.0,98.30233
42.520833333333336,32.8125,21.935167,953.1622,40.436,92.0,80.4439
45.604166666666664,30.520833333333336,24.567333,897.2794,37.388,94.0,94.57261
44.479166666666664,31.729166666666668,23.919167,936.8553,37.868,77.0,80.78815
41.3125,36.854166666666664,19.525,968.706,39.432,393.0,83.30018
49.0625,33.854166666666664,10.7905,932.2049,40.624,291.0,79.5156
46.89583333333333,35.395833333333336,11.201,985.09155,41.935997,521.0,79.758064
43.645833333333336,31.979166666666668,23.397833,970.4349,40.496,74.0,85.56807
46.4375,35.229166666666664,12.624333,974.8999,39.964,694.0,86.865135
47.229166666666664,35.6875,8.818167,989.10156,41.132,424.0,76.42112
42.104166666666664,33.3125,20.9245,970.3956,40.163998,110.0,78.33378
44.5625,30.770833333333336,24.152834,935.671,38.332,90.0,92.70328
43.145833333333336,36.354166666666664,20.818333,978.1211,37.624,472.0,91.04968
43.229166666666664,32.604166666666664,22.912,965.2724,40.652,85.0,84.80539
43.729166666666664,29.270833333333336,23.557833,929.4549,39.292,121.0,83.80064
48.52083333333333,35.895833333333336,9.871,958.8642,41.132,300.0,73.836685
47.1875,34.354166666666664,14.116667,914.75305,40.600002,473.0,82.55076
44.3125,33.145833333333336,22.786,939.8876,40.503998,143.0,89.89004
45.479166666666664,28.520833333333336,25.369167,934.3911,39.284,200.0,81.146034
48.14583333333333,36.229166666666664,11.607667,932.8212,40.184002,316.0,72.27276
48.0625,29.145833333333336,25.7995,926.9186,39.472,102.0,92.477036
40.4375,34.3125,19.735834,915.3494,38.084,127.0,79.24839
40.979166666666664,36.1875,19.184,965.3022,39.272,298.0,82.09627
47.14583333333333,30.854166666666668,24.253834,872.0035,38.728,113.0,97.59762
44.1875,29.520833333333336,24.022333,932.77374,39.172,115.0,82.81102
43.9375,35.479166666666664,22.365833,949.2127,38.78,335.0,88.885414
45.270833333333336,33.604166666666664,23.2555,936.94934,39.828,227.0,99.35054
42.770833333333336,31.770833333333336,22.869167,940.51276,39.94,69.0,82.15212
45.5625,34.854166666666664,21.433834,959.5955,38.816,500.0,95.05834
45.020833333333336,36.479166666666664,9.886333,987.59485,38.1,686.0,82.76479
40.104166666666664,36.229166666666664,18.010334,956.22833,39.691998,316.0,79.962
44.729166666666664,35.145833333333336,22.172335,983.5388,39.612003,372.0,98.614334
41.5625,35.854166666666664,20.9755,991.55005,38.663998,294.0,86.83178
42.354166666666664,33.8125,21.8385,1009.8475,41.003998,123.0,80.235344
41.4375,37.104166666666664,19.100166,958.78534,38.852,469.0,82.636894
40.354166666666664,31.8125,20.116667,886.88696,38.12,97.0,73.99463
45.64583333333333,33.4375,23.422167,929.3276,39.42,240.0,98.87014
43.8125,29.604166666666668,23.654833,933.03394,39.328,109.0,83.023926
46.354166666666664,32.729166666666664,24.029501,936.81946,39.884003,214.0,95.918755
43.4375,31.645833333333336,23.154667,961.6721,40.152,72.0,85.28029
45.229166666666664,36.020833333333336,12.2355,976.6052,37.64,740.0,89.24073
46.354166666666664,35.9375,9.710834,978.5578,40.22,607.0,80.50788
42.604166666666664,31.104166666666668,23.034834,937.2934,39.564,71.0,86.84733
45.8125,37.0625,12.926833,942.4739,37.812,380.0,72.210144
46.39583333333333,29.145833333333336,25.212,850.9243,37.656002,170.0,85.31375
46.604166666666664,32.520833333333336,24.214,931.2155,39.12,212.0,96.518715
47.1875,35.979166666666664,9.795,982.29645,41.376,414.0,75.0154
48.52083333333333,34.145833333333336,10.627833,878.67737,39.323997,327.0,77.599525
43.645833333333336,37.8125,4.1621666,953.50604,36.5,607.0,59.37605
43.229166666666664,33.729166666666664,22.659666,896.8798,36.736,127.0,83.00663
48.354166666666664,33.645833333333336,15.131333,865.49695,39.468002,400.0,83.19493
43.6875,33.270833333333336,22.8505,953.98065,40.824,130.0,86.693855
48.64583333333333,34.729166666666664,9.305166,919.576,40.224,302.0,74.86817
43.895833333333336,30.604166666666668,23.526833,945.0624,39.304,92.0,98.9319
46.4375,31.5625,24.218166,905.1122,38.435997,138.0,97.47354
46.0625,37.020833333333336,12.909333,917.57825,36.828,384.0,72.66986
40.895833333333336,37.3125,15.664166,988.6948,39.192,690.0,79.088905
44.5625,32.145833333333336,23.680834,937.9679,38.364,93.0,85.26288
39.520833333333336,37.020833333333336,17.864,979.89874,39.631996,433.0,80.89445
44.770833333333336,35.6875,20.024334,1019.2996,40.684002,622.0,99.33125
43.895833333333336,32.520833333333336,23.7165,984.8833,40.364,90.0,89.527084
46.1875,29.104166666666668,25.168167,873.3135,38.056,175.0,83.73413
40.270833333333336,32.979166666666664,19.104834,843.5319,36.972,115.0,74.88486
49.02083333333333,35.354166666666664,10.765833,976.27045,42.643997,296.0,73.94826
40.1875,36.479166666666664,18.107334,956.27325,39.912003,346.0,78.608154
48.39583333333333,30.895833333333336,24.851,910.5726,37.795998,206.0,102.8431
47.604166666666664,32.729166666666664,22.498,936.21045,39.812,366.0,95.300606
45.52083333333333,32.895833333333336,23.832666,936.37445,39.656,171.0,96.98492
48.14583333333333,36.979166666666664,12.005,864.5699,37.512,288.0,63.84071
43.5625,34.9375,25.338667,830.23047,35.772003,215.0,92.430885
47.1875,33.479166666666664,18.443333,923.9314,39.82,433.0,87.75415
45.64583333333333,29.4375,25.019667,897.5791,38.068,145.0,85.32784
41.3125,36.9375,19.483166,970.76544,39.68,411.0,82.34617
48.1875,30.520833333333336,25.141834,911.45966,38.576,168.0,98.51421
45.1875,35.8125,15.000167,989.98566,38.592,786.0,93.87143
41.395833333333336,37.9375,15.915,998.57196,40.672,687.0,73.618484
39.9375,35.145833333333336,19.6325,966.85504,38.960003,144.0,79.265045
47.5625,36.020833333333336,11.0581665,979.262,41.568,369.0,73.49916
45.020833333333336,34.9375,21.7825,977.0023,39.84,399.0,98.41645
39.520833333333336,33.229166666666664,18.112833,827.9833,36.656002,121.0,76.796196
41.770833333333336,35.979166666666664,21.1725,995.8192,38.516003,323.0,87.25577
48.02083333333333,29.020833333333336,25.884834,919.1351,39.868,97.0,92.04454
48.354166666666664,34.979166666666664,10.8075,941.7129,42.308002,335.0,75.09483
41.6875,31.020833333333336,22.874,935.6983,39.772003,73.0,80.41728
47.02083333333333,28.895833333333336,25.369,865.2337,38.120003,154.0,84.51866
47.64583333333333,37.895833333333336,8.741166,885.4989,37.823997,266.0,59.295116
42.5625,36.8125,19.879168,941.07434,35.368,629.0,91.72458
40.645833333333336,32.395833333333336,19.8345,879.1237,38.064003,106.0,76.20439
44.8125,37.0625,7.6893334,991.42365,37.9,596.0,76.788666
44.979166666666664,32.4375,23.618166,934.7984,39.548,125.0,91.13916
40.5625,37.895833333333336,15.9765,1018.8381,41.98,562.0,76.084785
42.5625,35.104166666666664,22.656834,950.09094,38.22,235.0,87.94994
47.14583333333333,30.895833333333336,24.239166,875.8886,38.708,116.0,95.96808
41.9375,31.979166666666668,22.070333,916.25653,39.484,69.0,78.16961
47.6875,32.395833333333336,24.002333,935.0762,40.247997,321.0,100.138985
46.354166666666664,30.979166666666668,24.033167,870.02185,36.752003,98.0,88.48334
46.354166666666664,35.604166666666664,12.436334,973.22327,40.596,740.0,87.1541
46.77083333333333,36.6875,7.4545,963.1773,38.248,404.0,72.667465
44.770833333333336,32.9375,23.207834,931.7864,39.32,146.0,93.34687
44.0625,30.3125,23.646666,938.0924,38.924,96.0,91.99131
47.52083333333333,33.3125,18.4025,908.8027,40.172,440.0,87.8723
45.89583333333333,37.6875,12.197166,990.89215,38.424,280.0,64.5833
46.02083333333333,30.4375,24.487833,880.764,37.24,89.0,92.51227
42.729166666666664,37.229166666666664,18.244333,978.5097,39.044,773.0,86.32535
47.729166666666664,28.645833333333336,25.413,890.7464,38.579998,118.0,88.08524
41.979166666666664,36.604166666666664,20.490667,992.5331,38.62,428.0,88.74278
40.729166666666664,31.8125,20.430834,900.9373,38.628002,96.0,74.61085
41.4375,32.645833333333336,20.862167,914.1404,39.184,94.0,75.53171
46.4375,32.645833333333336,24.055332,938.3846,39.976,214.0,96.796524
42.020833333333336,32.270833333333336,21.966833,919.6737,39.988003,73.0,79.053856
41.479166666666664,35.020833333333336,21.366667,973.56604,39.379997,180.0,85.15527
42.104166666666664,31.354166666666668,22.921999,929.63544,39.752,68.0,82.73726
41.979166666666664,31.145833333333336,22.975166,935.123,40.0,74.0,80.8894
46.729166666666664,32.3125,24.256666,924.9438,38.932,207.0,96.19592
46.4375,28.770833333333336,25.319166,875.6116,38.088,188.0,81.03871
45.4375,35.854166666666664,17.271334,1011.7528,40.036,782.0,94.817085
46.979166666666664,35.0625,12.351833,971.54895,41.972,509.0,80.74546
44.6875,31.3125,24.399,937.6234,38.532,90.0,90.78318
45.854166666666664,30.479166666666668,24.501333,885.38794,37.396,91.0,93.39676
48.604166666666664,35.3125,10.516833,985.95404,43.796,326.0,72.741035
41.8125,33.395833333333336,20.823833,961.51776,39.932,113.0,77.609375
46.3125,34.645833333333336,14.419667,943.8668,39.84,648.0,88.17372
41.8125,35.979166666666664,21.212166,997.8253,38.536,322.0,88.45561
48.3125,34.8125,8.359,941.31995,39.992,333.0,76.20668
46.77083333333333,33.104166666666664,21.015333,938.6583,39.4,344.0,91.281334
40.5625,35.395833333333336,20.064667,964.83954,38.756,193.0,81.7403
44.604166666666664,30.395833333333336,24.209333,930.7721,38.136,93.0,91.314865
44.145833333333336,30.6875,23.732666,943.40265,38.944,87.0,95.03933
46.4375,29.5625,24.825167,854.0391,37.436,138.0,87.73514
41.270833333333336,31.145833333333336,22.504,936.69006,39.743996,80.0,80.27706
40.270833333333336,34.4375,19.6575,917.02423,37.688,126.0,77.99692
47.354166666666664,33.0625,16.594833,911.8862,38.211998,422.0,86.355156
45.0625,29.8125,24.3365,913.21686,38.364002,113.0,85.81214
43.645833333333336,36.354166666666664,20.022833,1013.0278,40.803997,584.0,94.23606
40.479166666666664,37.854166666666664,16.013666,1016.9541,41.644,540.0,76.05589
44.145833333333336,37.770833333333336,8.7845,1016.7317,39.46,588.0,61.87965
44.4375,34.9375,23.3825,942.9953,39.128,259.0,100.18557
44.5625,33.4375,22.933334,932.7281,39.948,165.0,92.286964
44.604166666666664,30.145833333333336,24.122166,927.8884,38.620003,100.0,87.680374
48.6875,35.229166666666664,10.736667,990.11707,43.944,322.0,72.3905
41.729166666666664,34.395833333333336,21.196167,981.7619,39.136,162.0,83.35729
40.0625,32.104166666666664,19.539333,866.5853,37.776,106.0,74.20414
46.6875,33.3125,16.495333,923.87024,37.716003,440.0,85.66428
47.27083333333333,36.479166666666664,6.021,971.7126,38.684002,380.0,72.03296
47.14583333333333,34.354166666666664,14.46,912.9506,40.648,474.0,83.01786
42.020833333333336,36.645833333333336,20.433332,986.82635,38.688,426.0,88.988396
43.1875,29.854166666666668,23.466,930.60046,39.384003,97.0,84.034805
48.77083333333333,35.104166666666664,11.103167,975.8363,43.332,318.0,73.99718
47.729166666666664,34.895833333333336,10.899167,935.73596,42.152,397.0,77.094444
42.395833333333336,34.729166666666664,22.271168,972.2866,39.503998,186.0,84.90749
47.229166666666664,33.854166666666664,16.081667,903.93335,40.108,461.0,84.1598
40.729166666666664,32.979166666666664,19.717833,877.3172,37.991997,110.0,75.4746
43.4375,35.0625,25.057001,841.2342,36.096,236.0,92.02419
47.27083333333333,37.395833333333336,9.6625,943.9691,38.528,284.0,64.317406
40.479166666666664,32.979166666666664,19.292,857.98773,37.3,113.0,75.64126
43.1875,31.395833333333336,23.188833,952.17664,39.852,73.0,89.3808
41.479166666666664,32.4375,20.933,911.9625,39.308,91.0,77.19404
42.020833333333336,31.104166666666668,23.051666,934.9023,40.079998,70.0,82.03512
40.395833333333336,34.6875,20.092167,939.8549,37.992,134.0,80.67086
41.354166666666664,35.6875,20.814167,980.9955,38.584,245.0,85.62273
46.1875,37.645833333333336,8.050667,998.6735,38.636,342.0,67.510956
42.0625,34.895833333333336,21.525,976.1389,38.992,199.0,85.237656
42.645833333333336,36.4375,20.8085,994.4359,39.292,526.0,92.09214
45.729166666666664,36.8125,12.762834,939.30066,37.620003,462.0,75.868774
48.9375,34.895833333333336,11.707666,955.0441,42.608,299.0,74.374214
44.479166666666664,34.020833333333336,23.393833,926.1012,39.600002,188.0,93.76955
44.104166666666664,32.8125,23.592167,978.6645,41.48,112.0,89.77631
41.104166666666664,34.0625,20.405167,931.9002,38.568,130.0,81.60179
46.27083333333333,30.104166666666668,24.447332,868.8094,37.0,97.0,92.04454
44.6875,33.3125,23.032,940.3945,40.52,166.0,93.583374
46.854166666666664,34.604166666666664,13.469,938.22076,40.064,544.0,83.50509
44.8125,34.8125,22.902334,959.01984,39.456,313.0,98.8428
41.5625,30.8125,22.875666,939.44653,39.784,76.0,79.58382
41.9375,31.145833333333336,22.978167,934.9124,40.008,73.0,81.31353
44.729166666666664,29.5625,24.412666,924.4278,39.012,129.0,85.96281
43.604166666666664,36.270833333333336,20.123167,1007.6524,40.428,535.0,92.98718
40.729166666666664,35.6875,19.839,960.40125,38.504,217.0,81.13302
42.270833333333336,30.6875,23.169167,937.187,39.788,77.0,81.60232
46.39583333333333,30.9375,24.009167,865.1996,36.428,97.0,88.50499
47.4375,29.145833333333336,25.445833,899.6045,39.148003,121.0,86.75129
41.854166666666664,35.979166666666664,21.282833,998.90845,38.588,325.0,88.747894
49.3125,32.854166666666664,17.845167,911.10834,38.468002,363.0,92.48473
45.0625,31.145833333333336,24.853666,923.8851,38.008,108.0,97.421295
43.3125,32.4375,22.973,968.5195,40.579998,78.0,83.46051
46.104166666666664,34.520833333333336,11.1735,959.9963,39.003998,627.0,87.44044
47.14583333333333,34.770833333333336,9.8165,947.2098,40.656002,483.0,79.703094
43.229166666666664,33.270833333333336,22.685,959.27527,41.952,113.0,86.97586
44.770833333333336,28.5625,24.994667,934.3876,39.628002,169.0,82.63552
40.354166666666664,36.9375,17.713,920.58795,39.692,373.0,78.73344
47.77083333333333,35.479166666666664,11.397166,975.00745,42.804,376.0,75.41612
41.979166666666664,32.854166666666664,21.299166,940.65686,40.304,89.0,77.573135
43.729166666666664,33.104166666666664,22.94,967.96924,41.191998,118.0,85.67801
45.6875,35.6875,15.788333,994.678,39.991997,893.0,95.32964
44.645833333333336,36.770833333333336,13.434,1015.9741,39.512,672.0,85.17851
47.02083333333333,32.104166666666664,24.2605,922.5949,39.504,214.0,99.87212
43.9375,31.520833333333336,23.739334,967.09064,40.008,73.0,86.91418
48.479166666666664,29.9375,25.653166,847.1159,36.896,144.0,99.37946
43.395833333333336,29.9375,23.431,934.177,39.1,97.0,85.3359
43.9375,33.895833333333336,23.459833,930.3316,39.792,155.0,85.8707
42.979166666666664,30.1875,23.463667,935.32056,39.292,87.0,86.04043
46.354166666666664,31.770833333333336,24.359167,916.5861,38.980003,146.0,99.06998
47.6875,31.729166666666668,23.996166,882.5025,37.440002,234.0,102.35452
49.0625,31.1875,25.793833,951.7718,39.744,281.0,110.92384
45.1875,33.479166666666664,23.2825,935.8878,39.800003,214.0,98.346344
47.479166666666664,30.729166666666668,23.855167,852.7084,35.396,131.0,95.57585
41.520833333333336,34.104166666666664,20.441166,958.12634,39.288,145.0,81.897865
39.979166666666664,33.4375,18.683167,850.3392,36.94,121.0,77.5633
45.395833333333336,32.729166666666664,23.812166,937.18066,39.848,152.0,94.857216
44.395833333333336,35.979166666666664,20.255833,1019.5266,40.336,605.0,97.74016
48.64583333333333,32.854166666666664,20.017,914.00525,38.371998,432.0,94.18303
43.6875,29.1875,23.509167,928.38165,39.392002,122.0,83.8192
40.145833333333336,34.645833333333336,19.861834,929.94476,37.816,123.0,79.87645
40.1875,34.895833333333336,20.0735,957.03986,38.652,134.0,82.32865
43.354166666666664,34.520833333333336,24.412,887.70306,37.996002,182.0,87.39093
40.4375,37.395833333333336,14.9155,1008.03906,40.744,701.0,76.9672
45.354166666666664,30.6875,24.483334,908.28076,37.416,99.0,95.269615
47.64583333333333,28.854166666666668,25.491833,901.33276,38.996,116.0,87.79375
44.3125,31.520833333333336,24.0005,959.3158,39.768,76.0,87.28306
45.729166666666664,34.8125,20.6725,948.7728,39.012,545.0,93.79322
41.895833333333336,37.854166666666664,17.043167,992.0529,38.732002,679.0,74.75496
46.6875,37.979166666666664,8.197833,970.7388,37.732002,291.0,61.05424
49.39583333333333,33.520833333333336,12.892,955.5346,41.947998,280.0,82.01101
46.1875,35.145833333333336,16.684166,959.648,39.572002,783.0,90.84719
47.9375,36.104166666666664,11.800333,961.8877,41.42,331.0,73.16522
43.4375,33.520833333333336,22.8655,947.1121,41.211998,137.0,87.8526
43.5625,37.645833333333336,8.012834,998.1309,37.932,666.0,66.45798
41.854166666666664,33.104166666666664,21.091667,947.986,40.02,102.0,76.76407
47.52083333333333,34.145833333333336,14.110333,898.39185,41.116,440.0,81.22595
46.14583333333333,31.020833333333336,24.212667,878.3045,37.328003,98.0,90.776764
44.8125,32.9375,23.093666,927.12787,38.956,147.0,93.05472
40.645833333333336,33.979166666666664,19.921999,905.869,37.932,123.0,78.78995
47.4375,37.354166666666664,11.235833,922.8403,37.852,278.0,60.528427
45.8125,33.4375,23.143,928.443,38.824,272.0,99.27875
40.3125,34.1875,19.609333,903.4554,38.1,125.0,77.75942
39.770833333333336,35.979166666666664,19.018833,958.24634,39.372,220.0,80.986115
42.354166666666664,33.3125,21.435833,973.18396,40.644,107.0,80.610176
43.0625,34.854166666666664,24.504166,892.56384,37.544,194.0,88.30343
43.0625,36.770833333333336,19.1545,991.9887,39.308,769.0,92.65963
47.6875,30.895833333333336,24.383667,894.232,38.812,159.0,97.88611
46.3125,32.354166666666664,24.178,933.6774,39.315998,174.0,93.95704
47.39583333333333,31.729166666666668,24.092667,904.0316,38.484,209.0,99.70483
47.4375,30.520833333333336,24.368334,892.87244,38.184,126.0,94.276855
47.479166666666664,34.4375,14.246333,884.8114,40.216,439.0,81.596565
48.39583333333333,30.604166666666668,25.036,896.6402,36.928,195.0,101.41162
47.9375,29.104166666666668,25.9195,932.9853,40.128,102.0,89.262344
42.479166666666664,35.645833333333336,22.290834,969.8889,38.396,300.0,89.73693
45.0625,31.645833333333336,24.375834,913.7792,37.54,107.0,87.7483
47.604166666666664,31.770833333333336,24.2195,897.5283,38.512,229.0,101.70047
42.4375,37.479166666666664,16.5015,972.3892,38.56,736.0,79.74388
39.895833333333336,35.0625,19.747667,960.477,38.612,136.0,81.399864
46.77083333333333,31.229166666666668,24.159334,892.08405,38.696,122.0,94.065384
45.1875,28.6875,25.019333,932.2902,39.064003,180.0,81.924644
45.6875,35.020833333333336,19.982166,967.28687,38.644,632.0,94.02877
41.104166666666664,34.604166666666664,21.054333,952.8235,38.972,139.0,83.79274
42.6875,34.145833333333336,22.432833,985.2798,40.476,145.0,81.83299
39.604166666666664,36.395833333333336,18.353666,965.51166,39.98,304.0,80.05584
47.979166666666664,28.520833333333336,25.800835,882.2935,38.232002,113.0,88.21923
44.770833333333336,32.4375,23.468334,930.2738,39.044003,117.0,90.200294
44.0625,34.5625,24.4095,905.07806,38.784,195.0,93.8709
40.020833333333336,36.520833333333336,18.076334,956.8996,40.124,341.0,79.2938
42.4375,35.354166666666664,22.365334,962.3195,38.255997,262.0,88.73507
45.229166666666664,37.770833333333336,11.336833,907.7151,35.348,314.0,64.10009
39.3125,34.229166666666664,18.177,864.9732,36.7,117.0,74.53743
40.104166666666664,36.145833333333336,18.514833,953.3979,39.628,278.0,80.73707
46.8125,30.8125,24.027166,853.5201,36.663998,93.0,95.50957
45.52083333333333,31.729166666666668,24.572834,925.13245,38.992,121.0,94.50873
44.354166666666664,37.145833333333336,11.2369995,988.4302,37.38,677.0,77.464775
42.6875,31.729166666666668,22.855333,936.43536,39.78,68.0,82.73726
41.4375,32.0625,21.320333,913.11633,39.176003,84.0,75.56605
43.5625,35.145833333333336,24.612333,863.64966,36.944,247.0,91.91254
43.770833333333336,29.354166666666668,23.718834,930.8744,39.396,120.0,83.22934
41.479166666666664,33.895833333333336,20.209833,957.32983,39.48,137.0,80.86267
41.4375,34.8125,21.05,966.49506,39.28,173.0,83.63925
42.895833333333336,34.270833333333336,23.317333,951.4982,39.9,147.0,83.80263
39.770833333333336,37.6875,13.043667,992.2233,38.632,758.0,72.292
41.854166666666664,36.3125,20.649834,1015.0324,37.388,424.0,87.46401
43.854166666666664,37.4375,6.9835,975.3876,36.72,691.0,67.66095
43.270833333333336,34.104166666666664,23.051332,864.4163,34.452,141.0,82.674866
42.395833333333336,35.895833333333336,21.899,986.7969,38.612,336.0,90.82906
44.3125,35.354166666666664,22.608334,965.02924,38.952,308.0,95.08818
40.229166666666664,32.645833333333336,18.904167,852.52826,37.956,122.0,75.29686
40.3125,34.729166666666664,20.083334,943.075,38.32,129.0,81.07472
42.229166666666664,36.3125,21.262499,1001.2431,38.864002,391.0,91.23578
43.645833333333336,30.395833333333336,23.476667,945.01074,39.4,93.0,92.989914
44.8125,36.4375,11.643,1000.8128,38.04,698.0,86.38477
41.4375,33.854166666666664,20.087833,952.7819,39.320004,134.0,80.21279
46.52083333333333,33.5625,15.247,918.5342,37.624,480.0,84.745926
48.0625,29.354166666666668,26.003334,926.7542,38.18,111.0,92.09758
41.020833333333336,36.979166666666664,18.773,963.16766,40.1,415.0,80.93267
44.479166666666664,35.479166666666664,21.776167,997.3034,39.896,420.0,95.720726
43.479166666666664,37.604166666666664,7.6151667,993.79895,37.947998,669.0,66.60159
49.39583333333333,31.145833333333336,25.881834,957.06024,39.68,313.0,113.05566
41.979166666666664,33.270833333333336,20.957832,963.5526,40.08,107.0,76.73248
44.895833333333336,32.8125,23.320168,940.89667,39.804,143.0,92.695274
46.8125,30.270833333333336,24.502167,873.8126,37.788,95.0,92.16609
49.02083333333333,35.270833333333336,11.063001,970.41534,42.708,302.0,73.36337
48.4375,31.8125,24.448,922.78284,38.944,313.0,106.79829
47.979166666666664,31.979166666666668,24.104834,923.7376,39.808,301.0,103.33296
40.895833333333336,36.229166666666664,18.988167,959.5799,39.256,288.0,81.74461
46.4375,33.5625,17.0355,935.18475,37.68,464.0,86.052895
47.77083333333333,35.520833333333336,11.407833,977.0818,42.656002,375.0,75.06328
47.52083333333333,37.0625,11.609166,919.43976,38.496,295.0,63.03752
44.3125,30.270833333333336,23.830334,934.87,38.848,98.0,90.17889
46.604166666666664,35.104166666666664,13.054167,971.1387,40.996,624.0,85.0637
43.395833333333336,35.6875,21.981333,958.335,39.064,346.0,90.09936
42.729166666666664,36.770833333333336,19.8365,941.91187,35.48,801.0,91.4439
42.895833333333336,30.5625,23.521833,942.7048,39.652,80.0,87.99772
43.1875,32.6875,22.827833,964.4089,40.784,86.0,84.647484
47.104166666666664,33.770833333333336,17.882334,913.076,39.996,446.0,87.87566
42.1875,37.520833333333336,13.448334,951.8801,35.656,834.0,75.732414
48.14583333333333,36.104166666666664,12.187334,944.258,40.796005,320.0,73.69391
43.6875,36.145833333333336,20.110167,1008.56354,40.775997,494.0,92.458786
47.729166666666664,28.854166666666668,25.588667,907.10657,39.216,114.0,87.80518
45.5625,33.104166666666664,23.756166,935.54065,39.747997,196.0,97.824646
46.9375,35.5625,9.02,981.5755,40.788002,492.0,78.45656
43.354166666666664,32.729166666666664,23.274666,964.96686,41.22,87.0,84.473785
41.770833333333336,37.4375,17.600332,980.7421,38.492,656.0,79.04687
42.0625,32.6875,21.493,936.3357,40.24,85.0,77.250206
48.39583333333333,33.729166666666664,12.662167,883.7576,38.66,377.0,81.84414
48.0625,31.395833333333336,24.446333,907.92664,38.587997,226.0,103.483315
42.0625,36.020833333333336,21.461834,998.77795,38.608,342.0,89.85522
40.770833333333336,32.854166666666664,19.6755,878.3721,38.152,109.0,76.17176
41.395833333333336,34.145833333333336,20.249834,950.181,39.0,148.0,82.67543
45.9375,36.604166666666664,10.4795,954.6028,38.644,492.0,77.77704
45.9375,29.979166666666668,24.534666,878.91626,37.424,104.0,90.00414
42.395833333333336,34.979166666666664,22.4085,964.60345,38.812,206.0,86.68103
41.604166666666664,36.854166666666664,19.946167,975.9725,39.296,427.0,84.50492
43.4375,35.479166666666664,22.912,925.94464,38.428,305.0,90.75789
44.020833333333336,34.395833333333336,24.214834,908.80396,38.876,179.0,92.50989
39.6875,37.520833333333336,15.326834,982.74524,38.696003,624.0,74.743484
44.979166666666664,33.854166666666664,23.227833,927.82587,39.596,213.0,96.86146
46.64583333333333,34.979166666666664,14.148334,973.1683,41.056,620.0,84.5478
43.6875,30.395833333333336,23.515833,944.8806,39.4,92.0,93.39396
45.9375,29.145833333333336,25.008333,889.49994,38.116,174.0,84.36578
48.52083333333333,36.5625,10.157833,896.3893,38.031998,291.0,67.27641
40.645833333333336,37.479166666666664,14.815666,1007.4879,40.224,715.0,77.91029
45.6875,30.354166666666668,24.551332,892.6819,37.664,94.0,92.328476
47.02083333333333,34.854166666666664,10.937667,959.38367,40.984,504.0,80.72512
44.979166666666664,29.270833333333336,24.717667,922.3586,39.096,147.0,82.80809
40.6875,34.854166666666664,20.435833,935.5891,37.72,143.0,82.82314
48.104166666666664,33.729166666666664,15.067167,873.3547,39.464,416.0,83.235306
44.104166666666664,36.0625,19.863,1013.8227,40.584,567.0,95.26765
46.39583333333333,36.1875,11.3035,960.748,41.232,521.0,77.31131
43.6875,34.6875,24.6915,845.1772,35.908,184.0,89.38598
44.770833333333336,32.5625,23.539667,945.9204,40.184,128.0,91.32299
46.104166666666664,34.645833333333336,14.521167,938.6094,38.440002,661.0,90.12826
44.0625,35.479166666666664,22.165,967.5208,39.292,338.0,90.43814
47.604166666666664,37.4375,11.453834,907.33435,38.3,280.0,58.338097
43.895833333333336,36.729166666666664,18.276833,1015.4409,40.272,864.0,97.54313
45.729166666666664,34.854166666666664,20.220333,951.36127,38.699997,584.0,93.58856
48.0625,34.9375,10.4275,923.15106,41.132,357.0,75.43192
45.3125,34.4375,22.716667,940.8816,38.912,325.0,96.489
41.479166666666664,37.3125,16.8095,986.91656,38.955997,653.0,78.884026
45.9375,32.4375,24.313334,938.8283,39.724,150.0,94.4659
41.6875,35.8125,21.148167,991.7108,38.424,295.0,87.806946
42.520833333333336,32.229166666666664,22.190166,932.84143,39.828,72.0,80.35173
45.5625,36.979166666666664,12.372833,921.8688,36.996,418.0,74.82395
47.104166666666664,36.104166666666664,9.104167,980.896,40.616,417.0,73.680725
39.895833333333336,35.270833333333336,19.491667,966.88715,39.208,156.0,80.63983
40.854166666666664,31.979166666666668,20.6015,900.50275,38.588,94.0,74.44412
44.354166666666664,31.104166666666668,23.992666,948.71515,38.804,85.0,90.05678
48.6875,32.770833333333336,22.384333,937.07513,39.096,444.0,99.19723
44.9375,34.8125,22.414999,961.87634,39.267998,353.0,98.36536
46.1875,30.104166666666668,24.498667,870.7292,37.0,96.0,93.56393
45.1875,30.604166666666668,24.425167,913.1896,37.600002,99.0,94.37321
45.854166666666664,29.104166666666668,25.072834,897.2025,38.404,165.0,83.240875
43.770833333333336,30.354166666666668,23.522167,943.07733,39.184,94.0,92.58051
47.1875,31.9375,24.3365,910.73315,38.920002,210.0,99.25682
45.020833333333336,30.270833333333336,24.341667,916.5909,37.8,99.0,90.81608
42.5625,36.229166666666664,21.4145,991.0632,39.348,420.0,92.34901
49.39583333333333,30.3125,25.778833,900.5975,37.224,240.0,116.5009
45.479166666666664,36.729166666666664,9.8195,970.85785,38.031998,510.0,78.34817
43.6875,35.104166666666664,24.386833,873.7911,37.32,246.0,91.67093
45.104166666666664,34.979166666666664,21.432167,978.5467,39.895996,440.0,98.04619
44.3125,33.354166666666664,22.817167,932.4995,39.280003,158.0,88.41266
44.9375,35.229166666666664,21.659166,993.80457,40.192,453.0,98.36733
43.354166666666664,35.104166666666664,24.6895,854.67804,36.548,241.0,91.82621
42.9375,30.3125,23.4275,938.51685,39.38,84.0,86.60254
42.395833333333336,32.145833333333336,22.200666,924.0582,39.704002,68.0,81.491776
47.39583333333333,32.5625,23.722,934.5514,39.808,312.0,98.5618
43.229166666666664,32.979166666666664,22.832333,965.1392,41.511997,100.0,86.11917
43.895833333333336,34.9375,24.158333,893.8145,37.672,233.0,93.153946
44.6875,36.1875,18.934,1016.56305,40.264,746.0,100.3677
47.3125,32.979166666666664,18.3685,924.0555,38.996,410.0,88.1461
39.354166666666664,34.604166666666664,19.227,905.11914,37.236,109.0,76.289055
40.0625,37.9375,15.366834,1029.818,41.103996,552.0,73.866035
45.854166666666664,32.979166666666664,23.711332,937.61066,39.539997,207.0,99.48776
45.395833333333336,32.6875,23.8145,934.8282,39.708,149.0,94.8909
45.9375,32.145833333333336,24.507166,931.6025,39.444,136.0,91.55887
44.9375,29.0625,24.773,926.28534,39.199997,154.0,82.64297
39.6875,34.729166666666664,19.543167,920.57,37.62,118.0,77.41382
44.6875,35.9375,19.8235,1018.75836,40.232002,694.0,100.74925
43.104166666666664,35.895833333333336,21.639,977.1118,39.32,371.0,90.99861
45.5625,37.8125,11.744667,967.4678,38.128,282.0,63.052486
47.02083333333333,35.479166666666664,11.873834,976.53784,42.036,481.0,78.64373
46.854166666666664,35.604166666666664,8.515333,984.0623,40.572,505.0,78.8141
47.39583333333333,31.104166666666668,24.088667,884.26874,38.216,146.0,98.69876
46.52083333333333,32.6875,24.060167,940.31433,40.1,224.0,96.43565
49.354166666666664,32.9375,12.070167,919.5371,39.356,322.0,84.28449
43.5625,35.520833333333336,22.629333,937.4742,38.852,320.0,90.33296
49.229166666666664,30.145833333333336,25.24676,840.88165,33.733334,221.0,112.07343
47.1875,35.520833333333336,10.5065,972.46423,41.712,447.0,76.677765
47.39583333333333,37.645833333333336,9.198167,936.27905,38.5,273.0,62.3004
44.1875,31.5625,23.9965,965.5352,40.1,74.0,87.00399
42.9375,31.520833333333336,23.087166,945.8108,39.884003,69.0,86.41334
48.52083333333333,33.0625,18.561,910.29126,38.516003,428.0,90.88843
44.9375,28.520833333333336,25.109167,940.2571,39.78,177.0,82.389694
39.604166666666664,32.5625,18.544666,835.0324,36.871998,118.0,75.28322
45.020833333333336,37.395833333333336,9.987333,952.4578,37.728,417.0,68.049736
47.604166666666664,33.145833333333336,20.865667,924.4039,39.856,413.0,91.631004
43.520833333333336,36.979166666666664,13.087334,995.1307,37.28,847.0,83.96528
48.27083333333333,35.0625,10.108833,952.2057,42.084,337.0,74.73643
45.89583333333333,37.145833333333336,13.127666,947.4554,37.947998,369.0,71.7734
42.895833333333336,37.6875,8.886333,963.12933,37.168,755.0,67.637825
41.229166666666664,36.895833333333336,19.361666,967.2449,39.559998,394.0,82.958305
39.645833333333336,33.270833333333336,18.231167,832.67487,36.968,121.0,77.65865
42.604166666666664,33.395833333333336,21.985332,974.89905,41.132004,107.0,82.983505
44.604166666666664,29.229166666666668,24.505,929.2556,38.975998,138.0,84.28523
48.14583333333333,29.645833333333336,25.673397,881.4197,38.46923,121.0,94.35198
47.3125,32.145833333333336,24.294834,921.6559,39.44,247.0,100.43496
45.8125,37.729166666666664,12.885166,979.67053,38.256,269.0,63.379356
42.0625,31.145833333333336,23.082333,934.5254,39.999996,69.0,83.596664
48.0625,35.770833333333336,10.659667,969.27216,41.496002,345.0,74.54617
43.6875,34.770833333333336,24.884832,853.85187,36.587997,201.0,92.73243
47.104166666666664,36.8125,7.21,959.06445,38.311996,358.0,70.30957
40.6875,33.229166666666664,19.475166,878.443,37.851997,118.0,76.7102
43.8125,35.979166666666664,20.073166,1014.2076,40.804,472.0,91.05582
43.1875,33.1875,22.670834,963.5583,41.9,112.0,86.786674
46.4375,30.479166666666668,24.4025,876.96454,37.664,90.0,92.022125
40.9375,35.145833333333336,20.695833,963.592,38.908,172.0,83.950005
45.104166666666664,35.520833333333336,17.689667,1003.98865,39.292,721.0,96.87891
44.145833333333336,31.5625,23.921333,967.57324,40.092003,74.0,83.89693
48.104166666666664,29.3125,26.030832,922.05585,38.1,110.0,91.48871
45.145833333333336,33.520833333333336,23.1885,933.7271,39.576,209.0,98.07861
48.104166666666664,35.0625,10.316,946.55804,41.956,354.0,75.55225
43.729166666666664,37.1875,12.120167,1016.74493,38.656,801.0,80.20054
40.354166666666664,33.895833333333336,19.345833,887.60455,37.795998,124.0,77.95757
45.854166666666664,34.854166666666664,19.023834,945.582,38.876,657.0,92.710915
45.145833333333336,37.354166666666664,10.458,934.40857,36.947998,375.0,68.8817
47.229166666666664,36.770833333333336,5.9948335,948.2299,37.544,364.0,70.96485
43.270833333333336,34.729166666666664,24.644001,873.45996,37.316,198.0,89.40952
47.02083333333333,35.0625,11.395833,966.9603,41.692,499.0,79.93417
46.5625,31.729166666666668,24.261833,914.131,38.912,152.0,98.53175
42.354166666666664,32.354166666666664,21.928833,930.29504,39.823997,74.0,79.342896
42.770833333333336,33.229166666666664,22.304667,966.74786,41.252,103.0,84.47527
39.8125,35.854166666666664,19.175667,957.5688,39.236,201.0,80.829056
44.395833333333336,36.8125,15.7205,1015.3158,39.712,750.0,92.492645
46.729166666666664,34.770833333333336,11.747666,959.29865,39.952,568.0,83.35055
42.979166666666664,33.9375,23.062666,957.38605,40.916,131.0,82.721954
44.645833333333336,31.145833333333336,24.125,938.44257,38.199997,92.0,91.164246
39.854166666666664,37.145833333333336,17.595,953.6951,40.208,453.0,80.60034
45.354166666666664,37.145833333333336,10.7885,953.7164,37.42,394.0,73.290886
40.145833333333336,31.9375,19.919834,875.72876,38.02,101.0,72.79755
46.64583333333333,35.0625,13.7715,975.97095,40.916,607.0,84.84287
40.520833333333336,32.020833333333336,20.132668,886.60345,38.352,100.0,73.429756
45.229166666666664,32.5625,23.775333,939.1251,40.08,142.0,92.84496
49.479166666666664,31.0625,26.17,954.5768,39.163998,300.0,115.361305
48.64583333333333,33.395833333333336,14.6484995,879.69324,39.388,375.0,83.93599
40.270833333333336,37.020833333333336,17.477667,921.3409,40.072,393.0,79.73644
45.52083333333333,33.270833333333336,23.494,935.8501,39.708,216.0,99.00029
43.0625,37.020833333333336,16.906834,985.9205,39.18,769.0,89.46134
39.729166666666664,34.729166666666664,19.565834,921.58295,37.615997,119.0,77.28076
42.895833333333336,32.479166666666664,22.465,951.66113,40.6,82.0,83.77095
42.9375,30.895833333333336,23.380333,943.1227,39.692,75.0,88.24549
49.104166666666664,32.229166666666664,24.6255,952.8934,39.848,422.0,106.4089
42.229166666666664,36.479166666666664,20.463833,1001.2344,38.316,441.0,91.00425
47.979166666666664,34.6875,12.364,879.5281,40.764,379.0,77.47001
46.27083333333333,32.1875,24.481667,937.0194,40.208,161.0,94.57506
44.8125,35.729166666666664,19.993334,1019.58405,40.5,648.0,99.59497
42.479166666666664,32.8125,21.742666,952.1191,40.408,91.0,81.84917
45.979166666666664,36.395833333333336,12.326667,963.19073,40.0,561.0,79.99654
47.1875,36.5625,7.5351667,970.43665,39.232,375.0,71.202835
46.14583333333333,30.645833333333336,24.703167,879.1846,37.668,83.0,93.05038
41.979166666666664,33.1875,21.123667,957.9214,40.188,102.0,78.45139
47.64583333333333,31.145833333333336,24.2715,895.1138,39.376,169.0,99.806816
49.0625,33.979166666666664,10.292,928.80975,40.352,289.0,77.29507
43.229166666666664,35.979166666666664,21.354834,986.9882,39.68,391.0,90.78409
41.6875,35.4375,21.413,982.3214,38.452,232.0,87.48353
43.979166666666664,37.6875,8.743667,1014.6261,38.42,630.0,65.90909
40.645833333333336,34.854166666666664,20.3335,926.9019,37.288,140.0,80.81522
44.5625,34.604166666666664,23.2535,924.1124,37.623997,235.0,98.57916
43.354166666666664,29.9375,23.417168,933.91113,39.135998,95.0,85.2039
41.3125,37.979166666666664,16.150333,990.69763,40.996,648.0,74.03372
39.6875,37.020833333333336,18.007,971.26294,40.816,427.0,80.165405
42.145833333333336,36.479166666666664,20.496,1005.3185,38.54,431.0,90.14075
41.5625,34.104166666666664,20.460167,961.30975,39.384,147.0,82.432045
46.02083333333333,36.354166666666664,11.199166,963.7632,39.576,550.0,79.25672
41.3125,31.229166666666668,22.473667,933.8391,39.564003,80.0,79.307884
48.354166666666664,30.354166666666668,25.392,907.2981,37.772,168.0,99.57485
42.645833333333336,36.6875,20.319,989.4604,39.296,683.0,91.451416
45.89583333333333,30.895833333333336,24.6215,885.49585,37.748,90.0,93.64857
44.395833333333336,37.479166666666664,8.533333,1009.31195,38.688,634.0,67.66041
46.02083333333333,35.520833333333336,13.113167,969.39905,39.376,920.0,93.30397
44.3125,32.145833333333336,24.041334,971.4038,40.104,88.0,88.52734
40.979166666666664,37.5625,14.6345005,1001.0475,39.576,769.0,77.19652
45.0625,31.395833333333336,24.9995,919.42377,38.1,106.0,91.867195
43.8125,29.3125,23.742,930.7061,39.392002,120.0,83.22934
47.604166666666664,30.770833333333336,24.1905,875.2954,37.196,145.0,97.417595
40.895833333333336,35.979166666666664,19.58,966.547,38.896,262.0,81.82407
40.479166666666664,34.1875,19.775,910.2407,38.244,124.0,78.50041
42.229166666666664,35.604166666666664,22.032833,979.1445,38.536,286.0,89.28399
39.520833333333336,33.604166666666664,18.053,838.70807,36.744,121.0,75.435
42.270833333333336,34.770833333333336,21.966667,976.1952,39.452,190.0,84.57724
47.39583333333333,36.854166666666664,9.379833,933.516,38.332,313.0,66.61908
43.520833333333336,35.979166666666664,20.716333,998.61774,39.94,424.0,91.028915
48.77083333333333,35.354166666666664,10.823667,984.2564,43.348,315.0,73.06222
46.479166666666664,29.8125,24.644667,860.3587,37.359997,123.0,91.36943
44.0625,36.645833333333336,19.112167,1025.2427,40.768,750.0,96.85999
42.895833333333336,36.520833333333336,20.688833,989.0933,38.912003,640.0,91.36069
40.270833333333336,34.5625,19.894667,926.2995,37.876,126.0,79.04743
40.8125,35.5625,19.951166,968.9475,38.892002,210.0,82.767075
42.354166666666664,32.020833333333336,22.38,917.61926,39.432,67.0,83.06169
48.9375,32.1875,25.089167,949.6913,40.003998,405.0,107.49253
42.270833333333336,30.229166666666668,23.218834,931.2447,39.564,81.0,81.63035
49.0625,33.645833333333336,14.3355,903.7983,39.664,318.0,82.71138
46.27083333333333,33.5625,17.523666,931.3321,37.1,441.0,87.59673
43.104166666666664,37.145833333333336,17.128,992.6498,39.252,798.0,88.40384
47.77083333333333,34.395833333333336,13.303667,898.6183,40.379997,407.0,80.49218
43.604166666666664,29.729166666666668,23.566,936.31024,39.464,102.0,82.7018
48.27083333333333,31.6875,24.688334,927.26434,40.115997,282.0,105.51417
42.8125,33.520833333333336,22.755499,967.83844,41.692,109.0,82.91616
47.8125,32.8125,20.259834,914.6761,38.848,423.0,91.743225
48.9375,30.645833333333336,25.56,920.88116,38.536,231.0,109.37666
44.479166666666664,30.395833333333336,24.237667,934.1644,38.264,92.0,91.164246
46.89583333333333,36.395833333333336,10.0265,965.46484,39.944,409.0,73.01949
47.1875,28.520833333333336,25.458,885.4744,38.300003,164.0,84.67798
47.104166666666664,34.354166666666664,14.497,909.0665,40.312,484.0,82.62811
40.479166666666664,33.479166666666664,19.2875,872.6609,36.748,124.0,77.59357
42.854166666666664,30.770833333333336,23.488333,944.2348,39.920002,76.0,87.86216
47.229166666666664,34.0625,13.7196665,889.5886,40.4,462.0,82.66088
45.9375,34.104166666666664,17.613333,907.562,37.011997,497.0,91.61444
39.645833333333336,34.5625,19.182167,905.19995,37.371998,120.0,75.763084
41.0625,36.9375,19.005,967.06696,40.18,404.0,81.61088
47.3125,33.895833333333336,13.2365,895.44165,39.02,462.0,82.533905
46.77083333333333,35.895833333333336,8.335834,984.11194,40.108,485.0,77.69765
39.8125,34.0625,18.879168,873.8694,37.112,118.0,75.18026
47.5625,35.645833333333336,10.896667,980.7895,42.396,392.0,75.31737
49.229166666666664,30.395833333333336,25.014166,859.8477,34.213333,243.0,112.17432
44.854166666666664,34.645833333333336,23.176666,954.693,39.58,281.0,99.10399
49.354166666666664,33.020833333333336,10.710667,937.2673,39.711998,321.0,82.49204
48.9375,33.3125,15.1215,899.3659,38.992,360.0,84.99139
49.229166666666664,30.770833333333336,25.747334,938.89764,38.524002,262.0,112.81994
45.145833333333336,35.770833333333336,18.434834,1012.75006,40.348,735.0,97.040794
46.4375,34.895833333333336,13.153167,970.3927,40.26,670.0,86.8588
43.104166666666664,30.4375,23.826834,941.41437,39.836002,81.0,89.2479
44.854166666666664,29.604166666666668,24.453167,922.2361,38.864,121.0,84.41655
42.145833333333336,31.270833333333336,23.097666,931.30695,39.727997,68.0,82.73726
46.0625,37.1875,13.374833,959.65326,38.08,352.0,71.83394
47.4375,37.1875,10.829166,923.40497,38.064,286.0,61.88143
44.229166666666664,33.020833333333336,22.926666,945.7191,40.248,135.0,89.0252
41.729166666666664,36.354166666666664,17.667334,994.0138,36.976,532.0,83.232155
44.3125,31.854166666666668,24.281834,965.07043,39.996,67.0,82.80877
43.3125,30.979166666666668,23.111834,947.3854,39.556,82.0,94.88329
47.64583333333333,31.5625,23.227,839.671,33.5,209.0,101.56917
45.77083333333333,35.645833333333336,15.563833,992.9507,40.34,934.0,95.233215
47.27083333333333,32.854166666666664,18.579332,915.64746,38.676,400.0,88.13734
44.8125,30.270833333333336,24.237667,922.4782,38.252,97.0,90.71821
48.854166666666664,35.354166666666664,10.303667,981.39526,42.596,306.0,73.69258
43.6875,33.4375,22.799833,938.9557,40.232002,132.0,84.46205
42.145833333333336,35.3125,22.047167,972.84125,38.492,237.0,87.88651
46.729166666666664,31.1875,24.1235,890.20087,38.28,122.0,94.065384
41.354166666666664,33.479166666666664,20.322166,935.0084,39.344,118.0,79.48733
43.145833333333336,31.645833333333336,22.878834,953.35583,39.968,74.0,87.40992
49.4375,30.270833333333336,25.761667,895.5953,37.192,236.0,116.55591
40.4375,33.604166666666664,19.715166,880.3809,37.88,118.0,77.21344
44.979166666666664,34.729166666666664,22.762833,956.6607,39.260002,326.0,98.44496
42.520833333333336,35.104166666666664,22.608,952.44586,38.379997,233.0,87.7034
47.5625,29.854166666666668,24.973333,902.6995,39.1,110.0,90.32772
45.3125,29.104166666666668,24.979334,918.3894,39.008,157.0,81.94164
41.229166666666664,31.6875,21.508167,918.9994,39.264,84.0,76.500145
40.854166666666664,36.604166666666664,18.515833,951.9578,39.804,334.0,79.37484
45.0625,28.729166666666668,24.947834,933.4463,39.2,174.0,82.00034
43.270833333333336,34.854166666666664,24.910833,862.634,37.064,206.0,90.23108
43.229166666666664,32.020833333333336,22.945333,958.57196,40.343998,70.0,84.83522
47.8125,28.5625,25.452168,887.07324,38.447998,117.0,87.81397
44.520833333333336,36.979166666666664,13.4715,1004.21747,39.128,658.0,82.45116
48.02083333333333,29.645833333333336,25.5715,908.2266,39.856003,114.0,92.826614
46.854166666666664,30.395833333333336,24.348333,878.0697,37.947998,93.0,92.734184
46.104166666666664,36.479166666666664,11.859,947.1489,39.928,504.0,77.63276
45.354166666666664,37.729166666666664,11.293166,896.6029,33.024,284.0,64.294174
43.520833333333336,32.9375,22.990667,947.2742,39.668,111.0,84.96262
48.5625,31.3125,25.064333,934.4721,39.128,247.0,105.36586
43.6875,34.4375,24.418833,889.22626,38.0,175.0,88.64227
47.729166666666664,32.020833333333336,24.371834,923.9549,40.003998,275.0,102.95102
41.8125,36.229166666666664,20.963501,1009.2675,38.34,378.0,87.14218
45.604166666666664,32.145833333333336,23.538834,887.8045,34.828003,126.0,93.25048
47.354166666666664,31.9375,23.967833,900.4248,37.952,226.0,99.86927
47.854166666666664,30.854166666666668,24.5385,900.4419,38.9,169.0,98.80084
42.395833333333336,33.479166666666664,21.6535,983.6208,40.948,113.0,81.50583
46.3125,37.4375,10.983334,974.632,38.036,322.0,70.151245
44.6875,30.395833333333336,24.343332,927.46234,38.163998,93.0,91.314865
48.3125,34.9375,10.744166,934.2721,41.952,341.0,74.65338
48.27083333333333,34.395833333333336,10.036667,897.5265,39.496002,343.0,77.35748
44.479166666666664,37.4375,8.582833,999.73236,38.284,623.0,69.17417
44.6875,32.6875,23.279833,938.14484,39.564,131.0,91.468765
47.0625,30.229166666666668,24.475166,881.6349,38.168,100.0,91.97887
45.604166666666664,33.3125,23.4375,934.7648,39.584,225.0,99.08174
39.3125,33.270833333333336,17.981,820.4915,36.16,113.0,75.86246
48.354166666666664,31.229166666666668,24.782833,925.5105,39.003998,229.0,103.32745
47.229166666666664,32.854166666666664,20.248167,923.12897,39.128,377.0,90.32589
43.020833333333336,32.145833333333336,22.907167,951.98193,40.3,72.0,85.49756
43.5625,29.0625,23.387667,926.1063,39.152,134.0,83.51366
48.64583333333333,32.5625,22.988333,945.61145,39.944,431.0,102.104675
41.520833333333336,33.354166666666664,20.526167,942.0721,39.408,113.0,79.0003
48.479166666666664,29.979166666666668,25.6145,849.17017,36.764,152.0,100.1
47.729166666666664,29.1875,25.755167,928.239,39.960003,110.0,89.93739
42.1875,37.395833333333336,18.8205,957.7102,37.960003,682.0,82.63884
41.604166666666664,33.8125,20.276167,965.3227,39.704002,131.0,81.86626
42.229166666666664,34.479166666666664,22.096666,999.0846,39.988,170.0,83.7711
47.02083333333333,32.270833333333336,24.168835,927.4503,39.600002,233.0,99.58119
48.02083333333333,37.395833333333336,9.549,874.18536,36.252,276.0,55.27708
44.729166666666664,31.6875,24.380833,934.24054,39.188,86.0,84.0009
47.604166666666664,32.354166666666664,24.139166,934.79675,40.128,302.0,101.06992
47.8125,28.6875,25.323833,891.3857,38.652,116.0,88.066345
44.854166666666664,30.0625,24.200167,919.56116,38.308,105.0,87.69899
40.979166666666664,32.1875,20.709,899.6204,38.356003,93.0,75.671394
41.729166666666664,32.145833333333336,21.583834,914.56104,39.596,77.0,76.58753
47.854166666666664,34.854166666666664,9.8085,942.23804,41.872,376.0,77.41887
47.979166666666664,35.354166666666664,10.334167,964.4651,42.423996,356.0,74.76549
44.854166666666664,33.104166666666664,23.106834,939.4526,39.940002,165.0,93.41205
47.604166666666664,36.770833333333336,10.920333,918.3745,37.936,312.0,67.15125
45.270833333333336,29.8125,24.676834,907.90546,38.24,113.0,87.264366
46.854166666666664,31.979166666666668,24.185333,917.25104,38.728,189.0,98.004555
42.1875,37.3125,19.4065,949.1764,38.343998,665.0,84.23935
45.89583333333333,35.770833333333336,14.499833,989.4274,40.632,922.0,93.463715
41.895833333333336,34.395833333333336,21.640167,991.612,39.292,156.0,82.964554
39.6875,33.895833333333336,18.466333,857.8932,36.972,123.0,75.24595
43.6875,31.645833333333336,23.372168,966.98126,40.012,74.0,86.18639
45.1875,34.0625,22.973167,939.5411,39.216,260.0,98.08043
48.27083333333333,33.5625,15.763833,882.7913,38.784,423.0,84.79113
42.520833333333336,30.5625,23.3625,938.82367,39.7,76.0,83.92602
42.395833333333336,36.395833333333336,20.894333,993.59894,37.992,441.0,92.85703
44.104166666666664,32.770833333333336,23.708166,978.709,41.352,108.0,90.85453
43.104166666666664,31.1875,23.3095,948.419,39.8,72.0,91.371735
49.3125,33.395833333333336,11.923667,948.3083,40.260002,291.0,82.680405
40.6875,33.979166666666664,19.8455,907.03046,37.896,125.0,79.2696
44.020833333333336,36.770833333333336,16.649,1013.9337,39.352,817.0,96.60442
45.6875,28.729166666666668,25.1195,923.1249,38.78,201.0,81.575264
46.0625,32.395833333333336,24.3515,937.1863,39.836002,154.0,92.92529
41.9375,30.479166666666668,23.067333,935.3027,39.708,77.0,80.37796
47.104166666666664,35.979166666666664,9.5365,980.8089,41.092003,426.0,75.40697
46.89583333333333,37.9375,9.988,981.18,39.148003,276.0,60.30227
43.229166666666664,30.020833333333336,23.409,935.04425,39.38,92.0,85.122444
42.3125,31.0625,23.3895,936.58026,39.832,69.0,83.596664
47.39583333333333,31.145833333333336,24.0395,882.66095,38.020004,148.0,99.567245
39.229166666666664,33.4375,17.889166,819.9281,35.895996,110.0,73.70589
45.4375,33.104166666666664,23.648167,937.1642,39.712,190.0,97.707
44.395833333333336,35.3125,22.7355,975.37683,39.62,322.0,96.14733
46.14583333333333,37.8125,9.345667,1000.24646,38.588,296.0,64.34919
43.145833333333336,35.104166666666664,24.323668,886.10767,37.48,232.0,90.23029
46.854166666666664,32.979166666666664,19.996334,936.526,38.86,359.0,89.23791
39.5625,34.270833333333336,18.653667,877.8208,36.972,120.0,74.96555
47.64583333333333,32.6875,22.382166,933.35956,39.828,370.0,95.61899
43.979166666666664,32.0625,24.225,976.6428,40.732,69.0,84.54598
40.9375,32.8125,19.929167,889.89154,38.352,105.0,76.01641
43.854166666666664,30.395833333333336,23.4995,942.148,39.04,94.0,94.3259
48.14583333333333,28.520833333333336,25.916166,871.0569,37.988,106.0,89.90171
46.354166666666664,35.479166666666664,12.0375,977.7202,40.447998,737.0,86.93901
42.9375,33.270833333333336,22.646334,963.4559,42.000004,102.0,84.86587
47.39583333333333,34.604166666666664,13.399667,917.42346,40.932,445.0,80.61863
42.4375,37.979166666666664,14.022333,969.7515,37.796,758.0,71.869286
41.9375,36.229166666666664,21.151667,1009.2888,38.491997,374.0,89.14929
44.5625,33.229166666666664,22.901167,934.21906,39.796,153.0,92.313126
42.229166666666664,34.5625,21.7545,989.5154,39.828,184.0,84.32481
43.3125,37.4375,5.852667,955.6081,36.02,716.0,67.07185
44.9375,36.354166666666664,13.3365,1001.8435,38.284,735.0,88.76303
43.604166666666664,35.895833333333336,20.450832,1000.81494,39.776,431.0,91.1782
48.77083333333333,34.6875,10.184,918.22266,40.767998,294.0,75.38653
39.770833333333336,32.9375,18.402834,834.75507,36.744,127.0,81.60719
44.145833333333336,37.020833333333336,13.004833,1007.4999,38.236,738.0,84.84664
41.0625,36.104166666666664,19.488832,973.8964,38.812,301.0,82.46188
42.729166666666664,36.4375,20.7845,996.43665,39.592,560.0,91.634834
49.4375,31.229166666666668,25.779667,956.7453,39.928,321.0,112.8538
48.27083333333333,33.104166666666664,15.6623335,895.3556,38.635998,427.0,85.82889
48.479166666666664,35.979166666666664,11.018666,945.1156,40.739998,305.0,72.84142
49.479166666666664,30.645833333333336,26.079166,944.1477,38.856003,277.0,117.60949
47.104166666666664,30.8125,24.185167,866.686,38.039997,109.0,97.212006
46.0625,36.895833333333336,12.952833,924.8042,37.932,414.0,74.44589
48.27083333333333,30.645833333333336,25.144167,916.3429,38.851997,183.0,100.02689
45.729166666666664,33.229166666666664,23.567,933.1113,39.811996,222.0,98.12052
48.14583333333333,31.145833333333336,24.678167,915.5948,39.172,218.0,104.011314
41.270833333333336,34.979166666666664,21.1415,966.63153,39.064,170.0,83.9596
46.104166666666664,37.770833333333336,9.288667,996.3744,38.572,305.0,65.61542
41.354166666666664,36.5625,19.728666,980.7163,38.944,368.0,83.74873
42.9375,37.604166666666664,8.832167,970.86163,37.108,762.0,68.65609
44.645833333333336,31.645833333333336,24.289667,933.67224,38.620003,84.0,83.9372
42.6875,35.3125,22.8615,946.0383,37.904,266.0,88.536255
46.8125,37.229166666666664,9.185166,967.07764,38.288002,314.0,67.96161
41.520833333333336,36.895833333333336,19.797667,974.136,39.624,422.0,84.46733
44.354166666666664,33.104166666666664,22.828167,938.83563,40.112,144.0,90.185394
41.645833333333336,31.020833333333336,22.821833,936.56635,39.748,75.0,80.66849
39.979166666666664,34.9375,19.949667,955.2614,38.688,132.0,82.3426
46.4375,29.479166666666668,24.8975,852.7695,37.5,143.0,87.307014
39.854166666666664,37.8125,13.058666,1011.5281,38.7,763.0,72.55811
39.770833333333336,37.270833333333336,17.094833,959.59656,39.831997,507.0,79.80381
44.1875,30.604166666666668,23.822166,941.0527,38.856,93.0,93.62618
46.39583333333333,34.395833333333336,13.888,909.24774,39.328,576.0,86.93364
44.270833333333336,34.395833333333336,24.161833,924.97095,39.804,187.0,94.97886
41.604166666666664,34.520833333333336,21.435,976.25006,39.3,151.0,83.37733
43.1875,29.229166666666668,23.2975,925.16736,38.912,117.0,83.11976
40.8125,33.395833333333336,19.7705,891.4245,38.176003,119.0,78.747475
46.3125,33.6875,17.7685,922.05914,37.447998,453.0,88.00461
40.395833333333336,35.645833333333336,19.533333,966.23865,38.752003,204.0,81.37428
49.27083333333333,33.520833333333336,10.304334,930.1431,39.932,296.0,79.782974
40.645833333333336,32.645833333333336,19.6005,871.85504,38.064003,111.0,75.355415
42.229166666666664,33.270833333333336,21.168835,971.0157,40.396,108.0,78.39295
42.3125,34.0625,21.8635,1032.0527,41.052002,140.0,81.095184
43.3125,30.1875,23.389166,939.5513,39.332,92.0,88.60584
41.354166666666664,36.229166666666664,19.858833,985.11145,38.552002,355.0,84.20328
41.020833333333336,32.1875,20.793833,901.04205,38.396,92.0,75.79594
42.979166666666664,33.229166666666664,22.6275,962.99603,42.08,103.0,85.29157
47.0625,31.3125,24.163334,890.5654,39.188,145.0,96.81605
48.854166666666664,32.979166666666664,16.022333,902.3622,38.2,381.0,88.60345
40.854166666666664,37.604166666666664,15.269,1014.64197,40.115997,705.0,77.17286
44.5625,30.520833333333336,24.332167,931.0113,38.096,90.0,92.29519
47.479166666666664,37.770833333333336,5.8518333,913.59564,36.412,314.0,62.897377
43.0625,32.895833333333336,22.506166,962.92,41.116,93.0,84.28241
46.77083333333333,35.020833333333336,12.946167,970.83905,41.12,564.0,82.75843
48.27083333333333,32.145833333333336,23.854,921.5138,39.124,350.0,106.245155
46.77083333333333,31.604166666666668,24.1575,901.252,38.323997,154.0,97.46655
45.104166666666664,29.5625,24.618,916.6917,38.6,130.0,84.49424
47.77083333333333,30.979166666666668,24.454666,895.84973,38.78,169.0,99.806816
42.1875,34.979166666666664,21.943333,971.81195,38.908,205.0,85.91136
47.9375,30.0625,25.290152,898.39496,38.654545,127.0,93.59559
44.0625,29.770833333333336,23.605833,934.7946,39.087997,110.0,83.86477
43.729166666666664,32.895833333333336,23.227333,975.3155,41.387997,106.0,85.94528
39.979166666666664,36.145833333333336,18.572,951.1666,39.559998,270.0,80.34044
43.770833333333336,31.1875,23.291,954.70654,39.508,81.0,90.59448
39.8125,32.6875,18.686333,839.5278,37.0,120.0,77.527534
45.8125,33.645833333333336,22.5445,927.1914,38.648003,302.0,98.285995
44.5625,30.3125,24.085667,931.8492,38.308,95.0,90.412575
42.1875,32.020833333333336,22.116667,915.1291,39.248,67.0,81.01625
40.854166666666664,34.854166666666664,20.663834,957.9057,38.915997,148.0,83.16878
39.729166666666664,33.4375,18.233667,840.6614,36.96,124.0,77.04433
42.395833333333336,35.770833333333336,22.07,981.3585,38.564003,313.0,90.22947
44.5625,29.854166666666668,24.179832,927.4256,38.879997,107.0,85.39914
43.229166666666664,37.104166666666664,16.088667,995.9422,39.552,826.0,87.25333
47.14583333333333,30.979166666666668,23.929,856.6456,36.54,121.0,97.51485
46.64583333333333,37.0625,8.269333,977.31683,38.82,355.0,70.83802
47.854166666666664,28.520833333333336,25.575333,887.02985,38.416,115.0,87.389
43.4375,31.9375,23.028,964.6118,40.364002,72.0,85.71429
43.395833333333336,32.0625,22.937834,966.7918,40.496002,72.0,84.625114
47.52083333333333,34.3125,12.666166,905.9942,40.184,436.0,80.99852
44.8125,30.0625,24.126,921.24493,38.272,104.0,87.48272
45.145833333333336,29.479166666666668,24.6875,915.2444,38.732,132.0,83.18168
42.6875,32.770833333333336,22.137667,953.6884,40.503998,88.0,82.71748
43.020833333333336,30.854166666666668,23.183167,942.8922,39.664,79.0,91.26715
41.1875,37.020833333333336,19.152334,966.4231,39.424,420.0,82.0439
39.6875,32.729166666666664,18.386333,834.1833,36.904003,123.0,78.78995
47.3125,30.729166666666668,24.202333,869.5597,37.5,125.0,96.12993
42.354166666666664,36.5625,20.559334,996.63794,38.868,438.0,92.036
45.3125,32.0625,24.0235,919.77,38.892,124.0,90.16604
48.89583333333333,35.020833333333336,11.544499,973.2694,43.447998,308.0,73.75096
39.6875,32.479166666666664,18.727333,841.99786,37.152,114.0,75.04551
45.77083333333333,35.104166666666664,19.077833,963.2066,37.844,691.0,93.790085
46.979166666666664,28.729166666666668,25.4005,872.41003,38.168003,161.0,83.155945
42.729166666666664,36.979166666666664,19.146166,974.4783,39.428,775.0,89.6747
44.395833333333336,37.9375,7.2265,958.9502,37.32,486.0,57.11957
48.4375,34.6875,6.8108335,938.77783,39.68,353.0,78.25961
48.5625,32.5625,22.921167,943.986,39.644,432.0,101.55835
47.9375,33.645833333333336,16.498333,881.94476,39.668,442.0,84.85014
43.9375,32.645833333333336,23.705166,977.669,39.871998,101.0,87.272316
40.104166666666664,34.6875,19.8405,932.8796,37.856,124.0,79.92998
41.770833333333336,33.270833333333336,20.912666,952.3309,39.96,107.0,77.92792
45.354166666666664,30.020833333333336,24.556334,904.16364,37.820004,105.0,88.67496
45.270833333333336,34.770833333333336,21.605,960.5514,38.968002,431.0,97.41741
42.5625,32.645833333333336,21.864166,946.6171,40.255997,85.0,80.9441
40.854166666666664,37.270833333333336,16.7405,983.78076,39.2,601.0,79.25622
49.27083333333333,32.104166666666664,23.6185,946.95544,39.52,424.0,104.91805
45.77083333333333,36.354166666666664,10.433,975.9721,39.372,591.0,81.41369
43.145833333333336,34.4375,24.201334,913.14056,38.800003,165.0,86.82804
45.354166666666664,37.8125,11.317,898.6485,33.16,279.0,63.52329
48.729166666666664,34.5625,10.448667,902.1127,40.176003,292.0,75.692474
47.77083333333333,29.354166666666668,25.983507,926.4262,39.545834,103.0,88.03287
40.020833333333336,35.354166666666664,19.738832,971.6635,39.444,157.0,82.109276
41.395833333333336,37.854166666666664,16.5425,997.41187,40.632,656.0,75.504814
46.77083333333333,30.1875,24.5645,872.45734,37.976,95.0,90.791176
41.4375,37.9375,16.029167,996.4658,40.792004,680.0,73.56561
41.0625,37.145833333333336,18.116667,973.85126,39.612,509.0,80.194084
44.354166666666664,32.8125,23.168833,939.90564,38.68,128.0,91.396095
45.854166666666664,31.0625,24.646833,893.57416,37.544,101.0,93.94788
43.9375,36.395833333333336,19.6175,1014.86993,41.316,638.0,96.012375
47.0625,30.0625,24.636,879.44147,38.236,106.0,89.48242
48.354166666666664,32.020833333333336,24.158667,913.83417,38.668,345.0,105.58849
43.1875,34.229166666666664,23.232,874.98364,35.056,152.0,83.62171
48.6875,31.0625,25.241833,929.8418,38.824,241.0,107.16082
43.895833333333336,30.520833333333336,23.479,942.2936,38.968002,93.0,96.129166
45.145833333333336,32.6875,23.636667,935.1223,39.86,142.0,93.201
42.979166666666664,35.854166666666664,21.826,975.1744,39.244,359.0,90.476295
44.770833333333336,32.6875,23.3285,938.6673,39.536,134.0,91.64783
40.0625,37.104166666666664,17.840334,966.60126,41.616,423.0,79.29317
45.89583333333333,36.645833333333336,8.9539995,958.597,38.172,492.0,77.96235
41.6875,32.604166666666664,21.181334,921.91174,39.056004,89.0,75.90081
48.39583333333333,35.604166666666664,10.362166,970.0947,42.103996,324.0,73.74491
48.89583333333333,35.9375,11.098001,930.19916,40.048,293.0,74.1105
45.64583333333333,33.645833333333336,23.089,930.1607,39.46,278.0,99.683205
44.0625,32.020833333333336,24.341833,974.25653,40.876,65.0,85.47783
46.104166666666664,29.4375,24.908333,871.2828,37.672,150.0,87.389145
44.104166666666664,36.1875,19.535667,1015.82324,40.455997,627.0,96.29419
43.104166666666664,33.020833333333336,22.5065,964.6773,41.112,97.0,84.817856
44.9375,32.520833333333336,23.586334,940.69543,39.836,130.0,91.147545
41.4375,31.979166666666668,21.481667,914.44165,39.304,81.0,77.05191
48.1875,29.8125,25.777834,878.2801,38.568,122.0,94.37489
46.9375,31.895833333333336,24.2545,911.4932,38.572,184.0,98.21395
47.4375,34.6875,12.715333,927.5918,41.648003,436.0,79.470215
40.0625,34.729166666666664,19.827833,935.851,37.932,125.0,80.144646
47.64583333333333,29.4375,25.423166,918.9107,39.68,110.0,87.85973
44.354166666666664,30.4375,23.939333,936.6316,38.72,93.0,91.70413
45.9375,32.270833333333336,24.429167,933.01355,39.427998,139.0,92.70577
42.354166666666664,33.4375,21.480167,981.1728,40.752003,110.0,80.54807
47.77083333333333,36.229166666666664,11.7335005,951.6706,40.768,338.0,72.86066
42.3125,31.770833333333336,22.486334,921.3424,39.356,66.0,82.58857
41.895833333333336,34.145833333333336,21.165667,992.96014,39.976,146.0,82.04535
40.104166666666664,35.270833333333336,19.840166,975.5443,39.44,154.0,81.6017
44.854166666666664,33.395833333333336,23.253,939.9068,39.964,174.0,94.23853
42.0625,30.104166666666668,23.2105,927.9418,39.648,83.0,81.58836
46.8125,34.4375,14.468833,925.68536,41.104,526.0,84.54376
48.27083333333333,31.520833333333336,24.498333,913.0275,38.232002,255.0,104.93334
46.9375,37.6875,8.8116665,992.82605,39.188,286.0,64.40283
44.0625,37.395833333333336,11.304334,1009.84735,37.956,723.0,75.56243
44.8125,33.4375,23.18,939.53864,40.284,179.0,94.31538
46.0625,37.854166666666664,11.1805,1012.75183,39.136,267.0,62.6011
46.729166666666664,35.9375,7.9838333,975.0681,39.64,493.0,77.5996
44.354166666666664,31.604166666666668,24.264168,958.9013,40.115997,75.0,86.66337
44.1875,31.729166666666668,23.964,970.29626,40.216,72.0,85.28029
43.5625,30.479166666666668,23.424166,945.2327,39.415997,91.0,97.40636
44.229166666666664,36.229166666666664,18.494333,1016.22064,40.371998,794.0,98.75976
46.979166666666664,31.8125,24.199833,907.3918,38.344,180.0,98.24454
49.4375,31.104166666666668,25.9965,956.7949,39.596,308.0,113.82552
44.354166666666664,31.020833333333336,24.020334,946.44336,38.864002,84.0,92.31862
41.229166666666664,33.354166666666664,20.193167,922.9752,39.052002,114.0,77.743904
46.5625,35.354166666666664,12.1475,975.61255,41.144,638.0,83.78378
44.395833333333336,36.729166666666664,12.753,1001.98846,37.924,714.0,86.41009
42.270833333333336,33.770833333333336,21.547167,1004.0843,40.996,123.0,80.235344
40.020833333333336,36.8125,18.131166,926.6056,39.935997,339.0,78.49216
46.39583333333333,32.020833333333336,24.444334,932.7251,39.98,163.0,96.5974
41.104166666666664,36.645833333333336,19.1095,959.905,39.32,352.0,81.87434
45.6875,29.0625,25.200834,908.1704,38.612,170.0,82.77445
47.854166666666664,31.270833333333336,24.339333,892.98474,38.556,203.0,100.449844
42.6875,36.395833333333336,20.821667,997.61487,39.488,524.0,91.57651
48.729166666666664,35.604166666666664,9.583333,966.432,41.648003,303.0,73.18983
42.0625,35.354166666666664,22.0195,974.62805,38.54,231.0,88.44195
45.77083333333333,34.979166666666664,16.239166,961.63464,38.264,771.0,93.33487
44.020833333333336,33.395833333333336,22.610167,926.26,39.579998,140.0,86.11044
45.89583333333333,34.9375,18.473667,956.3476,39.34,710.0,92.206894
41.854166666666664,32.895833333333336,21.095333,935.7414,40.024002,97.0,78.05276
45.979166666666664,29.354166666666668,24.907667,880.7281,37.796,156.0,85.38899
42.5625,33.0625,21.8135,962.6631,40.616,98.0,81.082085
45.729166666666664,37.645833333333336,12.38,948.3995,35.492,287.0,64.76938
47.1875,35.729166666666664,8.1501665,976.76044,40.12,436.0,76.628876
47.854166666666664,33.854166666666664,15.815667,888.9844,39.98,429.0,83.82241
42.4375,33.270833333333336,21.648167,971.446,40.752,105.0,80.53672
47.3125,29.270833333333336,25.244167,886.8506,38.788,125.0,87.94553
43.229166666666664,29.9375,23.352167,931.6357,39.32,96.0,85.674194
46.854166666666664,30.6875,24.343166,878.5583,38.116,92.0,94.55311
44.729166666666664,36.229166666666664,18.773,1012.23645,40.044,755.0,100.08694
39.6875,34.1875,18.7235,876.02466,37.044,123.0,75.81654
46.604166666666664,29.8125,24.643333,859.178,37.447998,117.0,90.635315
45.020833333333336,33.354166666666664,23.3005,940.2959,40.192,189.0,96.907364
44.354166666666664,31.770833333333336,24.2835,962.6775,40.236,77.0,87.467415
44.270833333333336,33.395833333333336,22.7465,928.4777,39.879997,154.0,87.988556
39.770833333333336,33.6875,18.4055,850.31665,36.836,126.0,76.57382
47.229166666666664,31.229166666666668,24.2455,894.18677,40.100002,145.0,98.44797
49.14583333333333,31.020833333333336,25.831667,950.26764,39.588,281.0,111.66371
40.395833333333336,32.145833333333336,19.866667,877.55316,38.008,103.0,76.221115
44.770833333333336,30.9375,24.289667,931.29504,38.019997,94.0,94.81868
47.77083333333333,37.854166666666664,7.1295,905.8014,36.975998,294.0,57.57438
48.27083333333333,32.895833333333336,20.052666,914.8527,38.764,451.0,92.953445
42.270833333333336,34.020833333333336,21.73,1025.6984,40.976,140.0,82.13654
47.354166666666664,29.520833333333336,25.128,893.2822,39.396,113.0,87.36032
47.77083333333333,34.479166666666664,11.299,908.4685,40.216,404.0,78.761894
45.8125,34.4375,19.871834,904.88983,37.412,488.0,93.25718
41.3125,35.1875,21.201334,972.3655,38.716,186.0,85.18234
42.145833333333336,33.1875,21.081,965.25055,40.248,104.0,77.203865
48.14583333333333,28.6875,25.791666,873.2996,38.291996,103.0,92.31401
44.520833333333336,31.729166666666668,23.820166,930.55475,37.371998,80.0,82.36911
45.3125,37.145833333333336,10.053166,952.7451,37.6,425.0,73.43545
43.3125,33.979166666666664,22.773666,849.14087,33.34,127.0,81.357735
47.0625,31.6875,24.1445,905.6973,38.376,177.0,98.700874
48.729166666666664,33.270833333333336,15.464833,901.0276,39.224,390.0,86.06037
49.3125,31.9375,25.145666,954.713,40.14,420.0,106.73846
43.520833333333336,36.8125,18.236668,1000.34595,39.416,835.0,95.06916
43.520833333333336,29.354166666666668,23.462,929.0241,39.236,114.0,83.07629
42.0625,35.9375,21.478,994.99304,38.3,331.0,89.81055
47.64583333333333,37.6875,8.206667,907.4357,37.239998,305.0,62.295235
45.854166666666664,34.6875,19.591833,929.4442,38.528,575.0,92.84806
46.604166666666664,35.770833333333336,7.5308332,979.7127,39.348,540.0,79.32955
42.9375,35.4375,23.178833,934.7996,38.108,276.0,90.47085
47.4375,35.8125,10.781,981.15753,42.14,396.0,74.70188
40.270833333333336,35.6875,19.1775,963.9626,39.008,204.0,82.026794
46.14583333333333,36.229166666666664,9.795834,963.016,39.78,556.0,79.27122
45.604166666666664,35.1875,19.559666,986.847,39.492,690.0,94.6563
49.229166666666664,32.270833333333336,24.177834,950.392,39.455997,427.0,105.433174
40.5625,32.395833333333336,19.634167,875.95886,38.092,108.0,75.07572
42.770833333333336,33.9375,22.8005,982.9841,41.239998,127.0,81.855896
47.8125,29.145833333333336,25.814833,931.5412,39.9,107.0,89.31458
46.0625,33.895833333333336,18.007668,911.4559,37.18,459.0,90.600685
48.604166666666664,32.8125,22.376333,936.2906,39.416,446.0,98.262535
45.8125,35.270833333333336,19.683167,973.4577,39.712,686.0,93.35571
47.354166666666664,29.770833333333336,24.920668,892.5201,38.892,109.0,89.25202
43.9375,32.229166666666664,23.682833,987.2554,40.6,81.0,87.53555
44.5625,32.4375,23.506332,938.5462,39.059998,109.0,91.03741
41.354166666666664,31.729166666666668,21.642334,918.57245,39.172,81.0,75.66437
41.0625,32.395833333333336,20.461332,897.56824,38.435997,99.0,75.341484
47.52083333333333,35.729166666666664,10.769834,983.99835,42.216003,392.0,74.836624
46.8125,31.3125,24.164999,894.4397,38.404003,133.0,95.24326
46.6875,37.770833333333336,7.892,987.8819,38.36,297.0,64.07232
43.229166666666664,29.604166666666668,23.347834,930.47,39.308002,104.0,83.03246
45.3125,29.895833333333336,24.7295,906.247,38.044003,108.0,88.214615
44.5625,36.895833333333336,15.666333,1028.8862,41.244,703.0,87.637146
46.479166666666664,36.9375,11.989667,962.199,39.004,367.0,71.77645
45.604166666666664,33.9375,22.4115,928.55084,38.972,319.0,97.22329
42.104166666666664,36.5625,20.522833,995.8963,38.572,425.0,89.926506
49.02083333333333,30.854166666666668,25.579,927.84235,38.044003,248.0,110.09116
48.104166666666664,35.229166666666664,9.623167,971.0415,42.38,344.0,74.38446
46.979166666666664,36.104166666666664,8.472834,981.72614,40.236,426.0,74.62468
42.020833333333336,33.770833333333336,20.912167,992.0095,40.455997,128.0,80.01855
46.14583333333333,35.395833333333336,12.675,984.3487,39.344,847.0,91.404915
43.354166666666664,36.270833333333336,20.460333,1003.0348,40.388,498.0,91.13731
46.354166666666664,28.520833333333336,25.257166,906.2104,38.587997,220.0,80.35297
42.979166666666664,30.645833333333336,23.524334,943.03906,39.656002,79.0,89.87079
39.6875,34.270833333333336,18.927,882.6428,37.108,118.0,75.48872
41.145833333333336,36.604166666666664,19.213333,966.89825,39.336002,354.0,81.77623
41.104166666666664,33.4375,20.079834,914.7051,38.496002,118.0,78.01187
42.770833333333336,35.729166666666664,22.411833,967.1815,38.7,317.0,90.30523
43.854166666666664,30.479166666666668,23.467001,942.4994,38.908,95.0,97.35462
43.520833333333336,34.3125,24.1385,902.66986,38.868,169.0,88.06631
42.145833333333336,29.9375,23.3245,925.30505,39.484,85.0,81.79902
43.395833333333336,37.979166666666664,8.479334,1024.2937,40.107998,593.0,61.725384
47.104166666666664,35.854166666666664,10.150667,979.47614,41.492,436.0,75.80734
45.979166666666664,37.895833333333336,12.292833,1007.4571,39.088,254.0,61.910343
45.979166666666664,31.479166666666668,24.393167,900.1837,37.832,125.0,97.49873
42.0625,34.145833333333336,21.481833,1007.95087,40.392002,149.0,81.552666
46.0625,31.354166666666668,24.326,895.72925,37.896,122.0,95.52663
45.354166666666664,32.604166666666664,23.658167,926.7668,39.016,143.0,93.92159
42.270833333333336,31.4375,22.858667,929.1949,39.56,67.0,83.06169
42.020833333333336,36.0625,21.427666,1001.5594,38.788,344.0,89.45247
46.8125,33.5625,19.065834,931.52814,38.975998,419.0,88.63882
39.645833333333336,36.8125,18.2455,967.59296,40.5,367.0,80.52498
40.645833333333336,36.270833333333336,18.702168,958.3602,39.836002,291.0,80.24745
44.145833333333336,32.8125,23.583,974.3542,41.255997,119.0,90.88896
39.9375,32.979166666666664,18.545666,839.222,37.024002,123.0,78.332794
40.8125,37.5625,15.102833,1011.47,40.3,719.0,77.48397
46.27083333333333,33.4375,20.625334,928.6619,38.503998,361.0,92.18112
45.395833333333336,35.270833333333336,18.865833,997.9323,39.424,677.0,95.277084
42.604166666666664,30.604166666666668,23.344166,940.9824,39.711998,77.0,83.80053
41.854166666666664,36.729166666666664,20.467333,989.1713,39.664,423.0,86.93436
44.5625,29.520833333333336,24.349834,928.1716,39.036,122.0,83.38317
47.229166666666664,31.9375,24.238333,905.4266,38.407997,213.0,99.80668
45.854166666666664,35.270833333333336,19.583,955.2976,38.924,673.0,93.24538
42.9375,35.229166666666664,23.7075,920.2573,37.828,247.0,88.71453
46.229166666666664,34.5625,12.814167,949.05975,39.112,642.0,87.188
43.145833333333336,31.604166666666668,22.949167,952.31085,39.92,73.0,88.15611
47.604166666666664,34.0625,13.7825,894.49817,40.252,430.0,81.40545
48.229166666666664,33.770833333333336,14.5395,861.2708,39.396,399.0,82.97619
44.354166666666664,29.9375,23.8965,932.07904,38.884,105.0,85.37835
45.395833333333336,34.604166666666664,22.2325,951.0075,38.94,386.0,95.957054
46.979166666666664,29.229166666666668,25.215834,853.52893,37.808002,146.0,85.119576
39.6875,35.9375,19.238667,959.3491,39.408,199.0,81.75121
45.77083333333333,28.729166666666668,25.186666,920.80865,38.711998,213.0,81.77821
46.5625,37.854166666666664,7.4815,977.85956,37.972,299.0,63.17653
46.9375,30.8125,24.0585,858.2557,36.899998,97.0,96.48623
41.1875,32.770833333333336,20.327667,903.1083,38.503998,102.0,75.17293
41.979166666666664,32.5625,21.545334,928.6341,40.024,82.0,76.94954
46.9375,29.229166666666668,25.239166,849.86957,37.696,147.0,85.090324
48.64583333333333,33.229166666666664,11.617667,913.1976,39.128002,369.0,83.07197
44.604166666666664,28.6875,24.708166,930.6451,39.468,162.0,82.26078
43.0625,32.104166666666664,22.933834,953.2869,40.455997,72.0,84.625114
43.854166666666664,29.145833333333336,23.818,928.9202,39.388,126.0,82.619095
42.145833333333336,35.520833333333336,22.021,977.69403,38.424,273.0,88.99563
47.02083333333333,32.729166666666664,23.247667,933.15326,39.944,301.0,95.55285
46.8125,30.6875,24.341333,877.7915,37.975998,92.0,94.55311
41.5625,36.604166666666664,20.2175,989.60614,39.008,401.0,85.63441
44.8125,28.9375,24.7155,929.19684,39.032,152.0,81.73792
47.979166666666664,34.8125,10.248334,934.0219,41.268,371.0,76.70522
42.645833333333336,34.0625,22.4805,996.0483,41.008,138.0,82.04655
45.77083333333333,35.354166666666664,19.634834,979.07153,40.244,693.0,93.76215
44.020833333333336,37.604166666666664,5.5858335,975.0946,37.112,598.0,64.57753
47.479166666666664,33.395833333333336,16.973,905.33307,39.556,448.0,85.8915
46.4375,36.145833333333336,10.697,964.9577,40.608,522.0,77.37472
47.854166666666664,34.270833333333336,10.361333,901.0848,39.772,399.0,78.80877
44.229166666666664,36.020833333333336,19.630167,1016.58386,40.2,636.0,96.941635
43.3125,32.6875,23.129168,967.15765,41.076,88.0,85.365524
44.104166666666664,29.020833333333336,24.147333,929.04736,39.427998,133.0,83.913574
46.854166666666664,36.479166666666664,8.777667,966.459,39.34,406.0,73.414825
45.64583333333333,30.104166666666668,24.528,892.6355,37.635998,102.0,91.16057
46.354166666666664,30.104166666666668,24.550833,868.3927,37.18,97.0,91.56446
43.354166666666664,36.854166666666664,17.235666,993.91144,38.992,835.0,93.573715
45.020833333333336,28.520833333333336,25.173668,939.8813,39.684,182.0,82.89723
45.270833333333336,32.270833333333336,23.937332,929.8515,39.528,127.0,91.398056
41.979166666666664,30.604166666666668,23.047167,935.74036,39.843998,75.0,83.40915
41.770833333333336,34.270833333333336,21.121166,983.66003,39.544,150.0,81.90889
40.9375,35.729166666666664,19.869333,972.3759,38.916,244.0,82.273384
41.3125,34.354166666666664,20.808666,953.5289,38.616,151.0,83.14062
47.5625,31.645833333333336,23.704,869.6445,36.34,210.0,101.453674
45.854166666666664,34.3125,18.643,900.59784,36.952,520.0,92.95927
44.6875,32.145833333333336,23.818167,938.96564,39.704,98.0,85.11803
39.8125,37.145833333333336,17.473333,941.3828,39.64,453.0,80.69793
41.729166666666664,34.5625,21.6285,983.5214,39.536003,160.0,83.52691
44.604166666666664,36.354166666666664,16.925833,1016.39014,39.615997,829.0,96.335205
48.104166666666664,36.3125,11.752334,926.9868,39.86,314.0,71.52916
43.895833333333336,35.770833333333336,20.843666,998.2808,40.524,421.0,89.541245
39.8125,35.604166666666664,19.574833,943.4692,37.920002,176.0,79.55285
39.5625,32.5625,18.529667,833.6568,36.868,119.0,74.67024
43.354166666666664,34.229166666666664,23.952,913.04803,39.224,159.0,85.53582
46.5625,31.3125,24.108334,892.9323,38.019997,126.0,94.64072
41.104166666666664,37.770833333333336,16.635,1003.1391,40.816,623.0,77.11473
40.895833333333336,36.270833333333336,18.921667,960.0313,39.4,297.0,81.59752
45.604166666666664,31.770833333333336,24.493166,926.8046,38.851997,125.0,94.961945
47.9375,30.770833333333336,24.656,903.00226,39.059998,169.0,98.80084
47.14583333333333,36.520833333333336,9.189667,966.8257,39.788002,372.0,72.12777
42.145833333333336,30.479166666666668,23.121666,935.38477,39.736,77.0,80.992455
46.854166666666664,32.9375,20.044333,929.81165,38.324,366.0,89.72499
46.89583333333333,34.895833333333336,11.222,967.33093,41.188004,532.0,82.011444
43.229166666666664,36.6875,19.612333,994.4539,40.196003,720.0,92.71423
43.395833333333336,36.395833333333336,20.154501,1005.1683,40.296,570.0,93.07047
41.854166666666664,33.770833333333336,20.714666,981.91064,40.076004,128.0,80.101974
43.4375,31.4375,23.017334,957.66907,39.899998,76.0,88.05435
45.854166666666664,36.729166666666664,9.2875,959.00885,38.272,471.0,77.35759
39.645833333333336,37.3125,16.947834,951.39404,39.264,511.0,79.22568
47.6875,34.3125,10.881166,913.3684,40.072,415.0,79.26543
44.8125,35.020833333333336,22.0455,974.547,39.343998,377.0,99.00744
45.89583333333333,29.1875,25.002834,891.01105,38.128002,169.0,83.97856
41.479166666666664,30.895833333333336,22.747334,941.03015,39.867996,77.0,79.758736
48.229166666666664,35.895833333333336,11.787833,955.67584,41.72,324.0,73.192505
40.4375,37.6875,15.869667,1027.9855,41.68,558.0,76.553825
47.3125,34.854166666666664,11.56,959.92633,42.012,450.0,79.19077
47.27083333333333,29.5625,25.036667,886.7964,39.148,113.0,87.36032
42.770833333333336,36.854166666666664,19.782667,977.5373,39.463997,831.0,90.67784
39.395833333333336,34.770833333333336,19.506,916.5312,37.456,110.0,76.86028
39.395833333333336,33.770833333333336,17.984667,844.1739,36.48,116.0,73.8549
46.729166666666664,28.770833333333336,25.3685,862.1389,37.964,175.0,83.015724
48.27083333333333,34.5625,11.502334,887.93677,40.54,340.0,77.37596
42.229166666666664,30.229166666666668,23.138,930.8498,39.544003,82.0,80.524635
42.020833333333336,37.0625,19.491333,964.0014,38.996,540.0,85.25005
42.770833333333336,33.729166666666664,22.625666,974.8546,40.84,117.0,81.784035
40.520833333333336,32.770833333333336,19.247667,860.8998,37.672,116.0,75.35428
47.27083333333333,30.229166666666668,24.497334,887.9903,38.288,115.0,93.40467
45.77083333333333,31.145833333333336,24.726667,898.82135,37.516,106.0,93.490295
48.979166666666664,31.8125,25.352667,938.2482,39.295998,361.0,108.67969
48.479166666666664,33.354166666666664,17.440834,889.61145,40.107998,420.0,87.15963
46.9375,31.520833333333336,23.9845,881.52374,37.056,160.0,98.50148
45.854166666666664,34.104166666666664,18.463167,909.5898,37.688,475.0,92.992455
48.1875,32.729166666666664,22.469,939.9224,39.608,420.0,97.59309
48.604166666666664,36.1875,10.569667,924.6194,39.992,301.0,71.116234
47.104166666666664,33.020833333333336,19.9035,925.7268,38.716,385.0,90.4091
46.14583333333333,32.8125,23.960833,938.13983,40.064003,211.0,97.819916
48.979166666666664,33.5625,15.725833,896.1689,39.427998,353.0,85.3812
46.354166666666664,34.479166666666664,14.236,922.24646,39.624,598.0,88.091675
40.5625,33.0625,19.515333,866.5007,37.676003,111.0,76.49506
46.52083333333333,30.1875,24.641333,872.53186,37.896,94.0,90.28688
44.979166666666664,34.270833333333336,22.834333,906.4599,36.396,236.0,96.75953
46.354166666666664,31.354166666666668,24.0685,892.33295,37.836,126.0,95.22001
44.354166666666664,32.020833333333336,24.142166,970.88605,39.456,76.0,83.5222
48.354166666666664,33.145833333333336,13.2715,897.6982,38.604,399.0,84.14476
47.14583333333333,28.6875,25.401333,881.4552,38.4,161.0,84.61592
41.395833333333336,31.770833333333336,21.603167,917.6703,39.148,81.0,77.44379
46.979166666666664,34.4375,14.3055,892.7349,40.42,496.0,83.80961
40.520833333333336,37.5625,15.297334,1024.6089,41.024,652.0,77.38092
46.1875,33.8125,14.723001,911.97314,36.524002,507.0,87.01154
43.479166666666664,33.354166666666664,22.524166,935.60785,39.207996,123.0,86.10802
43.8125,33.104166666666664,23.039833,967.0083,41.136,123.0,86.60708
41.104166666666664,37.4375,15.543834,996.5686,40.011997,710.0,77.614296
47.02083333333333,30.979166666666668,23.841333,847.2798,35.592,116.0,96.46633
46.3125,36.604166666666664,10.955,951.92926,39.32,439.0,74.74655
40.604166666666664,33.979166666666664,19.848833,904.51605,37.9,121.0,78.60584
43.5625,30.104166666666668,23.629833,941.2281,39.328,93.0,87.73379
47.4375,34.770833333333336,11.039667,945.30005,41.44,438.0,78.68413
40.9375,34.229166666666664,20.571001,925.11487,38.152,137.0,81.73303
45.229166666666664,32.895833333333336,23.559166,940.68005,39.996,162.0,95.44824
45.6875,31.895833333333336,24.521334,930.9781,39.556,128.0,95.959175
44.770833333333336,34.6875,23.215668,954.6117,39.588,277.0,99.51955
45.229166666666664,32.645833333333336,23.641167,933.10077,39.564,141.0,93.28958
43.6875,31.020833333333336,23.272333,951.70386,39.572002,84.0,95.94032
43.1875,31.354166666666668,23.186832,951.8789,39.776,73.0,89.3808
40.645833333333336,35.4375,20.0305,962.707,38.792,190.0,82.77521
49.104166666666664,32.895833333333336,18.733,918.62396,38.692,389.0,93.85828
39.354166666666664,34.104166666666664,18.099667,861.41473,36.635998,117.0,74.53743
44.854166666666664,36.229166666666664,18.797,1015.9157,40.132,757.0,100.39934
40.0625,37.3125,17.122833,986.5101,40.975998,490.0,78.68886
49.02083333333333,33.9375,10.865,916.0432,40.236,293.0,77.56198
45.0625,33.1875,23.317,942.4907,40.164,185.0,96.643715
43.770833333333336,37.020833333333336,16.626333,1002.8421,38.828,856.0,92.93354
49.3125,30.979166666666668,26.001833,952.958,39.532,290.0,113.83235
48.229166666666664,37.020833333333336,10.8315,859.9607,36.924,283.0,61.237404
46.39583333333333,31.770833333333336,24.349667,917.23724,38.996,149.0,98.6485
48.39583333333333,32.354166666666664,23.986,941.54395,39.552002,400.0,105.94704
41.4375,33.8125,20.112333,952.3684,39.300003,134.0,80.21279
47.89583333333333,34.3125,10.9205,899.8689,39.36,388.0,78.921135
45.729166666666664,30.895833333333336,24.468834,862.4717,34.144,93.0,91.96272
47.354166666666664,37.8125,8.7395,936.805,38.48,267.0,61.708202
43.645833333333336,31.3125,23.219334,957.84406,39.755997,76.0,88.246124
44.770833333333336,37.854166666666664,7.785667,960.3488,37.688,458.0,60.132782
46.3125,36.0625,11.177,969.4003,41.092,593.0,79.72764
44.270833333333336,37.4375,8.059834,1005.9872,38.348,641.0,69.255264
39.6875,33.1875,18.284166,833.42365,36.972,124.0,78.77043
45.395833333333336,32.145833333333336,23.883167,912.21826,38.039997,125.0,91.29209
42.5625,37.770833333333336,5.325,926.6696,34.868,806.0,63.892185
47.5625,34.5625,12.908,914.78876,40.996,430.0,79.64128
44.0625,31.895833333333336,23.924168,976.64825,40.376,71.0,88.36569
40.0625,37.4375,16.146334,1007.253,40.456,565.0,76.77047
45.854166666666664,35.604166666666664,14.038167,983.778,39.896,958.0,94.44707
45.89583333333333,31.4375,24.528166,905.50555,38.124,121.0,96.90581
40.645833333333336,33.395833333333336,19.428667,879.43854,37.876003,121.0,77.94402
42.604166666666664,37.1875,19.18,961.0752,38.88,749.0,87.41585
48.9375,31.4375,25.447166,943.34235,39.440002,299.0,109.72244
41.895833333333336,31.5625,22.459667,923.84814,39.496,70.0,81.79745
48.4375,36.270833333333336,10.7578335,913.8051,39.435997,307.0,71.00309
45.479166666666664,32.145833333333336,23.8215,902.59784,36.828,124.0,91.79967
46.02083333333333,28.604166666666668,25.245667,921.2116,38.648,222.0,79.82109
48.14583333333333,30.1875,25.5145,903.30634,39.343998,142.0,96.17407
44.1875,37.854166666666664,6.730833,973.26514,37.452,528.0,59.89141
43.0625,37.520833333333336,10.838166,982.363,37.1,765.0,73.05919
44.479166666666664,35.604166666666664,21.013166,1005.90106,40.300003,488.0,96.7516
41.604166666666664,30.9375,22.873,938.2517,39.8,76.0,79.58382
40.395833333333336,31.770833333333336,20.144333,889.57635,38.2,97.0,73.99463
39.604166666666664,36.4375,18.535166,965.5068,40.028,303.0,79.87828
48.6875,32.3125,24.454,949.9575,40.052002,412.0,106.84296
45.3125,29.270833333333336,24.838,913.6244,38.784,146.0,82.555084
46.4375,30.145833333333336,24.6055,869.38477,37.476,95.0,90.412575
47.64583333333333,33.604166666666664,15.983833,885.36584,39.635998,450.0,84.30016
40.5625,37.645833333333336,15.724,1029.0598,41.764,607.0,77.07358
42.020833333333336,34.020833333333336,21.155167,1001.9192,40.336,141.0,81.65394
47.27083333333333,31.6875,24.065166,900.5442,37.992,191.0,99.53842
47.39583333333333,29.145833333333336,25.351,894.4756,38.952003,125.0,87.38862
42.979166666666664,33.770833333333336,22.823668,961.5326,41.5,126.0,83.034065
41.604166666666664,35.0625,21.247168,978.3822,39.06,193.0,85.757355
39.9375,32.6875,18.942667,843.17084,37.276,115.0,76.493355
48.479166666666664,32.0625,24.154333,913.2573,38.456,357.0,106.846825
40.020833333333336,37.8125,15.263833,1035.7452,40.904,593.0,74.1928
41.854166666666664,32.479166666666664,21.439833,921.12524,39.804,83.0,77.951614
43.270833333333336,32.3125,22.8595,964.8691,40.368,75.0,83.82283
47.9375,31.479166666666668,24.1565,896.3463,37.964,226.0,103.03569
48.604166666666664,34.770833333333336,10.239333,912.33734,40.196003,311.0,75.06714
39.520833333333336,33.5625,18.059,837.4253,36.764,119.0,75.2807
40.104166666666664,34.729166666666664,19.878,937.81726,37.992,126.0,80.08416
44.729166666666664,37.979166666666664,8.578,970.552,38.96,453.0,59.412186
44.6875,35.895833333333336,20.5085,1015.62317,40.151997,627.0,100.39526
43.479166666666664,32.270833333333336,23.259333,971.2688,40.708,76.0,83.31956
45.1875,32.520833333333336,23.817,940.27203,40.292,138.0,92.6381
46.6875,36.0625,8.528334,960.63635,39.084,479.0,77.11319
42.979166666666664,36.229166666666664,20.858,992.1814,39.424,474.0,91.576164
48.479166666666664,32.4375,23.920834,942.70685,39.868004,414.0,105.77114
47.6875,29.3125,25.970667,927.7938,39.512,111.0,90.00688
43.8125,34.229166666666664,23.806833,883.88983,37.607998,159.0,83.68389
40.4375,37.770833333333336,15.8065,1005.4656,40.864002,540.0,76.38283
41.854166666666664,33.520833333333336,20.662,971.022,40.124,117.0,79.738495
46.604166666666664,37.895833333333336,8.307667,988.36725,38.368,283.0,62.2364
48.104166666666664,31.4375,24.396334,910.83484,38.408,237.0,103.89427
47.479166666666664,32.604166666666664,23.564,933.2618,39.64,324.0,97.41558
46.5625,29.020833333333336,25.499834,839.31525,37.64,163.0,83.1363
42.979166666666664,29.520833333333336,23.3305,925.1725,39.2,103.0,82.098274
46.9375,34.020833333333336,13.2535,904.7175,39.272,485.0,83.66219
42.229166666666664,35.104166666666664,22.049166,970.97064,38.752,219.0,86.163895
45.729166666666664,37.020833333333336,12.765833,925.89636,36.896,396.0,73.191734
42.020833333333336,36.4375,20.132166,1009.70605,37.776,454.0,88.347595
43.354166666666664,37.895833333333336,6.603667,980.741,37.72,619.0,59.971195
46.39583333333333,32.895833333333336,23.748833,937.29504,39.5,245.0,96.38188
43.479166666666664,35.395833333333336,23.381666,910.44763,37.952,292.0,90.06629
47.52083333333333,35.645833333333336,10.7255,981.8298,42.38,396.0,75.393486
47.104166666666664,30.979166666666668,23.876833,852.49506,36.16,118.0,96.719734
44.854166666666664,36.5625,12.755333,994.0263,38.596,677.0,85.1436
43.4375,29.5625,23.353334,931.14825,39.256,108.0,83.88303
43.1875,36.104166666666664,20.972834,994.3256,39.744,435.0,90.265564
45.270833333333336,34.5625,22.439,932.6461,38.323997,343.0,96.30657
45.395833333333336,28.854166666666668,25.064167,923.3614,38.736,174.0,81.53758
45.77083333333333,28.895833333333336,25.050667,909.3479,38.371998,188.0,81.320915
45.77083333333333,35.770833333333336,13.5565,975.8809,39.664,865.0,92.312546
44.6875,34.145833333333336,23.501833,936.84326,39.888,217.0,96.81654
47.0625,30.604166666666668,24.312166,885.8354,38.2,94.0,97.7232
43.6875,33.770833333333336,23.1925,928.94226,39.948,141.0,84.28263
42.9375,36.645833333333336,19.780334,942.127,35.332,719.0,92.07121
41.395833333333336,34.729166666666664,21.036833,962.6233,39.284,165.0,84.684105
48.604166666666664,36.4375,8.9795,928.52374,38.816,292.0,70.0959
47.52083333333333,30.8125,24.128166,874.43604,37.376,138.0,97.11474
45.270833333333336,34.979166666666664,20.011667,979.01984,39.556,541.0,96.560135
48.229166666666664,32.354166666666664,23.6795,931.8712,39.744,376.0,104.784615
40.604166666666664,34.229166666666664,20.050167,916.0905,38.079998,130.0,79.99477
44.8125,33.770833333333336,23.052668,918.163,39.168,196.0,95.31805
42.604166666666664,32.645833333333336,21.937166,947.39655,40.323997,85.0,81.96893
43.354166666666664,37.395833333333336,5.9335,957.4459,35.78,718.0,68.10551
48.5625,36.520833333333336,9.815833,908.22797,38.264,291.0,69.63021
45.0625,37.479166666666664,10.0928335,943.46295,37.68,384.0,67.62398
48.0625,36.0625,11.774834,960.87225,41.468,324.0,73.01803
41.145833333333336,37.3125,16.0365,991.5324,39.572,670.0,78.49104
42.354166666666664,36.479166666666664,20.2745,998.2509,38.171997,470.0,91.76276
48.104166666666664,33.6875,12.589833,881.6595,38.472,397.0,82.02249
44.020833333333336,31.6875,23.8545,973.18823,40.211998,70.0,85.52092
43.479166666666664,30.979166666666668,23.108334,949.88965,39.488,84.0,97.70084
47.729166666666664,33.854166666666664,12.344,892.5853,39.084,425.0,81.159744
45.3125,36.354166666666664,10.868,983.84564,38.284,662.0,85.758965
48.604166666666664,30.979166666666668,24.854834,907.7002,37.912,228.0,105.01082
46.1875,28.6875,25.4415,899.7927,38.3,203.0,81.073
46.479166666666664,31.6875,24.303833,914.0951,38.952003,150.0,100.503784
45.3125,29.4375,24.7375,911.83624,38.396,136.0,82.42136
48.729166666666664,31.479166666666668,25.1055,931.85864,38.944,286.0,108.06297
43.9375,31.729166666666668,23.713167,974.6567,40.296,69.0,85.71785
39.770833333333336,37.645833333333336,13.137333,992.26807,38.632,758.0,72.8033
43.729166666666664,36.979166666666664,14.4713335,993.1301,37.872,853.0,88.9524
47.479166666666664,30.020833333333336,24.739834,896.41815,38.687996,111.0,90.86798
48.354166666666664,30.4375,25.330334,906.43427,38.096,172.0,100.12451
42.979166666666664,30.270833333333336,23.5715,937.91644,39.364,84.0,86.60254
48.77083333333333,30.1875,25.4205,851.90857,35.564,182.0,106.05492
41.395833333333336,31.104166666666668,22.527166,938.1059,39.852,78.0,80.100945
43.604166666666664,37.9375,7.6371665,1004.415,39.232002,571.0,59.87781
42.9375,31.1875,23.1405,944.68024,39.692,74.0,88.81606
45.77083333333333,33.0625,23.640167,938.2297,39.688,212.0,98.81604
41.770833333333336,33.770833333333336,20.743166,975.8554,39.788002,128.0,80.101974
39.8125,35.8125,19.345833,954.42523,39.052002,194.0,81.3198
42.1875,30.604166666666668,23.173,936.4704,39.904,77.0,81.60232
44.979166666666664,30.770833333333336,24.408833,921.7935,37.836,99.0,93.5818
41.020833333333336,31.395833333333336,21.681665,923.82916,39.056,86.0,78.28962
45.854166666666664,35.020833333333336,19.248,964.29596,39.352,695.0,92.577354
48.39583333333333,28.729166666666668,25.871529,838.70685,36.033333,103.0,93.591896
41.854166666666664,37.645833333333336,17.156668,978.2772,37.772003,683.0,77.02506
41.270833333333336,31.854166666666668,21.216667,914.5195,39.300003,85.0,75.42765
47.1875,36.395833333333336,8.520166,960.36774,39.364,381.0,72.8547
46.02083333333333,37.270833333333336,13.414,956.692,37.935997,345.0,70.42252
46.64583333333333,31.979166666666668,24.289999,924.0892,39.584,182.0,99.38409
48.5625,33.0625,19.9765,921.05115,38.899998,439.0,92.96701
45.52083333333333,32.354166666666664,24.016832,935.13544,39.676003,139.0,93.26148
46.229166666666664,28.729166666666668,25.4595,892.52216,38.128,198.0,80.68353
48.4375,30.395833333333336,25.399334,902.28406,37.384003,174.0,100.38239
46.3125,34.5625,14.746,935.8274,40.036,614.0,88.71461
43.104166666666664,30.9375,23.33,943.3928,39.716,78.0,92.98637
44.145833333333336,34.3125,24.141666,916.55444,39.432,178.0,92.81626
45.729166666666664,32.6875,24.152834,938.1435,40.192,162.0,96.97623
43.1875,37.770833333333336,6.1165,969.37067,37.04,688.0,62.3274
42.895833333333336,29.354166666666668,23.120832,924.6024,39.264,108.0,83.4484
46.729166666666664,28.604166666666668,25.415167,878.9402,38.2,193.0,82.4612
39.895833333333336,32.270833333333336,19.257668,855.07764,37.856,109.0,75.22684
48.9375,34.395833333333336,10.7715,896.7009,39.508,275.0,76.31942
45.3125,29.604166666666668,24.684668,908.9893,38.148,124.0,85.160324
43.0625,30.0625,23.410168,933.278,39.352,91.0,84.81075
47.02083333333333,28.6875,25.419333,875.9373,38.2,162.0,83.40915
46.77083333333333,33.020833333333336,19.987167,938.2953,38.792004,355.0,88.79885
44.604166666666664,33.145833333333336,22.830166,925.8603,39.28,152.0,92.09758
42.604166666666664,31.479166666666668,22.940834,935.6724,39.612,68.0,85.41343
42.479166666666664,32.270833333333336,22.079,932.1584,39.84,72.0,80.35173
40.3125,34.270833333333336,19.670166,907.6163,37.9,124.0,77.319435
40.0625,35.854166666666664,18.9835,960.6202,39.255997,224.0,81.85517
46.104166666666664,34.8125,14.918166,942.3261,39.028,717.0,90.12764
46.604166666666664,28.645833333333336,25.337833,877.436,38.132,188.0,80.998314
41.9375,32.854166666666664,21.240334,939.47406,40.328,92.0,76.59019
48.104166666666664,31.270833333333336,24.553999,912.0617,38.96,222.0,103.91879
40.395833333333336,33.8125,19.232666,883.8853,37.832,125.0,77.3998
42.9375,35.895833333333336,21.7995,976.1217,39.379997,359.0,90.72823
49.0625,31.520833333333336,25.713667,952.4347,40.528,325.0,109.798996
43.520833333333336,31.270833333333336,23.209667,955.2267,39.811996,79.0,91.612915
46.604166666666664,34.354166666666664,13.591833,919.36365,39.8,552.0,85.130554
46.104166666666664,34.604166666666664,11.059333,957.03784,38.444,637.0,87.33445
40.354166666666664,33.9375,19.403,889.82104,37.764,123.0,77.96514
39.979166666666664,37.729166666666664,14.6355,1027.5997,39.896,663.0,73.80406
43.229166666666664,30.604166666666668,23.183332,943.17725,39.54,87.0,92.90733
45.3125,37.4375,11.373333,915.76495,35.008,330.0,67.28497
39.520833333333336,33.1875,18.119667,827.17194,36.656002,119.0,77.57632
43.604166666666664,30.479166666666668,23.458834,946.7356,39.48,90.0,97.2086
41.354166666666664,37.854166666666664,15.7965,1003.7001,40.600002,710.0,74.03404
43.0625,34.145833333333336,23.218,895.67834,35.96,147.0,82.74554
44.645833333333336,34.645833333333336,23.419167,947.657,39.508,251.0,99.954315
47.52083333333333,30.854166666666668,24.167334,879.99634,37.792,142.0,97.59839
45.3125,36.8125,10.974334,973.51355,38.732002,494.0,77.09804
40.395833333333336,36.8125,17.840334,920.31323,39.528,354.0,78.63262
45.479166666666664,35.895833333333336,14.374666,990.676,39.552002,799.0,94.02602
47.5625,35.479166666666664,10.666,978.2346,42.324,398.0,75.76766
45.270833333333336,35.9375,12.350667,987.9935,38.2,767.0,90.524155
46.229166666666664,32.395833333333336,24.242666,934.7573,39.399998,172.0,93.37019
47.104166666666664,33.6875,18.089666,912.9989,39.54,441.0,87.567604
40.895833333333336,36.479166666666664,18.591,951.31476,39.18,312.0,80.944046
42.895833333333336,31.104166666666668,23.297333,943.7837,39.696,72.0,88.06306
40.9375,37.8125,16.299168,968.18567,39.992,583.0,77.073875
48.1875,35.6875,11.347833,966.1318,41.968,335.0,73.618065
45.395833333333336,32.020833333333336,24.168833,925.3165,39.059998,124.0,91.56808
44.1875,34.645833333333336,24.173334,916.0583,38.916,210.0,96.268105
46.354166666666664,36.020833333333336,9.897166,972.91675,40.211998,572.0,79.631676
44.020833333333336,34.895833333333336,24.067333,907.62463,38.112003,229.0,95.2459
45.9375,32.9375,23.732334,940.5445,39.748,212.0,97.406654
39.8125,34.145833333333336,18.955833,879.78864,37.296,118.0,75.28322
48.02083333333333,34.3125,13.107833,885.8011,40.204002,387.0,80.15962
43.895833333333336,29.770833333333336,23.772333,936.3531,39.123997,104.0,83.61625
45.020833333333336,34.520833333333336,23.0345,939.20544,38.947998,282.0,98.02873
45.854166666666664,29.354166666666668,25.009333,885.6552,37.9,153.0,85.047386
42.3125,32.1875,22.290333,920.5286,39.936,71.0,83.9547
44.270833333333336,31.0625,23.899666,948.85205,38.940002,83.0,92.58154
49.14583333333333,32.520833333333336,21.7155,930.95276,39.107998,422.0,100.80078
47.77083333333333,33.479166666666664,17.348167,894.814,39.955997,450.0,86.24216
48.64583333333333,33.354166666666664,14.431334,884.0366,39.452003,372.0,84.24337
43.395833333333336,33.520833333333336,22.8565,946.5053,41.308002,132.0,87.761154
43.729166666666664,34.104166666666664,23.845,916.3676,39.508,158.0,84.48277
40.979166666666664,34.604166666666664,20.754,935.84204,37.996002,139.0,82.61971
47.604166666666664,29.354166666666668,25.560167,917.0339,39.496002,111.0,87.66927
47.854166666666664,32.354166666666664,23.813833,937.62244,40.208,337.0,102.06732
43.229166666666664,35.145833333333336,24.329834,876.9805,37.292,241.0,90.38956
45.6875,30.104166666666668,24.505167,890.2175,37.6,102.0,91.16057
47.02083333333333,29.270833333333336,25.1875,858.4166,38.016,143.0,87.057014
42.4375,30.229166666666668,23.116333,931.5751,39.407997,84.0,82.91562
39.895833333333336,37.4375,15.7495,998.83954,39.464,610.0,76.3675
39.645833333333336,32.979166666666664,18.251833,830.529,36.848003,126.0,80.16995
43.604166666666664,32.5625,23.556667,960.44336,39.864002,83.0,84.8991
45.229166666666664,35.0625,20.896667,984.39514,39.960003,509.0,97.25642
49.1875,32.854166666666664,17.971666,918.8548,38.452,374.0,92.837776
43.6875,34.5625,24.642334,868.7105,36.908,177.0,88.23196
43.6875,37.729166666666664,3.4421666,947.7956,36.396,634.0,60.342716
43.020833333333336,33.104166666666664,22.482334,964.9563,41.444,101.0,84.648476
44.1875,31.104166666666668,23.834833,951.0161,39.115997,83.0,93.20613
45.77083333333333,30.145833333333336,24.518333,887.7267,37.800003,98.0,89.93862
44.020833333333336,36.0625,19.895,1009.6668,40.804,530.0,93.13657
46.02083333333333,34.979166666666664,16.466833,951.906,38.128002,760.0,91.75255
45.5625,33.979166666666664,22.614166,932.39215,39.184,311.0,97.954765
49.27083333333333,31.229166666666668,25.890667,957.5933,40.0,308.0,111.92276
47.02083333333333,36.645833333333336,7.208667,977.4246,39.04,389.0,72.18744
43.8125,31.770833333333336,23.5045,973.76306,40.256,70.0,86.42673
48.8125,33.6875,14.081333,874.6465,38.843998,345.0,83.29237
43.895833333333336,29.104166666666668,23.838501,928.27576,39.456,132.0,83.25754
47.5625,31.895833333333336,24.248333,911.43884,39.2,242.0,102.79519
40.9375,33.895833333333336,19.782333,918.7638,38.5,127.0,79.07721
40.479166666666664,36.3125,18.261833,954.7743,39.744,318.0,78.93354
46.979166666666664,32.229166666666664,24.210001,925.1573,39.592003,224.0,99.22265
45.479166666666664,36.8125,10.411333,966.4327,38.376,475.0,77.07631
48.729166666666664,30.3125,25.556168,874.1434,36.308,185.0,106.66489
48.39583333333333,35.520833333333336,10.364833,979.06384,42.636,328.0,73.31627
42.9375,32.729166666666664,22.4235,957.8023,40.612003,87.0,83.19924
46.39583333333333,37.895833333333336,8.176,993.0255,38.424,292.0,63.030674
42.395833333333336,35.6875,22.156,976.6871,38.568,303.0,89.50539
46.979166666666664,29.9375,24.853333,875.579,38.376,111.0,91.153206
43.104166666666664,34.5625,24.372667,906.8084,38.612,172.0,86.981224
45.020833333333336,33.145833333333336,23.2575,942.4165,40.072,175.0,96.33282
44.1875,36.0625,19.467667,1015.57153,40.296,647.0,97.05789
44.6875,31.104166666666668,24.181334,936.75507,38.171997,95.0,90.03238
43.854166666666664,36.520833333333336,19.603167,1016.86456,40.472,672.0,96.87758
46.354166666666664,37.4375,10.524167,987.39056,38.5,333.0,70.431366
44.9375,35.479166666666664,20.482,1009.26245,40.396,558.0,99.45508
46.604166666666664,33.1875,18.094166,934.1898,37.732002,405.0,87.42387
47.479166666666664,37.354166666666664,11.240666,920.4565,37.843998,279.0,60.250977
43.4375,36.5625,19.660334,1003.4279,40.280003,649.0,93.66147
44.229166666666664,37.3125,4.8601665,946.2248,35.34,654.0,69.57382
43.479166666666664,33.895833333333336,22.812834,874.3136,35.432,130.0,81.04295
41.395833333333336,33.9375,20.131666,951.2925,39.392,135.0,81.64193
44.854166666666664,37.104166666666664,6.233333,979.84644,37.58,597.0,75.40355
42.6875,36.020833333333336,21.821167,985.74115,39.368,372.0,91.48786
42.020833333333336,34.6875,21.406668,982.43774,39.404,197.0,85.07259
46.6875,37.479166666666664,9.516334,994.58923,38.988,308.0,66.302505
44.895833333333336,30.0625,24.2295,918.49817,38.224003,104.0,86.92491
45.1875,36.1875,17.390333,1004.34375,39.704002,746.0,95.214005
48.604166666666664,33.0625,19.673666,918.5325,38.652,431.0,92.74499
43.6875,30.354166666666668,23.493834,945.16644,39.444,93.0,92.989914
43.020833333333336,36.4375,20.668,986.0059,39.079998,566.0,91.42166
39.9375,32.729166666666664,18.879166,842.59186,37.283997,115.0,77.54716
41.3125,34.6875,21.069334,958.64874,39.199997,154.0,83.61449
46.1875,34.104166666666664,14.684167,897.0065,36.76,538.0,88.29239
39.729166666666664,37.479166666666664,15.448833,987.14996,38.744,621.0,75.102615
39.479166666666664,33.145833333333336,18.128,825.4456,36.612003,116.0,76.8244
41.6875,36.520833333333336,20.221333,1003.1921,38.308,420.0,86.553925
46.104166666666664,30.145833333333336,24.564167,874.6061,37.32,93.0,93.75292
40.4375,32.6875,19.139334,860.1411,37.788,116.0,76.19782
44.854166666666664,28.8125,24.837833,932.34924,39.18,159.0,82.06327
42.729166666666664,32.729166666666664,22.1525,952.44244,40.423996,88.0,82.71748
45.479166666666664,37.770833333333336,11.707167,961.1271,38.148,280.0,63.043472
47.27083333333333,33.604166666666664,15.5895,901.8119,39.592,449.0,84.30025
47.1875,37.270833333333336,8.898666,949.43726,38.244,299.0,65.36662
41.4375,37.145833333333336,18.492666,965.65424,38.068,524.0,80.89797
47.9375,29.979166666666668,25.363333,906.0533,39.336,122.0,93.05236
49.1875,32.354166666666664,23.717667,945.8954,39.564,429.0,104.43209
44.604166666666664,29.479166666666668,24.466833,928.4031,39.008,127.0,84.222115
47.27083333333333,36.4375,5.763,969.7188,38.72,393.0,72.66676
42.604166666666664,33.145833333333336,22.004166,966.1075,40.988,98.0,80.6808
44.645833333333336,37.1875,7.6405,992.83704,37.532,606.0,73.9604
47.64583333333333,31.729166666666668,24.043833,884.78125,37.684002,227.0,101.901375
45.145833333333336,36.645833333333336,11.784167,988.36237,38.48,580.0,81.49617
46.979166666666664,30.1875,24.503334,879.16315,38.072,99.0,91.747246
40.5625,31.770833333333336,20.279667,896.20245,38.519997,98.0,74.4022
45.4375,37.229166666666664,11.605833,911.95026,33.528,357.0,70.55862
43.104166666666664,29.8125,23.609499,931.12823,39.528,96.0,83.417465
41.229166666666664,31.4375,21.9565,927.6336,39.432,83.0,78.32289
46.854166666666664,34.229166666666664,14.214334,900.4245,40.448,499.0,84.59619
47.4375,30.979166666666668,24.2035,881.1229,37.588,143.0,98.17635
45.6875,35.895833333333336,11.8955,972.4243,39.16,766.0,89.44041
40.770833333333336,31.645833333333336,20.87,908.97253,38.864002,92.0,75.4759
48.3125,32.145833333333336,23.821833,918.8452,38.892,356.0,106.4148
46.479166666666664,33.645833333333336,13.083333,918.47766,37.232,504.0,83.86762
40.395833333333336,33.979166666666664,19.553333,893.1426,37.776,124.0,77.77578
43.770833333333336,30.9375,23.366833,950.7187,39.42,87.0,98.35444
48.02083333333333,32.895833333333336,21.607332,926.3889,38.955997,433.0,94.43775
41.145833333333336,34.9375,21.205,954.2579,38.276,155.0,83.71171
44.770833333333336,37.354166666666664,5.311167,963.3846,36.728,568.0,71.87349
47.52083333333333,29.6875,25.140999,907.12286,39.44,108.0,88.83079
45.0625,34.395833333333336,22.9755,941.0877,38.92,274.0,98.02281
44.0625,31.3125,23.684666,959.86957,39.44,78.0,88.89899
44.020833333333336,37.4375,7.3146667,965.5653,36.256,672.0,68.91207
41.270833333333336,36.6875,19.592833,971.51904,39.579998,366.0,83.46139
45.8125,29.354166666666668,25.0225,887.6292,38.156,156.0,85.551796
43.979166666666664,31.5625,23.742167,968.80774,39.988,74.0,86.39152
47.5625,37.1875,10.9435,912.3818,38.088,284.0,61.490875
46.604166666666664,33.354166666666664,16.8785,933.59125,38.06,438.0,85.77537
49.27083333333333,30.3125,25.609499,878.44653,35.836,222.0,114.99286
45.104166666666664,31.145833333333336,24.949667,923.2793,37.96,110.0,97.71772
41.645833333333336,31.520833333333336,22.3345,924.0186,39.356003,73.0,80.19166
43.6875,30.604166666666668,23.4555,946.203,39.436,92.0,101.11003
40.770833333333336,34.4375,20.516333,926.57544,37.823997,129.0,82.04353
41.9375,35.395833333333336,21.790833,981.07404,38.496,236.0,87.49502
40.3125,33.020833333333336,19.1765,845.2513,36.896,117.0,75.585464
45.6875,31.8125,24.500334,928.11163,39.096,124.0,96.388054
41.0625,36.979166666666664,18.947332,966.8765,40.076,416.0,81.61399
46.854166666666664,29.1875,25.298,840.49286,37.432,153.0,85.667046
41.895833333333336,32.854166666666664,21.173332,937.6073,40.188,92.0,76.59019
43.395833333333336,30.229166666666668,23.486166,942.00134,39.444,90.0,90.08751
45.9375,29.354166666666668,24.901833,882.305,37.788002,153.0,85.047386
49.39583333333333,33.1875,8.162,954.62476,39.964,316.0,78.580505
39.604166666666664,33.3125,18.1945,832.8151,36.808002,120.0,76.94388
48.27083333333333,31.4375,24.623667,919.0689,38.615997,246.0,104.314705
47.4375,30.0625,24.7215,896.54144,38.644,112.0,90.34353
48.0625,33.979166666666664,12.5005,877.8048,39.84,387.0,80.31335
44.395833333333336,33.604166666666664,22.739834,914.8514,38.956,162.0,89.46205
39.854166666666664,35.395833333333336,19.328,959.7187,39.199997,164.0,81.524956
46.27083333333333,33.979166666666664,14.578667,898.3125,37.028,531.0,87.47446
43.020833333333336,36.979166666666664,17.395166,982.95557,39.18,749.0,90.47571
43.270833333333336,32.4375,22.843166,967.2788,40.5,78.0,83.46051
44.145833333333336,32.9375,23.210167,956.34247,40.460003,126.0,90.709526
42.5625,35.770833333333336,22.168833,976.5573,38.607998,324.0,89.784325
41.270833333333336,36.0625,20.0445,981.9305,38.871998,306.0,83.70989
47.14583333333333,30.9375,24.086166,867.6353,37.587997,116.0,96.96202
42.645833333333336,35.729166666666664,22.332333,971.0202,38.544,317.0,89.90256
42.604166666666664,32.979166666666664,21.9035,958.9406,40.676003,94.0,82.74554
40.270833333333336,36.4375,17.210833,958.3304,39.031998,416.0,77.46305
43.0625,31.1875,23.327168,947.1873,39.8,72.0,91.371735
45.479166666666664,30.520833333333336,24.4385,901.7346,37.427998,99.0,93.4682
40.5625,34.604166666666664,20.183167,935.9853,37.932003,132.0,80.559906
47.3125,33.4375,18.288334,915.2834,39.94,438.0,87.41033
46.02083333333333,34.104166666666664,16.879667,903.74884,36.996002,511.0,90.58916
39.854166666666664,35.020833333333336,19.786167,954.1437,38.464,130.0,81.84012
42.229166666666664,30.3125,23.153,931.24567,39.456,81.0,82.36868
45.270833333333336,30.979166666666668,24.763,914.7647,37.66,107.0,97.05262
46.89583333333333,37.854166666666664,8.942,973.03595,38.46,290.0,62.364277
44.1875,29.8125,23.681833,932.2651,38.976,108.0,84.85281
43.6875,36.104166666666664,20.04,1002.0571,40.7,480.0,91.838844
43.479166666666664,37.729166666666664,3.9675002,952.80164,36.54,674.0,61.075886
46.89583333333333,33.4375,17.874834,927.14624,38.22,429.0,87.51531
45.729166666666664,36.729166666666664,12.101833,947.0482,37.752,470.0,77.19546
45.8125,35.0625,17.8505,965.98755,38.74,767.0,93.407
40.020833333333336,35.604166666666664,19.475334,960.4955,38.968,180.0,81.53359
41.229166666666664,31.9375,21.1335,911.33405,39.048,86.0,76.528755
40.104166666666664,34.145833333333336,19.4235,894.02716,37.888,124.0,77.04433
47.14583333333333,35.895833333333336,10.503834,974.1322,41.552002,429.0,75.7841
46.229166666666664,33.4375,20.796167,930.95844,38.5,353.0,93.23694
45.89583333333333,34.1875,18.609667,901.24567,37.348,486.0,93.0445
47.9375,33.270833333333336,19.9845,917.66547,39.704,448.0,89.82081
42.4375,36.395833333333336,20.780834,991.7404,37.816,456.0,92.952934
46.27083333333333,30.729166666666668,24.288834,877.97986,37.352,89.0,93.7524
46.5625,34.6875,14.76,951.5872,41.016003,600.0,86.36764
40.145833333333336,33.145833333333336,18.638332,842.8098,36.936,123.0,76.38287
46.5625,37.4375,9.052667,998.36096,38.86,323.0,69.735146
42.270833333333336,37.6875,13.115334,970.12354,36.772,824.0,74.4963
43.895833333333336,31.604166666666668,23.684166,969.9364,40.044,71.0,86.188416
40.270833333333336,34.9375,20.083,960.9348,38.616,133.0,82.264984
42.0625,37.9375,16.572332,988.27936,38.668,698.0,73.550995
43.6875,37.5625,7.794833,994.3163,37.5,656.0,67.2474
47.4375,33.8125,16.771833,900.78076,40.12,457.0,84.60367
40.6875,32.895833333333336,19.669167,873.3267,37.94,110.0,75.4746
46.3125,29.645833333333336,24.720667,861.2544,37.475998,134.0,90.56931
41.3125,34.520833333333336,21.0765,957.5227,39.028,148.0,83.41435
45.52083333333333,34.770833333333336,21.757334,955.1176,39.04,456.0,95.90255
43.104166666666664,35.520833333333336,22.9095,938.4032,38.376,298.0,90.16241
48.9375,34.104166666666664,10.952167,894.39453,39.5,288.0,77.431496
44.3125,29.520833333333336,24.206,931.6786,39.18,126.0,84.2667
43.979166666666664,29.979166666666668,23.560833,934.98224,39.191998,101.0,84.76951
49.354166666666664,31.020833333333336,26.1115,956.2522,39.568,291.0,113.42263
48.4375,34.9375,10.822166,907.1743,41.32,326.0,75.00569
39.6875,37.354166666666664,16.762833,972.0384,39.644,537.0,78.29634
40.979166666666664,34.770833333333336,20.780666,957.3581,38.9,147.0,84.111015
47.6875,30.1875,24.871166,901.53326,38.656,133.0,93.194664
48.3125,33.104166666666664,13.969,894.0109,38.288,408.0,84.51103
48.0625,37.229166666666664,10.750333,858.337,36.656,277.0,57.927788
41.479166666666664,37.729166666666664,17.0265,999.9538,39.732,650.0,76.81195
45.64583333333333,37.520833333333336,12.159667,931.6758,34.66,301.0,66.45396
44.895833333333336,36.0625,18.920834,993.2462,37.952,752.0,102.58914
46.1875,34.854166666666664,12.182333,945.7782,38.268,678.0,87.53169
45.9375,34.520833333333336,17.685333,911.9836,37.428,595.0,92.20569
46.854166666666664,34.270833333333336,14.2525,899.39923,40.52,506.0,84.07258
44.104166666666664,35.145833333333336,23.515333,924.9971,38.528,255.0,95.111244
42.520833333333336,37.5625,13.725833,970.0784,37.528,794.0,76.433975
45.0625,37.729166666666664,10.964334,904.4271,37.14,339.0,66.32711
46.52083333333333,32.395833333333336,24.415667,936.0192,39.812,192.0,95.24723
47.8125,29.979166666666668,25.242666,907.33374,39.244,122.0,92.973976
40.520833333333336,37.979166666666664,15.6831665,1028.8179,42.283997,580.0,74.92442
44.0625,30.604166666666668,23.660166,943.8377,39.064,90.0,95.77419
41.6875,33.4375,20.677834,955.6854,39.688,115.0,79.5109
46.354166666666664,32.395833333333336,24.268166,935.01697,39.440002,179.0,93.66634
41.395833333333336,36.645833333333336,19.927,982.0324,39.488,372.0,84.94651
48.4375,32.979166666666664,14.9678335,903.9705,38.148,414.0,86.43553
46.8125,32.645833333333336,24.056667,936.45337,40.063995,256.0,97.078575
46.02083333333333,31.979166666666668,24.588167,928.34076,39.475998,137.0,97.6433
41.979166666666664,37.354166666666664,18.31,973.7714,38.524002,645.0,80.85486
46.64583333333333,30.229166666666668,24.5915,873.84576,37.996,93.0,90.13698
48.104166666666664,30.1875,25.464834,903.5225,39.36,140.0,95.23394
40.4375,37.8125,16.015333,1007.5232,40.944,525.0,76.21107
47.354166666666664,35.4375,10.867333,974.91907,42.608,433.0,76.354126
44.729166666666664,29.729166666666668,24.236834,923.28577,38.772,115.0,84.17199
40.145833333333336,36.854166666666664,17.990667,916.477,39.788002,340.0,79.09109
45.3125,34.270833333333336,22.663834,941.6615,39.028,307.0,96.46082
46.39583333333333,36.895833333333336,12.5485,957.12213,39.168,383.0,72.53595
48.604166666666664,34.854166666666664,11.022166,926.8133,41.424,311.0,75.28413
46.8125,37.604166666666664,9.630667,999.9161,39.38,297.0,64.47761
39.854166666666664,33.479166666666664,18.325832,846.2155,36.828,125.0,77.21937
43.895833333333336,32.479166666666664,23.702333,986.0997,40.396,90.0,89.527084
43.4375,32.8125,23.260668,961.7232,40.796,94.0,84.00321
45.0625,29.0625,24.804333,923.6217,39.143997,158.0,83.077034
47.4375,31.604166666666668,23.996834,891.7492,37.792,199.0,100.0001
45.270833333333336,34.229166666666664,22.821,941.89813,39.196,291.0,97.59749
41.604166666666664,32.354166666666664,21.212,913.7345,39.388,87.0,76.85703
45.979166666666664,30.5625,24.564333,881.47626,37.052,90.0,95.37924
44.6875,34.479166666666664,23.347,945.42957,39.440002,243.0,98.50982
43.520833333333336,32.3125,23.432667,973.62354,40.8,78.0,85.18548
47.1875,28.770833333333336,25.400167,880.03046,38.428,148.0,85.05346
40.520833333333336,37.645833333333336,15.701,1030.0233,41.7,599.0,77.02924
46.354166666666664,36.8125,12.623333,944.4247,38.752,407.0,73.24597
46.479166666666664,33.604166666666664,14.056,915.17554,37.488003,495.0,84.11908
44.3125,30.895833333333336,23.9485,944.09894,38.784,85.0,93.54266
40.895833333333336,34.854166666666664,20.699501,960.03546,39.044,151.0,83.90749
48.354166666666664,35.145833333333336,9.1405,965.8975,41.912003,323.0,75.23874
41.229166666666664,34.979166666666664,21.089834,965.9684,39.096,167.0,83.94908
40.770833333333336,31.729166666666668,20.725166,906.2285,38.784,92.0,75.4759
41.9375,33.6875,20.761166,984.38086,40.491997,123.0,79.15377
41.729166666666664,32.354166666666664,21.413668,916.074,39.516,81.0,79.374146
48.77083333333333,30.6875,25.382334,919.2193,38.32,219.0,107.792915
46.3125,31.270833333333336,24.125334,885.1183,37.576,120.0,91.81368
47.52083333333333,33.020833333333336,15.673,903.03845,37.776,422.0,85.70888
42.145833333333336,34.4375,22.08,1001.56604,39.864,157.0,82.27657
43.9375,34.1875,23.879,909.2192,38.788002,165.0,87.54693
43.4375,35.604166666666664,22.266333,947.99567,39.056004,330.0,89.70013
45.52083333333333,28.979166666666668,24.932667,913.3036,38.468002,173.0,82.34881
43.3125,31.895833333333336,23.0145,961.4363,40.292,71.0,86.188416
45.89583333333333,35.354166666666664,19.278334,968.5307,40.096,705.0,92.72446
42.6875,33.729166666666664,22.644833,984.1193,41.0,124.0,81.85487
47.6875,31.895833333333336,24.204666,913.37274,39.272003,262.0,103.58606
47.14583333333333,35.979166666666664,9.714666,981.5504,41.284,419.0,75.27667
42.104166666666664,30.3125,23.197166,932.1194,39.628,78.0,81.50107
43.020833333333336,32.5625,22.548166,957.996,40.496002,83.0,84.8991
44.6875,30.354166666666668,24.258167,928.0624,38.248,94.0,91.313385
39.979166666666664,34.3125,19.1465,896.17487,37.604,125.0,77.038506
44.4375,33.604166666666664,22.8615,922.53503,39.5,170.0,90.134254
47.89583333333333,32.5625,23.859833,936.0973,39.724,358.0,101.01813
47.354166666666664,31.729166666666668,24.129333,905.10846,38.484,203.0,100.59071
40.979166666666664,32.145833333333336,20.775667,900.0436,38.316,93.0,74.88271
47.27083333333333,33.5625,15.593333,903.8335,39.352,448.0,84.73121
40.229166666666664,35.5625,19.434,967.49884,39.044,186.0,81.98636
47.6875,35.645833333333336,10.948167,980.693,42.300003,380.0,74.772
39.8125,34.1875,18.974834,882.6463,37.352,118.0,75.28322
42.1875,34.395833333333336,21.9465,994.42737,39.272,155.0,82.866356
41.895833333333336,31.520833333333336,22.467167,924.45886,39.468002,70.0,81.79745
43.3125,33.729166666666664,22.438833,871.06726,34.632,122.0,81.79421
39.604166666666664,32.8125,18.354666,829.8661,36.812,122.0,78.79795
47.0625,37.604166666666664,8.7895,979.7521,38.996002,287.0,64.224495
44.604166666666664,32.9375,23.183834,946.8133,40.568,144.0,92.015854
48.354166666666664,31.1875,24.811666,926.546,39.044,228.0,103.41883
43.0625,37.229166666666664,15.435166,987.81964,38.044,794.0,84.84294
47.0625,33.1875,15.278,919.1414,37.964,439.0,85.11735
47.39583333333333,31.604166666666668,24.055334,895.10974,38.0,196.0,99.42005
46.02083333333333,35.645833333333336,13.881,974.6068,40.424,967.0,94.42103
42.9375,35.6875,22.280333,961.02594,38.676003,327.0,90.07283
41.895833333333336,34.520833333333336,21.784334,987.98254,39.4,162.0,83.04548
45.729166666666664,29.9375,24.568167,888.05,37.7,106.0,90.527
39.645833333333336,34.729166666666664,19.518833,919.1634,37.607998,118.0,77.012535
48.3125,29.895833333333336,25.6125,851.05585,37.1,142.0,95.886665
42.854166666666664,33.729166666666664,22.6835,975.35516,41.492,120.0,82.86747
44.3125,35.770833333333336,21.095833,1011.7434,40.559998,485.0,94.339066
40.770833333333336,34.729166666666664,20.421833,915.6507,36.784,135.0,79.46091
44.229166666666664,31.604166666666668,24.065834,964.50055,40.216003,74.0,87.00399
41.104166666666664,34.229166666666664,20.74,934.02765,38.496002,134.0,82.02973
45.270833333333336,33.104166666666664,23.559834,938.7769,40.272,179.0,96.68263
42.020833333333336,35.479166666666664,21.892666,980.4627,38.504,253.0,88.0076
43.895833333333336,33.520833333333336,23.007833,943.59576,40.592,146.0,87.00842
39.979166666666664,36.8125,18.178,933.4214,40.116,340.0,78.94401
46.1875,33.729166666666664,18.138666,918.88086,37.232,447.0,89.58606
45.479166666666664,36.354166666666664,12.560667,970.5496,38.463997,662.0,85.40204
43.145833333333336,35.5625,22.819666,942.45654,38.524002,305.0,90.12411
45.9375,29.9375,24.554333,879.18054,37.468,105.0,90.383995
44.1875,36.3125,18.6485,1017.38995,40.308002,767.0,98.22065
44.770833333333336,36.8125,10.732333,1011.79224,38.888,621.0,80.49062
46.8125,36.5625,9.106334,967.75684,39.372,396.0,72.76069
45.729166666666664,34.770833333333336,20.6535,946.03784,39.152,534.0,93.79656
45.77083333333333,32.104166666666664,24.436333,929.0935,39.344,131.0,94.43031
40.729166666666664,33.8125,19.6665,900.1903,38.128002,125.0,78.117386
39.645833333333336,32.5625,18.599167,836.7132,36.884003,116.0,75.88259
48.979166666666664,32.729166666666664,14.274333,913.5158,38.468002,374.0,88.02858
43.3125,37.1875,15.606167,996.8669,39.312,831.0,87.031136
43.145833333333336,34.479166666666664,24.264166,908.8307,38.604,170.0,87.14702
42.645833333333336,36.604166666666664,20.595,991.9189,38.808,627.0,92.27494
42.895833333333336,29.770833333333336,23.495,928.85956,39.452,94.0,83.58609
41.9375,37.395833333333336,18.103333,972.2963,38.288,645.0,80.16551
47.354166666666664,36.8125,7.6276665,938.6917,37.739998,325.0,68.16429
47.0625,33.5625,17.511,923.1075,39.116,440.0,87.19887
43.729166666666664,37.8125,3.6855,951.766,36.356,599.0,59.231186
44.229166666666664,34.0625,23.324,898.27985,38.144,170.0,89.65064
48.479166666666664,35.770833333333336,11.065833,951.66974,41.644,316.0,73.45841
47.479166666666664,31.479166666666668,24.0865,890.2653,38.6,191.0,99.05855
42.270833333333336,31.770833333333336,22.473,920.41986,39.295998,66.0,82.58857
45.729166666666664,34.0625,20.205833,918.1365,37.968,407.0,94.88836
47.64583333333333,34.5625,11.521833,917.45166,40.9,414.0,79.242775
40.270833333333336,35.645833333333336,19.265167,965.60077,38.96,198.0,81.67086
44.020833333333336,37.145833333333336,14.747334,1011.3032,39.048,772.0,88.77871
43.354166666666664,32.8125,23.203001,964.23474,41.408,95.0,84.259285
42.479166666666664,35.770833333333336,22.13,979.6303,38.668003,317.0,89.8891
48.729166666666664,35.9375,10.6585,943.38385,40.612,299.0,73.25572
43.604166666666664,35.479166666666664,22.799334,931.878,38.752003,316.0,89.91821
43.3125,35.229166666666664,23.732666,885.3486,36.888,267.0,90.33421
43.6875,36.6875,19.064333,1006.5754,40.96,768.0,96.22459
39.520833333333336,34.645833333333336,19.34,910.71643,37.332,115.0,75.85405
46.604166666666664,30.020833333333336,24.648167,866.1873,37.74,99.0,89.75696
43.854166666666664,36.770833333333336,17.307667,1012.0851,39.736,897.0,96.34271
43.729166666666664,37.520833333333336,10.9418335,1030.6244,38.404,735.0,73.69251
40.104166666666664,33.8125,19.016832,871.5755,37.376,127.0,76.728935
44.0625,34.770833333333336,24.316334,903.4412,38.232002,216.0,96.24007
47.77083333333333,33.354166666666664,19.037666,905.1037,39.116,455.0,88.15586
47.1875,34.770833333333336,10.310667,955.06757,41.052,473.0,79.71786
46.0625,34.979166666666664,16.415,951.52686,38.184002,752.0,91.53746
41.270833333333336,32.229166666666664,20.965668,908.5577,38.971996,89.0,74.879486
46.354166666666664,37.770833333333336,4.1573334,943.84717,36.372,395.0,63.93788
44.1875,30.0625,23.740833,934.6179,38.964,101.0,85.731575
46.64583333333333,36.645833333333336,10.992667,950.55493,39.284,399.0,72.9781
45.3125,30.854166666666668,24.605501,910.6394,37.58,104.0,97.576294
47.89583333333333,34.895833333333336,9.044666,952.2723,41.3,379.0,76.457565
44.645833333333336,33.645833333333336,22.898666,919.5869,39.447998,180.0,93.61733
44.979166666666664,30.395833333333336,24.3545,918.81665,37.64,96.0,91.869225
40.645833333333336,34.979166666666664,20.4345,960.68365,38.884003,148.0,83.29166
43.270833333333336,35.0625,24.680334,863.5254,37.152,229.0,91.035286
48.14583333333333,32.5625,23.713667,940.71423,39.516,396.0,102.33972
44.1875,30.8125,23.809834,944.5347,38.924,87.0,93.90829
46.8125,30.354166666666668,24.434166,875.519,37.812,94.0,92.2022
45.4375,31.5625,24.664,916.2125,38.596,129.0,96.09007
45.354166666666664,32.229166666666664,23.933334,921.8755,39.08,129.0,91.38359
40.270833333333336,33.020833333333336,19.168833,843.09705,36.876,117.0,75.27258
46.9375,32.770833333333336,23.332333,935.67004,40.012,293.0,95.17525
41.770833333333336,35.854166666666664,21.195,994.551,38.444,306.0,88.33003
40.145833333333336,33.270833333333336,18.697332,846.9568,37.024,123.0,76.38287
40.770833333333336,32.395833333333336,20.109,885.0555,38.156,104.0,75.41905
46.604166666666664,30.395833333333336,24.444,873.79004,37.600002,91.0,92.06609
46.02083333333333,37.0625,12.8545,919.71704,36.856003,375.0,72.87721
45.854166666666664,36.395833333333336,11.385667,973.026,39.804,566.0,80.893005
39.895833333333336,33.729166666666664,18.781666,859.4337,37.008,123.0,76.194565
47.14583333333333,34.6875,12.304334,932.4293,41.316,482.0,80.67114
43.5625,36.729166666666664,19.248,1000.1343,40.612,747.0,94.65332
42.354166666666664,32.645833333333336,21.645,942.46893,40.264,83.0,77.20371
44.020833333333336,32.979166666666664,23.288,970.9743,41.475998,120.0,88.39499
42.270833333333336,32.729166666666664,21.613333,943.96875,40.46,85.0,77.78864
42.979166666666664,31.104166666666668,23.336,944.9938,39.796,73.0,89.58328
48.3125,34.4375,11.835667,876.50183,39.668003,335.0,78.06206
48.854166666666664,32.354166666666664,23.675167,947.4027,39.78,425.0,104.5674
46.4375,34.854166666666664,14.1435,965.35724,40.684,661.0,87.24405
48.354166666666664,30.770833333333336,25.154,921.6216,38.940002,194.0,101.59189
45.77083333333333,37.0625,12.845,935.406,36.975998,387.0,72.828316
46.729166666666664,31.229166666666668,24.159334,892.08124,38.304,123.0,94.004326
47.39583333333333,29.4375,25.151333,897.19653,39.359997,113.0,87.36032
42.1875,35.770833333333336,21.849,986.52045,38.4,309.0,89.5655
44.8125,36.5625,14.4405,1005.1983,39.18,726.0,88.221344
41.770833333333336,31.979166666666668,21.809834,916.5015,39.308,72.0,77.53149
43.104166666666664,35.604166666666664,22.684834,948.9028,38.604,312.0,90.44651
45.64583333333333,32.145833333333336,23.728,900.82336,36.04,126.0,93.25048
47.6875,29.8125,25.259167,911.383,39.528,110.0,90.910065
46.77083333333333,34.6875,11.387334,953.4069,39.576,553.0,83.44821
46.854166666666664,34.395833333333336,14.362833,917.736,40.947998,517.0,84.39305
48.479166666666664,34.020833333333336,10.8995,885.62244,38.52,337.0,79.516235
48.14583333333333,30.354166666666668,25.203667,901.1041,38.488,157.0,95.95755
39.979166666666664,33.1875,18.512667,840.83203,37.18,124.0,77.04433
43.395833333333336,29.479166666666668,23.425833,930.4344,39.32,109.0,83.98759
41.145833333333336,31.229166666666668,22.152666,932.3986,39.379997,83.0,79.0602
44.395833333333336,34.729166666666664,23.6955,926.7576,38.348,235.0,97.92399
46.6875,32.895833333333336,23.1125,935.17017,39.416,282.0,94.712746
40.645833333333336,37.3125,15.8949995,991.61,39.508,660.0,78.81456
39.895833333333336,35.229166666666664,19.5855,965.6435,39.084,153.0,80.57644
45.354166666666664,35.479166666666664,18.236666,1007.68,40.04,736.0,95.27289
41.520833333333336,30.770833333333336,22.809834,938.9882,39.728,76.0,80.638885
46.6875,35.4375,11.0876665,975.0942,41.559998,576.0,81.9382
43.604166666666664,36.145833333333336,20.155666,992.872,40.039997,477.0,92.10036
47.4375,33.270833333333336,18.143166,917.6763,39.98,433.0,87.52031
45.0625,36.020833333333336,18.641167,1018.3085,39.684002,755.0,100.02689
40.0625,34.145833333333336,19.400833,891.87256,37.836,124.0,77.04433
40.354166666666664,34.4375,19.810833,918.03674,37.780003,130.0,79.587944
39.895833333333336,32.645833333333336,18.917166,844.2957,37.308,116.0,76.40725
43.479166666666664,30.1875,23.603,941.55426,39.432003,90.0,89.66752
45.6875,33.1875,23.532333,934.7037,39.868004,217.0,98.78196
46.354166666666664,36.9375,12.595333,954.22723,38.88,376.0,72.954575
47.5625,28.9375,25.570833,904.2579,39.272003,121.0,87.261635
44.604166666666664,32.645833333333336,23.509,948.3918,40.14,125.0,92.73234
49.0625,30.645833333333336,25.597834,926.1792,38.448,239.0,111.27429
46.979166666666664,34.729166666666664,13.807834,942.6405,41.852,513.0,81.9104
47.729166666666664,29.354166666666668,25.979824,923.17175,39.41579,102.0,88.240875
45.6875,32.1875,24.135,924.6698,38.671997,134.0,93.43959
42.145833333333336,37.645833333333336,14.929833,958.7188,37.096,794.0,75.45754
40.770833333333336,35.145833333333336,20.345167,965.9611,39.028004,171.0,84.02775
45.479166666666664,34.104166666666664,22.7265,935.43024,39.072002,312.0,96.45157
47.979166666666664,32.020833333333336,24.103,927.8221,39.888,308.0,103.37212
45.020833333333336,32.1875,23.707834,920.8453,39.112,118.0,86.398254
44.770833333333336,30.770833333333336,24.361166,927.99786,38.036,92.0,94.55311
41.229166666666664,33.270833333333336,20.272833,919.4371,38.964,112.0,77.67553
44.229166666666664,35.0625,23.467167,934.141,38.804,254.0,96.82941
41.145833333333336,37.479166666666664,15.576667,995.24567,40.208,708.0,77.49552
45.979166666666664,37.020833333333336,12.845,916.6808,36.956,386.0,73.74011
45.52083333333333,30.5625,24.456167,901.1928,37.399998,99.0,93.4682
47.6875,34.020833333333336,11.199833,907.9234,39.76,413.0,80.28198
41.479166666666664,36.354166666666664,18.697334,993.4229,37.18,449.0,83.76514
46.229166666666664,33.395833333333336,21.429167,931.84686,38.756,331.0,93.76257
45.145833333333336,32.520833333333336,23.7755,940.4587,40.211998,138.0,92.57528
42.270833333333336,30.0625,22.897333,930.59204,39.388,85.0,80.77203
46.64583333333333,36.604166666666664,10.753834,951.40735,39.324,404.0,73.433754
40.729166666666664,34.229166666666664,20.1285,919.25635,38.216,130.0,80.96281
39.645833333333336,35.0625,19.750166,941.5948,38.084,126.0,80.76792
49.479166666666664,31.604166666666668,24.907667,954.97003,40.0,372.0,108.24497
47.8125,33.354166666666664,19.476168,907.3353,39.532,454.0,88.4567
40.145833333333336,34.4375,19.405,914.68085,37.716,125.0,77.48986
46.229166666666664,33.645833333333336,19.063833,923.5055,37.572,418.0,89.925156
41.6875,33.229166666666664,20.798834,945.5187,39.747997,107.0,77.92792
46.64583333333333,33.020833333333336,21.664667,932.9616,38.447998,324.0,92.71968
44.645833333333336,33.3125,22.986668,937.7516,40.323997,161.0,93.08333
46.104166666666664,34.770833333333336,16.184,938.8094,39.255997,699.0,90.78088
47.14583333333333,31.270833333333336,24.2335,890.32416,39.871998,147.0,96.228096
45.52083333333333,36.0625,14.621667,1001.6699,39.376,750.0,92.24368
45.395833333333336,32.354166666666664,23.993334,925.9497,39.44,133.0,93.12783
42.104166666666664,32.770833333333336,21.468,942.49536,40.34,87.0,77.37664
46.0625,30.645833333333336,24.759832,881.94183,37.444,84.0,94.14689
47.52083333333333,34.854166666666664,11.766334,933.9404,42.38,419.0,77.93526
40.979166666666664,35.604166666666664,19.983,970.84674,38.708,228.0,82.79218
43.979166666666664,34.895833333333336,24.0655,902.68005,37.94,230.0,94.43606
42.229166666666664,29.854166666666668,23.041834,925.9792,39.296,91.0,80.93956
43.104166666666664,30.979166666666668,23.367666,943.5017,39.7,78.0,92.98637
40.1875,36.270833333333336,17.921501,955.04144,39.788002,328.0,79.22557
42.729166666666664,31.645833333333336,22.938667,938.59393,39.804,69.0,83.596664
44.4375,32.854166666666664,23.100666,948.1478,40.056,133.0,91.236595
46.854166666666664,35.5625,9.550166,990.287,41.211998,516.0,78.89641
39.9375,37.270833333333336,17.264833,982.0691,40.684,493.0,79.4948
49.27083333333333,31.145833333333336,25.935,955.9286,39.684002,298.0,112.104256
45.1875,34.645833333333336,22.412,955.82404,39.04,360.0,97.620926
42.229166666666664,32.229166666666664,22.142332,919.84924,39.876,68.0,81.491776
40.229166666666664,36.0625,18.7115,952.0566,39.576,259.0,80.71502
39.6875,33.3125,18.2175,835.4215,36.879997,122.0,77.679756
41.979166666666664,33.979166666666664,21.011667,995.9171,40.148,139.0,81.00564
44.4375,36.0625,19.792667,1017.68915,40.42,666.0,98.52572
49.0625,33.895833333333336,10.798,925.828,40.552002,290.0,78.54062
44.479166666666664,30.3125,24.069334,934.30133,38.54,94.0,90.28688
44.270833333333336,37.645833333333336,6.9105,983.5601,37.892,581.0,64.58543
45.1875,33.979166666666664,23.159,936.5308,39.176003,251.0,98.35095
46.1875,31.395833333333336,24.155666,888.4855,37.260002,127.0,96.377495
43.520833333333336,36.520833333333336,19.800833,1001.2774,40.168003,628.0,94.25093
43.604166666666664,36.645833333333336,19.335,994.7636,40.552,703.0,95.1166
44.3125,30.854166666666668,23.9195,943.3046,38.708004,87.0,93.90829
42.9375,29.9375,23.429832,931.58295,39.496002,93.0,84.14141
41.604166666666664,35.8125,21.058,990.97394,38.592003,291.0,86.99974
42.895833333333336,30.1875,23.272333,934.6187,39.292004,88.0,86.12887
46.27083333333333,28.645833333333336,25.2545,899.87494,38.384,210.0,80.752815
44.354166666666664,36.729166666666664,16.3575,1017.4154,39.356,776.0,94.376785
41.5625,34.9375,21.127,971.9188,39.148,185.0,84.62236
47.6875,36.8125,10.6545,907.33276,37.688,300.0,65.9478
48.14583333333333,32.354166666666664,23.738333,929.2076,39.616,369.0,104.14179
46.14583333333333,34.354166666666664,12.765834,926.6813,38.06,607.0,87.67096
47.52083333333333,37.479166666666664,10.956667,921.85974,38.048,277.0,59.13284
44.479166666666664,36.5625,14.154667,1005.97833,38.436,756.0,90.13632
43.145833333333336,30.145833333333336,23.390833,934.51117,39.256,90.0,86.815674
46.6875,29.6875,24.829334,855.6246,37.548,126.0,89.87207
47.64583333333333,30.6875,24.112833,868.53796,36.800003,144.0,95.96485
43.645833333333336,36.145833333333336,20.165667,1005.1338,40.656,488.0,92.45642
39.6875,34.895833333333336,19.702168,935.9977,37.935997,119.0,79.03755
48.6875,30.270833333333336,25.353167,862.5473,35.528,179.0,104.52959
44.520833333333336,29.604166666666668,24.191,928.48785,39.164,116.0,82.54002
44.645833333333336,35.3125,21.808334,988.4244,39.8,423.0,97.24872
48.5625,30.479166666666668,25.219334,897.28265,37.244,186.0,104.47856
43.8125,30.354166666666668,23.5075,942.97015,39.107998,95.0,92.16609
46.8125,30.104166666666668,24.642666,873.711,38.244,99.0,90.11138
47.5625,36.604166666666664,10.688,930.95984,39.152,330.0,68.83082
41.5625,36.9375,19.7915,974.4735,39.724,438.0,84.06251
44.520833333333336,35.4375,21.615833,995.48676,39.936,430.0,96.820274
40.854166666666664,32.854166666666664,19.870167,884.778,38.244,107.0,76.006195
46.604166666666664,34.645833333333336,14.701667,924.196,40.239998,585.0,86.26467
41.145833333333336,31.979166666666668,20.992,909.2151,38.908,89.0,76.238205
46.9375,28.604166666666668,25.456833,877.9482,38.2,171.0,83.65476
42.3125,33.1875,21.299667,968.0025,40.455997,107.0,78.63646
46.729166666666664,37.895833333333336,8.718833,984.19836,38.432,290.0,62.34126
45.979166666666664,36.145833333333336,10.445499,978.1493,39.884,630.0,82.39925
48.104166666666664,29.895833333333336,25.354486,873.64325,37.47692,124.0,93.32891
43.895833333333336,37.9375,5.5298333,949.4211,36.315998,552.0,56.504196
46.479166666666664,35.5625,10.549833,984.13116,40.876,645.0,83.10776
44.020833333333336,29.145833333333336,23.975666,929.23444,39.476,128.0,83.45063
45.9375,37.354166666666664,13.3705,957.9273,37.407997,330.0,68.292114
43.854166666666664,32.854166666666664,23.488167,977.1653,41.528,105.0,86.26976
46.64583333333333,34.854166666666664,10.554833,963.3809,39.592,587.0,83.41932
44.145833333333336,34.020833333333336,23.184334,884.26447,37.6,159.0,87.399734
44.104166666666664,30.354166666666668,23.644667,939.5878,38.916,94.0,92.83186
41.395833333333336,31.729166666666668,21.727,918.80115,39.192,79.0,77.59943
47.0625,30.854166666666668,24.218,863.392,38.196,113.0,97.59762
46.52083333333333,34.520833333333336,14.043667,942.17285,40.603996,588.0,86.48699
46.52083333333333,30.020833333333336,24.5855,865.6486,37.44,100.0,89.331154
43.4375,37.479166666666664,10.197333,1015.62946,37.66,747.0,73.37159
39.8125,34.520833333333336,19.253666,907.36694,37.404,120.0,76.158714
45.1875,36.9375,10.7715,983.82074,38.92,462.0,75.32927
47.5625,28.520833333333336,25.523167,890.0944,38.472,139.0,85.622765
45.5625,34.770833333333336,21.4495,954.3967,39.048,487.0,95.073425
47.979166666666664,30.104166666666668,25.2565,892.4463,38.480003,127.0,92.35674
44.604166666666664,36.3125,16.117167,1012.8472,39.176,822.0,95.417786
45.8125,30.8125,24.750834,880.74506,36.584,88.0,95.08656
46.39583333333333,37.9375,9.027,1000.3271,38.592,281.0,61.357903
44.770833333333336,30.270833333333336,24.200335,924.29285,38.336002,97.0,90.71821
40.520833333333336,36.354166666666664,18.158333,954.7285,39.62,328.0,79.41117
46.1875,33.770833333333336,16.707167,915.9435,36.736,473.0,88.91244
43.020833333333336,37.5625,9.578667,975.36993,37.304,764.0,69.70572
46.9375,34.729166666666664,14.076167,942.7638,41.368,519.0,82.97832
49.1875,33.6875,12.458333,934.2812,40.528,293.0,80.796646
39.5625,37.270833333333336,17.165667,955.0671,39.424,497.0,78.908516
41.0625,35.1875,20.967001,965.5237,38.728,175.0,84.490746
46.979166666666664,33.3125,18.2045,933.18713,39.04,419.0,87.32521
42.354166666666664,31.0625,23.416166,936.4215,39.804,69.0,83.596664
44.354166666666664,34.354166666666664,23.9545,927.11176,39.648,190.0,94.94256
42.604166666666664,33.0625,21.864666,962.7981,40.648,98.0,81.082085
44.854166666666664,36.895833333333336,6.7638335,987.2008,37.84,616.0,78.91736
48.39583333333333,33.3125,15.2055,891.5102,39.284,406.0,84.21399
46.6875,37.5625,8.592167,997.3038,38.796,305.0,66.188675
42.645833333333336,31.520833333333336,22.972166,936.59686,39.676,69.0,84.781654
46.6875,36.4375,10.9495,958.2259,40.292,428.0,74.03778
46.3125,33.479166666666664,18.135834,930.49927,37.315998,433.0,87.467415
47.64583333333333,37.395833333333336,11.97,901.1796,37.908,290.0,57.076717
42.0625,33.770833333333336,21.080166,993.67755,40.48,129.0,80.34044
47.354166666666664,36.479166666666664,5.3918333,958.9709,38.18,390.0,72.62442
40.104166666666664,32.854166666666664,18.746334,840.80536,36.984,121.0,76.796196
41.1875,34.145833333333336,20.426832,936.84564,38.66,137.0,81.226456
48.104166666666664,30.895833333333336,24.744333,909.17163,38.568,191.0,101.21575
44.979166666666664,36.854166666666664,5.7928333,962.56305,36.947998,611.0,78.0489
43.854166666666664,29.270833333333336,23.7865,930.3239,39.368,122.0,82.94485
45.9375,31.1875,24.456167,892.08185,37.584,110.0,92.824844
41.645833333333336,33.4375,20.601667,952.868,39.584,117.0,78.44549
48.229166666666664,30.645833333333336,25.095333,914.4556,38.904,180.0,99.89341
41.5625,30.770833333333336,22.864,938.76495,39.711998,75.0,80.23854
42.645833333333336,34.770833333333336,23.012333,948.9009,39.036003,199.0,86.061584
43.270833333333336,36.520833333333336,19.8835,997.7303,39.728,639.0,93.318726
47.604166666666664,30.645833333333336,24.2005,870.4824,37.18,139.0,95.81221
46.39583333333333,33.229166666666664,20.165833,934.3406,37.908,363.0,90.16058
42.3125,34.3125,21.522501,960.79865,36.112,141.0,80.82791
47.9375,34.854166666666664,9.250667,945.6922,41.304,370.0,76.62994
44.5625,37.270833333333336,10.840834,993.40485,38.128,583.0,74.75532
48.604166666666664,35.479166666666664,9.7165,977.37,41.936,320.0,73.25748
44.604166666666664,35.395833333333336,21.416666,991.8457,39.767998,455.0,97.80705
46.14583333333333,28.5625,25.165667,915.744,38.624,227.0,79.689064
41.520833333333336,35.895833333333336,20.831167,990.8334,38.644,297.0,86.63407
47.77083333333333,30.895833333333336,24.4365,898.00665,38.899998,164.0,98.861855
45.6875,33.020833333333336,23.776667,937.96643,39.772,200.0,98.70189
46.729166666666664,36.979166666666664,9.577833,962.91724,38.936,357.0,71.08804
47.14583333333333,36.979166666666664,7.212167,948.13074,37.788,332.0,67.99004
43.354166666666664,29.354166666666668,23.247334,928.4924,39.191998,113.0,83.63662
43.6875,35.604166666666664,21.964167,959.165,39.584003,351.0,89.463264
44.479166666666664,35.4375,22.006,995.0539,39.848,389.0,96.391525
42.395833333333336,35.020833333333336,22.39,962.7747,38.668,213.0,86.391174
44.3125,37.520833333333336,9.0375,1027.5674,39.88,655.0,66.98515
43.895833333333336,37.145833333333336,14.693334,1005.70557,38.996,807.0,88.399414
42.9375,33.1875,22.619167,962.17426,41.964,102.0,85.10293
47.89583333333333,30.0625,25.271833,906.59357,39.136,126.0,93.25048
43.104166666666664,36.9375,16.908667,988.5765,39.108,753.0,90.81828
46.3125,30.895833333333336,24.1935,872.3911,37.368,93.0,90.53131
46.0625,36.4375,12.408,953.2909,39.988,532.0,79.00034
46.52083333333333,33.6875,15.071333,933.453,37.52,488.0,85.187454
41.770833333333336,37.604166666666664,16.566,982.0214,37.932,704.0,77.02317
44.3125,37.4375,8.2095,1014.6682,38.72,641.0,68.6855
44.645833333333336,37.104166666666664,7.4885,973.0845,36.956,632.0,74.31503
48.229166666666664,32.895833333333336,18.772333,908.06476,38.836002,445.0,89.93167
45.89583333333333,32.645833333333336,24.053333,937.0744,39.78,164.0,96.919106
48.854166666666664,31.270833333333336,25.6025,949.98486,39.776,269.0,108.07283
46.8125,33.4375,17.0725,931.72687,37.536,435.0,86.915405
47.479166666666664,31.145833333333336,24.188667,888.7101,38.432,162.0,98.21672
46.89583333333333,35.479166666666664,11.0205,982.41003,41.916,515.0,79.565926
42.229166666666664,34.8125,21.907,975.72217,39.372,193.0,85.02778
39.8125,37.0625,17.8305,963.17957,40.932003,426.0,81.25242
45.104166666666664,30.479166666666668,24.461166,915.0473,37.668003,96.0,93.08288
41.479166666666664,31.895833333333336,21.609333,916.30853,39.416,79.0,77.39544
44.604166666666664,31.770833333333336,23.933,929.0666,37.775997,86.0,83.1856
49.02083333333333,31.854166666666668,25.388,943.7817,39.48,374.0,108.85942
46.0625,29.645833333333336,24.735332,871.9473,37.428,121.0,88.27348
44.4375,32.6875,23.454166,953.00995,40.008003,123.0,91.91808
40.770833333333336,36.354166666666664,18.5415,946.57294,38.684,289.0,80.28427
45.1875,35.5625,18.91,1010.14813,39.996,677.0,97.043594
45.270833333333336,31.729166666666668,24.459667,920.1569,38.608,117.0,88.97093
46.229166666666664,36.354166666666664,10.754,955.72504,40.364,505.0,77.251274
44.270833333333336,36.604166666666664,18.503834,1018.2951,40.163998,765.0,96.459366
48.77083333333333,32.104166666666664,24.802166,942.3828,39.676,391.0,107.81428
40.395833333333336,33.5625,19.6755,874.0769,37.576,115.0,77.96468
48.64583333333333,35.5625,8.727667,968.5617,41.212,309.0,74.5643
47.1875,36.520833333333336,8.607166,973.34814,39.74,371.0,72.67872
39.979166666666664,32.145833333333336,19.446667,862.28503,37.684,106.0,73.95031
47.89583333333333,36.5625,11.411834,910.4985,38.744003,312.0,69.433784
45.3125,30.395833333333336,24.400333,906.48303,37.48,100.0,92.88212
42.520833333333336,37.395833333333336,13.402833,970.3737,36.66,806.0,77.02336
41.604166666666664,35.270833333333336,21.0875,980.5699,38.564,216.0,86.07388
48.5625,30.520833333333336,25.1005,893.3674,37.168,202.0,105.20106
44.229166666666664,32.3125,24.039167,979.8168,40.624,95.0,89.650566
43.0625,34.3125,23.493,894.1728,36.252,157.0,82.49911
47.104166666666664,34.979166666666664,12.3455,964.08514,42.164,487.0,80.33948
44.854166666666664,33.3125,23.158833,944.20996,40.368,180.0,96.0513
40.3125,35.770833333333336,19.080166,962.1815,39.032,224.0,81.1631
41.895833333333336,35.395833333333336,21.757833,982.28845,38.503998,231.0,87.408165
41.395833333333336,34.645833333333336,20.9805,961.58325,39.264,160.0,83.94965
44.1875,35.979166666666664,20.1085,1013.68054,40.32,575.0,95.49062
45.354166666666664,37.4375,11.290667,900.6944,33.344,323.0,67.196556
42.229166666666664,34.3125,21.584,974.043,37.112003,139.0,80.36522
47.979166666666664,33.604166666666664,17.958666,886.07336,40.208,458.0,85.97736
48.9375,30.270833333333336,24.883333,836.9706,33.7,242.0,103.48375
40.6875,32.9375,19.664,874.51166,37.916,110.0,75.4746
43.770833333333336,34.229166666666664,23.957666,902.0452,38.604,169.0,85.44088
45.479166666666664,36.1875,13.372833,985.7019,39.272003,717.0,88.972336
46.3125,33.729166666666664,16.625,918.6555,36.86,481.0,87.30939
42.604166666666664,32.354166666666664,22.188665,941.38416,40.124,73.0,80.866646
48.52083333333333,34.104166666666664,11.815666,858.3919,38.991997,322.0,78.831314
39.854166666666664,33.270833333333336,18.313334,839.5752,36.836002,124.0,77.59357
46.854166666666664,31.520833333333336,24.082333,890.0751,37.692,151.0,97.94245
44.020833333333336,37.229166666666664,11.004167,1004.3514,37.816,738.0,77.16127
44.520833333333336,36.895833333333336,15.775,1029.786,41.352,709.0,88.45872
41.645833333333336,37.1875,18.643,972.84717,38.072,568.0,81.75726
45.52083333333333,32.104166666666664,24.035833,911.08887,37.552,125.0,92.882645
41.645833333333336,32.645833333333336,21.035,921.66565,39.024002,92.0,76.59019
47.14583333333333,34.0625,13.899834,893.44977,40.444,467.0,82.99568
48.8125,36.104166666666664,10.168667,939.6111,40.232002,301.0,72.12372
45.020833333333336,33.895833333333336,23.277166,929.0029,39.688004,216.0,97.17749
43.604166666666664,35.604166666666664,22.070667,954.0123,39.472,341.0,90.02763
46.479166666666664,30.770833333333336,24.302834,866.08813,37.304,93.0,91.57456
46.979166666666664,37.479166666666664,10.3995,977.4174,39.708,287.0,64.29286
42.0625,31.395833333333336,22.837667,928.3842,39.704002,68.0,82.73726
48.6875,35.9375,10.357333,948.9575,40.724,297.0,74.15017
48.229166666666664,28.5625,25.831833,860.26404,37.768,104.0,92.03497
39.9375,36.604166666666664,18.286333,959.4178,40.648,333.0,79.51218
41.4375,31.8125,21.584,917.5292,39.208,80.0,77.33311
42.604166666666664,29.5625,23.149334,923.47614,39.128002,98.0,81.21541
43.3125,30.104166666666668,23.355333,937.72986,39.232002,94.0,87.134834
48.1875,28.6875,25.8215,869.08057,38.100002,102.0,93.020065
41.854166666666664,34.770833333333336,21.083,976.709,39.232,194.0,83.896484
44.104166666666664,32.479166666666664,24.064,985.2003,40.62,95.0,91.04271
43.729166666666664,33.229166666666664,22.880167,956.10205,40.996002,128.0,86.4385
48.479166666666664,35.104166666666664,10.027,963.3711,42.38,314.0,74.133736
40.9375,33.979166666666664,19.927334,921.5738,38.596,129.0,79.599396
47.64583333333333,31.4375,23.3895,843.23987,35.592,197.0,100.629974
48.354166666666664,34.1875,13.097167,835.70233,38.296,358.0,79.705284
42.479166666666664,29.895833333333336,23.267666,928.0249,39.676,90.0,81.893295
46.229166666666664,35.6875,10.854334,965.7466,39.452,723.0,85.177574
45.145833333333336,36.604166666666664,10.472834,989.2469,38.135998,602.0,80.989494
43.770833333333336,35.020833333333336,24.342499,881.71277,37.416,242.0,92.26812
44.854166666666664,29.729166666666668,24.317999,920.922,38.715996,117.0,84.34114
47.4375,35.104166666666664,10.5575,957.3315,42.064,427.0,77.45033
47.52083333333333,29.895833333333336,24.892,899.9896,38.956,109.0,90.64369
49.104166666666664,31.854166666666668,25.325,951.61304,39.652,387.0,108.21085
44.979166666666664,28.895833333333336,24.747166,927.40186,38.9,161.0,81.77691
45.64583333333333,34.479166666666664,21.197666,927.5911,38.384,440.0,94.972176
40.020833333333336,37.729166666666664,14.998333,1034.5228,40.424,637.0,74.041664
46.52083333333333,34.229166666666664,12.884666,903.86273,38.52,550.0,85.55875
48.3125,36.770833333333336,11.662833,862.7013,37.48,289.0,67.04441
45.729166666666664,30.1875,24.507668,889.57587,37.744003,98.0,91.133606
46.479166666666664,28.604166666666668,25.274,888.7734,38.268,200.0,81.03828
44.854166666666664,33.979166666666664,22.942,906.7817,38.02,206.0,95.79861
43.104166666666664,34.104166666666664,22.867167,861.20483,33.392,130.0,81.123024
47.27083333333333,31.729166666666668,24.090168,902.31696,38.04,196.0,99.572105
39.9375,34.5625,19.353666,916.4328,37.648,122.0,76.83042
40.8125,32.1875,20.407667,893.0996,38.392,97.0,75.760445
46.77083333333333,37.229166666666664,9.0815,972.3934,38.447998,319.0,68.63817
47.229166666666664,33.1875,18.9625,931.66785,38.968002,410.0,88.02092
47.729166666666664,34.270833333333336,10.978333,905.2895,40.176003,412.0,79.14721
47.229166666666664,35.1875,9.993333,972.482,41.56,457.0,78.52558
42.4375,37.145833333333336,19.539,957.3447,38.444,663.0,87.58355
47.9375,34.104166666666664,12.0338335,889.8669,40.228,396.0,79.27796
47.729166666666664,29.770833333333336,25.3665,915.4339,39.696,103.0,92.099304
45.145833333333336,32.9375,23.455,937.35986,39.764,163.0,95.08094
41.270833333333336,32.5625,20.6895,906.90607,38.711998,97.0,75.02974
46.64583333333333,32.229166666666664,24.3155,929.1837,39.14,192.0,96.39622
43.145833333333336,32.729166666666664,22.719,964.4764,40.843998,86.0,83.51267
48.02083333333333,29.9375,25.42526,887.7639,38.600002,128.0,93.13345
47.77083333333333,30.645833333333336,24.377333,882.7474,37.428,155.0,95.15359
41.020833333333336,36.479166666666664,18.902834,965.22296,39.452,331.0,82.662285
43.145833333333336,33.979166666666664,22.681667,861.4886,33.496002,129.0,79.599396
46.979166666666664,30.104166666666668,24.5465,877.38055,38.1,101.0,90.841
41.770833333333336,31.770833333333336,22.0945,919.3163,39.376,69.0,77.91394
41.520833333333336,34.979166666666664,21.3025,972.9182,39.28,182.0,84.47663
45.0625,37.6875,10.6875,890.32513,36.456,336.0,66.63783
47.39583333333333,35.645833333333336,9.868167,989.2089,42.148,403.0,75.839645
46.02083333333333,32.6875,24.065166,932.5725,39.575996,180.0,96.38347
41.270833333333336,33.479166666666664,20.153334,929.1411,38.996,120.0,78.8726
45.395833333333336,31.1875,25.239666,913.46643,38.399998,108.0,95.15537
47.02083333333333,31.395833333333336,23.996332,881.87335,37.843998,156.0,98.92746
46.77083333333333,32.020833333333336,24.2285,921.86664,39.064003,188.0,97.36529
49.229166666666664,30.645833333333336,25.807667,931.658,38.503998,255.0,114.69884
47.3125,32.895833333333336,16.186167,911.04565,38.396,415.0,86.15779
47.6875,30.729166666666668,24.359333,883.7297,37.852,152.0,95.82716
41.229166666666664,34.395833333333336,21.124,942.04956,38.212,145.0,82.5438
39.645833333333336,33.1875,18.259333,831.4442,36.944,122.0,78.05427
42.395833333333336,31.979166666666668,22.516832,920.83563,39.651997,64.0,83.91095
41.895833333333336,36.854166666666664,20.109167,973.4296,39.095997,447.0,87.28855
47.8125,30.520833333333336,24.677166,893.2203,37.048,159.0,95.00818
40.3125,36.020833333333336,18.781334,952.6178,39.343998,252.0,81.42698
47.77083333333333,34.854166666666664,10.624833,936.47565,42.316,389.0,77.04272
45.854166666666664,31.354166666666668,24.623333,906.9818,38.280003,117.0,96.356766
41.5625,32.0625,21.507166,913.0015,39.224,81.0,76.658035
43.770833333333336,31.9375,23.429832,974.57684,40.227997,71.0,86.62825
47.39583333333333,37.3125,10.163667,933.73004,37.996,277.0,63.25653
47.354166666666664,28.520833333333336,25.462833,887.6011,38.372,145.0,84.3261
45.854166666666664,33.770833333333336,19.922832,920.852,37.676,387.0,94.33455
46.14583333333333,30.6875,24.710167,877.1134,37.188,84.0,94.14689
41.645833333333336,36.229166666666664,20.6115,1003.51996,38.44,372.0,86.335594
44.854166666666664,30.979166666666668,24.369333,927.99994,38.012,97.0,94.174614
41.520833333333336,35.8125,20.895834,988.07806,38.548,281.0,86.55397
45.52083333333333,29.979166666666668,24.6445,897.34753,37.888,106.0,88.84978
45.229166666666664,31.729166666666668,24.453833,918.7639,38.603996,116.0,88.78921
44.9375,30.520833333333336,24.312,921.82715,37.628002,96.0,91.869225
45.270833333333336,34.520833333333336,22.480667,932.17926,38.488,330.0,96.12079
49.229166666666664,31.479166666666668,25.841833,958.40234,40.472,334.0,110.566414
47.02083333333333,34.145833333333336,14.044833,898.32477,40.803997,485.0,83.06459
46.64583333333333,32.854166666666664,23.572834,937.8375,39.7,265.0,95.24344
48.0625,35.3125,9.675333,973.9865,42.596,344.0,74.620155
43.520833333333336,29.1875,23.472,927.5556,39.38,121.0,83.3579
47.8125,32.1875,24.132,931.77057,40.156,308.0,103.49572
40.270833333333336,37.8125,15.640333,1033.0433,41.688,527.0,75.40622
43.895833333333336,36.854166666666664,15.655666,999.43036,38.496,834.0,92.554985
43.520833333333336,31.145833333333336,23.1735,953.62866,39.744,81.0,92.57763
45.395833333333336,36.770833333333336,11.0265,970.28467,38.691998,495.0,77.593796
46.4375,29.270833333333336,25.099333,846.2706,37.531998,159.0,85.37866
46.479166666666664,36.395833333333336,11.421,949.20056,39.871998,463.0,74.70581
43.0625,29.729166666666668,23.513332,930.1352,39.556,98.0,81.87877
46.6875,33.354166666666664,16.692,927.04834,37.836002,436.0,85.45771
47.14583333333333,28.770833333333336,25.384,878.3044,38.376,156.0,84.95333
43.604166666666664,29.9375,23.604166,937.90125,39.236,98.0,83.83734
40.9375,37.020833333333336,18.427668,956.71765,40.100002,419.0,80.46232
43.645833333333336,30.020833333333336,23.746,939.4158,39.304,96.0,87.872986
44.895833333333336,37.104166666666664,5.4266667,968.4614,37.224,598.0,74.65442
40.104166666666664,36.6875,18.198,936.06464,39.968,330.0,78.76463
46.4375,29.9375,24.5755,863.45715,37.3,104.0,90.327835
43.895833333333336,31.979166666666668,23.751667,978.8489,40.432,72.0,88.27348
42.229166666666664,35.1875,22.034334,971.13934,38.452,230.0,87.685486
47.104166666666664,36.895833333333336,6.7243333,953.3298,38.124,354.0,69.90887
44.854166666666664,34.520833333333336,23.3045,948.86285,39.38,265.0,98.64013
40.229166666666664,33.145833333333336,18.947,846.1233,36.968,119.0,75.78567
42.729166666666664,33.479166666666664,22.547667,970.95605,41.328,107.0,82.648636
48.229166666666664,29.9375,25.592993,867.38684,37.418182,138.0,95.11715
44.979166666666664,36.020833333333336,19.091,988.4286,37.588,747.0,103.68177
40.229166666666664,37.9375,15.773,1033.0842,41.011997,518.0,74.34389
43.8125,33.854166666666664,23.354166,926.3434,39.764004,146.0,85.18116
45.104166666666664,29.020833333333336,24.7545,923.1795,39.059998,163.0,82.62053
41.604166666666664,35.520833333333336,21.011667,982.4748,38.324,250.0,86.78883
39.3125,33.895833333333336,17.936,848.9759,36.408,116.0,74.07095
46.9375,31.1875,24.252333,887.05194,39.488,130.0,95.257324
41.145833333333336,36.270833333333336,19.235834,971.2536,38.968002,340.0,82.82354
45.64583333333333,35.395833333333336,19.590666,993.21533,40.396,708.0,94.24072
45.020833333333336,37.9375,11.404,938.13275,38.348,340.0,65.25754
41.229166666666664,33.104166666666664,20.305166,914.3161,39.031998,109.0,76.5231
42.479166666666664,31.645833333333336,22.728333,929.28094,39.579998,67.0,83.313835
45.64583333333333,28.854166666666668,25.065,915.1597,38.559998,185.0,81.16346
48.979166666666664,32.229166666666664,24.263834,948.7881,39.488,420.0,105.64855
40.270833333333336,34.479166666666664,19.752,919.72577,37.712,125.0,78.82843
41.729166666666664,37.854166666666664,16.390333,996.747,39.44,695.0,74.46562
48.0625,37.354166666666664,9.525666,879.1993,36.5,275.0,55.022587
47.6875,30.229166666666668,24.7965,901.7866,38.587997,140.0,94.87629
44.354166666666664,29.729166666666668,23.868334,932.1382,39.02,114.0,84.06298
45.52083333333333,33.145833333333336,23.6445,936.9013,39.628002,199.0,98.3098
45.854166666666664,34.729166666666664,19.5975,932.3679,38.724,589.0,92.91582
49.39583333333333,30.270833333333336,25.783333,893.4139,36.984,231.0,116.50221
39.979166666666664,32.229166666666664,19.338167,858.9942,37.792004,108.0,74.58979
47.104166666666664,35.145833333333336,10.269334,965.0017,41.156,482.0,79.38414
40.3125,36.270833333333336,18.102833,953.2902,39.756,318.0,79.69137
45.270833333333336,35.979166666666664,12.768333,991.17535,38.34,767.0,90.81204
48.02083333333333,33.604166666666664,17.344166,879.8383,39.947998,451.0,85.135254
46.104166666666664,34.6875,16.108,933.741,38.796,656.0,91.01868
47.3125,35.0625,10.1255,964.94415,41.584,444.0,78.36307
45.979166666666664,29.6875,24.799334,876.57434,37.652,117.0,88.88247
45.9375,35.229166666666664,19.316166,969.43445,40.128,702.0,92.40919
46.229166666666664,31.270833333333336,24.152666,885.4994,37.532,119.0,91.22406
40.979166666666664,35.854166666666664,19.890333,973.057,38.92,252.0,81.86408
41.0625,34.229166666666664,20.757166,932.1759,38.315998,135.0,82.454124
43.479166666666664,34.8125,25.119833,845.5247,36.275997,209.0,91.137596
48.14583333333333,34.104166666666664,10.242333,886.3385,39.056,381.0,79.144714
40.770833333333336,35.8125,19.740334,967.2111,38.796,238.0,81.454414
43.395833333333336,37.395833333333336,8.783333,997.6949,36.992,743.0,71.71544
48.39583333333333,36.1875,9.736167,947.1207,40.184,304.0,71.51008
46.27083333333333,34.1875,13.894167,892.1109,37.828,561.0,87.72265
49.3125,32.9375,14.0199995,916.1931,39.300003,330.0,87.463745
41.354166666666664,33.354166666666664,20.375334,930.6231,39.312,116.0,77.8575
42.520833333333336,32.729166666666664,21.7765,949.33685,40.368,86.0,80.35173
48.604166666666664,35.1875,10.766666,991.7262,44.14,321.0,72.75881
44.520833333333336,34.229166666666664,23.5445,929.5467,39.224,202.0,95.72609
46.52083333333333,31.645833333333336,24.252,910.9953,38.899998,151.0,97.992744
47.854166666666664,31.104166666666668,24.488333,894.2711,38.976,194.0,100.58484
43.479166666666664,37.645833333333336,6.5715,980.8293,37.475998,658.0,64.24577
45.1875,33.5625,23.214666,931.9857,39.4,213.0,98.6339
44.479166666666664,28.8125,24.5725,928.8575,39.428,153.0,82.113335
45.479166666666664,33.270833333333336,23.5235,935.158,39.708,212.0,98.7368
44.270833333333336,34.1875,23.734,923.785,39.36,187.0,92.51047
39.729166666666664,33.3125,18.2105,837.38873,36.888004,123.0,77.50312
48.979166666666664,31.854166666666668,25.302,937.98004,39.212,368.0,108.59697
43.0625,33.0625,22.463667,965.3899,41.228,99.0,85.637726
40.0625,35.270833333333336,19.771667,974.14874,39.472,153.0,81.34851
40.479166666666664,35.8125,19.1625,961.73254,38.812,234.0,81.612114
44.729166666666664,34.729166666666664,23.202,954.60223,39.52,278.0,99.85483
47.02083333333333,30.729166666666668,24.337833,878.615,38.652,96.0,97.67212
49.0625,32.5625,21.227833,928.25977,38.808002,424.0,99.58403
39.9375,37.645833333333336,13.3575,1013.4103,39.068,755.0,73.496796
42.5625,30.854166666666668,23.249166,938.9581,39.584,74.0,85.56807
44.270833333333336,29.645833333333336,23.877,932.0808,39.096,114.0,82.47861
41.145833333333336,32.854166666666664,20.139166,901.11957,38.587997,105.0,76.01641
40.729166666666664,34.6875,20.534166,933.3803,37.848,144.0,82.19684
43.895833333333336,37.354166666666664,5.744167,963.43146,36.088,676.0,67.57387
43.1875,35.770833333333336,22.0645,967.79913,39.284,343.0,90.202446
44.729166666666664,35.8125,20.0095,1023.11346,40.472,654.0,100.09182
41.6875,34.479166666666664,21.514666,976.5422,38.868,159.0,82.87754
48.77083333333333,33.854166666666664,14.867666,853.25946,38.38,347.0,81.91998
46.6875,34.895833333333336,13.034333,976.8052,41.452,593.0,83.910904
48.39583333333333,32.395833333333336,24.068,945.36273,39.620003,410.0,106.00908
45.979166666666664,33.479166666666664,22.504168,927.21643,38.876,295.0,96.647354
42.604166666666664,34.8125,22.880667,952.12634,39.028,203.0,86.44886
41.395833333333336,34.4375,21.295166,951.0721,38.315998,147.0,81.611336
44.8125,33.520833333333336,23.113167,935.6143,40.192,184.0,95.29065
41.354166666666664,33.4375,20.317,933.6254,39.348,118.0,78.506775
49.354166666666664,33.395833333333336,12.475166,948.2081,40.628,291.0,83.024605
44.395833333333336,31.270833333333336,24.051834,951.74884,39.028,83.0,89.39315
40.104166666666664,32.229166666666664,19.291166,864.39886,37.708,107.0,74.532394
42.770833333333336,29.4375,23.165834,924.4998,39.272,105.0,82.414696
48.229166666666664,36.979166666666664,11.253834,858.04846,36.976,285.0,63.16308
39.604166666666664,35.895833333333336,19.3215,957.258,39.232002,189.0,81.34733
45.8125,35.8125,12.139667,982.0867,39.636,807.0,90.46601
45.3125,33.979166666666664,23.042833,936.08905,39.268,263.0,97.900795
48.14583333333333,35.229166666666664,9.385,973.2893,42.367996,340.0,74.934235
48.77083333333333,32.8125,21.803333,940.4181,38.844,432.0,98.57878
40.729166666666664,33.9375,19.732834,907.9774,38.163998,128.0,78.67172
42.0625,37.729166666666664,14.907667,968.0716,37.024002,789.0,74.53808
45.604166666666664,33.895833333333336,22.363,928.06366,38.856,315.0,98.121864
46.479166666666664,28.895833333333336,25.385,858.4767,37.896,175.0,81.65167
46.6875,37.145833333333336,9.108167,971.359,38.652,335.0,69.76618
47.27083333333333,33.4375,18.784,921.78094,40.34,431.0,88.482666
43.229166666666664,34.854166666666664,24.807833,869.77057,37.164,204.0,89.79963
43.104166666666664,32.479166666666664,22.565,960.91675,40.428,78.0,83.46051
46.854166666666664,29.479166666666668,25.3255,854.978,37.88,131.0,88.62503
44.3125,31.979166666666668,24.321167,974.9111,40.024,70.0,82.744026
45.854166666666664,32.270833333333336,24.411667,932.8442,39.436,135.0,93.34364
39.479166666666664,33.020833333333336,18.137167,825.3487,36.44,119.0,76.68622
46.89583333333333,29.1875,25.277834,843.6064,37.54,152.0,85.91839
45.1875,35.854166666666664,16.028334,1000.5636,38.800003,787.0,95.47254
44.020833333333336,37.354166666666664,12.4366665,1014.89984,38.148,736.0,79.28485
41.1875,34.770833333333336,21.318333,959.17413,38.547997,147.0,82.8706
44.895833333333336,30.8125,24.384167,925.39404,37.851997,97.0,94.99008
47.39583333333333,35.0625,10.087,964.9619,41.812,431.0,78.282745
47.77083333333333,35.645833333333336,11.26,978.5464,42.372,371.0,74.59358
46.229166666666664,34.770833333333336,13.901667,946.1964,38.975998,688.0,89.14985
44.520833333333336,32.8125,23.124834,944.927,39.936,133.0,90.689
41.6875,37.479166666666664,16.919334,980.27203,38.58,681.0,78.14085
43.770833333333336,36.270833333333336,19.848,1016.69745,41.036,557.0,93.94826
46.77083333333333,33.854166666666664,15.608167,901.3191,38.892,481.0,86.173065
41.145833333333336,31.6875,21.329,917.2091,39.104,88.0,75.606636
43.770833333333336,36.895833333333336,15.096833,994.7486,38.308002,850.0,90.77364
44.270833333333336,31.979166666666668,24.338833,973.4939,39.82,65.0,82.854515
42.770833333333336,33.8125,22.667334,975.87213,40.792,119.0,82.16083
47.89583333333333,31.270833333333336,24.378334,894.5606,38.348,202.0,102.11245
42.854166666666664,32.270833333333336,22.641333,947.2618,40.272,73.0,80.866646
43.395833333333336,36.020833333333336,20.971167,987.2535,39.6,415.0,90.1248
46.0625,31.270833333333336,24.315,894.8641,38.052,114.0,93.71069
47.14583333333333,30.3125,24.454,883.86224,38.208,103.0,93.38013
40.6875,33.395833333333336,19.5265,882.62946,37.943996,120.0,78.8726
46.604166666666664,32.354166666666664,24.369667,933.6786,39.596,200.0,96.06989
47.104166666666664,30.395833333333336,24.416834,884.713,38.26,98.0,93.939575
43.729166666666664,34.604166666666664,24.592834,861.839,36.672,181.0,88.26779
40.395833333333336,36.729166666666664,18.045,926.95264,39.628,334.0,79.30593
40.395833333333336,37.5625,15.2205,1027.1515,41.232002,649.0,76.71218
40.645833333333336,37.8125,16.0235,993.7303,40.58,561.0,76.797554
43.9375,35.895833333333336,20.359333,1012.2054,40.607998,467.0,90.67659
42.6875,30.520833333333336,23.351667,941.23096,39.752,78.0,84.80518
43.4375,34.229166666666664,23.992666,909.85504,39.200005,163.0,86.215675
42.729166666666664,35.604166666666664,22.654167,961.35376,38.404,297.0,89.59052
40.8125,37.354166666666664,15.651999,990.22565,39.468,684.0,78.95176
47.4375,36.395833333333336,7.002,963.2236,38.88,372.0,71.52211
46.229166666666664,28.645833333333336,25.2405,901.68823,38.416,211.0,80.879036
41.270833333333336,37.854166666666664,16.208834,998.36426,41.34,666.0,75.4523
42.854166666666664,36.9375,18.604666,983.04004,39.095997,770.0,90.43141
44.645833333333336,35.895833333333336,20.642166,1013.4718,39.976,603.0,100.14883
40.9375,37.854166666666664,16.236,979.36694,40.708,591.0,76.96269
40.770833333333336,34.854166666666664,20.5635,950.1846,38.452003,146.0,82.935326
42.1875,30.4375,23.144333,934.2667,39.68,79.0,81.765656
40.854166666666664,32.395833333333336,20.253834,889.5406,38.204,102.0,75.17293
46.4375,29.645833333333336,24.789,856.5624,37.424,132.0,90.38358
41.9375,33.270833333333336,20.934334,961.52136,40.059998,107.0,76.73248
45.229166666666664,33.979166666666664,23.1485,938.2147,39.255997,256.0,98.21716
46.604166666666664,29.979166666666668,24.589333,863.63275,37.556,102.0,89.824814
40.1875,37.020833333333336,17.653334,931.08185,39.98,396.0,79.54534
44.8125,33.854166666666664,23.078333,916.54926,38.983997,202.0,94.916405
44.9375,37.1875,9.494667,960.0561,37.244,482.0,71.82784
43.145833333333336,36.770833333333336,18.161833,993.66156,38.784,744.0,93.21566
41.645833333333336,32.0625,21.618,914.1801,39.388,78.0,76.59417
45.77083333333333,37.8125,12.825167,989.06116,39.1,259.0,61.77539
47.14583333333333,37.9375,9.5095,954.441,39.288,272.0,60.30526
48.77083333333333,30.645833333333336,25.334167,910.7182,37.868,215.0,107.548386
42.0625,33.020833333333336,21.282333,951.79956,40.46,96.0,75.952614
44.229166666666664,36.270833333333336,18.262333,1016.8815,40.36,807.0,98.863106
45.8125,37.895833333333336,12.577666,995.6175,39.012,265.0,61.3896
40.854166666666664,32.9375,19.932,885.8158,38.359997,107.0,75.51813
44.8125,30.645833333333336,24.318167,927.0362,38.087997,93.0,92.477745
47.104166666666664,35.354166666666664,10.8155,968.62714,41.364,469.0,78.55087
41.145833333333336,31.3125,21.9375,929.5084,39.36,86.0,78.28962
46.104166666666664,29.5625,24.787666,870.2083,37.488,131.0,86.13407
48.8125,34.104166666666664,11.1725,879.33777,39.212,293.0,79.03574
46.0625,31.0625,24.314,882.8836,37.412,101.0,92.18535
47.02083333333333,36.479166666666664,9.881667,964.46875,40.18,390.0,72.47928
43.604166666666664,31.3125,23.2335,957.41565,39.828,77.0,89.52173
45.145833333333336,33.020833333333336,23.498167,939.9458,39.975998,171.0,96.13477
44.1875,34.104166666666664,23.446333,901.73566,38.444,169.0,89.684875
40.645833333333336,35.270833333333336,20.130667,966.49677,38.976,174.0,81.954185
42.604166666666664,36.229166666666664,21.390999,990.9075,39.412,426.0,92.42631
46.354166666666664,34.854166666666664,15.4,962.68164,40.128,683.0,89.00946
48.64583333333333,30.229166666666668,25.452333,863.41583,36.104,175.0,104.1385
47.3125,30.4375,24.369333,888.90826,38.1,113.0,94.36794
48.64583333333333,32.020833333333336,24.336666,912.7135,38.447998,365.0,107.64645
39.354166666666664,34.3125,18.510166,871.8538,36.76,120.0,75.06571
45.77083333333333,37.3125,12.534,923.26794,34.436,332.0,69.215576
41.5625,33.1875,20.651167,937.66595,39.587997,107.0,77.92792
49.229166666666664,31.0625,25.937166,952.68646,39.648003,288.0,112.59582
43.145833333333336,37.145833333333336,15.9545,993.1109,39.032,807.0,86.18602
48.52083333333333,32.5625,23.023,942.4576,39.404,429.0,101.443726
43.270833333333336,32.1875,22.923166,962.8976,40.68,75.0,83.82283
43.4375,37.354166666666664,9.5515,1000.7133,37.348,759.0,73.1175
44.604166666666664,33.479166666666664,22.910833,931.4396,40.048,171.0,92.529594
41.770833333333336,32.895833333333336,21.010166,933.1757,39.656,98.0,76.693504
45.8125,29.5625,24.9215,886.2103,37.776,133.0,86.68732
39.395833333333336,34.3125,18.493666,873.44543,36.9,122.0,75.393616
48.479166666666664,35.3125,10.425833,983.70856,43.54,324.0,73.964714
45.604166666666664,32.3125,24.070168,929.8768,39.36,135.0,93.278725
42.270833333333336,34.479166666666664,22.254168,998.85486,40.184,167.0,82.62458
48.14583333333333,32.145833333333336,24.189333,934.87103,39.927998,347.0,104.92606
43.4375,33.1875,22.813168,954.7973,40.884003,112.0,85.70077
43.895833333333336,33.0625,23.118166,967.1338,41.308,122.0,86.81012
47.8125,30.145833333333336,25.040833,906.29816,39.096,137.0,94.76254
48.9375,31.0625,25.591333,944.3814,39.699997,269.0,110.62002
44.854166666666664,35.1875,22.0435,988.38477,40.08,405.0,98.76931
47.479166666666664,31.229166666666668,24.207333,890.5565,38.66,168.0,98.59621
44.145833333333336,33.229166666666664,22.551167,932.37915,39.836,139.0,86.42367
43.270833333333336,30.354166666666668,23.461666,942.6355,39.732,89.0,91.95573
48.5625,35.770833333333336,10.673833,954.8296,41.62,312.0,73.227486
44.354166666666664,33.1875,22.859833,943.83276,40.356,143.0,89.89004
45.854166666666664,36.270833333333336,11.841,976.9844,39.972,618.0,82.8855
43.395833333333336,29.354166666666668,23.288166,928.58777,39.275997,113.0,83.63662
46.229166666666664,36.270833333333336,10.370167,963.6463,40.152,525.0,78.024155
44.8125,34.1875,23.500834,937.1328,39.559998,222.0,97.48496
45.604166666666664,32.020833333333336,24.436167,930.62335,39.416,126.0,94.13091
42.3125,32.3125,21.995333,926.9455,39.844,72.0,80.35173
41.9375,30.3125,23.099667,931.5584,39.592,79.0,82.53538
45.1875,37.520833333333336,10.903833,902.9781,36.920002,332.0,66.592674
44.395833333333336,32.229166666666664,23.826334,956.89526,39.488,83.0,86.086754
42.395833333333336,36.0625,21.782166,991.90027,39.164,357.0,90.93144
45.8125,35.604166666666664,15.579833,993.08185,40.232,949.0,95.29831
42.895833333333336,37.270833333333336,13.635667,978.1837,37.024,796.0,79.646904
42.6875,34.9375,23.1765,940.5763,38.516003,213.0,87.34374
48.9375,35.520833333333336,9.700833,982.12006,42.224003,293.0,73.88228
45.52083333333333,34.4375,21.878166,938.12415,38.66,395.0,95.38568
44.854166666666664,30.8125,24.3405,926.2928,37.804,94.0,94.81868
39.770833333333336,36.770833333333336,18.157667,956.06433,40.440002,370.0,79.254196
44.395833333333336,36.6875,16.0185,1012.79504,38.972,765.0,93.18707
41.354166666666664,36.145833333333336,20.06,984.6965,38.795998,335.0,84.32857
45.64583333333333,31.3125,24.820168,907.2101,37.948,115.0,97.23634
44.645833333333336,37.895833333333336,9.0605,974.1386,39.204,483.0,59.85764
43.854166666666664,35.854166666666664,20.4065,1005.0526,40.516,444.0,90.86312
47.02083333333333,28.770833333333336,25.397833,871.5178,38.2,156.0,82.34729
45.020833333333336,35.979166666666664,18.020666,1014.0453,38.952003,760.0,98.64224
43.145833333333336,34.395833333333336,24.063168,915.4344,38.828,166.0,86.80358
48.9375,35.395833333333336,9.8275,983.1083,42.244003,294.0,72.95498
39.770833333333336,35.145833333333336,19.5385,956.2438,38.792,143.0,80.62287
45.354166666666664,34.520833333333336,22.461,945.641,38.848,356.0,96.456154
45.9375,33.395833333333336,23.021667,928.67786,38.876,275.0,98.194466
49.14583333333333,32.604166666666664,16.4625,904.39044,37.724,379.0,90.81173
42.145833333333336,36.729166666666664,20.295834,971.9376,38.604004,428.0,90.62766
42.1875,34.604166666666664,21.610834,986.88293,39.684002,185.0,83.901794
49.3125,32.5625,13.953667,904.9535,38.296,344.0,88.161415
45.729166666666664,29.354166666666668,25.058167,895.23224,38.324,153.0,84.934235
48.02083333333333,32.645833333333336,23.709667,943.9613,40.056,388.0,100.80043
45.8125,37.3125,12.819834,935.5937,35.48,335.0,68.25377
48.5625,31.854166666666668,24.687334,923.9595,38.792,335.0,107.24474
47.1875,36.4375,8.114333,965.4288,39.344,378.0,72.99628
45.145833333333336,33.729166666666664,23.184334,929.9995,39.336002,219.0,98.243515
48.77083333333333,35.645833333333336,9.720833,964.2747,41.607998,302.0,73.63434
48.729166666666664,32.520833333333336,23.432667,952.91345,40.24,430.0,102.743286
47.14583333333333,30.1875,24.505333,884.77,38.3,108.0,94.00194
46.479166666666664,30.104166666666668,24.6555,869.2143,37.584,98.0,90.05883
45.145833333333336,36.0625,15.8105,1001.71765,38.711998,769.0,94.262474
43.270833333333336,36.395833333333336,20.440666,999.929,40.036003,532.0,91.751465
43.895833333333336,32.8125,23.641666,977.90295,41.559998,101.0,85.731575
46.479166666666664,37.104166666666664,11.297334,974.3159,38.892002,340.0,70.81685
45.854166666666664,37.270833333333336,13.410833,952.3264,37.204,339.0,68.7654
47.604166666666664,37.895833333333336,8.800834,885.1808,37.952,263.0,59.98888
42.895833333333336,34.1875,23.215666,956.6555,40.148,142.0,83.120575
48.27083333333333,32.229166666666664,23.830667,928.16644,39.384,363.0,106.18571
46.8125,31.854166666666668,24.271833,915.79834,39.108,177.0,97.6557
43.104166666666664,29.1875,23.339834,923.9643,38.964,116.0,82.44316
47.229166666666664,36.520833333333336,7.7848334,979.62134,39.512,370.0,71.7446
43.520833333333336,34.520833333333336,24.511,881.2955,37.7,182.0,89.51442
46.729166666666664,36.354166666666664,10.1005,963.3348,39.963997,428.0,74.24754
49.479166666666664,33.3125,11.948167,961.36694,41.292,278.0,82.39733
44.6875,29.479166666666668,24.550833,926.2808,39.031998,125.0,83.63667
40.8125,32.270833333333336,20.322166,890.4397,38.275997,98.0,75.69959
43.729166666666664,32.270833333333336,23.746334,979.0676,40.76,78.0,87.062035
47.9375,31.0625,24.500834,903.6297,38.788002,191.0,101.21575
46.854166666666664,32.770833333333336,23.313833,936.72107,40.228,283.0,94.071754
43.645833333333336,34.4375,24.3975,890.7026,38.100002,177.0,88.56362
43.9375,36.020833333333336,19.986,1009.4988,41.079998,498.0,91.967415
42.895833333333336,36.270833333333336,20.830833,992.5613,39.764,489.0,91.32187
41.520833333333336,30.895833333333336,22.812666,940.89484,39.844,76.0,79.58382
47.64583333333333,28.8125,25.440834,898.0176,38.812,120.0,87.62669
48.354166666666664,36.6875,11.471167,864.99835,37.36,296.0,68.26189
42.895833333333336,31.479166666666668,22.989834,944.2724,39.819996,69.0,86.41334
44.604166666666664,30.020833333333336,24.0655,926.4501,38.756,105.0,85.93657
42.979166666666664,33.1875,22.603666,963.2626,42.04,104.0,85.79841
45.729166666666664,33.770833333333336,22.439833,926.6852,38.728,312.0,97.56992
48.1875,34.645833333333336,11.684167,901.30597,40.928,356.0,77.28309
47.3125,29.020833333333336,25.400667,887.4478,38.879997,142.0,85.99289
47.89583333333333,36.354166666666664,11.771667,940.91907,39.64,318.0,71.16504
44.729166666666664,31.229166666666668,24.330334,934.99457,38.124,94.0,92.58051
48.39583333333333,33.979166666666664,7.003,915.0808,38.132,374.0,78.567215
46.64583333333333,30.604166666666668,24.419333,877.43463,37.756,88.0,93.5599
45.9375,37.1875,13.328167,956.85156,38.216,363.0,71.41255
45.6875,28.770833333333336,25.088167,919.4589,38.7,196.0,81.60161
39.8125,33.8125,18.659,859.8025,36.916,123.0,75.43663
43.520833333333336,36.0625,20.471167,987.3829,39.531998,438.0,91.2955
40.6875,33.520833333333336,19.343666,886.741,37.768,124.0,78.59052
45.354166666666664,31.020833333333336,25.073668,912.2709,38.152,102.0,95.8993
45.604166666666664,31.854166666666668,24.459,926.9806,38.96,125.0,94.6677
40.6875,32.229166666666664,20.1245,886.3359,38.232002,102.0,75.17293
45.604166666666664,28.854166666666668,25.135334,916.9771,38.676,182.0,81.79902
44.979166666666664,32.104166666666664,23.617666,913.85333,38.68,117.0,86.18639
44.5625,29.979166666666668,24.089666,926.4672,38.74,106.0,85.616486
40.645833333333336,34.729166666666664,20.424667,943.911,38.264,140.0,81.860146
45.104166666666664,36.8125,10.567833,986.8284,38.624,535.0,77.72235
48.729166666666664,31.895833333333336,24.833,929.8986,39.248,356.0,107.44538
39.645833333333336,33.0625,18.239834,830.33496,36.792,124.0,80.19518
40.770833333333336,34.145833333333336,19.989166,918.45734,38.444,126.0,79.99828
44.8125,33.8125,23.065,916.347,39.067997,197.0,95.05528
44.8125,30.395833333333336,24.232,923.1088,37.888,95.0,91.54369
45.729166666666664,36.6875,11.1515,953.7647,38.172,487.0,77.76575
44.645833333333336,34.4375,23.678333,939.5297,39.496,225.0,97.94617
39.729166666666664,33.645833333333336,18.344,846.9023,36.8,123.0,76.28878
43.0625,31.229166666666668,23.239334,947.885,39.776,72.0,91.168465
49.229166666666664,32.1875,24.421,952.7495,39.372,424.0,106.3393
41.9375,30.270833333333336,23.1055,930.5909,39.648003,80.0,83.488144
45.3125,34.895833333333336,20.0735,972.25775,39.151997,535.0,96.49232
47.104166666666664,32.729166666666664,23.374834,932.6235,39.920002,310.0,96.52669
45.52083333333333,35.104166666666664,18.381,979.43414,38.852,717.0,94.78479
47.104166666666664,32.020833333333336,24.241333,916.6314,39.256,217.0,100.31164
43.3125,31.520833333333336,22.93,956.5478,39.9,74.0,89.21375
41.770833333333336,31.854166666666668,22.000334,918.0854,39.596,73.0,79.73849
46.229166666666664,31.604166666666668,24.234667,900.73865,38.188,136.0,98.59899
46.6875,32.5625,24.188833,936.0038,39.612003,240.0,98.452255
43.8125,33.729166666666664,23.212168,936.9814,40.192,141.0,84.94355
47.479166666666664,30.770833333333336,23.991167,858.6713,36.084,131.0,95.57585
47.979166666666664,31.0625,24.5585,907.32623,39.036,193.0,101.98442
47.604166666666664,30.604166666666668,24.338333,876.8122,37.9,138.0,95.30048
48.4375,36.5625,9.259167,906.17993,37.92,294.0,68.95516
48.6875,31.770833333333336,24.63,914.85205,38.068,326.0,107.15066
44.770833333333336,32.8125,23.446833,947.0505,40.64,141.0,94.36243
44.5625,29.9375,24.144833,927.2318,38.823997,106.0,85.616486
44.604166666666664,31.645833333333336,24.061333,928.46045,37.615997,83.0,84.0405
44.0625,34.6875,24.306168,903.70795,38.435997,208.0,94.970436
48.604166666666664,32.145833333333336,24.2455,919.36206,38.859997,385.0,107.02641
47.854166666666664,28.604166666666668,25.569334,890.8205,38.656002,114.0,87.33437
40.270833333333336,36.104166666666664,18.654,950.5444,39.512,267.0,80.17523
49.104166666666664,30.4375,25.27468,879.90356,35.146152,230.0,110.714645
45.77083333333333,33.1875,23.617666,932.1522,39.8,220.0,97.25172
43.604166666666664,36.770833333333336,18.928667,1003.24774,39.975998,792.0,95.284645
48.104166666666664,37.354166666666664,9.997334,861.0254,35.812,278.0,55.286716
41.020833333333336,37.479166666666664,15.035833,997.7268,40.232002,737.0,77.42708
45.229166666666664,30.270833333333336,24.506166,909.6964,37.872,100.0,90.72221
43.5625,33.020833333333336,22.9435,954.1979,40.767998,113.0,84.63242
47.77083333333333,30.8125,24.488667,894.8066,38.848,162.0,97.68701
48.02083333333333,33.770833333333336,15.276167,876.2377,39.5,419.0,83.22627
45.9375,29.729166666666668,24.752834,879.7222,37.712,116.0,88.969
45.5625,28.979166666666668,24.973167,913.4312,38.484,179.0,83.02441
42.104166666666664,37.270833333333336,19.067667,957.91125,38.736,628.0,83.77756
47.6875,31.645833333333336,23.243834,845.35895,34.724,223.0,101.55643
43.020833333333336,32.604166666666664,22.645,957.99036,40.432,83.0,84.8991
44.8125,29.604166666666668,24.440834,922.7786,38.952,125.0,85.20642
46.4375,37.6875,3.4176667,960.0257,37.04,407.0,65.881966
40.270833333333336,37.770833333333336,15.662,1036.6847,42.103996,537.0,75.6614
46.27083333333333,30.3125,24.474167,873.054,37.04,92.0,91.69376
46.14583333333333,29.020833333333336,25.205166,880.87286,38.248,170.0,83.20305
47.8125,33.645833333333336,17.219667,891.736,39.84,451.0,85.28576
42.8125,35.6875,22.461834,964.21924,38.668,317.0,90.06384
44.604166666666664,35.8125,19.682333,1017.48126,40.164,651.0,99.13568
44.8125,29.229166666666668,24.696667,927.115,39.176,137.0,82.59422
46.6875,30.770833333333336,24.141333,860.39484,36.76,90.0,93.9169
43.9375,32.5625,23.783667,982.8788,40.124,91.0,87.95339
42.8125,30.229166666666668,23.234001,935.3076,39.396,87.0,83.838936
47.3125,33.979166666666664,12.511666,903.5281,39.572,458.0,81.75168
43.479166666666664,32.3125,23.3685,972.2881,40.8,76.0,83.31956
41.104166666666664,37.229166666666664,16.643667,981.9046,38.632,635.0,79.25299
47.14583333333333,33.4375,17.352167,917.1919,38.872,438.0,86.57058
40.0625,33.5625,18.912,857.5507,36.864002,122.0,77.77355
43.895833333333336,36.145833333333336,19.847,1009.386,40.752,523.0,93.17292
47.02083333333333,37.6875,9.23,985.08655,39.064,284.0,63.64016
46.729166666666664,33.020833333333336,19.695833,935.6841,38.292004,360.0,89.06753
46.5625,35.104166666666664,13.658999,972.17114,40.871998,649.0,85.675545
48.89583333333333,30.270833333333336,25.50463,859.4436,35.788887,200.0,107.29862
43.895833333333336,33.479166666666664,22.907333,939.7697,40.244,144.0,86.47044
49.479166666666664,33.5625,12.701167,949.81573,41.64,268.0,81.81385
49.27083333333333,31.104166666666668,25.9785,954.5426,39.519997,293.0,113.16904
47.39583333333333,35.1875,10.369166,966.5261,42.115997,428.0,77.22945
45.604166666666664,29.0625,25.207832,911.75977,38.752,164.0,82.0417
41.354166666666664,33.604166666666664,20.365,938.7709,38.944004,124.0,80.19518
44.895833333333336,37.229166666666664,9.985167,953.463,37.46,464.0,71.129105
39.645833333333336,32.479166666666664,18.636168,840.18024,37.08,116.0,74.60835
40.8125,36.520833333333336,18.3565,943.9244,39.079998,308.0,79.73144
47.02083333333333,37.270833333333336,10.0915,959.40045,38.796,298.0,66.36985
45.979166666666664,34.354166666666664,17.817167,902.3585,37.031998,543.0,91.99705
47.104166666666664,28.9375,25.375668,869.36237,38.288002,152.0,85.52092
42.520833333333336,34.770833333333336,22.640167,960.40015,39.34,192.0,85.5381
47.354166666666664,30.770833333333336,24.252,876.02765,38.468002,121.0,95.598724
46.14583333333333,36.645833333333336,12.649333,935.83295,38.82,466.0,75.7071
42.0625,37.979166666666664,15.148334,982.5906,38.264,775.0,71.95875
41.6875,32.645833333333336,21.083666,922.6233,39.108,90.0,75.99606
42.520833333333336,37.479166666666664,14.802834,968.23566,37.94,776.0,77.965256
45.729166666666664,37.5625,12.127167,935.2906,34.768,290.0,65.8351
47.229166666666664,29.729166666666668,24.924833,882.6343,38.708,108.0,88.83079
45.729166666666664,35.854166666666664,11.7575,970.98785,39.132,767.0,89.53214
40.895833333333336,35.6875,19.900166,969.22345,38.876,231.0,82.77047
45.0625,33.770833333333336,23.131,926.6724,39.148,217.0,96.454895
47.64583333333333,31.3125,23.897,878.1112,37.384,184.0,100.511734
43.270833333333336,35.520833333333336,22.895834,914.9651,37.019997,292.0,89.56159
43.104166666666664,35.145833333333336,24.164333,893.88574,37.531998,237.0,89.74084
42.3125,30.145833333333336,23.062166,930.7752,39.424,85.0,81.28715
48.4375,32.354166666666664,24.005167,942.9566,39.76,406.0,105.904564
49.354166666666664,32.3125,21.9895,937.39264,38.524,416.0,102.58724
46.64583333333333,31.3125,24.14,894.9746,38.232002,129.0,94.64009
45.3125,35.354166666666664,18.522833,1006.2205,39.644,691.0,95.66362
43.8125,37.6875,8.646667,1006.0543,38.196,655.0,65.57786
47.5625,35.729166666666664,10.932667,981.7375,42.176003,387.0,74.38118
44.479166666666664,32.645833333333336,23.477833,949.0038,39.64,122.0,92.42345
48.02083333333333,33.520833333333336,18.941166,893.1667,39.944,463.0,87.33136
42.895833333333336,31.895833333333336,22.742332,946.05475,40.095997,70.0,82.2721
47.354166666666664,30.479166666666668,24.346333,890.3829,38.12,117.0,93.03383
40.520833333333336,31.604166666666668,20.465834,898.2057,38.356,96.0,76.247574
42.270833333333336,33.729166666666664,21.494167,1000.4235,40.968,122.0,79.900505
40.020833333333336,37.104166666666664,17.898333,968.6375,41.584,424.0,79.68555
44.895833333333336,35.104166666666664,21.6405,985.3459,39.968002,413.0,98.70581
46.479166666666664,30.9375,23.900667,855.65314,35.808,101.0,90.615005
39.645833333333336,36.9375,18.171167,978.7033,40.764,406.0,80.59532
44.895833333333336,35.4375,20.736666,1007.7553,40.352,532.0,99.16588
45.89583333333333,30.020833333333336,24.537832,880.7867,37.624,101.0,90.27495
44.6875,35.395833333333336,20.72,995.8254,39.772,503.0,98.314224
43.145833333333336,34.8125,24.587334,884.3442,37.544,199.0,89.38005
46.604166666666664,36.0625,8.142333,963.73364,38.888,499.0,77.6112
40.354166666666664,36.104166666666664,18.69,950.89276,39.512,266.0,80.66775
45.52083333333333,35.020833333333336,19.394833,975.91956,39.172,648.0,95.36832
48.0625,33.0625,18.286,903.1357,39.172,438.0,88.84807
40.104166666666664,36.0625,18.664667,953.0312,39.535995,255.0,79.73571
43.395833333333336,31.5625,23.056667,958.6874,39.964,73.0,88.15611
40.104166666666664,34.395833333333336,19.359667,909.04065,37.584,125.0,77.48986
46.979166666666664,31.4375,23.960667,885.72107,37.464,153.0,98.12058
47.9375,31.395833333333336,24.296667,901.11426,38.64,227.0,104.19212
41.354166666666664,36.3125,19.190166,983.5363,37.704,400.0,83.5649
45.270833333333336,36.270833333333336,12.0235,990.93994,38.164,689.0,87.30678
43.854166666666664,37.520833333333336,3.4413333,935.51953,34.86,650.0,64.898
49.39583333333333,30.5625,25.895666,931.65686,38.427998,264.0,117.34006
44.5625,29.229166666666668,24.5345,929.2124,38.988,136.0,84.00146
48.39583333333333,30.5625,25.035334,899.0314,36.924,185.0,101.64506
48.52083333333333,34.854166666666664,10.989667,906.2103,40.448,324.0,74.75997
42.0625,31.5625,22.676834,924.1936,39.608,66.0,82.32762
44.104166666666664,36.729166666666664,16.690166,1010.01337,39.019997,800.0,95.46788
42.145833333333336,34.229166666666664,21.8125,1012.64655,40.224,153.0,81.171
43.3125,37.3125,10.139667,992.699,37.32,774.0,73.68471
42.479166666666664,31.6875,22.676,928.5224,39.54,67.0,83.313835
45.9375,35.5625,14.101,982.63434,39.856003,990.0,95.265884
43.145833333333336,32.479166666666664,22.618668,963.4589,40.456,78.0,83.46051
45.0625,29.479166666666668,24.636501,917.811,38.692,131.0,84.55888
45.4375,33.979166666666664,22.980833,936.6288,39.14,285.0,97.97649
41.479166666666664,35.604166666666664,20.913166,982.8728,38.608,248.0,86.12887
42.979166666666664,31.395833333333336,22.963333,945.6037,39.716003,72.0,88.27348
46.64583333333333,36.354166666666664,11.04,960.89746,40.82,444.0,74.567505
44.979166666666664,31.145833333333336,24.742332,925.52686,38.107998,100.0,95.54064
40.5625,35.6875,19.542833,964.3223,38.804,216.0,81.16502
44.520833333333336,32.479166666666664,23.619667,948.131,39.432,110.0,91.48871
48.5625,31.8125,24.556,905.67194,37.5,325.0,107.239105
41.4375,34.729166666666664,20.9715,964.1696,39.343998,167.0,83.1176
42.104166666666664,36.0625,21.547333,998.8615,38.784,342.0,90.203316
46.1875,35.895833333333336,9.609333,989.013,40.076,659.0,82.739136
41.8125,35.020833333333336,21.279667,975.6351,38.984,205.0,86.13758
43.979166666666664,36.145833333333336,19.842333,1011.8556,40.316,538.0,94.05007
43.604166666666664,35.3125,23.506332,875.8851,36.5,276.0,89.82306
46.1875,29.1875,25.076834,868.94055,37.808,169.0,85.11287
43.520833333333336,32.520833333333336,23.539,970.6433,41.144,83.0,84.8991
46.8125,33.104166666666664,20.766832,936.2145,39.447998,353.0,90.520485
43.354166666666664,37.5625,6.1046667,969.7618,37.031998,690.0,65.41571
44.020833333333336,29.1875,23.971167,929.4972,39.46,127.0,83.413765
46.52083333333333,36.604166666666664,11.311833,951.774,39.448,422.0,73.56968
45.020833333333336,33.1875,23.286499,942.3088,40.168,179.0,96.57122
44.229166666666664,32.104166666666664,24.061,979.2682,40.344,75.0,87.65554
46.89583333333333,28.604166666666668,25.455833,877.6433,38.2,175.0,84.18002
41.104166666666664,37.729166666666664,16.415,1006.9141,40.636,639.0,77.12404
44.4375,32.8125,23.1455,945.52014,39.82,131.0,91.468765
44.020833333333336,35.854166666666664,20.690834,1011.3301,40.568,466.0,90.11521
44.4375,33.270833333333336,22.843166,930.79376,39.012,154.0,90.857346
46.354166666666664,34.020833333333336,13.501166,897.6854,37.472,534.0,86.42346
47.104166666666664,34.229166666666664,12.645333,917.63666,40.239998,484.0,82.156654
42.9375,29.520833333333336,23.302,925.2921,39.227997,102.0,83.06639
40.479166666666664,35.9375,19.017,958.7304,38.98,239.0,80.70941
48.27083333333333,36.3125,10.687166,930.7561,39.691998,301.0,70.871544
44.645833333333336,37.395833333333336,5.0901666,959.9206,36.584,593.0,69.98569
44.645833333333336,29.895833333333336,24.180166,926.61304,38.82,109.0,85.56958
40.895833333333336,33.770833333333336,19.784834,911.18866,38.604,125.0,78.117386
42.979166666666664,37.479166666666664,10.2985,991.0842,37.268,781.0,72.86579
43.645833333333336,35.645833333333336,21.806833,963.6156,39.62,359.0,89.44018
45.020833333333336,33.645833333333336,23.214,931.9593,39.656002,207.0,97.240105
43.520833333333336,34.4375,24.3845,890.0321,38.112,180.0,87.70269
47.104166666666664,34.854166666666664,10.394834,965.34436,41.196,485.0,80.3072
43.895833333333336,32.395833333333336,23.700666,986.5884,40.5,84.0,90.13878
40.6875,33.5625,19.521833,890.5522,37.804,120.0,78.49065
47.8125,34.145833333333336,12.661166,886.99713,40.239998,412.0,79.80688
41.979166666666664,30.9375,23.051334,936.9859,39.9,71.0,81.42686
44.3125,30.0625,23.872667,932.20844,38.964,102.0,86.97612
47.4375,37.145833333333336,10.726167,922.57574,38.16,289.0,62.308243
44.104166666666664,36.395833333333336,18.9325,1016.5169,40.528004,737.0,97.72782
41.1875,36.479166666666664,19.1715,972.20245,39.115997,360.0,82.7125
46.02083333333333,36.854166666666664,12.867,949.77795,38.66,431.0,75.0282
40.895833333333336,33.270833333333336,19.842333,893.6006,38.104,115.0,77.54716
42.604166666666664,31.354166666666668,22.928667,936.3037,39.652,68.0,86.60254
48.77083333333333,33.104166666666664,19.030666,922.62396,39.432,415.0,92.50717
42.395833333333336,36.354166666666664,21.147,989.8765,38.344,424.0,92.16417
46.3125,30.5625,24.384834,879.6989,37.74,89.0,93.47823
47.52083333333333,32.395833333333336,24.108667,935.4972,40.052002,299.0,100.260254
39.895833333333336,33.8125,18.794167,863.12885,36.864,123.0,76.85163
48.479166666666664,35.395833333333336,10.4655,987.7846,43.612,327.0,72.93824
42.395833333333336,33.104166666666664,21.449,965.4048,40.504,103.0,78.39777
45.479166666666664,34.9375,20.538666,971.5534,38.916,548.0,96.037445
49.14583333333333,31.979166666666668,25.285168,954.38025,40.104,408.0,107.492935
44.8125,36.8125,7.1675,988.1794,37.784,645.0,78.87645
47.354166666666664,34.604166666666664,12.986667,930.8733,41.04,451.0,80.83023
39.645833333333336,32.6875,18.385834,832.7153,36.9,121.0,76.98869
45.979166666666664,35.854166666666664,11.460834,976.71265,39.772,757.0,87.405106
40.020833333333336,36.0625,18.711166,952.44885,39.548,248.0,80.118256
48.0625,33.4375,17.5745,890.67615,39.484,447.0,86.35819
41.479166666666664,34.1875,20.516834,957.5318,39.152,147.0,82.432045
41.5625,30.9375,22.820168,939.49084,39.808002,76.0,79.58382
48.02083333333333,35.8125,10.046166,973.6253,41.252,335.0,74.29429
42.4375,35.520833333333336,22.369833,966.9834,38.428,266.0,88.91807
49.354166666666664,31.9375,24.341167,948.4337,40.28,418.0,105.93184
46.604166666666664,36.729166666666664,11.427,952.6024,39.408,390.0,72.79154
48.8125,35.3125,10.6953335,982.0336,43.044,311.0,72.9134
41.6875,35.1875,21.168167,981.1032,38.607998,215.0,85.758484
40.770833333333336,34.645833333333336,20.483,931.1976,37.604,136.0,82.058
45.0625,32.9375,23.382,932.0579,39.396,158.0,94.36065
42.895833333333336,33.729166666666664,22.677834,971.91364,41.512,125.0,82.79854
47.64583333333333,33.5625,17.455,884.73474,40.072,451.0,85.785515
46.604166666666664,31.354166666666668,24.1205,896.1922,38.232,131.0,95.17312
47.39583333333333,31.5625,24.076334,893.85077,38.0,190.0,99.59324
41.145833333333336,37.854166666666664,16.270166,988.72015,40.64,633.0,76.47117
47.604166666666664,33.479166666666664,17.754667,888.7763,40.432,450.0,86.61117
39.9375,34.104166666666664,19.091166,881.34534,37.376,120.0,75.66386
44.770833333333336,35.479166666666664,19.175833,1005.7292,40.352,599.0,98.233444
41.3125,34.9375,21.322,964.29254,39.24,162.0,85.00097
43.229166666666664,33.1875,22.691833,962.90857,41.868004,110.0,87.45839
46.52083333333333,35.270833333333336,12.877666,975.0535,40.792,662.0,86.338326
45.1875,36.229166666666664,16.618334,1002.5694,39.668,745.0,93.23586
44.729166666666664,29.354166666666668,24.662834,927.1891,39.064003,131.0,83.26191
47.354166666666664,36.4375,5.968,966.52405,38.624,384.0,72.139496
43.6875,33.479166666666664,22.897167,945.1,40.572002,139.0,85.75677
44.104166666666664,29.645833333333336,23.765,934.28314,39.172,113.0,82.32406
42.895833333333336,36.0625,21.326834,985.6644,39.407997,407.0,91.446884
46.479166666666664,36.854166666666664,11.9305,962.3975,39.488,383.0,72.58221
41.9375,34.229166666666664,21.2905,996.81683,39.812,151.0,83.08133
46.4375,37.979166666666664,9.7765,1000.6505,38.488,277.0,60.676548
48.14583333333333,29.0625,26.124722,895.23566,37.846664,92.0,93.39396
45.020833333333336,31.1875,24.9295,924.2566,38.044003,105.0,96.12665
40.0625,34.645833333333336,19.7525,927.29816,37.832,122.0,79.35114
45.1875,36.270833333333336,15.809,999.74286,39.004,731.0,91.961174
47.52083333333333,30.770833333333336,24.063667,865.2578,36.579998,135.0,96.093864
43.104166666666664,34.229166666666664,23.048166,853.4967,33.056,137.0,80.570465
46.77083333333333,37.979166666666664,9.499667,986.8621,38.892,276.0,59.93473
42.6875,36.9375,19.589333,974.4976,39.432,771.0,90.17938
43.6875,35.9375,20.219833,1009.1206,40.851997,436.0,91.41693
43.145833333333336,35.770833333333336,22.083166,967.51306,39.172,339.0,90.59536
44.479166666666664,33.020833333333336,22.9195,938.74176,40.172,143.0,91.74993
46.854166666666664,34.6875,12.402833,955.0454,39.708,553.0,82.94544
47.3125,30.145833333333336,24.601334,890.6425,38.552,111.0,91.248085
45.9375,29.270833333333336,24.9925,885.6212,37.992,162.0,85.35631
45.77083333333333,35.604166666666664,15.48,992.9104,39.936,938.0,95.27173
45.604166666666664,29.604166666666668,24.943832,896.7469,37.972,132.0,86.60254
44.645833333333336,32.604166666666664,23.518333,946.73145,40.088,125.0,91.59718
41.604166666666664,31.6875,21.9665,920.83466,39.196,74.0,78.44549
41.895833333333336,33.770833333333336,20.753834,984.2762,40.224,127.0,79.929436
42.4375,30.645833333333336,23.385834,938.76904,39.592,74.0,84.52747
47.39583333333333,28.520833333333336,25.474167,887.9824,38.4,144.0,84.20115
39.729166666666664,37.604166666666664,14.295834,986.1007,38.488,692.0,73.29125
48.8125,35.979166666666664,10.910167,929.9697,40.056,298.0,73.35056
41.520833333333336,37.270833333333336,16.545166,984.0723,38.396,672.0,78.67933
40.5625,34.4375,20.078833,924.12897,37.888,129.0,80.912125
41.0625,32.145833333333336,20.726,903.1687,38.516,92.0,75.79594
42.979166666666664,36.1875,20.973833,989.74445,39.66,455.0,91.11576
44.1875,30.395833333333336,23.720167,938.6374,38.9,96.0,92.3566
41.1875,37.479166666666664,15.629167,995.40594,40.256,709.0,77.35047
47.39583333333333,32.1875,24.289833,922.4029,39.356,263.0,100.93049
39.645833333333336,34.604166666666664,19.2845,909.37573,37.404,118.0,75.69367
48.104166666666664,29.0625,25.964167,906.58844,38.632,97.0,93.11567
42.354166666666664,35.020833333333336,22.283333,964.49615,38.699997,213.0,86.391174
46.229166666666664,32.354166666666664,24.2855,933.9214,39.5,166.0,93.2295
40.645833333333336,32.5625,19.731167,874.2418,37.868,106.0,75.08581
45.229166666666664,34.354166666666664,22.686167,920.96533,38.116,285.0,96.31128
43.0625,37.0625,16.8495,991.8028,39.219997,773.0,88.38755
45.604166666666664,35.020833333333336,20.842333,967.9741,38.848,570.0,95.36754
44.270833333333336,30.5625,23.844,939.1088,38.7,91.0,92.73381
42.520833333333336,32.1875,22.243834,931.37164,39.84,70.0,81.08026
47.1875,31.479166666666668,24.0015,891.3757,37.764,166.0,98.23592
48.5625,30.395833333333336,25.456833,895.7745,37.208,181.0,103.954735
47.6875,28.604166666666668,25.511833,890.44586,38.468,124.0,84.49283
45.979166666666664,30.104166666666668,24.492666,878.71234,37.416,96.0,93.80353
48.4375,33.645833333333336,12.445666,880.39343,39.088,371.0,81.368515
45.104166666666664,34.9375,21.379,975.68695,39.864002,435.0,97.86448
47.3125,33.395833333333336,18.554167,922.5198,39.928,431.0,87.9306
47.9375,32.270833333333336,24.036833,938.89453,40.264,339.0,102.96864
46.27083333333333,33.395833333333336,21.381166,930.05676,38.884,336.0,93.60714
44.020833333333336,32.4375,23.847668,988.4231,40.408,89.0,91.11454
41.479166666666664,37.604166666666664,15.5175,990.9069,38.772,736.0,76.53091
45.8125,37.395833333333336,12.548167,927.2619,34.34,320.0,68.151
48.39583333333333,36.770833333333336,11.405,858.1613,37.336,291.0,66.229744
40.229166666666664,32.5625,18.967167,855.1747,38.044,118.0,76.00005
47.104166666666664,29.895833333333336,24.949167,880.54645,38.516,113.0,90.2844
40.770833333333336,35.979166666666664,19.386,961.00244,38.796,256.0,80.423454
40.5625,34.770833333333336,20.307499,948.5685,38.260002,137.0,81.588615
46.14583333333333,32.0625,24.608166,934.2016,39.976,144.0,95.34626
42.270833333333336,36.854166666666664,20.078333,978.9029,39.308,497.0,89.74779
40.354166666666664,35.020833333333336,20.152166,965.0364,38.696003,143.0,82.02987
42.354166666666664,33.5625,21.5565,989.0968,40.732,112.0,80.58062
46.479166666666664,35.520833333333336,11.695666,985.08856,41.536,667.0,84.22079
45.020833333333336,35.8125,18.479834,1013.83734,39.691998,734.0,98.64773
40.6875,34.604166666666664,20.437334,935.963,38.2,131.0,81.70971
48.39583333333333,31.5625,24.748,930.38165,39.5,278.0,105.4945
39.9375,35.604166666666664,19.608166,953.8976,38.488,169.0,80.87599
48.6875,36.1875,10.3585005,930.9126,40.196,297.0,71.30351
42.395833333333336,36.854166666666664,20.307833,978.454,39.188,539.0,90.95221
46.4375,30.645833333333336,24.340834,877.4467,37.396,90.0,94.45128
48.3125,32.479166666666664,23.977833,948.78217,40.079998,411.0,104.59884
44.1875,36.5625,18.712667,1019.3245,40.531998,753.0,97.33336
48.8125,35.645833333333336,9.487666,973.9371,41.716,299.0,73.27419
43.729166666666664,30.354166666666668,23.52,944.1084,39.328,93.0,92.989914
46.3125,31.9375,24.416334,922.2526,39.444,149.0,98.23809
40.395833333333336,33.770833333333336,19.279833,881.57855,37.788002,125.0,77.3998
43.854166666666664,34.354166666666664,24.1465,900.0676,38.564,174.0,88.09572
42.270833333333336,37.854166666666664,13.000167,947.1246,36.428,849.0,71.82803
47.8125,31.770833333333336,24.193167,892.8264,38.372,254.0,102.94189
48.39583333333333,32.3125,23.832832,932.07874,39.392002,389.0,106.34994
43.4375,32.104166666666664,22.980333,966.3041,40.572,73.0,86.076256
44.645833333333336,35.520833333333336,20.056833,1004.3585,40.184002,554.0,98.13981
44.645833333333336,30.854166666666668,24.2625,933.76526,38.332,90.0,94.45128
45.395833333333336,35.729166666666664,16.1105,1004.31757,39.496,822.0,96.20549
42.645833333333336,36.520833333333336,20.8435,995.3667,39.368,572.0,91.80684
47.89583333333333,31.5625,23.909834,880.13934,37.084,232.0,102.16201
48.1875,31.4375,24.493166,916.4837,38.516,242.0,103.58174
40.895833333333336,37.354166666666664,14.906667,993.84503,39.428,747.0,78.12937
39.395833333333336,34.1875,18.243334,865.64996,36.784,121.0,75.23853
45.479166666666664,30.604166666666668,24.460167,902.9797,37.399998,99.0,94.485725
45.145833333333336,32.8125,23.410166,928.495,39.228,151.0,94.09386
39.270833333333336,34.0625,17.956333,856.1022,36.492,116.0,74.07095
46.6875,34.145833333333336,13.782667,892.7993,39.224,518.0,85.39527
41.1875,34.729166666666664,21.2925,957.3376,38.795998,148.0,83.720314
42.395833333333336,33.395833333333336,21.535166,978.3064,40.816,109.0,80.286415
42.104166666666664,34.145833333333336,21.522,1011.2939,40.484,146.0,81.532425
49.4375,31.270833333333336,25.7875,953.4066,39.920002,324.0,112.74324
42.770833333333336,33.979166666666664,22.736,981.7897,41.096,131.0,82.41182
47.1875,28.9375,25.3965,876.9065,38.559998,150.0,85.65964
46.5625,31.145833333333336,24.089666,883.90515,37.760002,115.0,92.180115
41.895833333333336,32.1875,21.840834,916.9162,39.716,74.0,78.44549
40.229166666666664,37.645833333333336,15.491667,1036.958,41.808,577.0,76.25773
48.0625,29.104166666666668,25.76,922.3292,39.603996,104.0,91.185394
44.3125,29.6875,23.814167,932.0774,39.0,114.0,82.47861
45.104166666666664,34.104166666666664,22.914833,923.2129,37.688,240.0,97.885284
45.64583333333333,36.8125,10.5795,959.5768,38.012,467.0,76.737656
45.8125,35.354166666666664,19.597,973.2956,40.004,690.0,93.48156
44.854166666666664,35.8125,20.387,1018.1413,40.635998,651.0,101.10188
41.145833333333336,33.854166666666664,19.934,933.03406,39.0,131.0,79.726974
41.395833333333336,33.229166666666664,20.3725,928.86237,39.104,112.0,76.90445
44.604166666666664,31.729166666666668,23.8965,926.9846,37.376003,84.0,82.22751
44.895833333333336,34.520833333333336,23.276833,949.64166,39.428,269.0,99.06031
43.854166666666664,31.8125,23.595,974.92334,40.396,70.0,87.32314
39.645833333333336,36.0625,18.969,959.41595,39.508003,232.0,81.49791
44.020833333333336,37.0625,11.768167,999.80505,37.392,745.0,82.143196
41.104166666666664,36.6875,19.035667,953.89374,39.052002,353.0,82.023735
46.39583333333333,30.645833333333336,24.3175,877.0872,37.348003,89.0,94.434326
48.604166666666664,30.854166666666668,25.069,907.01306,37.5,218.0,105.21772
40.0625,34.354166666666664,19.285667,904.7496,37.548,124.0,76.86038
40.895833333333336,34.770833333333336,20.703167,951.469,38.572002,143.0,83.67403
44.520833333333336,34.4375,23.694334,929.1838,39.112,213.0,97.26108
47.4375,30.020833333333336,24.734333,894.6293,38.631996,110.0,90.32772
41.520833333333336,35.4375,20.961834,979.3666,38.612,230.0,86.73714
45.77083333333333,36.895833333333336,12.830501,918.8998,37.204002,432.0,75.49997
45.5625,36.229166666666664,14.103499,981.0636,39.688,704.0,88.34206
43.5625,34.604166666666664,24.6865,873.12427,37.26,192.0,90.40122
47.8125,30.5625,24.542,887.6317,37.22,153.0,94.78038
40.6875,33.9375,19.8595,904.62726,37.98,127.0,79.07721
46.729166666666664,33.9375,15.156333,894.75116,39.0,488.0,85.88534
41.520833333333336,32.645833333333336,20.910334,917.1828,38.928,93.0,75.35691
41.5625,31.520833333333336,22.221167,924.52264,39.284,73.0,80.19166
41.854166666666664,35.354166666666664,21.652,981.7081,38.492,229.0,87.78334
44.3125,35.645833333333336,21.5355,1003.79565,40.54,414.0,92.95775
45.604166666666664,36.1875,13.2595005,977.42017,39.684002,711.0,87.77764
47.9375,36.770833333333336,8.988334,912.87976,37.756,295.0,66.176346
45.1875,32.104166666666664,23.772501,914.0522,38.704002,121.0,89.68739
44.6875,33.604166666666664,23.042667,930.30206,40.064,181.0,93.78876
48.8125,32.8125,20.090166,929.1106,38.672,423.0,95.873116
41.4375,36.1875,20.119501,988.62933,38.460003,353.0,84.815414
47.6875,29.145833333333336,25.689167,922.95886,39.831997,112.0,88.24592
46.6875,32.229166666666664,24.288,924.08563,38.848,194.0,96.77089
44.8125,35.6875,20.187166,1018.4296,40.692,616.0,99.93046
46.979166666666664,32.854166666666664,21.337,928.1504,38.736,346.0,92.98919
41.729166666666664,33.354166666666664,20.775,954.98486,39.871998,110.0,78.44598
47.3125,28.5625,25.427166,886.35077,38.300003,144.0,84.20115
45.854166666666664,37.979166666666664,12.672833,1007.72876,39.604,249.0,60.81002
39.479166666666664,34.395833333333336,18.7475,884.82324,37.199997,121.0,75.23853
42.770833333333336,37.770833333333336,10.1985,966.81036,36.964,775.0,69.35935
43.145833333333336,37.854166666666664,7.8021665,970.7669,37.052002,675.0,63.936832
48.4375,30.8125,25.004833,912.1559,37.912,202.0,102.58724
47.104166666666664,37.604166666666664,9.177167,976.5406,38.88,284.0,63.522663
49.0625,30.604166666666668,25.587166,921.8133,38.208,238.0,111.48244
47.854166666666664,34.354166666666664,12.831833,899.1852,40.244,395.0,79.417625
45.854166666666664,30.895833333333336,24.6815,885.66046,37.572002,90.0,93.64857
40.354166666666664,31.895833333333336,20.135334,885.37354,38.18,97.0,73.39658
46.6875,35.104166666666664,10.341333,966.3321,40.32,573.0,82.1823
46.5625,36.770833333333336,11.554833,954.7159,39.444,393.0,72.41371
45.77083333333333,31.1875,24.675,898.15247,37.496002,111.0,95.23843
47.52083333333333,28.770833333333336,25.534666,898.0271,38.872,134.0,86.12031
45.104166666666664,33.020833333333336,23.4005,939.728,39.868,170.0,95.29213
39.6875,34.6875,19.415333,916.7532,37.528,121.0,77.46783
45.6875,30.6875,24.707,897.01373,37.24,93.0,96.375885
44.3125,34.1875,23.690832,923.8273,39.308002,185.0,93.12423
44.479166666666664,32.1875,23.756666,945.1988,38.72,88.0,85.51874
41.5625,35.0625,21.293333,976.8836,39.08,191.0,85.38318
41.020833333333336,33.5625,19.909332,914.9576,38.148,122.0,78.426994
45.0625,37.104166666666664,8.483833,976.7277,37.848,516.0,74.37443
47.729166666666664,31.895833333333336,24.213833,914.3455,39.368,268.0,104.02476
45.020833333333336,31.6875,24.272,913.74634,37.668003,106.0,87.14028
43.770833333333336,33.479166666666664,22.9085,942.08936,40.364,139.0,85.890564
39.3125,34.0625,17.993668,859.03046,36.564,114.0,74.27239
40.979166666666664,34.020833333333336,19.996334,925.55005,38.707996,129.0,79.1015
47.3125,32.4375,24.0915,932.6789,40.079998,284.0,98.128105
42.729166666666664,32.104166666666664,22.624834,939.19165,39.988,70.0,81.32003
46.52083333333333,33.9375,13.345333,904.9877,37.788002,519.0,85.36667
42.479166666666664,29.8125,23.253166,926.3694,39.575996,92.0,82.669945
41.3125,36.604166666666664,19.645,977.12994,39.171997,366.0,83.30756
44.0625,30.145833333333336,23.706667,936.58307,38.871998,99.0,89.75696
44.604166666666664,29.3125,24.522,929.1118,39.264004,130.0,83.09968
45.5625,31.3125,24.9055,907.2526,37.548,114.0,94.76071
40.9375,32.479166666666664,20.327,892.43866,38.192,102.0,76.10514
48.39583333333333,31.520833333333336,24.7045,925.6859,39.140003,273.0,105.27273
41.354166666666664,31.270833333333336,22.462166,932.11646,39.44,78.0,78.881065
46.64583333333333,30.3125,24.490667,873.0542,37.704,92.0,90.76508
45.354166666666664,30.854166666666668,24.6465,909.9038,37.484,102.0,96.527466
41.020833333333336,36.0625,19.535667,971.4756,38.792,289.0,82.43318
48.979166666666664,30.729166666666668,25.564833,928.30676,38.6,236.0,110.07561
47.4375,28.770833333333336,25.405,892.35596,38.676,144.0,86.158844
41.770833333333336,32.8125,20.9605,931.39874,39.836,94.0,76.90744
42.729166666666664,33.520833333333336,22.609499,971.23706,41.516,108.0,83.12094
41.729166666666664,30.9375,22.981333,938.7249,39.9,75.0,79.37165
46.6875,29.104166666666668,25.514668,823.696,37.320004,161.0,85.28527
40.1875,35.8125,18.943666,960.3987,39.124,225.0,80.92991
44.395833333333336,34.479166666666664,23.923834,930.7127,39.388,203.0,97.09523
39.6875,32.979166666666664,18.2845,832.40625,36.851997,126.0,80.16995
46.9375,33.479166666666664,19.0315,929.82275,39.028,413.0,89.30779
43.645833333333336,32.104166666666664,23.421167,973.6734,40.587997,76.0,87.669556
45.145833333333336,34.729166666666664,22.145834,961.4326,39.36,375.0,97.99382
39.4375,34.229166666666664,18.328333,869.51465,36.896,122.0,75.393616
40.604166666666664,32.5625,19.6685,872.0655,37.884,108.0,75.43812
45.979166666666664,33.770833333333336,17.926,918.09406,36.952,447.0,90.19436
42.9375,29.395833333333336,23.166834,924.3504,39.192,107.0,83.31704
40.0625,32.729166666666664,18.810333,842.68243,37.216,119.0,76.78563
44.0625,28.895833333333336,24.173166,929.55524,39.22,139.0,83.31173
40.854166666666664,33.229166666666664,19.802,890.29877,38.084003,115.0,77.54716
43.479166666666664,30.4375,23.322666,943.99695,39.4,92.0,94.039696
40.9375,37.979166666666664,15.627334,1007.36,41.74,645.0,75.151146
49.02083333333333,35.0625,11.532833,953.37726,42.068,305.0,73.818504
41.5625,33.729166666666664,20.455667,959.6646,39.468,129.0,81.963234
44.270833333333336,30.854166666666668,23.869999,943.78235,38.708,87.0,93.90829
43.354166666666664,29.479166666666668,23.397833,930.2641,39.359997,109.0,83.98759
46.1875,31.4375,24.163666,890.1635,37.248,130.0,97.213715
41.8125,31.770833333333336,22.1845,919.5871,39.544,71.0,76.61741
43.020833333333336,34.8125,24.442167,900.1316,37.984,190.0,88.398
41.5625,34.979166666666664,21.257833,973.0576,39.228,185.0,84.62236
48.854166666666664,30.395833333333336,25.760666,895.98645,37.296,198.0,107.41696
46.89583333333333,32.479166666666664,24.198166,932.4061,39.823997,238.0,99.06736
39.9375,32.520833333333336,18.860332,844.3451,37.352,119.0,77.181984
48.729166666666664,32.770833333333336,20.525166,926.2304,38.364,434.0,96.5468
46.854166666666664,36.1875,7.864333,987.9,40.260002,436.0,75.349945
45.479166666666664,32.0625,24.227833,926.39935,38.992,125.0,92.052925
43.479166666666664,33.729166666666664,22.6425,893.2123,36.684,130.0,83.021515
42.395833333333336,36.9375,19.846167,978.229,38.944,591.0,88.929436
42.0625,35.145833333333336,21.754166,975.5667,38.583996,219.0,86.64657
45.479166666666664,33.479166666666664,23.296,932.6814,39.8,241.0,99.7065
43.4375,30.0625,23.4125,939.31744,39.216,94.0,87.134834
45.229166666666664,31.770833333333336,24.391333,920.54517,38.824,117.0,88.97093
47.729166666666664,30.979166666666668,24.4355,893.43207,38.843998,167.0,99.536026
43.979166666666664,37.979166666666664,7.6086664,983.98016,38.379997,522.0,56.878193
42.854166666666664,30.645833333333336,23.509333,944.4477,39.872,77.0,87.27827
47.64583333333333,28.520833333333336,25.642166,891.5366,38.58,136.0,86.52487
48.39583333333333,35.729166666666664,11.064167,960.9113,41.932,321.0,74.07735
46.1875,30.020833333333336,24.496166,870.24,37.092003,101.0,91.51564
44.145833333333336,30.104166666666668,23.736166,934.8385,38.912,100.0,89.5645
45.0625,30.104166666666668,24.337,914.12756,37.964,103.0,88.369545
42.8125,32.229166666666664,22.529667,945.3257,40.284,73.0,80.866646
47.3125,32.5625,23.706167,937.3249,39.972,302.0,97.6898
48.9375,35.645833333333336,7.9063334,973.75165,40.672,298.0,74.89431
42.854166666666664,33.020833333333336,22.304832,962.5535,41.031998,96.0,83.282814
45.104166666666664,36.270833333333336,18.134333,1005.70917,39.944,743.0,97.35775
43.4375,32.520833333333336,23.272501,971.01825,40.916,84.0,85.943954
40.395833333333336,36.395833333333336,17.327168,957.636,39.252,399.0,77.529854
41.4375,32.854166666666664,20.600834,918.4585,38.86,101.0,77.03968
44.520833333333336,33.895833333333336,23.161333,911.8197,38.792,181.0,93.07407
40.1875,33.770833333333336,19.045668,872.40173,37.396,125.0,76.76642
44.395833333333336,31.395833333333336,24.053,954.2819,39.336,82.0,86.039375
44.729166666666664,31.895833333333336,24.062334,932.86395,39.408,93.0,84.000175
41.645833333333336,37.3125,16.980333,981.2338,38.288002,662.0,78.90944
40.229166666666664,32.8125,19.001,846.20856,37.156,117.0,76.104065
41.3125,35.354166666666664,20.841333,974.909,38.58,209.0,85.711784
47.89583333333333,34.645833333333336,12.100166,912.83276,41.208,394.0,77.1344
40.645833333333336,35.770833333333336,19.495832,965.49756,38.804,231.0,81.47468
42.5625,33.770833333333336,22.245832,998.6227,41.115997,122.0,81.167885
48.77083333333333,35.729166666666664,9.523,971.05786,41.436,299.0,73.569145
49.14583333333333,31.1875,25.819666,952.0713,39.704002,295.0,110.85174
43.3125,36.604166666666664,19.584333,998.3519,40.6,681.0,93.31426
44.854166666666664,31.354166666666668,24.743668,928.72546,38.468002,96.0,89.643265
45.77083333333333,34.729166666666664,20.180334,940.93085,38.696,553.0,93.47089
44.854166666666664,31.979166666666668,23.780666,918.8336,38.671997,105.0,84.0235
40.395833333333336,32.104166666666664,19.842167,879.2416,38.128002,104.0,74.51062
41.520833333333336,34.6875,20.796833,966.82184,39.2,179.0,84.140656
44.0625,32.9375,23.374334,972.297,41.464,119.0,89.450775
43.854166666666664,33.854166666666664,23.4035,929.9802,39.92,146.0,85.549736
42.895833333333336,35.104166666666664,23.719168,917.9177,37.856,232.0,89.07759
42.4375,34.854166666666664,22.417334,964.67377,39.172,198.0,85.47152
42.6875,34.4375,22.776333,967.2558,39.879997,163.0,84.20912
43.354166666666664,33.854166666666664,22.599833,855.7082,33.72,124.0,82.37204
47.979166666666664,32.229166666666664,24.085667,937.9614,40.176003,339.0,103.534645
46.77083333333333,34.604166666666664,14.273833,947.5059,40.876,557.0,84.312775
42.145833333333336,34.1875,21.670334,1014.33,40.468002,145.0,81.63806
43.395833333333336,34.645833333333336,24.688166,869.60504,37.284,191.0,90.09013
46.3125,32.0625,24.485167,931.6846,40.008,156.0,96.121445
41.479166666666664,30.854166666666668,22.763834,941.3086,39.864,78.0,79.898926
48.6875,32.229166666666664,24.511833,941.69147,39.848,401.0,106.818214
48.0625,35.604166666666664,10.465834,974.28815,42.084,345.0,73.867935
48.354166666666664,34.354166666666664,10.9945,882.03625,39.08,337.0,78.19415
42.270833333333336,35.645833333333336,22.060667,978.6513,38.54,292.0,89.75119
43.770833333333336,29.145833333333336,23.6145,928.5366,39.424,127.0,83.16972
42.270833333333336,33.395833333333336,21.2565,978.6208,40.592,109.0,80.286415
41.1875,37.395833333333336,16.2525,991.27167,39.992,662.0,78.3818
47.52083333333333,32.229166666666664,24.214333,928.8818,39.896,282.0,100.53057
42.354166666666664,37.229166666666664,19.441334,950.34784,38.944,664.0,86.270706
47.39583333333333,32.520833333333336,23.878334,936.1576,40.003998,305.0,98.29634
43.4375,32.645833333333336,23.575167,965.469,41.62,82.0,83.06052
48.6875,35.770833333333336,10.087334,961.45905,41.484,304.0,74.579124
43.0625,35.020833333333336,24.399666,892.31964,37.536,211.0,89.058136
43.354166666666664,30.104166666666668,23.3665,938.1978,39.248,94.0,87.134834
46.854166666666664,35.3125,10.241667,976.2197,41.143997,530.0,80.460655
45.64583333333333,30.4375,24.496332,894.7555,37.384,95.0,93.88686
48.4375,34.4375,11.531166,877.4344,39.68,318.0,78.82686
48.02083333333333,29.354166666666668,25.996065,935.82227,38.43889,112.0,91.56043
44.645833333333336,35.979166666666664,20.038834,1020.49457,40.432,680.0,100.24407
45.979166666666664,32.229166666666664,24.478666,934.04596,39.576,140.0,90.28621
46.5625,37.354166666666664,10.2875,989.49414,39.016,322.0,69.849495
41.729166666666664,37.8125,16.641832,994.4539,39.556,701.0,74.36372
42.5625,37.729166666666664,8.678333,932.959,35.56,838.0,67.86846
43.770833333333336,31.395833333333336,23.358334,961.2886,39.68,76.0,88.05435
48.729166666666664,30.4375,25.711834,904.8948,38.736,193.0,106.02773
43.270833333333336,31.104166666666668,23.227333,950.7444,39.812,77.0,93.67163
42.479166666666664,35.6875,22.2115,972.87897,38.496002,305.0,89.587685
40.145833333333336,32.270833333333336,19.253834,863.73883,37.668003,110.0,74.18166
46.5625,33.3125,17.809334,932.4878,37.812,422.0,86.796684
42.895833333333336,30.645833333333336,23.505833,943.9974,39.756,77.0,87.27827
47.52083333333333,36.729166666666664,7.8519998,943.503,38.184,327.0,69.90794
41.4375,37.6875,16.193832,999.06445,39.188,693.0,76.72501
41.3125,37.729166666666664,16.746334,1000.5536,39.8,639.0,77.03187
41.520833333333336,37.979166666666664,16.199,992.3139,40.784,665.0,73.334595
45.6875,33.270833333333336,23.514668,933.0881,39.648,225.0,99.08174
45.6875,33.8125,22.438,925.74664,38.623997,310.0,97.6063
42.520833333333336,32.0625,22.502167,927.9793,39.8,68.0,81.491776
40.104166666666664,32.895833333333336,18.852167,840.882,36.752003,121.0,76.796196
44.895833333333336,37.6875,10.138833,941.2764,37.656,410.0,64.39856
47.8125,32.020833333333336,24.285334,924.9416,40.256,286.0,102.96353
44.770833333333336,31.104166666666668,24.443832,932.7234,38.132,95.0,92.29007
40.979166666666664,35.4375,20.315834,968.7539,38.668003,204.0,82.84368
44.729166666666664,35.9375,20.195333,1017.7469,40.475998,671.0,101.55982
47.1875,32.479166666666664,24.101667,932.65607,39.728,271.0,98.06066
42.479166666666664,32.854166666666664,21.853834,954.1534,40.408,90.0,81.12143
39.395833333333336,32.979166666666664,18.053167,823.34796,36.452,117.0,76.000626
42.145833333333336,37.8125,16.438833,981.7014,38.475998,718.0,74.25875
45.979166666666664,35.395833333333336,17.7605,978.9063,39.872,827.0,92.345535
39.520833333333336,36.770833333333336,18.2925,958.363,39.764,360.0,80.56888
41.270833333333336,31.5625,21.8115,922.5144,39.24,82.0,78.4747
41.5625,37.145833333333336,18.989,970.54346,38.584,516.0,82.25891
45.0625,35.1875,20.8345,993.96643,40.056,499.0,98.729
45.979166666666664,31.5625,24.351166,901.7326,37.772,128.0,99.64687
42.0625,37.645833333333336,14.656333,960.9407,36.86,815.0,75.24123
44.729166666666664,37.604166666666664,8.7205,969.1949,37.696,487.0,64.1229
40.979166666666664,36.479166666666664,18.789167,963.35724,39.496002,329.0,81.575165
46.0625,32.4375,24.313833,936.29,39.596,157.0,93.391655
46.52083333333333,35.9375,10.016167,973.4943,40.248,561.0,79.315796
47.77083333333333,29.770833333333336,25.426,916.787,39.812,104.0,92.66704
45.979166666666664,33.5625,22.031334,925.6392,38.644,317.0,95.95432
43.479166666666664,33.5625,22.867167,946.5049,41.176,140.0,88.44753
43.6875,37.9375,4.6886663,958.9745,36.804,585.0,57.95416
46.729166666666664,34.645833333333336,14.022,947.5939,40.656002,568.0,84.60633
40.9375,35.479166666666664,20.190666,969.2125,38.776,210.0,82.60645
41.770833333333336,34.604166666666664,21.566166,982.266,39.496002,172.0,83.950005
42.4375,35.4375,22.332167,966.17377,38.256,265.0,89.21278
43.3125,30.645833333333336,23.191166,944.68146,39.464,88.0,95.36151
43.8125,29.9375,23.479334,936.2713,39.144,104.0,84.31145
43.729166666666664,36.770833333333336,18.453833,1011.5217,40.384,847.0,96.50696
41.854166666666664,37.354166666666664,17.701,977.77124,38.736,646.0,79.29493
42.979166666666664,32.520833333333336,22.5465,955.46204,40.576,81.0,85.43544
43.604166666666664,29.6875,23.5615,935.19556,39.399998,103.0,83.41401
40.104166666666664,34.5625,19.643833,920.71704,37.780003,124.0,78.319885
42.1875,30.6875,23.168667,937.5271,40.012,76.0,82.0932
44.104166666666664,31.395833333333336,23.735666,962.49744,39.516,80.0,86.75867
43.895833333333336,33.8125,23.375834,934.2205,40.072002,151.0,86.33856
45.604166666666664,36.5625,10.606833,967.9588,38.46,544.0,79.7491
41.9375,33.770833333333336,20.788834,987.0856,40.352,127.0,79.929436
39.5625,32.645833333333336,18.407,831.87823,36.899998,118.0,75.89806
46.6875,28.604166666666668,25.3915,879.943,38.208,191.0,82.15988
45.604166666666664,34.729166666666664,20.957666,947.6879,38.812,514.0,94.28849
48.4375,31.229166666666668,24.915,929.25555,38.988,235.0,104.331825
41.5625,32.895833333333336,20.7405,925.7805,39.219997,99.0,76.60018
41.6875,31.5625,22.271166,923.02924,39.332,72.0,80.35173
40.645833333333336,31.604166666666668,20.6545,903.7612,38.568,95.0,75.83141
45.354166666666664,29.4375,24.732,910.15326,38.26,135.0,82.08594
48.229166666666664,33.020833333333336,18.476833,904.84045,38.624,439.0,88.88278
46.39583333333333,34.020833333333336,13.220333,901.46155,37.651997,535.0,86.40714
45.3125,35.270833333333336,16.3235,980.1312,38.475998,760.0,95.65318
39.979166666666664,36.729166666666664,18.173166,934.1555,39.872,332.0,79.07754
43.1875,35.3125,23.563667,902.9088,37.468002,275.0,90.74158
42.354166666666664,34.895833333333336,22.241,968.00085,39.14,199.0,85.44438
46.104166666666664,37.104166666666664,13.079833,932.0211,37.376003,370.0,73.14392
43.479166666666664,29.854166666666668,23.482334,933.4886,39.300003,99.0,83.501945
45.1875,29.979166666666668,24.516167,909.3609,38.156,106.0,88.42551
46.64583333333333,35.354166666666664,12.086833,977.1995,41.7,604.0,82.5876
47.4375,34.229166666666664,14.187667,904.6614,41.328003,444.0,81.96774
49.104166666666664,31.729166666666668,25.678833,955.7758,40.208,364.0,109.75226
41.645833333333336,35.770833333333336,21.082167,989.62146,38.384,277.0,87.80551
46.3125,28.854166666666668,25.3675,875.06085,37.86,192.0,82.008446
40.4375,37.4375,14.978833,1008.7908,40.968,684.0,77.61233
45.020833333333336,37.520833333333336,10.484834,935.83344,37.636,380.0,66.498276
41.1875,32.729166666666664,20.470833,903.5509,38.628,100.0,75.944885
47.8125,30.104166666666668,25.079834,906.5791,39.112003,136.0,94.26055
47.77083333333333,37.479166666666664,11.7595,888.2824,37.804,286.0,55.23557
45.395833333333336,33.395833333333336,23.292667,939.18036,39.872,234.0,99.242714
48.1875,34.6875,11.1241665,908.15314,41.079998,350.0,76.417595
40.729166666666664,36.145833333333336,19.0765,956.0223,39.288,267.0,80.38472
41.020833333333336,33.395833333333336,20.040667,905.797,38.336002,118.0,78.506775
40.729166666666664,35.645833333333336,19.891666,960.3852,38.524002,213.0,81.17521
43.5625,34.395833333333336,24.3545,893.7601,38.324,173.0,88.267296
40.229166666666664,37.520833333333336,15.139,1025.4985,40.988003,639.0,76.423965
43.104166666666664,33.9375,22.772167,882.802,34.952003,124.0,81.59506
47.77083333333333,34.145833333333336,12.988334,892.4509,40.396,417.0,80.35792
45.854166666666664,33.9375,19.914999,918.1016,37.508,406.0,94.25584
42.4375,36.895833333333336,20.147,977.5268,38.884003,591.0,90.37513
42.104166666666664,30.5625,23.069666,936.3263,39.852,76.0,82.91279
48.604166666666664,33.145833333333336,20.179832,921.1756,40.188,434.0,92.565674
44.4375,32.229166666666664,23.864,957.781,39.848,88.0,85.51874
45.4375,30.479166666666668,24.396166,902.9852,37.5,99.0,93.4682
47.979166666666664,29.020833333333336,25.917667,922.12244,40.016,101.0,89.47646
39.354166666666664,34.145833333333336,18.154833,863.1505,36.716003,117.0,74.53743
47.0625,31.604166666666668,24.108334,903.8863,38.672,173.0,97.922646
46.5625,28.895833333333336,25.39,853.6716,37.776,175.0,83.015724
44.395833333333336,35.145833333333336,22.927,944.295,38.652,279.0,97.14223
45.104166666666664,28.979166666666668,24.826166,924.9202,39.164,162.0,81.78635
39.729166666666664,34.8125,19.6415,929.3441,37.708,119.0,77.57632
45.229166666666664,32.0625,23.824,914.65173,38.62,123.0,89.14106
42.145833333333336,32.020833333333336,22.134167,914.99457,39.348,64.0,80.604614
45.354166666666664,28.979166666666668,24.875668,919.54517,38.62,166.0,82.257904
41.229166666666664,37.5625,15.4545,1001.39197,40.02,727.0,77.05379
47.354166666666664,31.354166666666668,23.819666,876.12396,37.156002,164.0,99.20325
45.854166666666664,34.229166666666664,19.188667,904.4131,37.456,477.0,93.51022
48.6875,34.0625,11.780833,856.1641,39.004,310.0,79.24418
47.6875,34.645833333333336,9.93,930.2968,39.972,411.0,78.19918
43.9375,31.895833333333336,23.675333,977.6739,40.356,70.0,87.32314
45.604166666666664,34.020833333333336,22.458166,930.5478,38.996,325.0,96.95378
43.770833333333336,29.0625,23.727167,928.4442,39.268,131.0,84.10342
44.520833333333336,28.729166666666668,24.6245,929.7221,39.48,156.0,82.57228
41.354166666666664,33.1875,20.397167,924.1901,39.096,110.0,76.86028
46.9375,29.9375,24.761833,874.2669,38.460003,108.0,89.23921
43.229166666666664,32.895833333333336,22.796833,966.60114,41.151997,95.0,84.800354
43.104166666666664,37.354166666666664,13.3525,990.33923,37.42,802.0,79.121025
47.0625,37.104166666666664,9.522667,939.91656,38.22,314.0,66.736206
45.5625,32.645833333333336,24.079334,936.8554,40.088,148.0,97.018036
40.145833333333336,37.354166666666664,16.8645,985.45935,40.696,506.0,78.50286
44.1875,31.770833333333336,24.024834,971.0022,40.171997,71.0,84.85524
43.979166666666664,30.4375,23.457,941.2888,38.9,95.0,94.13012
49.479166666666664,30.4375,25.9015,918.44666,37.868,257.0,117.91042
43.645833333333336,32.5625,23.544834,962.2468,39.664,90.0,84.315796
47.52083333333333,36.0625,10.123167,976.94446,40.94,370.0,73.00888
46.8125,37.770833333333336,9.357,991.7143,39.072,291.0,62.64497
44.229166666666664,33.1875,22.695333,937.477,40.228,144.0,87.21376
45.104166666666664,30.1875,24.364,912.9958,37.924004,101.0,90.38844
46.0625,36.104166666666664,9.655,972.6322,39.524,613.0,81.47704
44.1875,29.3125,24.043,929.0262,39.076,123.0,83.30976
44.229166666666664,30.270833333333336,23.725334,936.244,38.9,98.0,91.60724
40.895833333333336,36.854166666666664,18.605667,958.093,40.22,382.0,79.81189
45.479166666666664,31.5625,24.671167,917.27545,38.556,122.0,94.99089
45.77083333333333,35.895833333333336,13.081167,987.3263,39.628,817.0,91.83729
48.27083333333333,36.854166666666664,11.520333,863.8,37.404,287.0,65.845604
46.52083333333333,34.645833333333336,14.607667,951.93774,40.912,603.0,86.65669
47.89583333333333,34.0625,11.861667,896.6546,40.364,398.0,80.25
43.729166666666664,31.020833333333336,23.275,951.5102,39.504,84.0,95.94032
42.520833333333336,31.0625,23.170834,937.09924,39.592003,70.0,85.748276
41.770833333333336,33.854166666666664,20.670166,977.3834,39.784,135.0,81.19549
45.854166666666664,30.854166666666668,24.667833,880.3414,37.024002,89.0,93.34085
42.979166666666664,32.9375,22.397833,962.70013,40.940002,92.0,81.63868
43.270833333333336,33.770833333333336,22.454334,865.62573,34.208,122.0,81.79421
48.0625,36.395833333333336,10.0925,938.91626,39.760002,311.0,70.088
39.645833333333336,34.0625,18.5965,866.8571,37.008,124.0,74.99607
44.854166666666664,33.8125,23.128,921.16046,39.22,201.0,95.67291
40.229166666666664,33.0625,19.025667,843.0274,36.736,118.0,74.66331
48.854166666666664,31.229166666666668,25.606167,948.50037,39.896,263.0,108.94734
41.104166666666664,34.3125,20.855667,934.81085,38.152,145.0,82.5438
42.8125,31.645833333333336,22.986166,941.8317,39.879997,69.0,83.596664
41.729166666666664,36.854166666666664,19.999,975.51874,39.052002,440.0,85.79881
47.5625,29.1875,25.4035,910.85834,39.624,114.0,87.23991
46.729166666666664,37.729166666666664,8.285167,995.1011,38.82,292.0,63.008194
44.1875,30.9375,23.798834,947.57153,38.912003,85.0,92.945816
46.9375,35.6875,8.953667,985.12646,40.92,475.0,77.36937
43.854166666666664,34.520833333333336,24.4335,891.5622,38.124,186.0,91.31224
44.4375,34.020833333333336,23.368334,922.00494,39.348,187.0,92.00884
45.604166666666664,28.604166666666668,25.2025,928.92535,38.98,205.0,81.3916
39.729166666666664,33.104166666666664,18.243,834.0437,36.824,124.0,80.19518
40.8125,37.895833333333336,15.961333,1011.5082,41.992,603.0,76.32294
43.9375,33.4375,22.7115,927.9913,39.508,139.0,85.890564
43.5625,29.1875,23.531,927.94244,39.372,119.0,84.17866
40.395833333333336,32.645833333333336,19.072166,860.1075,37.84,117.0,75.37702
42.895833333333336,34.145833333333336,23.1665,959.1679,40.304,140.0,82.41202
46.229166666666664,35.1875,11.819167,958.13776,39.02,728.0,87.10314
46.5625,36.6875,12.227834,945.70026,39.304,406.0,73.24113
45.4375,30.354166666666668,24.378,901.26575,37.448,100.0,91.29556
43.270833333333336,31.729166666666668,23.1,957.8009,40.144,72.0,85.28029
46.354166666666664,31.645833333333336,24.336834,909.5774,38.852,141.0,98.593796
43.729166666666664,37.6875,4.699167,958.0203,36.688,631.0,61.550102
47.52083333333333,34.020833333333336,13.1095,891.27527,39.275997,440.0,81.62727
43.0625,31.4375,23.031834,948.95844,39.756,71.0,87.065865
43.854166666666664,37.979166666666664,2.8168333,935.0952,35.716,598.0,57.00188
40.479166666666664,34.604166666666664,20.128,934.17883,37.86,128.0,80.84893
41.395833333333336,35.104166666666664,21.121166,974.3428,38.847996,186.0,85.18234
44.6875,36.895833333333336,11.986834,1000.929,38.732,619.0,81.18161
46.854166666666664,29.645833333333336,24.932833,860.79895,37.932003,126.0,89.948524
42.1875,33.1875,21.105167,966.19507,40.292004,104.0,77.58098
43.145833333333336,30.520833333333336,23.351166,942.5999,39.687996,85.0,91.892
45.0625,29.395833333333336,24.6895,918.85284,38.924,134.0,83.21899
46.27083333333333,30.395833333333336,24.490667,876.11346,37.304,90.0,92.15876
46.9375,35.4375,11.6005,973.3203,41.956,504.0,79.29951
40.770833333333336,32.895833333333336,19.706833,878.4369,37.991997,109.0,76.17176
48.729166666666664,35.5625,8.873667,973.8347,41.468002,297.0,74.24256
46.604166666666664,36.979166666666664,9.93,968.6749,39.14,360.0,71.28694
39.770833333333336,33.520833333333336,18.236,844.6933,36.928,124.0,77.04433
49.02083333333333,31.6875,25.551167,953.43835,40.120003,348.0,109.489174
41.645833333333336,33.604166666666664,20.486834,961.60986,39.708,123.0,80.68172
47.854166666666664,35.854166666666664,11.537666,970.50934,41.668003,353.0,73.42707
45.5625,35.3125,19.199333,999.8314,39.968,708.0,94.35052
44.729166666666664,36.5625,15.019,1013.4984,39.092,760.0,90.9108
45.145833333333336,35.520833333333336,18.8095,1010.71405,39.7,664.0,97.573944
46.1875,31.6875,24.284332,904.3602,38.239998,138.0,100.587364
45.4375,28.729166666666668,25.046833,926.158,38.724,188.0,81.52189
47.02083333333333,36.604166666666664,8.275833,980.6721,39.739998,379.0,72.337135
42.479166666666664,32.979166666666664,21.566833,959.144,40.468002,97.0,80.69034
48.14583333333333,33.770833333333336,15.125667,871.3774,39.928,408.0,83.876396
48.52083333333333,34.354166666666664,12.414833,857.759,39.163998,317.0,79.03522
46.64583333333333,31.104166666666668,23.857166,864.9074,36.568,109.0,93.269005
42.1875,33.770833333333336,21.375,1000.7316,40.828,127.0,79.24839
39.1875,33.729166666666664,17.815166,831.2262,35.836,110.0,72.381355
43.770833333333336,35.229166666666664,23.627167,885.4496,37.104,264.0,91.12537
42.3125,35.645833333333336,22.0525,977.2031,38.484,299.0,89.48953
45.229166666666664,29.979166666666668,24.6195,908.0286,38.068,106.0,88.42551
47.52083333333333,29.645833333333336,25.136667,905.6371,39.464,107.0,88.37814
44.979166666666664,35.4375,20.647667,1006.3478,40.2,544.0,99.36726
46.8125,37.8125,9.561,988.61096,38.98,286.0,61.427147
47.77083333333333,37.6875,8.999333,896.24774,37.252,285.0,58.832325
48.3125,28.6875,26.014334,853.9948,37.404,102.0,93.020065
39.895833333333336,37.020833333333336,18.0005,968.6442,41.196,419.0,79.8557
44.3125,34.020833333333336,23.263834,902.20917,38.324,175.0,90.48142
46.27083333333333,37.729166666666664,4.963333,970.35236,37.276,395.0,65.33174
49.14583333333333,31.479166666666668,25.843332,955.4832,40.376,327.0,110.53738
47.5625,34.979166666666664,11.139667,950.279,42.448,415.0,77.45119
45.854166666666664,35.4375,18.634167,988.66534,40.292,789.0,92.94127
42.854166666666664,32.3125,22.641167,948.1033,40.344,72.0,82.62843
45.354166666666664,31.520833333333336,24.771667,917.37244,38.364002,118.0,92.96271
39.5625,33.5625,18.108833,838.57117,36.72,120.0,75.465
39.520833333333336,36.854166666666664,18.1505,962.40765,39.684,377.0,80.68376
40.1875,32.145833333333336,19.611666,870.1149,37.848,105.0,74.875626
47.64583333333333,31.9375,24.167,915.57324,39.332,266.0,103.85568
47.6875,29.854166666666668,25.264,910.3311,39.463997,109.0,92.40219
48.5625,34.5625,7.742,930.67456,39.632,329.0,77.0032
44.645833333333336,29.354166666666668,24.5755,928.21063,39.216,129.0,82.842224
44.354166666666664,28.895833333333336,24.425333,929.4919,39.324,144.0,84.13724
45.1875,37.145833333333336,8.804167,968.9437,37.92,478.0,74.499886
40.020833333333336,36.4375,17.686333,955.8815,39.64,359.0,79.258286
46.6875,36.729166666666664,9.8505,956.3457,39.008,390.0,72.23297
45.479166666666664,35.104166666666664,18.593334,980.6735,39.176,697.0,95.089874
45.9375,31.979166666666668,24.534166,926.71497,39.38,134.0,97.11371
49.104166666666664,30.229166666666668,25.504688,866.4992,35.637497,232.0,111.781815
45.8125,29.3125,25.064667,889.0669,38.216,157.0,85.60736
42.270833333333336,36.479166666666664,20.347666,999.8402,38.296,449.0,91.37605
47.02083333333333,34.0625,13.2175,906.60474,39.524,480.0,83.135254
44.854166666666664,30.479166666666668,24.195333,923.25653,37.708004,95.0,91.79316
39.979166666666664,35.6875,19.0615,960.5834,38.916,204.0,81.23624
40.270833333333336,32.0625,19.763332,876.1556,38.076,104.0,73.326096
47.14583333333333,31.520833333333336,24.006666,897.0203,37.904003,169.0,98.39558
46.6875,33.770833333333336,16.254,917.1125,37.664,473.0,85.90727
43.6875,34.020833333333336,23.685167,920.78143,39.752,153.0,84.650696
44.479166666666664,35.395833333333336,22.231667,990.56946,39.84,368.0,96.73804
45.479166666666664,35.270833333333336,18.882166,993.842,39.58,697.0,95.065216
41.8125,36.479166666666664,20.217167,1010.23914,37.732002,441.0,87.34878
42.770833333333336,35.145833333333336,23.2915,933.63666,38.132,238.0,88.551
48.104166666666664,34.5625,12.792,894.40393,41.068,372.0,77.97144
43.895833333333336,29.645833333333336,23.694666,933.33264,39.224,108.0,83.99134
40.5625,37.3125,14.910833,996.0601,39.408,744.0,77.60826
43.395833333333336,37.770833333333336,4.8495,956.437,36.708,667.0,61.09801
49.1875,32.895833333333336,18.3615,916.35956,38.82,373.0,93.38796
48.479166666666664,35.854166666666664,10.709333,957.3029,41.796,307.0,73.61828
43.729166666666664,34.3125,24.1355,898.4669,38.387997,169.0,86.69441
47.604166666666664,31.020833333333336,24.3045,892.8707,39.196,158.0,98.44849
45.479166666666664,37.4375,11.605833,912.5767,33.828,319.0,68.043724
45.89583333333333,36.229166666666664,10.389334,976.94775,39.492,608.0,81.713745
43.604166666666664,33.645833333333336,22.9695,937.8204,40.572,140.0,84.65047
43.5625,34.145833333333336,23.894167,914.3299,39.404,161.0,84.977
46.104166666666664,31.479166666666668,24.2445,892.78186,37.32,128.0,97.68375
45.020833333333336,31.770833333333336,24.135666,913.64307,38.06,107.0,86.47485
44.270833333333336,37.229166666666664,11.723,999.807,38.024,693.0,78.85472
42.479166666666664,34.854166666666664,22.530333,962.2437,39.116,198.0,85.47152
43.645833333333336,31.104166666666668,23.225,953.61053,39.74,82.0,94.88329
42.020833333333336,31.770833333333336,22.413666,919.6699,39.539997,65.0,79.31459
45.145833333333336,36.395833333333336,10.1855,971.5645,37.464,688.0,83.878525
44.520833333333336,33.479166666666664,22.892166,937.42883,40.42,167.0,92.250305
46.8125,33.854166666666664,15.4155,898.2048,38.9,478.0,85.385
41.770833333333336,32.104166666666664,21.670166,914.50745,39.46,74.0,78.21953
47.479166666666664,36.854166666666664,10.446834,930.6422,38.56,308.0,66.26393
43.520833333333336,32.770833333333336,22.749166,925.6926,36.316,90.0,81.58543
45.1875,30.104166666666668,24.471333,910.61206,38.024,102.0,89.824814
40.229166666666664,34.645833333333336,19.914833,932.88477,37.924,125.0,79.88313
47.14583333333333,30.770833333333336,24.199,871.10236,38.064,110.0,99.058624
44.770833333333336,37.895833333333336,8.373834,964.12634,38.292,450.0,59.43147
42.270833333333336,35.4375,22.274166,966.6228,38.152,251.0,87.754326
44.104166666666664,35.5625,21.856499,973.2834,39.536,370.0,88.59665
45.104166666666664,32.1875,23.7605,920.14465,39.0,121.0,88.6082
41.4375,37.270833333333336,16.613167,986.1626,38.952,660.0,78.884415
43.0625,37.1875,16.672832,991.0422,38.812,798.0,87.155945
42.5625,37.145833333333336,19.189,957.9676,38.087997,724.0,87.85204
41.395833333333336,31.604166666666668,21.849667,922.117,39.22,80.0,78.32672
43.479166666666664,32.5625,23.442,963.8115,40.772003,87.0,83.03854
41.395833333333336,36.4375,19.622667,990.3488,38.859997,388.0,83.96428
39.729166666666664,37.4375,15.836667,985.7491,39.012,598.0,75.7259
48.604166666666664,34.3125,12.368334,842.7465,38.691998,311.0,78.72238
46.354166666666664,29.979166666666668,24.570333,866.805,37.284,103.0,90.47278
44.729166666666664,29.645833333333336,24.331667,923.2807,38.975998,119.0,84.45008
44.4375,29.270833333333336,24.349833,929.2126,39.028,127.0,83.251144
45.9375,32.229166666666664,24.431166,930.8249,39.416,137.0,92.62276
42.4375,30.0625,23.152666,930.2667,39.556,86.0,81.36319
45.020833333333336,33.979166666666664,23.091833,916.6645,38.6,220.0,96.52373
45.229166666666664,31.0625,24.932333,917.8828,37.876,108.0,97.23449
40.645833333333336,32.0625,20.184166,889.522,38.452003,100.0,73.429756
47.6875,31.104166666666668,24.240334,894.63446,39.18,168.0,99.33109
40.395833333333336,37.020833333333336,17.597666,929.8412,40.216,400.0,79.1572
43.895833333333336,37.395833333333336,9.0155,1007.6191,37.492,717.0,71.1139
41.604166666666664,35.479166666666664,21.036833,982.26263,38.371998,243.0,86.42638
47.8125,33.520833333333336,17.294834,892.69806,39.884003,450.0,85.80726
44.6875,34.395833333333336,23.697332,938.3976,39.475998,224.0,97.6467
42.270833333333336,37.770833333333336,13.592167,952.3625,36.46,823.0,73.190765
45.52083333333333,36.354166666666664,11.378167,969.85315,38.468,644.0,83.995575
44.770833333333336,37.479166666666664,8.280833,971.64453,37.632,524.0,67.274895
46.0625,31.1875,24.255333,891.82764,37.932,116.0,92.145355
45.77083333333333,37.604166666666664,12.358334,973.39795,37.712,282.0,65.4104
48.14583333333333,35.395833333333336,9.7325,973.18604,42.384003,340.0,74.33969
42.854166666666664,32.6875,22.321499,954.3405,40.428,86.0,81.864235
40.479166666666664,37.270833333333336,16.935667,985.846,40.128002,541.0,78.66791
46.354166666666664,30.520833333333336,24.403334,879.04504,37.764,88.0,92.15008
47.0625,30.145833333333336,24.5565,881.42523,38.264,102.0,91.9308
45.395833333333336,35.979166666666664,17.141834,1012.69336,39.708,761.0,94.59636
41.645833333333336,34.5625,21.356333,978.0885,39.4,160.0,82.62139
48.5625,35.520833333333336,9.651167,972.7353,41.748,320.0,73.71002
41.604166666666664,34.354166666666664,21.163668,973.9475,39.168,150.0,82.091385
47.229166666666664,31.020833333333336,24.130333,878.15247,38.4,130.0,96.81219
46.4375,36.895833333333336,12.488,957.8414,39.216,382.0,72.59674
43.9375,37.770833333333336,4.1788335,948.8586,36.328,594.0,60.379066
40.895833333333336,36.895833333333336,18.500666,953.7409,39.964,387.0,80.29287
48.5625,34.354166666666664,12.534667,854.58734,39.124,313.0,79.1044
48.6875,30.145833333333336,25.775833,867.4192,37.196,172.0,104.24896
48.77083333333333,34.229166666666664,11.814167,849.52594,38.364002,284.0,78.3699
46.6875,30.895833333333336,23.813667,849.52826,35.552,98.0,93.01366
46.39583333333333,32.4375,24.404667,937.9154,39.84,186.0,94.334015
40.1875,35.104166666666664,19.9055,972.36536,39.148003,150.0,81.05182
46.6875,30.8125,23.830666,847.7782,36.024002,94.0,93.58186
40.854166666666664,37.895833333333336,16.1755,1005.69574,41.892002,594.0,76.63927
42.0625,34.270833333333336,21.714832,1006.02045,39.792,154.0,82.00821
43.520833333333336,36.104166666666664,20.344,980.2846,39.295998,446.0,91.145584
39.9375,34.229166666666664,19.242834,890.2997,37.56,118.0,77.11305
40.3125,33.854166666666664,19.282667,882.3315,37.72,120.0,77.81772
42.729166666666664,30.1875,23.189167,932.1279,39.36,85.0,83.649086
40.395833333333336,32.604166666666664,19.143,861.76904,37.888,115.0,74.7764
46.604166666666664,32.6875,24.018,939.0518,40.04,236.0,97.439064
41.854166666666664,33.354166666666664,20.884,961.37616,40.0,108.0,77.927704
39.770833333333336,35.229166666666664,19.314333,956.1634,38.656002,153.0,80.93369
41.4375,34.4375,21.323166,951.12036,38.168003,151.0,81.76621
40.270833333333336,34.645833333333336,19.946167,933.62756,37.98,128.0,79.34799
42.8125,29.729166666666668,23.368834,926.94556,39.368,94.0,83.16687
42.979166666666664,30.3125,23.571833,939.0987,39.387997,84.0,86.60254
46.854166666666664,37.6875,8.772834,998.62665,39.348,292.0,64.14451
48.77083333333333,34.770833333333336,9.824667,929.2852,41.016,293.0,75.035164
46.89583333333333,29.9375,24.7305,873.005,38.464,103.0,88.25746
45.6875,33.3125,23.508167,932.5778,39.440002,230.0,98.354996
42.354166666666664,37.729166666666664,12.210834,953.69775,36.503998,843.0,72.921394
42.354166666666664,33.229166666666664,21.3615,970.2471,40.516,107.0,78.63646
49.39583333333333,31.854166666666668,25.128166,956.4951,40.38,405.0,107.457504
48.229166666666664,36.479166666666664,10.762,914.2808,39.424,307.0,70.32953
42.6875,36.6875,20.283167,989.37946,39.196,728.0,91.32881
47.52083333333333,37.229166666666664,10.935,915.27997,37.908,283.0,61.94568
45.104166666666664,30.104166666666668,24.373167,912.5153,37.947998,102.0,89.824814
41.354166666666664,35.8125,20.5285,984.15015,38.596,280.0,85.691376
40.729166666666664,37.6875,16.036499,1019.1616,41.516,602.0,77.38496
47.6875,37.729166666666664,6.584833,916.9796,36.928,317.0,62.27774
41.395833333333336,34.354166666666664,20.852499,960.2698,38.896,149.0,82.90387
45.020833333333336,33.0625,23.267334,941.7298,39.92,170.0,95.29213
47.14583333333333,33.270833333333336,19.280167,934.69867,39.3,409.0,89.589264
39.9375,37.104166666666664,18.008167,972.47345,41.276,431.0,79.835236
47.64583333333333,29.854166666666668,25.141167,906.6614,39.252,106.0,91.969475
47.6875,35.479166666666664,11.171666,976.5973,42.732002,384.0,75.597626
39.604166666666664,36.8125,18.289,970.2897,40.408,365.0,80.96354
40.770833333333336,33.9375,19.7395,911.0074,38.368,124.0,78.77043
41.354166666666664,34.770833333333336,21.154833,962.5244,39.308002,165.0,84.684105
46.77083333333333,34.3125,14.201667,894.0736,40.336,520.0,84.64637
48.0625,36.5625,9.3865,936.5997,39.196,306.0,69.850716
47.1875,31.979166666666668,24.287,913.30145,38.952,214.0,99.76942
46.89583333333333,33.8125,15.435166,907.9563,39.168003,468.0,85.70563
40.4375,32.770833333333336,18.972334,856.8475,37.552002,118.0,75.28322
49.4375,33.729166666666664,11.452167,960.3079,41.492,269.0,80.19251
40.145833333333336,32.729166666666664,18.829166,844.948,37.244,118.0,76.7102
47.39583333333333,32.895833333333336,18.549168,921.51654,38.956,407.0,88.429016
47.89583333333333,33.229166666666664,19.083666,909.2912,39.264,447.0,88.82683
46.6875,36.604166666666664,8.8985,954.6073,38.636,407.0,72.9297
41.5625,33.520833333333336,20.449501,951.36456,39.52,119.0,80.377396
47.77083333333333,35.5625,11.4055,977.70215,42.516,374.0,75.30102
47.729166666666664,29.145833333333336,25.797333,927.8003,39.947998,110.0,89.93739
44.8125,30.104166666666668,24.155167,921.08344,38.256,102.0,87.89774
45.479166666666664,36.854166666666664,9.9755,962.0727,37.828,470.0,77.21005
40.729166666666664,35.4375,20.025667,967.715,38.936,194.0,82.78604
48.479166666666664,30.9375,24.897667,908.8785,38.052002,215.0,104.52966
43.3125,29.895833333333336,23.389833,932.22766,39.236,96.0,85.14858
42.854166666666664,29.645833333333336,23.265667,926.677,39.224,98.0,81.61407
45.52083333333333,30.6875,24.515,902.0615,37.168,99.0,95.269615
45.270833333333336,36.479166666666664,10.985666,978.9563,37.68,624.0,83.733086
44.1875,34.1875,23.734833,916.39087,39.152,175.0,91.591705
46.229166666666664,36.1875,11.192166,965.2397,41.036003,554.0,78.597885
39.770833333333336,37.4375,15.848833,989.6035,39.224,601.0,75.87419
45.145833333333336,35.354166666666664,20.09,1004.90515,40.064,577.0,98.92636
49.479166666666664,30.395833333333336,25.858,913.5296,37.711998,256.0,117.87008
46.39583333333333,34.354166666666664,13.343166,907.0752,39.02,577.0,86.5878
40.0625,37.854166666666664,15.503166,1042.1958,41.664,558.0,74.18558
44.520833333333336,37.395833333333336,9.386333,1000.1405,38.444,607.0,70.58082
41.9375,35.645833333333336,21.801,985.76154,38.520004,277.0,88.14402
47.979166666666664,32.854166666666664,22.484167,943.6096,39.116,413.0,97.28582
40.3125,36.6875,18.174833,930.5387,39.784,326.0,78.27992
46.39583333333333,30.1875,24.616,870.11237,37.404,93.0,90.268616
47.3125,37.979166666666664,9.204667,958.72003,39.792,270.0,60.083485
46.9375,37.645833333333336,8.894667,989.4667,39.252,293.0,64.91984
46.4375,36.4375,11.3275,960.567,40.348,465.0,75.04453
44.4375,33.729166666666664,22.941833,915.00604,39.112,171.0,90.608574
45.354166666666664,29.3125,24.810833,911.1929,38.584,143.0,83.151436
47.64583333333333,29.3125,25.874332,923.16644,39.432,108.0,88.83079
41.270833333333336,32.020833333333336,21.107834,911.3859,39.024,86.0,76.528755
42.479166666666664,37.145833333333336,19.477499,963.1994,38.436,685.0,87.45419
45.6875,37.270833333333336,12.6505,933.74023,35.6,348.0,69.09224
41.1875,32.0625,20.94,908.7538,39.136,87.0,76.33389
42.479166666666664,35.8125,22.0965,981.44354,38.668,325.0,90.68792
45.729166666666664,37.6875,12.321,939.2262,34.72,287.0,64.13323
43.104166666666664,32.979166666666664,22.545666,964.2836,40.948,96.0,84.6197
47.0625,34.270833333333336,13.532833,915.5939,40.312,485.0,82.61035
44.479166666666664,30.9375,24.181168,941.2293,38.7,87.0,93.33762
43.520833333333336,35.854166666666664,21.039999,984.7924,39.559998,403.0,91.36
47.354166666666664,34.8125,10.9405,959.76495,41.887997,443.0,79.2124
44.604166666666664,33.8125,22.989834,913.41766,38.728,183.0,93.332306
45.89583333333333,34.104166666666664,17.9715,908.38354,37.42,493.0,91.74895
42.854166666666664,30.729166666666668,23.5185,944.78217,39.996,76.0,87.86216
41.479166666666664,36.979166666666664,19.653833,971.61505,39.8,431.0,83.51856
46.104166666666664,29.979166666666668,24.5635,872.0475,37.372,102.0,92.040306
48.64583333333333,35.645833333333336,10.184167,957.38293,41.736,308.0,73.525276
47.52083333333333,31.520833333333336,23.621834,862.05347,36.628,196.0,99.90582
41.354166666666664,33.395833333333336,20.339,932.18317,39.267998,116.0,77.8575
47.8125,32.104166666666664,24.135,928.05554,40.212,298.0,102.90493
42.979166666666664,35.770833333333336,22.116,966.25464,38.884,337.0,90.64542
47.77083333333333,35.3125,10.960834,966.1399,42.684,383.0,75.51684
48.9375,35.6875,7.568333,967.9699,40.02,294.0,75.27518
45.6875,29.854166666666668,24.652834,890.0595,37.66,111.0,88.845764
43.3125,31.479166666666668,22.945833,955.9931,39.88,74.0,89.21375
42.729166666666664,30.395833333333336,23.2715,939.25134,39.587997,81.0,84.36578
48.3125,30.0625,25.744333,885.09515,38.54,143.0,97.67557
45.6875,35.645833333333336,14.254167,988.25385,39.24,903.0,94.9779
41.9375,32.1875,21.896667,917.5689,39.836,74.0,78.44549
45.8125,31.1875,24.611,896.89044,37.544,113.0,96.388306
42.8125,30.4375,23.419167,940.35864,39.664,81.0,85.258095
45.395833333333336,29.8125,24.743834,902.9779,38.044,112.0,87.17819
41.6875,30.9375,22.960833,938.37354,39.852,75.0,79.37165
44.729166666666664,31.354166666666668,24.499166,935.36334,38.648,91.0,90.85183
45.604166666666664,33.104166666666664,23.7475,935.1299,39.78,197.0,98.12696
45.8125,35.479166666666664,17.493834,990.8739,39.772,864.0,93.94577
44.520833333333336,32.6875,23.393667,947.2321,39.708,128.0,92.05145
46.854166666666664,30.479166666666668,24.35,880.93604,37.899998,93.0,94.38405
43.1875,36.0625,21.063667,990.31726,39.768,429.0,90.39827
48.52083333333333,35.770833333333336,10.870334,953.0699,41.568,314.0,73.466095
41.5625,36.0625,20.75,992.78625,38.668003,325.0,85.74888
47.1875,30.895833333333336,24.202168,878.0762,38.544003,117.0,95.70141
48.229166666666664,34.5625,11.059167,895.537,40.636,344.0,77.11173
42.020833333333336,36.895833333333336,19.985666,969.0424,39.192,472.0,87.79376
41.770833333333336,37.854166666666664,17.065834,998.0617,39.76,674.0,74.439224
41.1875,36.645833333333336,19.366499,967.5231,39.524,354.0,82.77397
40.770833333333336,34.0625,19.853333,916.19183,38.392,129.0,80.01193
40.145833333333336,37.145833333333336,17.628834,954.9851,40.924,425.0,79.27114
45.4375,35.145833333333336,17.574667,978.61176,38.783997,739.0,95.37569
47.5625,34.0625,13.758666,894.1668,40.059998,436.0,81.600235
46.479166666666664,29.270833333333336,25.140333,843.4636,37.536,158.0,85.336334
43.145833333333336,37.0625,16.507334,994.66595,39.244003,791.0,88.82538
45.0625,29.854166666666668,24.293,912.6627,38.236,112.0,85.99828
42.729166666666664,34.604166666666664,23.16,951.48425,39.296,183.0,85.47686
47.64583333333333,36.645833333333336,10.074667,930.98785,38.559998,317.0,69.16043
45.354166666666664,28.5625,25.171333,934.1636,39.0,194.0,81.28186
39.8125,35.270833333333336,19.331999,958.84595,38.943996,157.0,81.041725
40.604166666666664,33.145833333333336,19.521833,870.8342,37.851997,116.0,75.77722
47.479166666666664,35.6875,10.3758335,983.97046,42.216003,396.0,75.64341
46.64583333333333,28.854166666666668,25.382833,854.64984,37.792,177.0,83.31856
48.5625,34.4375,12.332,863.25867,39.36,313.0,78.11111
48.64583333333333,32.979166666666664,17.808834,905.09937,38.044003,414.0,89.751884
46.229166666666664,29.604166666666668,24.727667,863.13715,37.412003,137.0,89.11873
40.0625,32.020833333333336,19.746166,869.2939,38.008,103.0,75.043205
45.8125,32.1875,24.408667,929.4204,39.16,133.0,93.12783
44.020833333333336,36.854166666666664,17.332666,1013.25555,39.504,810.0,96.38354
43.6875,28.9375,23.510334,927.2651,39.12,133.0,84.79929
49.229166666666664,32.854166666666664,18.777666,921.1469,38.484,380.0,95.2012
45.979166666666664,35.729166666666664,13.3845,984.2123,40.308002,908.0,92.11442
47.3125,32.395833333333336,24.163166,933.2778,40.196,275.0,99.40095
47.5625,30.270833333333336,24.635334,899.7837,38.46,134.0,93.57095
47.0625,32.020833333333336,24.239666,916.62,39.124,215.0,100.16086
46.8125,29.645833333333336,24.900333,858.5231,37.828,128.0,90.44109
40.4375,35.8125,19.138666,962.8092,38.864002,233.0,81.38329
49.4375,31.854166666666668,24.9035,954.3781,40.104,404.0,107.330345
42.145833333333336,35.395833333333336,22.166666,969.7662,38.212,241.0,87.72567
41.604166666666664,37.354166666666664,17.040333,984.9995,38.56,657.0,78.78328
41.8125,35.770833333333336,21.438,990.1318,38.196003,286.0,88.454605
47.9375,31.979166666666668,24.138332,923.6068,40.107998,295.0,103.19458
45.729166666666664,37.895833333333336,12.714833,992.4622,39.387997,261.0,61.16987
40.395833333333336,33.395833333333336,18.913334,863.92444,37.144,126.0,77.19965
45.395833333333336,35.229166666666664,16.930666,981.8051,38.492,751.0,95.641205
44.0625,35.979166666666664,20.132166,1011.09674,40.852,522.0,93.12111
47.3125,32.479166666666664,23.863333,931.84106,39.82,291.0,98.23822
40.729166666666664,31.6875,20.712166,905.30676,38.772,92.0,75.4759
47.64583333333333,36.8125,11.723833,906.6015,37.656,308.0,66.97396
43.354166666666664,32.979166666666664,23.009832,965.2696,41.596,109.0,86.608185
47.104166666666664,33.5625,17.070168,916.69824,39.156,451.0,85.52886
44.5625,29.4375,24.4875,928.9621,39.168,131.0,84.861176
40.895833333333336,32.145833333333336,20.5465,896.9522,38.456,95.0,74.92125
44.604166666666664,30.729166666666668,24.1605,933.51526,38.236,91.0,92.333755
49.4375,32.8125,17.028666,911.10406,39.072,345.0,92.28963
40.020833333333336,36.5625,18.202333,957.7313,40.372,335.0,79.291916
40.354166666666664,35.229166666666664,19.871,940.4333,37.552,151.0,80.61317
45.270833333333336,29.520833333333336,24.73,912.2052,38.344,127.0,83.65709
41.354166666666664,37.1875,16.979834,981.6484,38.164,620.0,79.41462
46.729166666666664,30.645833333333336,24.356333,877.7881,37.632,89.0,94.57012
47.64583333333333,37.104166666666664,12.247,907.54193,38.264,292.0,62.239132
47.39583333333333,36.3125,8.803166,969.78094,39.815998,365.0,72.48835
46.4375,37.479166666666664,9.012333,996.7723,38.531998,325.0,69.834854
47.104166666666664,36.145833333333336,8.6175,982.2597,40.404,410.0,73.65307
44.9375,29.1875,24.786499,924.6716,39.148,153.0,83.62199
42.395833333333336,37.270833333333336,19.095167,957.41174,38.991997,692.0,85.43569
44.354166666666664,34.770833333333336,23.7505,925.92053,38.435997,232.0,98.18912
43.520833333333336,31.729166666666668,23.178333,964.7112,40.2,69.0,85.01667
47.3125,31.104166666666668,24.240166,891.7354,39.579998,136.0,97.74671
40.0625,33.979166666666664,19.278833,879.208,37.612003,124.0,76.95241
44.145833333333336,33.145833333333336,22.556667,931.3628,39.548,134.0,86.8305
47.479166666666664,32.520833333333336,23.796333,932.9217,39.935997,311.0,98.89814
45.5625,29.770833333333336,24.913334,895.97394,37.708,114.0,87.14534
40.395833333333336,31.979166666666668,20.151,882.85486,38.064,102.0,73.135345
46.64583333333333,31.145833333333336,23.915833,872.7095,37.088,115.0,92.180115
44.645833333333336,35.5625,20.425833,1007.4082,40.328,542.0,98.31529
41.520833333333336,32.354166666666664,21.044167,912.60834,39.34,88.0,76.638466
40.395833333333336,33.895833333333336,19.373,888.91156,37.823997,125.0,78.117386
45.395833333333336,31.0625,25.187666,908.52356,38.34,102.0,95.8993
42.895833333333336,33.6875,22.680334,969.85315,41.372,118.0,82.82791
43.0625,36.729166666666664,19.440332,991.0423,39.427998,760.0,92.94655
46.9375,33.729166666666664,16.190666,913.7962,39.0,461.0,86.0777
47.979166666666664,37.229166666666664,11.437,861.63885,36.96,279.0,58.55947
49.479166666666664,33.645833333333336,12.546166,954.3101,41.607998,270.0,81.01379
40.3125,33.770833333333336,19.097166,876.57184,37.66,129.0,77.58866
39.8125,35.9375,19.017834,957.8915,39.324,215.0,81.38093
44.8125,34.979166666666664,22.301666,969.86053,39.356003,362.0,98.76966
49.0625,32.395833333333336,23.720499,946.6643,39.928,430.0,104.54064
44.0625,29.1875,24.0375,929.5963,39.424,128.0,83.45063
46.354166666666664,36.270833333333336,10.698,959.8295,40.280003,511.0,76.75884
48.229166666666664,32.8125,20.809166,917.69574,38.724,441.0,93.82071
45.4375,34.270833333333336,22.299168,938.9012,38.592003,338.0,95.47351
48.02083333333333,33.8125,13.224167,877.3494,39.564,399.0,81.191795
48.1875,36.0625,12.173333,945.1421,40.968,321.0,73.3245
44.8125,37.770833333333336,8.413834,957.00916,37.824,462.0,61.913662
46.604166666666664,33.4375,13.826667,921.28094,37.592,468.0,83.9372
43.395833333333336,29.3125,23.306667,928.03906,39.224003,115.0,83.97891
41.0625,35.6875,20.032167,973.63513,38.708004,242.0,83.51857
46.1875,35.729166666666664,11.555166,974.7101,39.823997,753.0,87.06075
44.270833333333336,33.645833333333336,22.804167,911.10205,38.92,158.0,88.05329
42.729166666666664,36.8125,19.782333,960.54236,37.452003,817.0,91.03314
44.270833333333336,36.8125,15.481833,1005.8206,38.755997,751.0,91.76562
44.104166666666664,31.604166666666668,23.8565,969.0428,40.232,72.0,85.71429
47.3125,36.8125,7.634667,937.9592,37.548,327.0,68.69156
43.895833333333336,32.604166666666664,23.402,964.1284,38.308002,89.0,86.49017
42.770833333333336,30.979166666666668,23.339,941.3613,39.68,73.0,87.33012
42.5625,37.3125,17.391666,971.1723,38.192,753.0,83.41024
41.9375,30.520833333333336,23.071001,935.3944,39.732,77.0,80.37796
46.8125,37.520833333333336,10.137667,994.422,39.312,303.0,65.46348
45.1875,29.729166666666668,24.536667,910.8111,38.324,118.0,85.94881
39.6875,36.5625,18.502167,966.26184,40.492,333.0,79.99484
45.64583333333333,29.145833333333336,25.162167,906.83545,38.72,157.0,83.052826
44.395833333333336,34.229166666666664,23.584166,920.16223,38.980003,191.0,94.226555
45.729166666666664,31.979166666666668,24.512001,930.4257,39.628002,130.0,95.12091
40.979166666666664,35.9375,19.748667,971.24475,38.964,259.0,82.268036
49.479166666666664,32.395833333333336,19.1075,915.5322,38.364,381.0,96.488945
47.4375,31.020833333333336,24.1605,883.6913,37.776,144.0,98.56419
45.354166666666664,33.3125,23.439333,938.74506,39.828003,215.0,98.57574
41.1875,34.104166666666664,20.420166,936.29913,38.784,134.0,80.67086
45.77083333333333,37.6875,12.514833,948.3097,35.4,287.0,61.618057
47.1875,37.979166666666664,9.569333,969.77924,39.82,274.0,59.03568
45.604166666666664,32.8125,23.955833,937.8062,39.907997,165.0,96.66557
44.229166666666664,35.145833333333336,23.281666,936.83203,38.767998,267.0,95.87943
43.229166666666664,32.520833333333336,22.809334,965.71533,40.544003,81.0,83.282394
40.854166666666664,31.5625,20.954666,913.5137,38.843998,93.0,76.14068
43.229166666666664,29.520833333333336,23.314167,929.1355,39.264,106.0,83.728874
44.270833333333336,29.8125,23.728,931.439,39.016,108.0,84.53079
42.4375,35.3125,22.376167,961.29254,38.3,251.0,88.16315
42.854166666666664,32.9375,22.371166,960.8785,40.996002,93.0,82.28644
44.604166666666664,29.8125,24.2295,926.7045,38.904,111.0,85.47032
47.77083333333333,30.604166666666668,24.386168,879.1842,36.983997,155.0,95.15359
48.39583333333333,33.770833333333336,10.2664995,900.11475,38.64,362.0,79.63231
47.52083333333333,32.729166666666664,21.2635,924.8074,39.067997,382.0,92.979225
40.145833333333336,36.5625,18.229834,954.53503,40.328003,336.0,79.00308
43.0625,32.979166666666664,22.492834,964.18866,40.94,96.0,84.6197
40.854166666666664,33.0625,19.848,888.3359,38.232,111.0,76.15496
43.645833333333336,30.5625,23.508,946.04266,39.416,90.0,99.25802
43.104166666666664,35.645833333333336,22.570667,953.63916,38.8,317.0,90.184616
41.770833333333336,33.4375,20.77,961.68823,39.924,116.0,79.48252
44.0625,32.0625,24.342167,976.87994,40.624,67.0,87.24916
46.9375,30.3125,24.416166,880.40344,38.012,97.0,92.87871
47.979166666666664,33.895833333333336,14.343,875.7715,39.924004,408.0,82.08778
44.854166666666664,28.854166666666668,24.810333,930.94147,39.031998,158.0,81.92402
44.9375,37.4375,9.164833,965.2985,37.744,467.0,68.04425
43.104166666666664,37.1875,16.324833,992.0179,38.767998,799.0,86.84694
44.895833333333336,36.145833333333336,18.800333,964.2366,36.624,738.0,102.8886
44.395833333333336,32.854166666666664,23.165667,947.5019,39.892,133.0,91.236595
41.8125,37.4375,17.516333,980.8298,38.156002,665.0,79.062164
46.729166666666664,33.479166666666664,15.685833,922.653,37.44,456.0,85.52524
46.479166666666664,37.354166666666664,10.5215,986.1979,38.871998,328.0,70.368645
44.979166666666664,32.6875,23.334167,938.0815,39.584,139.0,92.022
41.9375,37.520833333333336,16.670334,977.35345,37.58,709.0,77.9052
41.8125,36.8125,20.1995,981.559,39.288,440.0,86.823296
43.8125,30.9375,23.428667,950.871,39.399998,85.0,96.61565
46.229166666666664,30.770833333333336,24.316833,875.8777,37.156,90.0,93.78283
40.1875,36.979166666666664,17.715666,917.05927,39.456,376.0,79.1297
44.895833333333336,30.604166666666668,24.357166,923.91876,37.912,95.0,91.79316
49.39583333333333,32.270833333333336,19.607834,917.6957,38.38,388.0,97.54999
42.520833333333336,30.354166666666668,23.1475,935.44,39.615997,81.0,82.184715
41.354166666666664,34.395833333333336,21.116333,953.8158,38.420002,151.0,83.14062
47.02083333333333,31.1875,24.112167,884.1039,39.18,134.0,95.84058
40.854166666666664,32.1875,20.437166,894.88873,38.436,97.0,75.760445
45.604166666666664,37.520833333333336,12.0055,930.4079,34.788002,303.0,66.68151
44.6875,31.6875,24.367666,935.0503,39.116,85.0,84.47663
42.5625,37.395833333333336,12.739166,963.84247,36.34,816.0,76.513954
44.4375,37.604166666666664,6.640333,980.613,37.808,572.0,65.292595
45.854166666666664,35.395833333333336,19.157833,982.07916,40.32,740.0,92.848694
40.770833333333336,34.270833333333336,20.204,921.6315,38.132,134.0,81.42859
42.604166666666664,36.479166666666664,20.7625,996.37836,39.160004,540.0,91.70344
40.145833333333336,34.895833333333336,20.090834,956.06195,38.724,134.0,82.32865
45.9375,36.979166666666664,12.968667,925.1581,37.448,400.0,74.4788
43.9375,32.020833333333336,23.978,977.22363,40.68,71.0,86.62825
45.6875,35.229166666666664,19.018833,989.8364,39.556,733.0,94.135735
40.145833333333336,35.604166666666664,19.337166,964.9755,39.092,193.0,81.281715
43.5625,33.479166666666664,22.8075,945.1778,40.608,136.0,85.83137
43.8125,36.645833333333336,18.712168,1017.0347,40.856,813.0,97.68051
41.270833333333336,37.979166666666664,15.895833,998.5296,41.12,665.0,74.13643
45.020833333333336,35.354166666666664,20.331833,1002.93604,39.920002,550.0,99.39447
47.89583333333333,36.520833333333336,11.424666,919.871,38.879997,311.0,70.07009
41.6875,35.645833333333336,21.31,985.90125,38.232,265.0,87.86389
46.0625,28.520833333333336,25.338333,924.8073,38.672,228.0,79.97159
46.14583333333333,29.354166666666668,24.998,869.2147,37.783997,156.0,85.87647
40.5625,32.6875,19.301334,866.09424,37.832,113.0,75.41941
46.39583333333333,37.4375,9.932167,985.9779,38.432,332.0,70.02595
40.020833333333336,32.520833333333336,18.938334,846.3867,37.408,117.0,75.89705
40.3125,37.6875,15.728167,1041.0764,41.896,564.0,76.133064
40.854166666666664,33.1875,19.739166,888.5901,38.100002,115.0,77.54716
47.4375,34.854166666666664,11.721,947.6437,42.272,429.0,78.65204
49.354166666666664,31.895833333333336,24.972,953.78033,40.372,414.0,106.73519
44.6875,29.104166666666668,24.652166,928.60364,38.956,145.0,82.800766
40.104166666666664,37.4375,16.144,1003.3742,40.208,569.0,77.4631
43.104166666666664,37.395833333333336,12.3215,992.1974,37.176003,802.0,76.65289
46.354166666666664,30.479166666666668,24.446167,879.44196,37.920002,88.0,92.15008
42.520833333333336,34.395833333333336,22.2095,990.96594,40.304,162.0,83.09753
48.14583333333333,36.604166666666664,9.5125,930.4189,38.792,305.0,69.454056
45.5625,29.645833333333336,24.951,897.9083,38.012,126.0,88.4846
44.729166666666664,35.604166666666664,20.0935,1011.5268,40.711998,582.0,99.120995
43.020833333333336,37.854166666666664,8.932667,978.76184,37.332,695.0,65.26666
46.354166666666664,35.0625,12.455833,970.3607,39.556,709.0,86.86727
40.020833333333336,37.645833333333336,14.8785,1031.2659,40.316,661.0,74.9906
42.0625,32.229166666666664,21.976,917.29755,39.832,73.0,79.053856
44.395833333333336,37.395833333333336,7.4476666,989.5596,37.46,628.0,69.82425
45.5625,37.520833333333336,11.779166,912.22876,33.544,295.0,66.57394
45.5625,33.729166666666664,22.908333,927.94867,38.816,291.0,99.24904
44.645833333333336,29.229166666666668,24.533,929.27563,39.06,140.0,84.65047
44.854166666666664,28.6875,24.865667,933.8837,39.396,167.0,82.37697
44.8125,32.354166666666664,23.501333,927.2159,38.784,115.0,89.318115
41.020833333333336,34.104166666666664,20.355667,929.4865,38.404,132.0,81.02874
47.52083333333333,32.645833333333336,23.406668,931.62494,39.928,337.0,97.720604
42.3125,35.8125,21.914333,985.21246,38.356,320.0,89.726135
47.354166666666664,28.5625,25.438334,886.7546,38.348003,143.0,84.12864
48.77083333333333,32.854166666666664,20.596333,924.8,38.716,423.0,96.09655
46.9375,37.1875,9.4345,953.95496,38.587997,311.0,67.31178
48.02083333333333,33.895833333333336,14.0985,876.0259,40.108,405.0,81.66253
49.1875,31.3125,25.8695,955.907,40.156002,307.0,111.60851
45.52083333333333,29.479166666666668,25.0655,903.53296,38.26,137.0,85.471176
44.645833333333336,34.6875,23.338833,948.4402,39.368,264.0,99.99141
47.354166666666664,36.979166666666664,9.866667,932.10986,38.556,309.0,65.76436
46.729166666666664,30.9375,23.876167,854.7948,35.816,103.0,92.74193
47.604166666666664,32.5625,23.602333,931.9894,39.744003,336.0,98.161674
43.5625,32.854166666666664,22.933332,942.4038,38.424,100.0,84.15795
45.395833333333336,29.020833333333336,24.884832,914.3745,38.436,164.0,82.0417
45.89583333333333,36.9375,13.086667,949.8774,38.24,409.0,75.01523
44.3125,35.979166666666664,19.886,1019.2793,40.144,627.0,97.77767
41.479166666666664,33.854166666666664,20.147501,956.2405,39.46,135.0,80.44592
46.854166666666664,29.104166666666668,25.3825,839.80585,37.572002,157.0,85.177956
45.395833333333336,36.4375,11.805333,972.4144,38.176003,634.0,84.246735
44.6875,32.895833333333336,23.301666,943.9266,40.484,143.0,92.57763
41.020833333333336,36.4375,18.953001,964.2943,39.399998,325.0,82.97518
46.729166666666664,37.479166666666664,10.2715,997.58594,39.292,299.0,65.490746
42.604166666666664,34.479166666666664,22.614666,974.3636,40.12,164.0,84.42807
47.14583333333333,32.145833333333336,24.229668,922.79114,39.5,234.0,98.76201
45.9375,35.395833333333336,19.070168,977.3442,40.312,728.0,92.11593
46.1875,29.270833333333336,25.050499,866.40845,37.816,163.0,85.56871
46.8125,29.0625,25.4485,837.8132,37.68,159.0,85.01082
45.6875,31.145833333333336,24.873333,900.6033,37.559998,106.0,94.788605
45.104166666666664,28.854166666666668,24.874,927.0322,39.12,170.0,82.055145
46.77083333333333,28.5625,25.436666,881.811,38.2,191.0,82.15988
40.395833333333336,35.8125,19.145166,963.20514,38.964,230.0,81.14492
43.270833333333336,30.4375,23.4895,943.34784,39.584,89.0,91.95573
46.02083333333333,35.854166666666664,10.905167,972.1539,39.472,734.0,85.964516
43.4375,31.979166666666668,23.021667,965.6973,40.5,72.0,84.625114
48.354166666666664,32.979166666666664,14.493167,896.18207,38.12,405.0,85.54361
48.354166666666664,32.354166666666664,23.936167,936.6549,39.432,396.0,106.07529
43.854166666666664,36.6875,18.568333,1015.4343,40.984,825.0,97.74396
48.354166666666664,36.770833333333336,11.493334,861.2224,37.427998,290.0,66.33465
44.479166666666664,29.354166666666668,24.427834,930.177,39.056,132.0,84.760506
39.479166666666664,34.3125,18.563667,877.1136,37.076,122.0,75.393616
47.77083333333333,34.520833333333336,11.286834,916.55084,40.608,399.0,78.56254
47.729166666666664,37.979166666666664,7.5575,897.1189,37.26,287.0,57.385265
40.520833333333336,33.0625,19.4355,862.74615,37.492,114.0,75.04551
43.6875,29.020833333333336,23.5585,927.41064,39.103996,131.0,84.10342
41.6875,32.6875,21.023333,923.7958,39.188,92.0,76.59019
45.89583333333333,35.0625,18.384333,963.7481,38.732002,722.0,92.84406
47.77083333333333,29.895833333333336,25.269333,911.72003,39.5,115.0,91.5617
41.479166666666664,32.895833333333336,20.662666,921.6108,39.044003,100.0,76.49257
42.895833333333336,35.604166666666664,22.706,951.4639,38.444,305.0,89.950485
45.64583333333333,35.770833333333336,16.144833,997.24945,40.176003,854.0,94.623474
45.979166666666664,30.979166666666668,24.451334,888.1836,37.724003,98.0,93.36195
43.0625,29.1875,23.253,923.9041,38.976,117.0,82.740326
43.520833333333336,29.9375,23.487,937.1103,39.168003,98.0,83.83734
44.1875,29.270833333333336,24.072166,928.1215,39.028,125.0,83.218666
44.354166666666664,33.145833333333336,22.823334,939.5324,40.399998,145.0,89.933876
40.854166666666664,32.6875,19.925833,883.94666,38.248,105.0,75.8905
46.729166666666664,35.395833333333336,11.784833,972.8873,41.78,571.0,81.997406
44.9375,33.604166666666664,23.2365,933.5758,40.028,199.0,97.73987
43.4375,32.9375,23.0285,966.03345,41.384,102.0,85.22121
42.3125,37.479166666666664,18.405167,968.3655,38.912003,702.0,81.75521
45.479166666666664,33.1875,23.563334,937.0985,39.5,203.0,98.42778
42.729166666666664,35.6875,22.482166,965.57574,38.6,310.0,90.05763
46.5625,32.354166666666664,24.378166,935.0982,39.739998,194.0,95.713135
43.854166666666664,32.729166666666664,23.406668,976.3264,40.124,101.0,88.55509
42.604166666666664,30.770833333333336,23.431667,942.37787,39.948,74.0,84.52747
44.1875,29.104166666666668,24.216,929.6234,39.292,132.0,83.560295
40.604166666666664,36.395833333333336,18.228167,956.90924,39.64,328.0,79.63901
47.39583333333333,36.229166666666664,9.7725,975.293,40.652,377.0,72.422935
48.39583333333333,30.854166666666668,24.9445,913.95184,38.144,203.0,102.90094
47.89583333333333,30.979166666666668,24.543001,901.0607,38.6,178.0,101.15426
46.604166666666664,30.354166666666668,24.466833,873.46954,37.64,91.0,91.25838
42.729166666666664,36.6875,20.170166,982.1917,38.352,758.0,91.46251
46.0625,29.354166666666668,24.961166,875.0711,37.788,156.0,85.551796
39.395833333333336,33.3125,17.98,823.36237,36.224,115.0,75.85405
42.104166666666664,34.9375,21.706333,975.43384,38.992,202.0,86.104965
48.3125,35.479166666666664,10.458167,971.42664,42.412003,332.0,73.34385
39.645833333333336,37.270833333333336,17.060333,942.2286,39.128002,495.0,79.64722
46.354166666666664,29.6875,24.714167,860.1893,37.444,130.0,90.000694
46.77083333333333,37.604166666666664,9.1925,998.47235,39.156,301.0,65.66508
44.770833333333336,31.270833333333336,24.455166,933.8934,38.22,95.0,92.661
43.354166666666664,34.395833333333336,24.159332,900.7783,38.58,175.0,86.93657
46.8125,36.9375,8.062667,956.8891,38.092,365.0,70.84328
44.145833333333336,30.729166666666668,23.748333,943.1111,38.899998,87.0,95.03933
42.229166666666664,34.9375,22.032333,972.1032,39.152,201.0,84.970985
45.8125,31.6875,24.618,921.80414,39.244,125.0,98.06936
48.104166666666664,36.5625,9.6805,932.53326,39.336,306.0,69.81364
43.854166666666664,31.145833333333336,23.519167,955.7028,39.664,82.0,91.868675
43.229166666666664,36.604166666666664,19.932667,996.4834,40.28,675.0,92.719
42.520833333333336,31.479166666666668,22.973167,933.14026,39.528,67.0,85.549736
42.9375,34.9375,24.089167,908.30176,38.072,207.0,87.92383
49.104166666666664,31.145833333333336,25.8205,952.0158,39.716,281.0,111.45869
44.770833333333336,32.0625,23.686666,925.1396,38.848,100.0,85.14421
41.645833333333336,33.8125,20.325666,968.8165,39.764004,131.0,81.86626
41.520833333333336,32.4375,20.963167,912.63745,39.368,90.0,76.49115
43.020833333333336,34.479166666666664,24.1115,918.5857,38.836002,159.0,85.53582
41.979166666666664,34.395833333333336,21.821167,986.76855,38.708,156.0,82.34729
48.229166666666664,36.354166666666664,11.002334,926.89014,39.728,303.0,70.2465
42.8125,31.020833333333336,23.350834,941.4393,39.712,74.0,88.41659
40.1875,35.479166666666664,19.649666,968.9024,38.976,172.0,82.13406
39.645833333333336,33.854166666666664,18.2805,855.1416,36.904,120.0,74.159454
47.9375,32.354166666666664,23.842167,938.0159,40.132,349.0,103.134384
40.520833333333336,31.895833333333336,20.343,891.0622,38.336,96.0,74.61085
42.6875,32.1875,22.398,939.306,40.168003,73.0,80.866646
44.8125,35.604166666666664,19.721666,1013.30695,40.636,615.0,99.10283
47.02083333333333,33.0625,18.874834,924.91205,38.476,397.0,88.20126
39.604166666666664,35.979166666666664,19.151667,958.1367,39.288,209.0,81.47949
47.5625,37.0625,11.809167,912.1249,38.252,293.0,63.050407
44.270833333333336,36.1875,19.022667,1016.5158,40.5,733.0,98.223724
48.6875,36.229166666666664,10.334167,930.5232,40.056,295.0,71.73577
39.770833333333336,36.0625,18.948,959.1975,39.632,237.0,80.06714
41.3125,35.854166666666664,20.296833,982.1671,38.464,291.0,84.87596
49.3125,32.270833333333336,22.982834,945.22156,39.076,423.0,103.67374
43.9375,33.395833333333336,22.728333,930.9575,39.576,137.0,85.40216
46.3125,37.270833333333336,10.411333,964.2143,37.48,337.0,70.503624
47.604166666666664,33.395833333333336,16.870167,902.1571,39.7,448.0,85.414795
43.9375,37.9375,6.8628335,964.623,37.104,537.0,56.739773
48.4375,35.354166666666664,10.419667,984.1935,43.516003,328.0,73.532196
44.854166666666664,33.0625,23.180334,937.5846,39.872,160.0,94.699486
46.1875,31.229166666666668,24.1745,888.9371,37.956,115.0,90.40198
43.229166666666664,37.895833333333336,4.9703336,949.41144,36.352,670.0,60.72448
42.854166666666664,31.520833333333336,23.06,942.8738,39.839996,70.0,85.97502
44.4375,37.1875,12.228333,1007.1113,38.42,628.0,79.538795
44.9375,32.604166666666664,23.522,943.4059,39.964,135.0,92.365005
39.604166666666664,33.854166666666664,18.2195,853.30994,36.876,122.0,74.22415
44.770833333333336,31.9375,23.992834,928.6733,39.104,96.0,84.087494
41.229166666666664,37.395833333333336,16.196833,991.9013,40.22,670.0,78.06678
44.979166666666664,30.729166666666668,24.387167,921.4423,37.8,98.0,93.47776
46.3125,33.9375,14.665667,903.27734,37.18,520.0,86.70329
43.354166666666664,37.854166666666664,5.9511666,967.3533,37.064,631.0,60.302853
41.3125,35.479166666666664,20.851667,979.24396,38.676003,218.0,85.46548
44.645833333333336,34.520833333333336,23.387833,944.0737,39.420002,243.0,98.50982
43.979166666666664,37.4375,9.056,989.5329,37.18,708.0,69.935036
48.89583333333333,32.5625,20.782667,926.5611,38.892,415.0,97.384674
43.5625,36.8125,18.254333,1000.45276,39.392,840.0,95.22513
46.02083333333333,36.520833333333336,11.499,954.54175,39.68,497.0,77.76685
44.4375,33.104166666666664,22.757166,935.666,40.199997,147.0,90.85859
47.0625,34.8125,10.810333,956.6658,41.171997,496.0,80.88977
42.1875,31.145833333333336,23.198,934.8033,39.8,69.0,83.596664
40.729166666666664,34.520833333333336,20.474833,928.3537,38.168,134.0,81.65453
44.479166666666664,37.395833333333336,9.155167,1001.68,38.308,622.0,70.46887
44.270833333333336,35.0625,23.367834,934.28357,38.728,255.0,97.62651
46.229166666666664,35.479166666666664,13.526,970.8712,40.572002,835.0,90.55104
49.1875,31.4375,25.869667,955.54254,40.28,325.0,110.708565
44.104166666666664,36.645833333333336,18.952,1024.4376,40.772,761.0,96.941185
40.479166666666664,36.020833333333336,18.882668,954.2661,39.176,252.0,81.195984
45.4375,36.854166666666664,10.331667,965.75366,38.132,467.0,76.6186
43.5625,34.5625,24.612667,877.14136,37.416,188.0,89.775475
41.895833333333336,32.020833333333336,22.014,916.36847,39.396004,70.0,79.62652
46.8125,33.479166666666664,16.053333,924.04517,37.632,453.0,85.57706
44.854166666666664,36.145833333333336,18.929667,979.4951,37.88,734.0,102.52051
46.14583333333333,35.854166666666664,8.484166,982.0497,39.164,645.0,82.05745
41.395833333333336,34.104166666666664,20.252167,949.9763,39.1,143.0,81.63035
47.64583333333333,36.270833333333336,11.0251665,954.88586,40.468,346.0,72.04519
46.479166666666664,31.729166666666668,24.273333,916.30096,38.904003,153.0,98.02252
46.02083333333333,29.354166666666668,24.935667,878.02405,37.756,157.0,85.60736
45.3125,36.395833333333336,11.027166,981.16644,37.904,648.0,85.3613
49.1875,33.354166666666664,10.9785,935.87946,39.516,309.0,82.414665
47.39583333333333,34.4375,11.855833,925.92413,39.416,450.0,80.35937
46.479166666666664,34.1875,13.529834,883.56946,38.108,545.0,86.280945
46.14583333333333,31.5625,24.233,896.3127,37.635998,131.0,100.09087
45.270833333333336,28.729166666666668,25.002,928.4949,38.964,180.0,82.40008
42.770833333333336,33.395833333333336,22.487999,967.5884,41.176,106.0,81.6827
43.520833333333336,29.020833333333336,23.388334,925.6691,39.212,130.0,83.64477
42.9375,37.770833333333336,8.128167,970.28253,37.412003,742.0,65.612114
40.520833333333336,33.104166666666664,19.433666,864.5608,37.632,115.0,75.10132
42.895833333333336,31.854166666666668,22.783333,946.4079,40.031998,70.0,82.2721
46.3125,37.1875,10.977166,969.58093,38.332,345.0,71.88056
43.604166666666664,34.229166666666664,24.024834,907.8914,39.1,164.0,85.225204
47.8125,31.395833333333336,24.0675,880.4139,37.924,206.0,102.1713
42.020833333333336,36.3125,20.921833,1009.2592,38.18,407.0,89.41016
47.854166666666664,36.020833333333336,11.753,964.8078,41.488,344.0,73.490364
49.27083333333333,32.145833333333336,24.022,951.41254,39.224,427.0,105.684135
43.229166666666664,31.104166666666668,23.2535,950.2559,39.795998,78.0,92.98637
44.4375,32.895833333333336,23.028667,942.6961,39.871998,135.0,91.043785
40.979166666666664,33.145833333333336,19.995834,895.7836,38.636,111.0,77.170784
47.64583333333333,35.520833333333336,10.979167,978.0869,42.428,390.0,75.55461
45.0625,28.770833333333336,24.923166,931.0561,39.1,171.0,82.43088
45.3125,36.5625,10.982333,975.62787,38.42,595.0,81.765564
43.895833333333336,29.0625,23.8305,928.7502,39.516,131.0,83.107994
39.520833333333336,36.270833333333336,18.4185,962.41174,39.576,278.0,79.94269
41.020833333333336,32.395833333333336,20.395666,896.1654,38.464,100.0,74.41796
41.770833333333336,34.9375,21.072334,974.78516,39.024,200.0,85.51525
43.8125,34.520833333333336,24.4325,884.8759,37.851997,184.0,90.86061
39.770833333333336,34.520833333333336,19.191668,905.4292,37.348,120.0,76.35577
47.1875,32.3125,24.144,928.638,39.596,263.0,99.86148
41.895833333333336,32.9375,21.155834,941.5643,40.112003,94.0,76.90744
44.979166666666664,31.0625,24.704834,924.9069,38.135998,101.0,94.81687
45.104166666666664,36.104166666666664,16.6005,1008.90393,38.943996,762.0,95.54601
45.604166666666664,28.979166666666668,25.068333,912.9311,38.484,176.0,82.70301
42.1875,31.270833333333336,23.1135,931.3207,39.712,67.0,83.06169
39.854166666666664,33.1875,18.411167,838.33203,36.928,123.0,78.42444
43.5625,33.604166666666664,22.877832,939.67126,40.699997,134.0,84.97167
41.3125,36.479166666666664,19.4845,983.6148,38.964,377.0,83.51825
44.4375,35.604166666666664,21.259333,1005.5014,40.392,463.0,95.481606
40.395833333333336,37.9375,15.661834,1038.866,42.288002,554.0,75.104454
48.5625,31.1875,24.8745,921.76624,38.112,236.0,105.08993
40.729166666666664,33.3125,19.690334,884.1287,38.072,115.0,78.37999
45.979166666666664,28.604166666666668,25.207335,923.46515,38.748,223.0,79.80758
46.354166666666664,29.145833333333336,25.194,856.40393,37.74,169.0,85.11287
46.89583333333333,36.9375,6.7481666,955.9524,37.752,363.0,70.12342
45.020833333333336,30.520833333333336,24.441668,918.9741,37.64,94.0,93.83053
46.6875,36.770833333333336,9.661333,960.11707,39.048,384.0,72.66986
44.770833333333336,36.145833333333336,19.069,1007.53186,39.768,736.0,101.67845
48.27083333333333,28.6875,25.938667,859.45166,37.612,102.0,93.020065
48.02083333333333,30.1875,25.3525,902.47144,39.176,136.0,93.62437
42.895833333333336,35.0625,23.797,915.6344,37.924,226.0,89.340454
42.0625,37.4375,17.186666,961.7747,36.932,710.0,79.152145
42.604166666666664,35.020833333333336,22.821667,946.6494,38.488,226.0,87.66925
42.020833333333336,32.104166666666664,22.017334,915.9176,39.663998,71.0,78.817986
42.229166666666664,34.354166666666664,21.886667,997.5674,39.228,151.0,82.3666
42.6875,35.020833333333336,23.158833,940.6082,38.364002,223.0,87.568634
48.854166666666664,33.1875,18.747334,906.9355,39.056,400.0,91.52841
44.3125,29.979166666666668,23.848333,932.1967,38.924,105.0,85.37835
47.604166666666664,37.979166666666664,8.403167,889.5257,37.568,279.0,61.21821
48.1875,31.604166666666668,24.436832,909.45245,38.328003,262.0,103.9725
43.5625,29.729166666666668,23.538166,936.4928,39.568,102.0,82.7018
41.854166666666664,35.854166666666664,21.352833,994.6081,38.416,309.0,88.95347
43.104166666666664,34.9375,24.527834,885.83563,37.484,210.0,89.43084
41.270833333333336,36.8125,19.467667,966.73584,39.368,386.0,83.30693
47.604166666666664,34.770833333333336,11.574167,933.1163,41.336002,415.0,78.189285
47.4375,35.520833333333336,9.641833,988.205,42.059998,408.0,76.56833
44.104166666666664,36.5625,18.944834,1019.80225,40.424,742.0,97.30098
44.104166666666664,33.645833333333336,23.117,929.6956,40.204002,150.0,86.87391
46.104166666666664,37.0625,13.035833,928.1379,37.376,376.0,72.7158
41.395833333333336,34.3125,20.8315,959.07684,39.144,146.0,82.74542
45.6875,30.229166666666668,24.504833,891.99884,37.7,97.0,91.56446
40.145833333333336,32.4375,19.018833,855.8565,37.848,115.0,75.960976
43.979166666666664,35.229166666666664,23.303501,910.2033,37.792,264.0,92.51038
40.0625,34.895833333333336,20.035667,953.9514,38.708,133.0,82.18926
48.89583333333333,34.895833333333336,11.344,950.86304,42.204,296.0,74.69098
43.479166666666664,36.104166666666664,20.454834,989.5356,39.747997,454.0,90.93668
44.4375,34.604166666666664,23.7455,932.7988,38.952,228.0,98.41933
40.1875,35.395833333333336,19.853333,960.5368,38.38,157.0,82.16508
43.3125,33.5625,22.859333,949.5356,41.756,133.0,87.97067
45.104166666666664,37.229166666666664,9.2315,975.2987,37.936,454.0,71.564514
48.6875,36.020833333333336,10.689,943.3657,40.615997,301.0,73.2269
46.52083333333333,30.854166666666668,23.858334,850.296,35.308,96.0,90.51542
46.9375,32.270833333333336,24.1735,926.9586,39.652,227.0,99.142715
43.6875,32.6875,23.104166,945.4742,37.760002,94.0,84.00321
46.89583333333333,28.5625,25.471333,880.3941,38.2,183.0,83.1908
43.229166666666664,35.770833333333336,22.055334,967.619,39.18,348.0,90.65419
43.979166666666664,33.9375,23.499166,926.96344,39.72,157.0,86.35368
45.729166666666664,32.770833333333336,24.030834,938.68445,39.892,168.0,97.44203
45.145833333333336,29.395833333333336,24.713501,917.2647,38.872,144.0,84.64716
44.395833333333336,29.395833333333336,24.33,931.16504,39.08,126.0,84.021614
46.3125,34.229166666666664,13.506333,892.76996,38.396,570.0,87.395355
46.729166666666664,31.354166666666668,24.143333,898.07587,38.332,135.0,96.34571
44.145833333333336,35.479166666666664,22.243,965.85596,39.388,332.0,90.44525
48.979166666666664,35.6875,8.265333,966.9992,40.239998,288.0,75.182205
45.979166666666664,35.9375,11.214666,973.8895,39.719997,725.0,85.7128
45.4375,32.395833333333336,24.010166,935.1516,39.852,136.0,93.56051
48.02083333333333,32.354166666666664,24.015667,938.3757,39.988003,360.0,103.060715
41.979166666666664,37.3125,17.813667,979.9699,38.168003,661.0,80.67227
40.729166666666664,35.354166666666664,20.082832,966.46497,38.940002,187.0,82.89921
42.9375,37.0625,17.743666,987.52527,39.276,767.0,89.228035
47.729166666666664,29.020833333333336,25.556168,915.0738,39.524,111.0,88.06318
46.604166666666664,33.520833333333336,14.457,918.85333,37.503998,476.0,84.30279
47.39583333333333,33.0625,17.025667,914.1566,38.168,416.0,86.64276
46.479166666666664,32.229166666666664,24.402834,930.72833,39.576,179.0,96.31076
46.354166666666664,34.895833333333336,12.7445,969.4552,39.844,680.0,87.19672
41.854166666666664,37.270833333333336,17.4535,983.068,38.312,651.0,79.709496
42.729166666666664,37.395833333333336,14.8555,968.59985,36.8,780.0,79.65721
46.89583333333333,32.4375,24.2145,929.9896,39.672,233.0,98.28055
47.14583333333333,35.770833333333336,8.824333,976.9789,40.372,436.0,76.41579
42.354166666666664,36.020833333333336,21.824167,993.277,38.983997,346.0,90.7545
40.3125,34.354166666666664,19.706833,911.7987,37.715996,123.0,79.60622
43.520833333333336,33.479166666666664,22.816334,945.58435,40.788002,133.0,85.82108
44.520833333333336,29.854166666666668,24.165667,928.5744,38.856,107.0,85.39914
44.354166666666664,31.8125,24.273666,961.14844,39.851997,77.0,87.467415
44.979166666666664,33.3125,23.309334,939.67645,40.248,183.0,96.27377
47.64583333333333,37.1875,10.9785,903.53375,37.852,283.0,61.872787
39.729166666666664,32.354166666666664,18.897333,846.9787,37.244,114.0,74.4941
44.4375,29.770833333333336,23.9315,929.98413,38.871998,112.0,85.30247
41.3125,31.604166666666668,21.725,921.4184,39.188,82.0,78.4747
48.729166666666664,36.3125,9.401167,938.25665,39.376,294.0,71.48373
45.020833333333336,36.895833333333336,8.425333,988.1353,38.104,560.0,77.05243
44.645833333333336,33.0625,22.834833,924.65485,39.191998,151.0,91.86825
46.229166666666664,31.854166666666668,24.452,918.55005,39.336,143.0,100.37183
40.1875,34.3125,19.539,907.6902,37.628,122.0,76.925255
42.6875,37.5625,13.397333,960.402,36.776,782.0,76.0238
42.729166666666664,33.6875,22.668333,974.1708,40.864002,119.0,82.346306
45.145833333333336,31.520833333333336,24.711666,912.92163,37.548,113.0,91.02375
39.4375,33.770833333333336,18.0205,844.9006,36.511997,117.0,73.36731
42.9375,30.0625,23.3165,934.3281,39.311996,90.0,84.01681
40.479166666666664,35.520833333333336,19.817833,967.7003,39.068,191.0,83.12089
39.854166666666664,36.8125,18.199167,948.0697,40.304,360.0,79.21906
41.8125,31.854166666666668,22.0565,917.89526,39.691998,70.0,76.88995
47.0625,31.020833333333336,23.7885,850.83466,36.064,121.0,96.67643
46.27083333333333,32.104166666666664,24.5145,932.54333,40.044,153.0,95.08429
41.104166666666664,33.395833333333336,20.079334,912.5965,38.608,118.0,78.01187
47.104166666666664,30.020833333333336,24.7295,881.4811,38.412,106.0,89.48242
41.604166666666664,36.3125,19.029667,992.60626,37.02,454.0,84.15401
46.979166666666664,36.6875,5.9428334,968.4666,38.272,398.0,73.49286
45.104166666666664,30.979166666666668,24.583,919.21216,37.744,102.0,96.527466
39.604166666666664,33.770833333333336,18.192833,850.4188,36.86,121.0,75.435
42.979166666666664,30.6875,23.401167,943.7758,39.568,78.0,88.534645
44.4375,37.479166666666664,8.104333,1003.5852,38.42,615.0,67.99035
42.729166666666664,34.145833333333336,22.5455,978.2665,40.464,144.0,82.000275
45.979166666666664,36.0625,9.089666,975.819,39.048,651.0,82.24348
47.729166666666664,32.4375,23.893,937.6919,40.352,332.0,99.90654
45.52083333333333,37.4375,11.9025,933.35455,35.300003,322.0,66.897484
45.729166666666664,29.979166666666668,24.559,887.76086,37.664,105.0,90.172134
44.395833333333336,33.395833333333336,22.888834,930.352,38.952,162.0,89.26852
41.145833333333336,32.604166666666664,20.517334,900.1384,38.387997,98.0,76.41085
41.520833333333336,37.145833333333336,18.793667,969.5353,38.384,523.0,82.47076
47.5625,29.979166666666668,24.876333,900.036,38.852,114.0,91.394295
43.354166666666664,35.770833333333336,21.715666,965.07166,38.648,359.0,90.42371
46.39583333333333,31.8125,24.398834,919.81964,39.356,152.0,98.778435
46.77083333333333,33.354166666666664,16.155,921.47125,37.784,449.0,85.38927
43.6875,36.5625,19.3815,1003.8319,41.06,686.0,95.67829
42.3125,31.4375,22.878334,929.32495,39.524002,66.0,84.64716
44.104166666666664,33.354166666666664,22.6165,932.69714,40.044,141.0,86.31501
44.104166666666664,30.270833333333336,23.648832,937.8636,38.923996,98.0,91.60724
43.8125,36.229166666666664,19.733168,1019.45953,41.115997,561.0,94.39989
47.729166666666664,32.6875,23.033833,935.9185,40.232,370.0,97.4129
47.354166666666664,32.895833333333336,17.167,915.285,38.648003,413.0,86.947525
43.6875,33.0625,22.965834,969.29834,41.415997,114.0,86.57576
40.6875,36.395833333333336,18.409334,956.9263,39.828003,304.0,79.21628
48.3125,31.895833333333336,24.376,924.98694,39.14,318.0,105.954926
44.4375,29.1875,24.365,927.9389,39.024002,132.0,82.57228
47.3125,34.104166666666664,11.546833,911.7219,39.768,461.0,81.201645
43.645833333333336,30.9375,23.251833,949.02637,39.584,88.0,97.53321
44.5625,30.979166666666668,24.2455,938.6229,38.472,88.0,93.27964
42.8125,35.895833333333336,21.9295,975.91516,39.08,357.0,90.73033
46.39583333333333,36.9375,12.3515,964.1535,39.268,374.0,72.6283
48.52083333333333,35.979166666666664,10.699167,947.60626,40.744003,304.0,73.01585
48.89583333333333,33.104166666666664,13.299167,904.06354,38.776,351.0,84.36526
40.979166666666664,36.354166666666664,18.729666,964.5852,39.184,332.0,81.48892
44.5625,34.354166666666664,23.5605,933.8314,39.276,213.0,97.42047
42.104166666666664,35.9375,21.5525,994.6061,38.292,333.0,89.960754
40.6875,36.479166666666664,18.287,953.00977,39.536,313.0,79.245285
43.1875,29.4375,23.253,927.78986,39.204,107.0,83.759674
41.729166666666664,33.604166666666664,20.563,967.9172,40.0,121.0,80.466774
44.8125,36.6875,8.292,991.13837,37.916,657.0,80.465706
43.270833333333336,35.729166666666664,22.177,956.98645,38.579998,335.0,90.425476
42.854166666666664,31.729166666666668,22.975834,944.0005,39.888,69.0,83.596664
41.1875,35.4375,20.904501,970.8019,38.692,203.0,85.294586
43.854166666666664,35.3125,23.070833,902.44135,37.395996,282.0,89.53411
45.270833333333336,29.104166666666668,24.946,919.95245,39.084003,159.0,82.22677
47.1875,31.020833333333336,24.0195,867.9703,37.688,131.0,97.23595
45.354166666666664,35.9375,16.5725,1012.43286,39.588,782.0,95.15811
47.27083333333333,37.0625,10.2675,942.1962,38.620003,300.0,64.567085
42.145833333333336,33.479166666666664,20.983,982.6789,40.528,116.0,78.164764
45.270833333333336,32.4375,23.913,939.14716,40.172,135.0,92.62698
43.8125,37.145833333333336,12.6845,1001.9836,38.036,797.0,82.03198
46.02083333333333,31.145833333333336,24.321333,888.8616,37.5,108.0,91.15421
47.89583333333333,30.645833333333336,24.771334,900.63434,38.96,160.0,96.41287
47.9375,33.0625,20.068333,915.3956,40.016003,442.0,90.58467
39.979166666666664,32.020833333333336,19.614334,866.4966,37.804,104.0,74.7713
41.895833333333336,36.770833333333336,20.338667,983.89075,39.455997,436.0,87.24785
42.1875,31.104166666666668,23.176,935.34875,39.868,69.0,83.596664
40.0625,32.854166666666664,18.8395,839.00964,36.788,119.0,76.88491
48.479166666666664,36.020833333333336,10.866333,942.64923,40.524,309.0,72.85797
40.020833333333336,35.395833333333336,19.751833,968.13965,39.252,161.0,81.45536
44.020833333333336,37.895833333333336,7.6635,1001.18365,38.82,542.0,58.19374
47.354166666666664,29.9375,24.857666,892.21545,38.72,115.0,91.1174
41.8125,36.6875,20.505333,991.0462,39.544,416.0,87.18543
42.6875,32.8125,22.230333,955.1732,40.552002,90.0,82.0468
40.604166666666664,35.3125,20.076166,962.169,38.736,175.0,82.10888
44.770833333333336,36.395833333333336,15.497833,1012.9645,38.856,794.0,93.18078
48.89583333333333,34.020833333333336,11.4635,889.77966,39.351997,290.0,78.77784
43.5625,29.270833333333336,23.508167,928.20483,39.192,118.0,83.47999
41.5625,31.104166666666668,22.671333,935.8653,39.788,76.0,79.58382
44.1875,34.354166666666664,24.219667,919.5637,39.671997,177.0,93.004105
44.4375,36.770833333333336,16.013332,1017.94934,39.576,761.0,92.9846
39.479166666666664,36.4375,18.762667,968.36395,40.148,288.0,80.77804
45.3125,29.395833333333336,24.746834,911.8183,38.52,139.0,82.758575
40.645833333333336,37.1875,17.637167,967.3103,40.988003,467.0,78.487274
45.5625,28.854166666666668,25.1325,918.3284,38.707996,181.0,81.69219
45.479166666666664,30.979166666666668,25.126333,906.61633,38.255997,98.0,95.425026
44.854166666666664,31.4375,24.799168,925.7057,38.22,93.0,88.13887
48.0625,33.104166666666664,18.062834,899.7968,39.18,439.0,88.1265
44.104166666666664,30.729166666666668,23.748667,944.66644,39.032,88.0,95.22414
43.5625,37.8125,5.150833,959.6624,36.664,612.0,60.906944
42.6875,32.020833333333336,22.594,936.0714,40.0,70.0,81.32003
44.3125,33.854166666666664,23.155834,911.84503,39.196,166.0,89.24438
48.4375,35.4375,10.4418335,986.51385,43.332,329.0,73.08779
41.895833333333336,36.9375,19.9825,971.637,39.38,473.0,86.48191
46.4375,34.729166666666664,12.921166,964.15564,40.34,631.0,86.169556
48.354166666666664,32.4375,24.016,946.0535,39.832,409.0,105.26662
44.0625,35.729166666666664,21.322166,995.111,39.767998,428.0,89.44104
42.145833333333336,32.979166666666664,21.309334,952.3812,40.34,94.0,76.90744
43.5625,36.604166666666664,19.447666,993.4223,40.524,677.0,94.43985
45.270833333333336,30.4375,24.3985,908.6286,37.52,100.0,92.88212
47.77083333333333,29.395833333333336,25.695833,913.9735,38.8,108.0,89.23921
42.354166666666664,36.895833333333336,20.109333,977.5618,39.268,542.0,89.90336
45.0625,28.6875,24.963333,933.597,39.208,177.0,81.85419
46.229166666666664,31.770833333333336,24.351833,911.21533,38.732,141.0,100.55941
47.1875,30.479166666666668,24.345667,888.081,38.232,102.0,95.26699
39.8125,36.6875,18.17,947.929,40.072002,338.0,79.60347
42.979166666666664,37.895833333333336,10.359,978.54346,37.36,707.0,67.49672
40.0625,33.020833333333336,18.7385,840.8484,36.859997,121.0,76.796196
43.270833333333336,36.020833333333336,21.148167,989.93695,39.620003,415.0,90.751976
44.229166666666664,31.104166666666668,23.857332,950.86487,38.996,84.0,93.08476
44.6875,37.270833333333336,8.517333,988.29126,37.668,576.0,73.01965
43.145833333333336,32.645833333333336,22.747166,962.7392,40.608,85.0,84.80539
43.895833333333336,35.4375,22.388166,925.8228,38.064,316.0,88.979576
47.604166666666664,32.479166666666664,23.926332,931.81714,39.836,323.0,99.954346
40.6875,34.3125,20.399666,920.97894,38.0,125.0,81.09629
43.5625,32.104166666666664,23.216333,969.0721,40.5,74.0,85.56807
47.604166666666664,32.979166666666664,17.047832,907.5575,38.211998,421.0,87.14649
45.8125,31.020833333333336,24.676332,895.3094,37.94,99.0,94.82247
48.5625,31.395833333333336,25.065166,938.92975,39.728,258.0,105.999596
44.104166666666664,32.604166666666664,23.627,957.9131,38.876,93.0,87.32682
45.854166666666664,33.6875,21.795166,925.4484,38.408,328.0,96.37924
42.9375,31.104166666666668,23.3655,944.48737,39.795998,71.0,88.580475
45.6875,36.3125,9.9185,978.44354,38.736,619.0,82.76987
49.39583333333333,33.604166666666664,12.680167,956.0926,41.755997,277.0,81.52991
47.39583333333333,33.479166666666664,16.707,903.66327,39.719997,446.0,85.46345
44.020833333333336,34.020833333333336,23.540167,912.3435,39.272,159.0,85.53582
49.0625,32.770833333333336,16.610332,906.95074,38.524002,375.0,90.91455
42.229166666666664,35.270833333333336,22.134167,969.13763,38.524,235.0,87.288734
43.1875,35.104166666666664,24.420834,879.16907,37.364,231.0,90.42506
46.354166666666664,34.3125,12.911833,917.05615,38.612,578.0,87.08416
47.39583333333333,33.520833333333336,16.0715,902.10785,39.672,449.0,85.15088
45.64583333333333,34.770833333333336,20.634666,951.2126,38.908,537.0,94.18123
46.854166666666664,32.854166666666664,22.819332,932.722,39.404,304.0,93.92092
48.8125,30.354166666666668,25.670834,884.26526,36.872,193.0,106.58448
48.6875,30.104166666666668,25.749,860.6874,37.012,167.0,104.423775
44.895833333333336,36.604166666666664,12.9605,997.8937,38.688,657.0,84.74312
43.520833333333336,37.479166666666664,12.063167,1025.2825,38.336002,762.0,76.18442
43.270833333333336,33.395833333333336,22.863,948.83167,41.728,118.0,86.934525
40.354166666666664,32.895833333333336,18.971,848.2961,37.236,117.0,75.27258
43.229166666666664,36.979166666666664,15.545834,988.0252,38.468,827.0,87.5233
40.020833333333336,36.645833333333336,18.307,951.46277,40.463997,334.0,79.471214
44.020833333333336,31.4375,23.651833,964.52057,39.699997,75.0,87.260025
44.645833333333336,37.9375,8.417833,975.56305,38.988,472.0,58.07192
42.229166666666664,33.729166666666664,21.4035,998.888,40.884,122.0,79.900505
47.52083333333333,30.354166666666668,24.460833,894.1754,38.308,131.0,93.74993
46.39583333333333,29.0625,25.352,855.60583,37.884,174.0,83.59983
49.229166666666664,32.6875,18.147833,912.6922,38.62,380.0,94.012566
44.229166666666664,35.770833333333336,21.2155,1007.9102,40.780003,459.0,91.83628
41.979166666666664,37.6875,16.155333,972.9657,37.74,741.0,75.78485
43.9375,30.0625,23.595,936.80536,38.972,99.0,86.13257
47.104166666666664,31.604166666666668,24.0465,904.3707,38.379997,176.0,97.9564
43.104166666666664,35.9375,21.558332,981.53314,39.384,376.0,90.86425
42.854166666666664,36.020833333333336,21.580334,981.95746,39.404003,391.0,91.553276
47.729166666666664,31.854166666666668,24.231,910.37463,39.268,262.0,103.58606
47.854166666666664,36.729166666666664,9.013333,925.5649,38.2,305.0,67.57165
40.645833333333336,35.354166666666664,20.055334,966.1872,38.9,183.0,82.27534
44.3125,34.4375,24.121334,927.95013,39.776,192.0,94.650894
47.604166666666664,37.020833333333336,12.129,904.96735,38.076,296.0,64.327736
39.854166666666664,32.895833333333336,18.550833,837.2755,36.963997,123.0,79.87645
43.520833333333336,36.729166666666664,19.241167,1000.553,40.636,744.0,94.339195
46.979166666666664,33.895833333333336,14.3619995,906.7808,39.356003,479.0,84.36333
48.77083333333333,34.020833333333336,11.4045,878.9401,39.384003,304.0,78.76817
47.0625,36.770833333333336,6.4578333,964.3024,38.2,375.0,71.28872
42.604166666666664,31.4375,22.950167,935.53204,39.56,68.0,85.41343
42.1875,32.6875,21.614666,940.85284,40.476,84.0,77.239296
48.729166666666664,33.354166666666664,13.683333,905.61316,39.804,363.0,83.71449
44.604166666666664,33.645833333333336,22.842167,917.8466,39.316,176.0,92.270966
43.895833333333336,34.895833333333336,24.330833,888.6585,37.628,227.0,93.35668
44.645833333333336,31.020833333333336,24.2575,936.3527,38.372,90.0,93.64857
48.854166666666664,34.8125,10.0205,933.6324,40.916,290.0,75.38888
47.979166666666664,37.520833333333336,11.553333,860.43506,36.252,292.0,52.051228
46.27083333333333,33.479166666666664,19.6795,928.2241,37.98,392.0,89.85586
49.104166666666664,30.645833333333336,25.628834,927.66785,38.483997,241.0,111.55568
43.770833333333336,35.604166666666664,21.892,966.17664,39.556,364.0,89.17845
49.02083333333333,33.104166666666664,14.504667,903.2054,38.712,350.0,85.94216
49.3125,32.979166666666664,14.499833,919.6628,39.244,338.0,88.14021
48.5625,35.020833333333336,10.976167,947.5948,42.488,323.0,74.22415
39.979166666666664,34.229166666666664,19.288834,892.65576,37.608,118.0,77.11305
44.979166666666664,30.354166666666668,24.3215,918.18915,37.635998,97.0,91.081856
44.3125,34.645833333333336,23.972834,926.7546,38.984,220.0,97.576294
46.479166666666664,28.6875,25.305334,880.4609,38.112,192.0,80.73273
48.229166666666664,35.5625,10.545667,971.22894,42.072,340.0,73.55386
43.0625,30.9375,23.273,943.3938,39.724,78.0,92.98637
41.979166666666664,34.5625,21.701334,991.8042,39.512,177.0,83.36253
47.354166666666664,34.979166666666664,11.468,955.92267,42.26,439.0,78.95891
40.6875,36.9375,17.927166,944.2841,39.92,405.0,79.34333
41.4375,34.6875,20.901333,963.42737,39.284,164.0,84.42807
46.479166666666664,33.6875,13.526834,923.49457,37.268,505.0,84.54641
46.5625,33.270833333333336,18.460667,932.89404,37.828,402.0,88.147316
45.77083333333333,31.479166666666668,24.713667,912.40216,38.64,122.0,96.740036
45.3125,29.6875,24.652166,906.2685,37.948,120.0,85.98219
42.5625,34.8125,22.7775,955.6958,39.164,200.0,85.41301
45.604166666666664,30.5625,24.579,896.9751,37.236,94.0,95.431076
42.8125,29.979166666666668,23.418667,930.64636,39.584,89.0,83.92991
40.729166666666664,37.229166666666664,17.5445,972.108,40.82,492.0,78.790855
44.770833333333336,30.020833333333336,24.123667,922.267,38.331997,105.0,87.37124
43.395833333333336,30.4375,23.340334,944.9958,39.556,91.0,92.73381
45.89583333333333,33.8125,19.150167,918.3316,37.384,416.0,93.78024
44.770833333333336,29.4375,24.595,924.8484,39.084,125.0,83.63667
44.0625,33.104166666666664,22.831501,945.5348,40.260002,131.0,87.97253
47.9375,33.3125,19.3205,906.20844,39.48,450.0,88.868996
48.52083333333333,33.645833333333336,14.044167,884.17126,39.076,377.0,83.69415
42.104166666666664,30.479166666666668,23.118334,935.00586,39.7,76.0,82.91279
46.104166666666664,31.354166666666668,24.253,892.39655,37.868,123.0,96.04526
42.854166666666664,36.770833333333336,19.834167,980.7645,38.832,847.0,91.55231
41.020833333333336,36.395833333333336,18.881666,963.8405,39.24,329.0,81.96067
47.14583333333333,29.020833333333336,25.3955,873.0758,38.6,148.0,85.29361
47.979166666666664,32.6875,23.583166,942.2596,40.116,386.0,99.67452
39.854166666666664,37.0625,17.92,966.1699,41.003998,426.0,80.11064
42.770833333333336,34.854166666666664,23.497833,932.8414,38.552002,202.0,87.42281
45.1875,30.854166666666668,24.4885,915.26,37.56,103.0,95.787186
48.14583333333333,29.8125,25.688667,877.5325,38.244,119.0,93.69913
41.020833333333336,37.770833333333336,16.540667,986.63336,40.5,601.0,77.12652
43.020833333333336,34.770833333333336,24.442667,901.82965,38.216,183.0,87.86022
42.8125,36.1875,21.045166,992.36566,39.308,461.0,91.0654
42.729166666666664,35.354166666666664,22.9315,945.8418,37.944,265.0,88.71416
43.479166666666664,33.770833333333336,22.713,890.43475,36.576,129.0,82.92167
48.64583333333333,34.354166666666664,12.333,845.9965,38.784,302.0,78.470245
48.8125,35.395833333333336,10.5785,982.66626,42.852,310.0,73.23257
42.1875,35.520833333333336,22.0995,976.53314,38.443996,272.0,88.82076
45.77083333333333,33.770833333333336,22.056667,923.9675,38.516,327.0,97.13134
43.8125,29.729166666666668,23.618834,935.72864,39.224,104.0,83.96457
40.9375,37.1875,17.533834,977.5122,39.176,544.0,80.30472
44.020833333333336,29.229166666666668,23.9905,929.3843,39.472,124.0,83.820015
41.979166666666664,36.645833333333336,20.45,987.89105,38.784,425.0,88.443054
41.770833333333336,36.9375,19.9585,974.04663,39.392,460.0,85.3484
41.5625,37.979166666666664,16.218834,994.12354,40.920002,671.0,73.16751
44.6875,33.854166666666664,22.848667,901.03107,38.172,187.0,93.64695
41.104166666666664,33.895833333333336,19.914167,930.3748,38.86,131.0,79.726974
42.020833333333336,35.354166666666664,21.949833,977.4003,38.552002,231.0,88.44195
48.854166666666664,34.854166666666664,10.438833,937.51636,41.348,291.0,74.65063
47.854166666666664,36.8125,9.683833,905.84393,37.368,297.0,66.09466
48.854166666666664,35.8125,10.098833,953.7646,40.239998,293.0,74.12948
41.3125,36.979166666666664,19.376667,965.68604,39.396,416.0,82.856674
43.729166666666664,36.229166666666664,19.774,1018.3815,40.484,557.0,94.416214
42.395833333333336,31.354166666666668,23.064833,931.8563,39.668,66.0,84.64716
39.770833333333336,36.979166666666664,18.129833,975.3725,40.952,410.0,80.610275
46.104166666666664,31.020833333333336,24.2675,880.4771,37.331997,97.0,91.56446
43.6875,35.979166666666664,20.184834,1009.76227,40.724,450.0,91.500854
45.479166666666664,34.604166666666664,21.997,950.43866,39.228,412.0,95.95613
42.395833333333336,37.8125,9.350333,931.23926,35.232,864.0,68.67473
44.645833333333336,37.854166666666664,9.4175005,971.61584,39.136,483.0,61.13816
48.479166666666664,34.4375,11.2895,877.38794,39.532,313.0,77.93638
42.3125,31.270833333333336,23.111166,932.4673,39.684,68.0,83.96428
45.270833333333336,33.270833333333336,23.518167,938.3486,39.820004,193.0,97.134766
43.104166666666664,32.354166666666664,22.578001,959.1178,40.38,77.0,82.408455
45.104166666666664,37.6875,10.797334,889.303,36.628,327.0,66.97872
47.604166666666664,36.1875,10.9991665,964.8617,40.716003,350.0,72.78878
44.729166666666664,30.9375,24.235834,931.9003,38.104,93.0,94.76071
45.5625,35.604166666666664,17.104334,1008.24084,40.427998,835.0,94.72497
48.604166666666664,33.729166666666664,11.811501,895.2737,38.812,346.0,80.31774
45.3125,33.0625,23.685333,938.94904,40.364,178.0,96.53165
48.3125,29.479166666666668,25.6725,844.2247,37.059998,119.0,96.585526
47.89583333333333,28.8125,25.552,897.623,38.907997,106.0,89.48242
40.1875,36.9375,17.694834,909.6518,39.32,367.0,78.91304
44.9375,31.729166666666668,24.267334,920.4268,38.648,103.0,85.52337
43.4375,34.729166666666664,24.860834,858.52313,36.716,202.0,90.75969
43.520833333333336,34.729166666666664,24.973667,858.3553,36.752,203.0,91.04406
41.895833333333336,37.104166666666664,19.421333,965.31934,39.232002,537.0,84.12591
42.4375,33.9375,22.144167,1018.8537,40.916,125.0,81.09629
48.52083333333333,35.479166666666664,10.438167,981.28125,42.852,321.0,73.46926
40.354166666666664,36.229166666666664,18.270834,954.32214,39.876,302.0,79.84565
45.52083333333333,33.9375,22.550167,932.0315,38.84,306.0,97.868805
40.645833333333336,32.8125,19.484,869.15894,37.915997,110.0,75.24118
43.3125,29.604166666666668,23.3895,930.90765,39.304,104.0,83.03246
42.479166666666664,30.479166666666668,23.243166,936.2569,39.704002,77.0,83.80053
39.520833333333336,34.395833333333336,18.813,886.6813,37.264,121.0,75.23853
43.229166666666664,37.9375,4.5865,950.69385,36.416,649.0,59.260353
39.854166666666664,32.354166666666664,19.055666,849.8369,37.496002,114.0,74.60471
43.5625,30.1875,23.421167,941.2972,39.387997,95.0,90.03238
43.354166666666664,34.604166666666664,24.573334,877.704,37.608,187.0,89.45853
42.770833333333336,30.6875,23.504833,943.2509,39.968002,76.0,86.11317
41.770833333333336,32.979166666666664,20.988832,937.5476,39.688004,97.0,75.90575
39.479166666666664,34.354166666666664,18.670334,880.83136,37.156,121.0,75.23853
44.5625,30.854166666666668,24.202168,936.8636,38.496002,88.0,93.419876
48.8125,30.270833333333336,25.6185,868.46893,36.199997,187.0,106.18603
46.979166666666664,29.854166666666668,24.951166,874.6847,38.548,113.0,90.00558
47.6875,28.5625,25.553833,890.3168,38.544,131.0,85.9853
44.854166666666664,35.4375,20.320166,1009.10486,40.244,546.0,98.86734
48.02083333333333,34.770833333333336,12.103333,903.2285,41.196003,378.0,76.8895
49.0625,31.895833333333336,25.419834,950.2197,39.744,385.0,109.37539
48.0625,35.520833333333336,10.1285,974.34564,42.336,348.0,74.58979
45.1875,29.895833333333336,24.525,909.53296,38.14,108.0,87.69783
44.729166666666664,35.770833333333336,19.856333,1021.87634,40.528,654.0,99.71072
42.645833333333336,34.979166666666664,23.016832,943.7811,38.503998,218.0,87.29893
48.729166666666664,30.0625,25.673666,849.75775,36.224,169.0,105.30071
45.77083333333333,35.020833333333336,16.738167,963.2816,38.332,773.0,93.63707
40.6875,32.5625,19.7715,876.6004,37.936,105.0,74.875626
44.8125,32.229166666666664,23.470499,921.7544,38.584,110.0,86.852905
44.6875,37.354166666666664,7.3443336,980.25494,37.684,580.0,71.40689
42.604166666666664,37.4375,13.989667,971.71344,37.392,788.0,77.672386
47.479166666666664,28.8125,25.483,896.02954,38.775997,139.0,86.02415
43.229166666666664,36.104166666666664,21.003166,994.6625,39.612,427.0,91.16348
44.854166666666664,31.3125,24.7075,930.19586,38.328,95.0,91.04271
40.5625,33.479166666666664,19.242167,876.9761,37.06,125.0,77.84907
45.4375,35.0625,19.469833,979.18835,39.536,637.0,95.13226
41.020833333333336,36.270833333333336,19.0645,964.1579,39.228,318.0,82.449356
49.104166666666664,32.3125,24.097,948.36536,39.98,431.0,104.89535
48.6875,30.3125,25.384666,871.1428,35.952,182.0,104.63513
48.1875,28.770833333333336,25.927166,873.2545,38.120003,99.0,93.01239
45.395833333333336,34.5625,22.276667,949.77136,38.940002,381.0,96.3219
47.854166666666664,29.145833333333336,25.841833,932.7393,39.792,106.0,90.319046
46.14583333333333,34.604166666666664,10.925667,958.8484,38.607998,631.0,86.91227
43.770833333333336,34.979166666666664,24.153168,883.20294,37.388,240.0,92.113235
49.479166666666664,32.104166666666664,22.8145,944.5935,39.7,410.0,104.71136
45.104166666666664,36.4375,7.8943334,974.61633,37.348,670.0,82.17673
44.6875,37.604166666666664,8.463667,972.15295,37.48,510.0,65.00284
39.770833333333336,33.3125,18.308167,839.2394,36.828003,122.0,77.679756
47.5625,35.0625,10.037833,962.55383,41.876,411.0,77.44709
42.3125,33.9375,21.780834,1021.17694,41.004,129.0,80.17635
42.770833333333336,35.8125,22.2055,972.3205,38.916,333.0,90.63068
43.479166666666664,34.145833333333336,23.853333,914.7159,39.456,158.0,86.49623
44.354166666666664,33.0625,22.8655,938.83905,39.908,139.0,90.06711
45.52083333333333,30.729166666666668,24.594334,902.68726,37.2,98.0,95.08429
43.229166666666664,33.104166666666664,22.742167,963.4955,41.868,108.0,87.282196
44.479166666666664,35.1875,22.9325,967.3046,39.316,306.0,98.18575
41.729166666666664,32.8125,20.878666,929.9735,39.708,96.0,75.6565
39.770833333333336,32.270833333333336,19.068167,851.8431,37.576,112.0,73.739525
41.854166666666664,31.770833333333336,22.251,920.0962,39.608,69.0,78.16961
47.27083333333333,36.354166666666664,7.6788335,964.319,39.22,388.0,73.05291
48.89583333333333,34.395833333333336,11.041333,885.39484,39.292,275.0,78.028694
42.854166666666664,33.770833333333336,22.6335,975.5098,41.532,124.0,83.22684
48.604166666666664,34.479166666666664,11.881,869.75494,39.444,302.0,77.96099
45.77083333333333,31.520833333333336,24.725334,914.48785,38.824,121.0,96.90581
44.0625,36.1875,19.705,1013.2471,39.808,597.0,95.16585
41.0625,36.895833333333336,19.027166,966.4626,40.095997,396.0,81.23767
41.8125,32.4375,21.364834,918.2491,39.796,84.0,78.51607
41.4375,33.9375,20.165,954.4005,39.348,136.0,81.54658
46.39583333333333,31.895833333333336,24.447166,923.0645,39.62,156.0,98.55167
45.0625,29.645833333333336,24.524166,916.6813,38.584,119.0,84.45008
40.770833333333336,36.1875,18.970499,953.2153,39.112,271.0,80.74692
46.4375,36.020833333333336,9.901999,968.0574,40.088,558.0,78.97352
43.479166666666664,34.354166666666664,24.18,899.1446,38.676,172.0,88.1733
47.14583333333333,37.520833333333336,9.300333,967.55585,39.128,282.0,64.73545
46.6875,32.4375,24.358334,928.135,39.116,211.0,95.78031
44.895833333333336,30.9375,24.435167,926.38446,38.028,99.0,94.37321
46.6875,30.479166666666668,24.421333,876.9132,37.696,91.0,93.39676
43.1875,30.520833333333336,23.279333,942.817,39.648,86.0,93.23
48.354166666666664,28.5625,25.968,847.5686,36.988,105.0,93.81061
42.3125,31.354166666666668,23.057333,930.5942,39.640003,66.0,81.53978
42.3125,37.520833333333336,18.003334,967.8831,38.616,710.0,80.35186
48.1875,33.354166666666664,16.5225,888.1968,39.348,429.0,85.413376
44.5625,32.854166666666664,23.173834,946.7135,40.239998,138.0,91.88135
47.4375,32.895833333333336,19.707666,926.82324,39.344,397.0,90.244896
44.854166666666664,35.6875,20.037333,1017.7434,40.532,630.0,99.9305
41.4375,32.3125,20.9995,911.3033,39.332,89.0,77.40753
45.3125,30.1875,24.558167,906.5299,37.796,102.0,90.27226
40.8125,37.0625,18.0965,957.2529,40.34,435.0,80.30983
40.0625,34.5625,19.601833,919.42566,37.788002,124.0,78.319885
44.4375,35.9375,20.321667,1019.94434,40.34,610.0,98.38311
46.854166666666664,33.4375,17.146,925.91003,37.767998,441.0,86.20934
45.229166666666664,32.229166666666664,23.981333,932.9313,39.767998,124.0,90.24451
45.270833333333336,35.729166666666664,14.158,987.5688,38.5,808.0,93.9643
40.8125,33.9375,19.796833,914.4743,38.484,125.0,79.2696
43.729166666666664,33.6875,23.095167,936.7605,40.356,144.0,85.72069
43.0625,34.270833333333336,23.369167,885.03253,35.38,150.0,81.72599
45.854166666666664,28.6875,25.151,921.6493,38.7,210.0,81.21201
46.854166666666664,34.520833333333336,13.879,928.56616,40.7,530.0,83.8295
43.354166666666664,37.645833333333336,6.786333,985.6266,37.7,674.0,64.98611
41.770833333333336,34.6875,21.295166,976.36926,39.288002,182.0,83.399216
49.39583333333333,32.770833333333336,15.066334,917.31573,38.62,329.0,89.69947
48.1875,36.3125,11.014,931.5917,39.692,307.0,70.67621
42.729166666666664,31.395833333333336,23.060167,938.7524,39.696,69.0,86.41334
45.729166666666664,36.354166666666664,11.012834,978.7968,39.364,603.0,82.39401
43.604166666666664,37.604166666666664,6.0903335,970.3437,36.86,658.0,64.86017
45.270833333333336,37.8125,11.180166,887.39044,32.78,288.0,64.3174
43.979166666666664,29.270833333333336,23.972334,930.38403,39.432,123.0,83.825485
44.020833333333336,31.145833333333336,23.659166,952.54376,39.444,82.0,93.62582
43.979166666666664,36.479166666666664,19.399834,1019.0616,40.752003,697.0,96.83215
40.645833333333336,31.979166666666668,20.397167,892.22736,38.36,98.0,74.11081
43.9375,32.479166666666664,23.759333,987.13214,40.34,91.0,87.81298
45.354166666666664,33.604166666666664,23.248167,936.8697,39.72,241.0,99.8295
41.145833333333336,35.354166666666664,20.922167,964.7531,38.539997,188.0,85.28881
49.479166666666664,33.145833333333336,10.312667,956.3996,40.428,290.0,82.201706
46.229166666666664,36.020833333333336,8.998,969.01184,39.408,588.0,79.69031
46.229166666666664,35.770833333333336,12.139667,976.02466,40.508,765.0,86.85457
41.395833333333336,36.979166666666664,19.597,974.4634,39.924,425.0,82.624626
45.5625,33.354166666666664,23.422167,932.7136,39.66,228.0,99.818016
46.0625,33.4375,21.515833,929.1069,38.712,323.0,94.45828
39.854166666666664,34.4375,19.159666,901.67175,37.436,121.0,76.31284
46.39583333333333,37.479166666666664,8.738,993.5938,38.492,330.0,70.72353
43.645833333333336,29.479166666666668,23.586666,930.7376,39.399998,112.0,82.35719
41.854166666666664,34.145833333333336,21.104,989.2708,39.896,146.0,82.17307
40.4375,37.895833333333336,15.790999,1034.0223,42.288,552.0,75.34985
47.89583333333333,30.3125,24.688667,879.7855,36.864002,140.0,92.823586
45.9375,35.3125,19.197666,954.0828,39.516,691.0,92.77635
43.1875,32.1875,22.991833,960.4804,40.44,75.0,83.82283
46.02083333333333,29.645833333333336,24.781166,873.52045,37.516,122.0,88.22627
46.4375,32.854166666666664,23.854,935.70435,39.676003,239.0,96.34188
47.0625,28.5625,25.476833,882.9418,38.300003,169.0,84.45304
45.77083333333333,35.1875,19.489166,975.696,38.935997,710.0,93.400246
48.604166666666664,31.604166666666668,24.834333,930.4629,39.115997,293.0,106.981384
47.9375,33.229166666666664,18.869,910.23126,39.356003,447.0,87.79959
42.604166666666664,33.895833333333336,22.529167,994.36615,40.388,131.0,80.8433
39.354166666666664,33.520833333333336,17.951166,828.87616,36.244003,114.0,74.38333
47.1875,37.3125,9.155666,951.8199,38.256,291.0,65.14439
48.229166666666664,30.270833333333336,25.3865,900.7527,38.912,154.0,97.75857
41.1875,31.895833333333336,21.0145,911.3697,39.124,90.0,74.65976
47.02083333333333,30.395833333333336,24.422167,882.66644,38.1,97.0,93.70545
48.104166666666664,36.1875,12.076167,941.3693,40.699997,321.0,72.49873
40.1875,32.395833333333336,19.113832,859.3465,37.888,114.0,75.91943
44.4375,34.395833333333336,23.721666,920.8633,39.0,202.0,94.94651
44.5625,37.354166666666664,8.586833,988.1044,37.72,605.0,71.110054
48.0625,32.645833333333336,23.600666,944.8407,40.100002,394.0,100.71233
47.77083333333333,29.1875,25.783167,930.5325,39.94,108.0,89.94948
41.895833333333336,33.8125,20.879833,985.1598,40.132,132.0,80.872765
43.8125,34.9375,24.4255,879.9682,37.424,231.0,93.48689
45.020833333333336,34.4375,22.998667,940.64026,38.956,279.0,98.12393
47.479166666666664,28.770833333333336,25.45,895.12915,38.712,141.0,86.444496
47.8125,33.5625,17.565334,897.783,40.128002,453.0,85.58413
42.3125,33.8125,21.717333,1009.2248,40.975998,124.0,80.19518
44.979166666666664,32.604166666666664,23.457333,940.134,39.808,137.0,91.66285
44.0625,29.020833333333336,24.1145,929.14636,39.496,134.0,82.9973
45.729166666666664,36.0625,12.968166,983.04956,40.244,739.0,88.85194
48.1875,32.770833333333336,22.482834,940.20496,39.636,430.0,97.948715
48.8125,32.270833333333336,24.720499,941.3016,39.448,405.0,107.043365
45.104166666666664,36.229166666666664,18.374334,1005.5363,40.18,738.0,98.45232
44.6875,35.479166666666664,19.7065,1003.45685,40.236,562.0,98.40061
42.979166666666664,35.1875,23.916166,911.921,37.688004,236.0,89.6102
42.479166666666664,36.1875,21.529833,991.73785,39.343998,389.0,92.11602
47.0625,33.145833333333336,17.871834,920.3831,38.584,413.0,87.52078
39.9375,37.1875,17.464666,961.64844,40.532,461.0,80.29587
41.020833333333336,37.104166666666664,18.511,967.2034,40.364,449.0,80.31891
45.0625,28.9375,24.835167,926.4375,39.224,162.0,81.78635
46.854166666666664,37.020833333333336,6.9385,954.71716,37.82,370.0,70.58484
43.895833333333336,34.270833333333336,23.917667,897.35834,38.348,166.0,87.18353
43.104166666666664,29.6875,23.4465,929.6031,39.408,100.0,82.53014
43.1875,33.895833333333336,22.588,862.7214,33.768,123.0,80.14577
44.4375,35.895833333333336,20.712,1014.336,40.24,566.0,97.26144
45.854166666666664,29.479166666666668,24.958666,883.68536,37.8,143.0,86.617775
40.020833333333336,33.979166666666664,19.2215,877.6985,37.612003,124.0,76.95241
49.02083333333333,33.729166666666664,13.6265,900.02997,39.916,311.0,81.69472
45.52083333333333,33.0625,23.786833,936.95764,39.671997,188.0,97.36529
48.104166666666664,33.020833333333336,17.604834,897.9629,38.576,439.0,87.422585
48.854166666666664,35.1875,11.2135,980.8438,43.267998,306.0,72.9333
48.14583333333333,33.395833333333336,17.877333,895.1537,39.764,453.0,86.55485
46.0625,32.3125,24.499332,939.4616,40.112,151.0,91.22238
40.645833333333336,36.1875,18.930666,958.5634,39.54,272.0,80.74199
42.104166666666664,37.5625,13.947667,949.86566,35.72,816.0,75.45601
48.354166666666664,36.729166666666664,11.649,861.5985,37.336,294.0,67.39665
44.270833333333336,31.270833333333336,23.918167,955.7147,39.044,79.0,87.73459
39.770833333333336,36.1875,18.476,957.65015,39.640003,273.0,80.45451
46.89583333333333,31.979166666666668,24.227333,913.8429,38.544,189.0,98.004555
47.5625,35.604166666666664,10.624833,980.17456,42.267998,391.0,75.6975
43.3125,36.645833333333336,19.580833,996.98175,40.608,696.0,93.12924
40.0625,35.6875,19.028334,962.027,39.012,207.0,81.07586
45.729166666666664,30.354166666666668,24.609,891.1814,37.696,92.0,91.164246
47.6875,31.854166666666668,24.2325,909.3372,39.204,252.0,102.375984
44.020833333333336,31.645833333333336,23.819668,971.37225,40.100002,71.0,86.188416
44.979166666666664,37.520833333333336,9.851833,950.7123,37.688,422.0,66.900116
41.104166666666664,32.854166666666664,20.096834,899.1379,38.508003,105.0,76.01641
42.0625,37.229166666666664,19.030167,960.56525,38.748,609.0,83.802155
40.854166666666664,34.479166666666664,20.805,926.7369,38.12,137.0,81.66086
45.89583333333333,34.0625,18.106,909.35144,37.548,481.0,91.831375
44.604166666666664,30.770833333333336,24.1775,934.8818,38.323997,90.0,92.70328
40.145833333333336,33.4375,18.930166,855.59644,36.768,121.0,77.5633
40.104166666666664,37.354166666666664,16.752333,988.98126,40.852,516.0,78.004555
45.6875,37.770833333333336,12.667167,971.9705,38.1,262.0,63.323772
47.8125,35.479166666666664,11.2285,973.6036,42.72,372.0,75.0355
44.020833333333336,33.479166666666664,22.812666,932.52814,40.08,145.0,86.992134
45.104166666666664,37.145833333333336,9.116,986.6118,38.452,484.0,73.2835
47.0625,33.3125,18.1735,928.33234,38.871998,422.0,87.36336
41.354166666666664,30.979166666666668,22.624334,941.9752,39.899998,79.0,79.2124
41.8125,32.3125,21.5655,915.67346,39.732,81.0,78.22165
43.395833333333336,33.020833333333336,22.996,964.84106,41.836,104.0,85.34364
45.9375,34.5625,16.158667,924.2721,37.512,643.0,91.701126
39.604166666666664,33.895833333333336,18.318,854.9006,36.864,123.0,75.24595
40.1875,33.604166666666664,19.299166,867.0532,37.216,114.0,76.35264
39.5625,32.854166666666664,18.308666,828.69226,36.7,123.0,78.05722
40.645833333333336,33.895833333333336,19.897,899.20135,37.944,119.0,78.55349
40.9375,32.6875,20.093834,889.0083,38.412003,103.0,75.69986
41.645833333333336,34.020833333333336,20.411499,970.0397,39.744,143.0,81.42985
49.3125,31.4375,25.964333,959.113,40.46,332.0,111.48246
44.3125,31.104166666666668,23.919666,949.71387,38.804,83.0,91.95271
44.520833333333336,31.979166666666668,23.729,942.72565,38.512,81.0,82.91811
41.270833333333336,34.770833333333336,21.286167,959.3984,38.924,159.0,84.163994
44.9375,31.3125,24.9795,924.32263,38.16,97.0,91.32348
40.6875,33.604166666666664,19.5325,892.83093,37.780003,122.0,78.05427
45.854166666666664,37.3125,13.249,949.4503,36.739998,340.0,67.329384
41.145833333333336,37.0625,18.945833,972.0836,40.032,436.0,81.3681
43.604166666666664,29.020833333333336,23.4835,926.1241,39.087997,133.0,83.467186
42.604166666666664,33.854166666666664,22.4605,991.4169,40.324,124.0,80.635254
45.270833333333336,32.520833333333336,23.865833,939.99756,40.135998,137.0,92.94052
43.479166666666664,37.6875,5.422167,967.16376,37.04,661.0,62.420834
41.9375,36.145833333333336,21.240334,1004.82556,38.760002,354.0,89.25021
47.77083333333333,30.770833333333336,24.513834,892.8484,38.576,158.0,97.058334
39.8125,37.6875,11.4885,993.69934,38.395996,839.0,71.317085
45.77083333333333,30.354166666666668,24.581167,889.8636,37.772,93.0,91.4448
41.9375,34.104166666666664,21.0925,995.95654,40.08,145.0,81.76807
47.1875,32.1875,24.139334,925.84033,39.48,247.0,99.57635
40.604166666666664,36.4375,18.045334,957.3142,39.399998,342.0,79.21555
43.8125,32.145833333333336,23.577667,981.6875,40.54,78.0,86.68997
46.5625,36.3125,11.633833,955.86926,40.588,475.0,75.23536
42.3125,36.520833333333336,20.361166,998.1767,38.232,455.0,91.22111
43.729166666666664,29.895833333333336,23.6655,937.0332,39.215996,102.0,83.91095
41.854166666666664,34.270833333333336,21.280334,990.0842,39.576,151.0,83.08133
40.854166666666664,35.104166666666664,20.5215,964.0234,38.972,166.0,84.97559
43.895833333333336,31.479166666666668,23.603333,965.38165,39.831997,74.0,87.81397
46.9375,32.229166666666664,24.2085,925.85925,39.628002,222.0,99.06623
39.854166666666664,36.229166666666664,18.114,956.6228,39.7,298.0,80.57217
48.14583333333333,36.5625,9.952833,928.39056,39.34,308.0,70.39862
44.854166666666664,33.854166666666664,23.06,916.50397,38.876003,202.0,95.93489
42.520833333333336,31.604166666666668,22.715668,930.8938,39.568,69.0,82.15212
42.979166666666664,35.5625,22.674168,946.8535,38.36,305.0,89.89253
41.229166666666664,37.1875,17.531334,983.3661,38.496,581.0,80.27683
46.14583333333333,30.354166666666668,24.483,874.2878,37.036,90.0,93.9169
44.854166666666664,33.5625,23.147333,933.9587,40.16,188.0,95.63567
41.5625,37.1875,17.659666,975.8511,37.596,615.0,80.804726
46.1875,32.645833333333336,24.101,934.5837,39.408,191.0,95.963646
44.8125,30.145833333333336,24.109167,921.2986,38.176,102.0,87.89774
48.3125,33.895833333333336,12.3085,870.3064,38.592,370.0,80.4674
47.9375,37.520833333333336,11.7115,864.23694,36.564,291.0,52.76063
41.145833333333336,36.479166666666664,19.119333,971.063,39.216,353.0,82.86993
49.0625,31.979166666666668,25.319166,952.6318,39.916,397.0,107.81209
47.89583333333333,34.395833333333336,13.461667,888.91046,40.432003,401.0,79.98075
45.229166666666664,33.4375,23.360332,935.56476,39.868,208.0,98.32863
47.8125,35.8125,10.467,979.7748,41.468,354.0,74.260666
46.729166666666664,33.729166666666664,16.684334,918.523,38.2,461.0,86.057304
42.895833333333336,35.3125,23.426666,928.3999,37.984,256.0,90.0866
41.5625,37.6875,15.601666,990.9764,38.236,731.0,75.82708
41.354166666666664,33.6875,20.169,942.5169,38.916,130.0,79.913574
41.520833333333336,36.354166666666664,17.7735,991.43787,36.944,500.0,82.18229
47.229166666666664,35.604166666666664,10.425,976.4194,41.879997,437.0,76.15292
48.14583333333333,32.645833333333336,23.211166,941.6491,39.664,407.0,100.31271
44.520833333333336,37.979166666666664,8.363167,954.246,37.760002,476.0,57.5004
41.895833333333336,31.145833333333336,23.008667,934.21674,40.072,72.0,80.5823
48.479166666666664,31.229166666666668,24.928833,928.311,38.823997,235.0,104.78331
48.4375,33.979166666666664,5.5891666,925.23004,38.252,375.0,77.74035
40.354166666666664,34.854166666666664,20.146833,954.56915,38.428,136.0,82.493835
47.02083333333333,30.1875,24.5185,880.0971,38.115997,100.0,91.97887
47.229166666666664,28.854166666666668,25.389,880.75916,38.504,150.0,85.65964
44.395833333333336,35.520833333333336,21.963667,999.1015,40.008,392.0,94.85804
43.520833333333336,32.0625,23.172167,967.09106,40.56,75.0,86.263306
41.0625,31.604166666666668,21.344334,918.3852,39.116,91.0,76.55197
46.02083333333333,32.395833333333336,24.338,937.6575,39.856,152.0,93.72157
45.6875,35.9375,13.639,990.0134,39.468002,803.0,91.71365
45.4375,36.604166666666664,8.2265005,978.6831,37.84,572.0,80.485085
42.520833333333336,34.604166666666664,22.484833,972.6407,39.72,188.0,84.827095
40.5625,34.729166666666664,20.285833,945.8246,38.212,137.0,82.80812
40.395833333333336,32.895833333333336,19.035666,850.65906,37.407997,118.0,75.28322
41.9375,35.145833333333336,21.394167,979.3073,38.412,223.0,86.64337
47.479166666666664,29.354166666666668,25.280167,905.6749,39.604,112.0,87.3733
44.9375,31.895833333333336,23.841167,914.32007,38.66,108.0,84.959885
47.5625,29.5625,25.274834,911.46954,39.628,109.0,87.43019
39.4375,33.979166666666664,18.149666,855.9389,36.612,119.0,75.07777
47.354166666666664,33.979166666666664,13.440666,902.7817,39.82,455.0,81.71775
44.4375,33.6875,22.841667,912.8358,38.892002,170.0,90.30947
42.6875,34.645833333333336,23.06,954.5063,39.236,190.0,85.25729
44.8125,37.895833333333336,8.292666,956.66254,37.872,444.0,60.15593
39.770833333333336,34.770833333333336,19.636667,926.98083,37.676003,118.0,77.41382
42.1875,30.3125,23.146667,931.773,39.588,80.0,81.42484
42.9375,33.895833333333336,22.813168,962.2289,41.024,131.0,82.9538
43.895833333333336,34.0625,23.57,904.26324,38.776,154.0,84.68712
41.270833333333336,35.3125,20.850166,974.1368,38.7,201.0,84.93702
44.520833333333336,36.145833333333336,17.7285,1017.74054,39.78,813.0,98.32032
47.6875,29.645833333333336,25.310167,916.8608,39.859997,106.0,89.90171
45.4375,31.479166666666668,24.836834,916.56714,38.316,123.0,95.44508
42.645833333333336,37.729166666666664,9.528,940.9264,35.98,820.0,68.41835
41.854166666666664,36.8125,20.2425,980.17004,39.275997,436.0,87.24785
42.4375,31.729166666666668,22.700167,926.1307,39.548,64.0,81.44379
47.229166666666664,35.979166666666664,10.164166,981.70056,41.584,406.0,74.91001
41.8125,35.5625,21.785,976.46686,37.684002,244.0,87.74823
43.104166666666664,35.979166666666664,21.424833,984.92365,39.503998,385.0,91.141106
42.4375,37.354166666666664,14.969167,962.8649,36.607998,784.0,79.18477
48.6875,30.520833333333336,25.361166,899.53455,37.808002,197.0,106.024765
46.52083333333333,29.854166666666668,24.611166,860.4417,37.32,115.0,90.13223
49.354166666666664,33.104166666666664,11.502501,945.53754,40.072,317.0,82.65547
48.27083333333333,33.6875,14.103833,866.1831,38.844,397.0,82.72551
48.354166666666664,30.229166666666668,25.399834,886.1677,37.975998,162.0,99.52867
46.854166666666664,35.1875,11.652333,970.69824,41.168,539.0,81.20419
45.604166666666664,29.854166666666668,24.801167,893.5531,37.644,111.0,87.17438
41.1875,35.479166666666664,20.870667,972.9136,38.672,210.0,85.91643
49.479166666666664,31.229166666666668,25.750166,954.9169,40.072002,324.0,112.94875
42.1875,34.020833333333336,21.518833,1018.83527,40.852,140.0,80.53429
43.9375,34.3125,24.039,907.0746,38.784,174.0,87.92374
45.229166666666664,37.8125,11.273334,898.5026,33.972,297.0,64.07232
43.145833333333336,32.604166666666664,22.7605,962.7488,40.576,84.0,84.27499
40.145833333333336,33.645833333333336,19.013834,866.24744,37.164,119.0,76.88491
47.479166666666664,29.729166666666668,25.098833,903.07666,39.236,108.0,88.83079
49.479166666666664,32.479166666666664,15.429167,901.74286,37.98,353.0,91.27718
41.229166666666664,34.895833333333336,21.218166,962.3212,39.096,162.0,84.74625
42.3125,37.770833333333336,12.979834,947.49756,36.432,830.0,72.87015
45.229166666666664,33.854166666666664,23.2115,933.8148,39.635998,239.0,98.26382
41.229166666666664,32.854166666666664,20.326834,907.3182,38.744,102.0,76.501175
44.770833333333336,28.604166666666668,24.972,933.23395,39.592003,169.0,82.10189
48.64583333333333,31.5625,25.0625,939.86395,39.536,288.0,107.61548
46.5625,31.395833333333336,24.174667,897.6795,38.440002,133.0,94.718834
42.6875,30.8125,23.3815,942.4009,39.879997,75.0,86.66337
41.104166666666664,34.854166666666664,21.0325,961.3413,38.944,154.0,84.34987
48.0625,30.770833333333336,24.654,896.0251,37.488,177.0,99.07148
46.8125,37.729166666666664,8.830667,995.2611,39.152,294.0,62.823036
42.9375,33.770833333333336,22.7115,966.3979,41.508,125.0,82.96684
48.9375,31.8125,25.277834,939.3358,39.42,357.0,108.6935
45.1875,31.9375,24.0695,921.72424,39.268,121.0,88.10565
45.729166666666664,29.104166666666668,25.208334,904.3059,38.636,169.0,83.69258
43.729166666666664,29.604166666666668,23.566,932.0445,39.311996,107.0,83.31704
45.4375,31.354166666666668,25.038166,910.09875,37.244,113.0,95.86536
42.4375,34.104166666666664,22.133167,1024.3666,40.944,137.0,80.570465
45.020833333333336,30.354166666666668,24.424166,917.22876,37.652,96.0,92.59933
41.3125,36.0625,20.140333,983.8835,38.896,308.0,84.25307
47.104166666666664,31.354166666666668,24.087166,890.02783,38.884,151.0,96.16561
45.020833333333336,29.020833333333336,24.808666,925.5557,39.26,155.0,82.97957
39.9375,34.9375,19.932167,952.6198,38.620003,131.0,82.56703
42.979166666666664,34.895833333333336,24.308834,902.2497,37.88,201.0,88.62766
44.770833333333336,28.645833333333336,24.917,932.49255,39.584,165.0,82.73737
42.520833333333336,36.604166666666664,20.571667,993.1401,39.24,527.0,92.44248
48.729166666666664,34.020833333333336,11.957167,865.22015,39.144,307.0,79.0613
46.0625,28.604166666666668,25.379333,917.3558,38.607998,219.0,79.49996
47.77083333333333,35.9375,11.475333,969.37115,41.736,356.0,73.43486
41.729166666666664,36.5625,20.374334,999.5463,38.5,425.0,86.53121
48.89583333333333,32.895833333333336,19.511168,921.2407,38.408,411.0,94.74826
41.145833333333336,32.354166666666664,20.815334,903.1349,38.292,93.0,75.671394
47.6875,36.0625,11.607667,968.3694,41.584,355.0,73.04024
42.770833333333336,29.645833333333336,23.269667,927.00507,39.244,99.0,81.44064
45.64583333333333,32.395833333333336,23.969667,931.4781,39.48,137.0,94.88691
44.4375,32.0625,23.786667,951.5667,38.848003,80.0,82.743805
43.854166666666664,35.6875,21.415,988.4408,39.88,392.0,88.61549
48.5625,32.9375,16.860332,901.02124,38.132,412.0,88.49475
39.645833333333336,33.479166666666664,18.205,838.9007,36.952,121.0,76.215805
47.354166666666664,37.270833333333336,9.766,940.13,38.344,286.0,64.72249
48.3125,36.729166666666664,11.674833,862.10284,37.292,296.0,67.26402
41.4375,35.770833333333336,20.7575,984.54926,38.444,276.0,86.20067
44.770833333333336,31.520833333333336,24.692,931.24884,39.044,90.0,85.941666
40.0625,33.479166666666664,19.054333,854.8952,36.64,117.0,76.92656
45.3125,31.9375,24.066,917.66364,38.716,123.0,90.421135
43.895833333333336,29.1875,23.8585,929.3382,39.436,124.0,83.56631
47.5625,35.270833333333336,10.9075,955.89594,42.44,407.0,76.365944
46.52083333333333,37.4375,9.493333,996.2845,38.760002,325.0,69.93382
46.104166666666664,28.604166666666668,25.441,913.2119,38.584,215.0,80.59671
49.1875,32.729166666666664,16.737999,910.7248,38.684,367.0,91.412315
47.104166666666664,31.8125,24.308666,906.0608,38.3,189.0,99.54635
45.52083333333333,32.0625,24.228333,924.69727,38.82,125.0,92.882645
41.645833333333336,34.270833333333336,20.8775,974.1058,39.428,151.0,82.066956
46.979166666666664,36.979166666666664,7.8621664,947.84424,38.04,344.0,68.72578
41.854166666666664,34.0625,20.866667,987.2148,39.955997,143.0,82.625534
45.52083333333333,36.145833333333336,14.574834,991.7374,39.596,736.0,90.69579
49.229166666666664,33.520833333333336,12.3835,921.22424,39.879997,301.0,82.31591
48.27083333333333,35.520833333333336,10.5215,967.8574,42.096,338.0,73.503174
41.3125,34.270833333333336,20.666834,948.3658,38.795998,151.0,83.14062
46.4375,34.104166666666664,13.544167,886.4194,37.744,535.0,86.46283
41.479166666666664,34.8125,21.007668,967.5691,39.3,180.0,84.148476
43.9375,35.6875,21.394001,990.68945,40.100002,402.0,88.389595
47.854166666666664,34.479166666666664,11.065833,912.9986,40.144,390.0,78.72596
44.104166666666664,33.604166666666664,23.045,931.0616,40.216,148.0,87.36678
43.270833333333336,33.270833333333336,22.703333,957.6529,41.896004,113.0,86.97586
44.729166666666664,35.5625,19.917833,1008.9943,40.612,575.0,99.20216
43.395833333333336,34.3125,24.024834,905.00104,38.86,170.0,86.646736
44.895833333333336,34.895833333333336,22.1515,966.69495,39.204002,366.0,98.84002
46.854166666666664,29.604166666666668,24.983667,859.1947,37.899998,130.0,88.76592
46.604166666666664,32.395833333333336,24.423,932.6256,39.58,198.0,95.78889
45.229166666666664,37.395833333333336,11.026334,909.6542,36.432,343.0,68.17875
41.854166666666664,33.3125,20.968,959.74133,40.148003,108.0,77.927704
48.6875,31.1875,25.272167,938.4666,39.288,245.0,107.04099
47.64583333333333,34.895833333333336,10.942,939.01917,42.076,400.0,77.7515
45.89583333333333,31.895833333333336,24.509834,923.1493,39.144,132.0,98.28068
47.89583333333333,33.645833333333336,16.311333,883.27734,39.68,442.0,84.44498
46.02083333333333,34.145833333333336,15.674334,902.45715,36.904,549.0,89.31544
45.145833333333336,36.479166666666664,6.3875,978.5529,37.475998,651.0,80.94778
41.895833333333336,35.979166666666664,21.3435,998.3121,38.628002,325.0,88.747894
41.979166666666664,33.604166666666664,20.699333,982.0718,40.392,121.0,78.793915
43.604166666666664,34.854166666666664,25.208334,842.9943,36.36,208.0,92.07843
45.729166666666664,31.020833333333336,24.787666,898.4694,37.775997,99.0,94.82247
47.89583333333333,34.854166666666664,9.472,946.28577,41.668,376.0,76.75332
41.479166666666664,32.729166666666664,20.789,916.048,39.16,96.0,76.247574
41.8125,31.604166666666668,22.413834,923.6218,39.608,70.0,81.79745
39.895833333333336,35.4375,19.342667,958.39026,38.904,169.0,81.1719
44.479166666666664,36.145833333333336,17.790167,1016.48944,39.644,817.0,98.39208
48.604166666666664,32.229166666666664,24.307667,935.7823,39.539997,401.0,106.285194
48.52083333333333,29.9375,25.536333,836.8113,36.3,149.0,100.6253
44.979166666666664,33.8125,23.205166,925.63544,39.464,206.0,96.08572
42.1875,33.604166666666664,21.165833,991.43787,40.732,117.0,78.54571
40.729166666666664,34.729166666666664,20.483166,929.89014,37.56,150.0,81.17481
44.395833333333336,34.854166666666664,23.6025,939.10175,39.128,243.0,99.748665
43.020833333333336,36.270833333333336,20.796501,996.7761,39.148003,481.0,91.97789
46.64583333333333,30.895833333333336,23.8635,851.4268,35.623997,99.0,91.39917
43.8125,31.020833333333336,23.4075,951.7615,39.584,84.0,95.94032
48.39583333333333,34.4375,11.632667,879.13654,39.851997,323.0,78.18865
40.3125,37.395833333333336,14.527333,1008.76636,39.792,739.0,75.95714
47.104166666666664,32.354166666666664,24.163334,928.151,39.688,250.0,99.11913
42.895833333333336,34.854166666666664,23.970667,915.3614,38.267998,195.0,87.85222
42.0625,31.8125,22.429167,918.967,39.672,66.0,79.40066
40.3125,36.0625,18.749834,952.5061,39.600002,258.0,81.45699
40.604166666666664,34.645833333333336,20.289833,939.4585,38.004,134.0,80.822975
44.395833333333336,36.520833333333336,16.503,1006.1489,39.896,802.0,94.11162
43.9375,30.270833333333336,23.675499,940.2925,38.904,94.0,90.9298
47.604166666666664,29.229166666666668,25.57,916.5811,39.596,110.0,87.357765
43.354166666666664,31.5625,23.009834,958.1694,39.992,73.0,88.15611
40.770833333333336,36.5625,18.298334,942.7594,39.32,313.0,78.72748
49.479166666666664,32.9375,10.465167,923.9517,39.212,316.0,81.125275
40.5625,37.9375,15.692,1027.1337,42.276,585.0,75.41464
44.354166666666664,31.9375,24.303,966.6195,40.04,66.0,82.84869
47.604166666666664,30.9375,24.307667,890.7434,38.764,155.0,98.3555
48.1875,30.145833333333336,25.586166,899.42334,39.244003,141.0,95.65734
45.020833333333336,35.270833333333336,21.090166,997.8318,40.172,503.0,98.96971
43.979166666666664,29.520833333333336,23.827333,932.3194,39.260002,114.0,81.87657
49.1875,31.729166666666668,25.7305,954.73895,39.984,369.0,109.420235
45.395833333333336,35.645833333333336,18.1895,1015.5598,40.072,771.0,94.69078
46.729166666666664,35.854166666666664,7.9205003,979.8261,39.671997,502.0,77.691795
45.854166666666664,31.4375,24.605167,909.7554,38.344,121.0,96.90581
47.4375,35.6875,10.318666,984.186,42.18,401.0,75.721954
48.77083333333333,33.5625,13.729834,884.6643,39.604,348.0,82.75557
42.729166666666664,30.270833333333336,23.194166,936.75305,39.488,86.0,85.129196
43.020833333333336,29.395833333333336,23.168499,926.60815,39.168003,107.0,83.759674
45.4375,31.729166666666668,24.557167,922.401,38.828,125.0,93.481445
48.104166666666664,28.5625,25.8405,872.90704,38.012,109.0,91.13557
43.229166666666664,32.5625,22.867,965.12616,40.584003,84.0,84.27499
46.39583333333333,28.604166666666668,25.258167,894.4817,38.324,207.0,80.26382
45.020833333333336,34.979166666666664,21.894333,977.6445,39.892002,405.0,98.41807
45.145833333333336,29.0625,24.8765,922.15076,38.932,161.0,82.41625
45.395833333333336,29.6875,24.704334,904.07794,37.856003,121.0,86.23792
44.354166666666664,36.270833333333336,17.976833,1013.0151,40.356003,842.0,98.617325
43.229166666666664,29.4375,23.2525,928.07336,39.204,110.0,82.59669
39.729166666666664,34.3125,18.9665,888.5641,37.312,119.0,75.78567
44.145833333333336,36.020833333333336,19.935165,1013.59326,40.472,579.0,95.119225
46.02083333333333,34.604166666666664,13.913167,935.73303,37.84,659.0,90.58326
48.479166666666664,36.479166666666664,9.216333,929.6001,39.06,293.0,69.666885
48.02083333333333,33.9375,13.4453335,875.63043,39.955997,399.0,81.09629
46.854166666666664,29.0625,25.4285,842.3758,37.732,159.0,85.01082
41.854166666666664,33.145833333333336,21.053,950.6265,40.1,102.0,76.76407
46.52083333333333,33.770833333333336,16.723167,925.5067,37.908,476.0,86.70087
43.3125,29.520833333333336,23.2735,930.53345,39.296,106.0,83.728874
49.229166666666664,31.6875,25.679667,955.99963,39.804,366.0,109.49139
45.979166666666664,34.104166666666664,16.361834,906.38635,36.7,522.0,89.844215
42.395833333333336,33.4375,21.590334,980.49835,40.888,110.0,80.54807
40.9375,37.270833333333336,16.343166,985.61884,39.256,632.0,79.351654
46.14583333333333,30.270833333333336,24.4965,874.6871,37.156002,92.0,94.80878
43.854166666666664,36.020833333333336,19.9225,1008.00806,41.104,482.0,91.448456
48.6875,32.895833333333336,19.038668,912.0423,38.284,418.0,93.01353
41.479166666666664,35.645833333333336,20.925,983.724,38.568,252.0,86.87322
43.854166666666664,30.104166666666668,23.550667,937.6273,39.087997,101.0,88.20709
41.770833333333336,35.229166666666664,21.255667,982.44714,38.528,220.0,86.363495
46.729166666666664,35.229166666666664,8.615,966.3985,39.828,542.0,80.718895
45.145833333333336,33.645833333333336,23.195168,930.7447,39.38,215.0,98.472595
45.6875,32.5625,24.110167,933.58344,39.576,145.0,97.417595
45.52083333333333,34.645833333333336,21.973333,948.41034,39.264,429.0,95.47546
41.729166666666664,36.729166666666664,20.4195,989.7708,39.767998,417.0,86.02665
43.354166666666664,33.5625,22.876833,949.14215,41.6,133.0,87.97067
44.645833333333336,31.104166666666668,24.142,938.70325,38.256,93.0,91.57456
49.4375,30.854166666666668,26.032,955.1708,39.059998,287.0,115.287674
45.354166666666664,33.479166666666664,23.287,937.3048,39.812,232.0,98.94758
40.3125,36.104166666666664,18.682833,950.8806,39.568,268.0,80.37251
46.979166666666664,35.1875,13.492333,969.412,42.492,501.0,80.490364
42.229166666666664,30.5625,23.129333,935.96814,39.772003,77.0,81.60232
43.479166666666664,31.020833333333336,23.1475,951.42236,39.531998,83.0,96.268326
44.479166666666664,29.729166666666668,24.056,929.5575,38.984,113.0,84.036354
45.52083333333333,29.520833333333336,25.024668,902.638,38.232002,137.0,85.471176
47.604166666666664,31.104166666666668,24.241499,895.52515,39.292,163.0,99.43215
43.270833333333336,30.979166666666668,23.134167,946.2477,39.508,81.0,93.553444
41.6875,31.729166666666668,21.983667,920.2168,39.204002,73.0,78.594124
41.479166666666664,33.645833333333336,20.408667,950.3813,39.264,130.0,79.75092
47.14583333333333,30.145833333333336,24.546667,884.43,38.372,108.0,92.146126
43.4375,34.979166666666664,25.520166,830.4675,36.14,216.0,92.5859
42.854166666666664,36.354166666666664,20.663334,996.76556,39.5,534.0,91.794876
42.5625,35.5625,22.3965,965.86835,38.328003,291.0,88.88059
42.6875,34.104166666666664,22.439833,987.57526,40.628,145.0,82.47944
44.520833333333336,36.854166666666664,16.167667,1033.0421,41.404003,732.0,90.14698
48.9375,35.8125,10.637667,952.1165,40.608,287.0,73.41617
47.6875,37.270833333333336,11.3875,903.6431,37.932,279.0,59.450264
40.145833333333336,32.104166666666664,19.584167,869.84546,37.876,106.0,74.20414
44.395833333333336,35.479166666666664,22.239666,992.0734,39.276,373.0,94.272736
40.354166666666664,34.104166666666664,19.525167,902.0416,38.012,119.0,77.96866
41.020833333333336,33.854166666666664,19.945168,923.6537,38.795998,126.0,78.69882
44.8125,31.770833333333336,24.1915,931.50415,39.44,96.0,84.75223
48.3125,30.9375,24.495167,894.74347,37.267998,207.0,101.81988
46.5625,31.229166666666668,24.064167,887.94305,37.828,121.0,93.48521
47.729166666666664,35.5625,11.221499,979.43274,42.524,376.0,75.30073
45.6875,29.3125,25.027834,899.4924,38.308,157.0,84.42125
47.5625,37.5625,10.7775,910.4458,38.32,272.0,58.501976
44.104166666666664,32.895833333333336,23.430666,969.9652,41.272,121.0,89.93459
45.020833333333336,32.020833333333336,23.749666,916.9679,39.100002,114.0,85.71429
47.854166666666664,36.104166666666664,11.605166,963.6771,41.283997,337.0,73.40147
47.27083333333333,28.6875,25.413,884.9682,38.484,154.0,86.13328
46.4375,33.270833333333336,18.8725,935.54895,37.691998,392.0,88.49776
46.64583333333333,34.354166666666664,14.059333,914.1574,40.156,544.0,85.22179
44.770833333333336,29.854166666666668,24.2905,923.2895,38.8,108.0,84.85281
39.979166666666664,37.104166666666664,17.965666,971.6428,41.396,428.0,79.64327
46.104166666666664,37.729166666666664,9.595834,999.28705,38.356,306.0,64.91324
46.729166666666664,34.145833333333336,13.819,889.0212,39.4,513.0,84.99508
45.979166666666664,32.270833333333336,24.486334,935.4011,39.612,140.0,91.47082
42.354166666666664,32.604166666666664,21.681334,940.6293,40.208,81.0,77.833694
47.3125,34.395833333333336,9.281667,922.61285,38.536,473.0,80.01053
41.8125,33.895833333333336,20.866833,981.53125,39.904,136.0,81.47325
46.8125,32.895833333333336,21.873,928.73285,38.688,330.0,93.36834
47.8125,31.645833333333336,23.221,845.6035,35.076,232.0,102.655846
46.27083333333333,34.729166666666664,14.015833,949.87616,39.496,673.0,88.5084
41.229166666666664,34.520833333333336,20.990334,953.24585,38.947998,151.0,83.55443
44.145833333333336,30.645833333333336,23.771,943.2676,38.964,90.0,96.16752
39.8125,33.5625,18.325167,846.8435,36.84,124.0,77.04433
45.854166666666664,30.729166666666668,24.822666,887.04126,37.444,89.0,94.29834
43.854166666666664,30.770833333333336,23.504333,947.7983,39.211998,89.0,98.034805
48.479166666666664,34.770833333333336,9.329833,929.8301,39.764,324.0,75.623566
42.9375,35.020833333333336,23.9915,909.65906,37.86,219.0,88.91039
43.4375,37.229166666666664,13.2915,1008.74176,38.864,832.0,81.164635
46.52083333333333,34.104166666666664,14.1555,876.5958,37.851997,529.0,85.96164
44.0625,30.979166666666668,23.680666,950.52954,39.2,83.0,93.51687
40.6875,32.395833333333336,19.9265,881.2059,38.1,105.0,75.63806
44.854166666666664,35.604166666666664,19.810167,1014.6537,40.572,615.0,99.26063
44.270833333333336,31.770833333333336,24.1555,968.08405,40.036003,73.0,86.076256
43.9375,36.9375,15.472333,1003.6187,38.26,827.0,92.345535
41.0625,31.395833333333336,21.800667,924.7602,39.124,86.0,78.28962
41.979166666666664,32.979166666666664,21.270834,947.8101,40.404003,94.0,76.90744
44.5625,32.0625,23.560833,936.7177,37.984,90.0,82.810036
42.4375,31.145833333333336,23.214832,935.02985,39.528,67.0,85.549736
46.14583333333333,33.104166666666664,23.307333,935.0427,39.276,257.0,97.205124
42.229166666666664,32.145833333333336,22.226,917.0548,39.68,68.0,81.491776
45.354166666666664,29.604166666666668,24.703167,907.10004,38.028,124.0,85.160324
45.77083333333333,28.979166666666668,25.014,905.5808,38.292,180.0,82.61528
40.770833333333336,37.229166666666664,17.544834,974.17737,40.484,505.0,78.67104
47.8125,34.4375,12.6119995,904.25183,40.579998,406.0,79.45309
47.9375,36.354166666666664,11.991667,933.56274,39.603996,320.0,71.2188
43.979166666666664,36.604166666666664,19.351334,1018.10565,40.648,712.0,96.44988
46.4375,36.3125,11.176,952.6368,40.076,486.0,76.0365
47.479166666666664,35.3125,10.949667,962.64606,42.536,422.0,76.714424
48.4375,31.395833333333336,24.5785,922.76526,38.412,253.0,104.41833
47.5625,34.479166666666664,12.302334,902.8968,40.06,433.0,79.5928
46.9375,33.354166666666664,18.7975,934.58307,38.756,410.0,88.28776
46.604166666666664,37.979166666666664,8.9225,978.18195,38.048,288.0,60.59103
41.729166666666664,35.145833333333336,21.2575,980.2604,38.72,214.0,85.46209
47.6875,36.395833333333336,9.601666,960.6799,39.947998,332.0,72.38738
42.229166666666664,32.479166666666664,21.8515,929.7022,40.092,77.0,78.29483
40.020833333333336,37.3125,17.035833,991.2172,40.824,505.0,78.78924
44.729166666666664,29.0625,24.585333,927.63055,38.9,147.0,81.86474
48.64583333333333,31.645833333333336,24.8785,933.177,39.096,303.0,107.30944
39.895833333333336,35.645833333333336,19.5295,951.69696,38.444,173.0,80.943375
44.729166666666664,37.770833333333336,8.515833,961.76666,37.916,475.0,60.498238
42.645833333333336,34.9375,23.017166,944.74255,38.564,210.0,86.40967
43.104166666666664,30.854166666666668,23.2995,941.62415,39.6,79.0,94.33342
40.8125,36.8125,18.436832,957.8424,40.435997,376.0,79.764534
40.4375,36.9375,17.6475,920.5812,39.556,384.0,78.80907
48.229166666666664,30.854166666666668,24.691334,905.7356,38.22,192.0,100.39243
43.770833333333336,31.4375,23.349,962.4435,39.708,76.0,88.05435
43.645833333333336,31.895833333333336,23.254333,971.60754,40.236,72.0,85.71429
46.229166666666664,29.229166666666668,25.089,864.3448,37.8,164.0,85.670334
42.6875,35.854166666666664,22.108667,977.34485,38.892002,338.0,90.79194
47.64583333333333,33.229166666666664,17.662,907.1872,38.528,439.0,86.51977
40.3125,36.645833333333336,18.196,934.23596,39.84,324.0,79.27665
41.9375,33.729166666666664,20.803167,986.71265,40.464,124.0,79.21842
43.520833333333336,35.020833333333336,25.465166,826.69714,35.368,220.0,91.90274
41.979166666666664,31.6875,22.4475,921.20166,39.512,69.0,79.68638
41.895833333333336,34.229166666666664,21.236834,993.3197,39.776,150.0,82.75708
43.6875,32.270833333333336,23.699667,977.54175,40.776,74.0,87.00399
42.270833333333336,33.0625,21.281166,962.2305,40.475998,98.0,77.95277
47.39583333333333,29.1875,25.350834,895.91626,39.096,121.0,86.75129
43.479166666666664,32.9375,23.055334,958.9713,40.86,101.0,84.76951
43.270833333333336,37.854166666666664,4.954,952.86664,36.516,660.0,60.570877
46.3125,34.979166666666664,12.110499,964.25244,39.264,690.0,87.109375
47.3125,30.229166666666668,24.506666,889.5504,38.3,119.0,94.024216
46.4375,37.3125,10.937667,984.9042,38.84,327.0,70.20063
47.479166666666664,32.979166666666664,20.133,921.8258,39.36,411.0,90.5956
46.27083333333333,29.895833333333336,24.5665,867.6481,37.304,107.0,90.03619
45.729166666666664,37.145833333333336,13.183833,945.1311,37.079998,366.0,70.88942
40.104166666666664,32.4375,19.047333,854.5208,37.788,115.0,75.960976
46.4375,37.645833333333336,4.1415,964.6775,37.248,398.0,68.331314
43.6875,34.229166666666664,23.972334,906.4452,38.932,163.0,84.66474
40.604166666666664,34.8125,20.380667,936.8642,37.66,141.0,80.20281
47.27083333333333,35.395833333333336,10.464833,965.6541,42.064,444.0,76.64095
47.27083333333333,28.9375,25.417334,883.004,38.708004,145.0,85.88619
45.145833333333336,29.354166666666668,24.729,917.502,38.940002,144.0,83.3665
47.104166666666664,29.9375,24.895166,880.48804,38.488,108.0,90.352844
47.6875,35.979166666666664,11.492333,971.1287,41.547997,359.0,72.98617
46.6875,32.3125,24.336166,926.6368,39.128,200.0,97.065254
46.3125,37.020833333333336,12.745334,960.8181,38.868,367.0,72.634735
47.729166666666664,32.8125,21.878166,926.3889,39.576,396.0,94.61765
40.229166666666664,33.229166666666664,18.698334,848.2174,37.128002,124.0,75.84068
44.520833333333336,33.229166666666664,22.807333,931.1049,39.368,153.0,91.15998
45.4375,28.9375,24.9225,916.9061,38.504,172.0,82.086975
45.1875,37.729166666666664,11.1295,901.376,36.968,316.0,66.79543
43.729166666666664,29.645833333333336,23.601166,935.2979,39.427998,107.0,83.31704
41.5625,34.3125,20.9955,970.47144,39.296,149.0,83.26857
43.854166666666664,29.020833333333336,23.806168,928.6526,39.412,131.0,84.10342
44.4375,35.854166666666664,20.949833,1010.99756,40.128,521.0,96.55771
48.27083333333333,28.5625,25.837,855.64014,37.620003,103.0,92.74193
44.729166666666664,29.1875,24.692167,928.38666,39.112,136.0,83.85905
43.104166666666664,30.229166666666668,23.591,936.7843,39.404,88.0,87.03604
42.895833333333336,32.6875,22.4125,955.9422,40.536,86.0,81.864235
49.0625,33.729166666666664,12.8550005,909.40356,40.244,306.0,80.39677
46.77083333333333,35.6875,9.502167,993.49945,41.36,522.0,79.28535
42.854166666666664,35.354166666666664,23.242666,935.07715,38.003998,264.0,89.4504
46.64583333333333,30.645833333333336,24.369667,868.9835,37.176003,87.0,93.05099
47.854166666666664,32.229166666666664,24.133,931.9884,40.179996,321.0,102.38899
49.229166666666664,33.0625,13.975166,922.223,39.272,342.0,86.34546
44.229166666666664,37.0625,13.491667,1011.13214,38.836,710.0,85.19992
44.0625,34.0625,23.29,886.6672,37.744,157.0,86.724434
47.39583333333333,36.020833333333336,11.043,979.9491,41.616,391.0,73.47123
39.729166666666664,33.729166666666664,18.459333,851.244,36.736,125.0,76.03609
41.3125,33.6875,20.116667,939.0921,38.828,128.0,79.60011
43.479166666666664,35.604166666666664,22.218332,948.64026,39.088,332.0,89.96697
41.604166666666664,30.729166666666668,22.851,938.72144,39.744,76.0,80.638885
41.729166666666664,35.395833333333336,21.476166,982.2623,38.476,227.0,86.924255
41.604166666666664,33.229166666666664,20.671833,941.83,39.628,107.0,77.92792
47.604166666666664,28.645833333333336,25.599333,894.1766,38.684002,126.0,84.59237
47.3125,34.479166666666664,11.629666,933.60535,39.528,458.0,80.583496
42.979166666666664,30.4375,23.578667,942.1113,39.5,80.0,87.99772
46.604166666666664,28.895833333333336,25.402834,851.44025,37.72,171.0,83.23315
42.5625,29.895833333333336,23.3995,927.4824,39.615997,90.0,82.20001
44.104166666666664,31.1875,23.749166,954.5651,39.208,82.0,90.73278
43.1875,33.854166666666664,22.562166,867.7631,34.116,122.0,80.53669
45.354166666666664,30.104166666666668,24.598833,904.80566,37.752,103.0,88.70495
41.6875,35.9375,21.099167,993.9967,38.440002,311.0,87.62331
45.270833333333336,29.6875,24.61,908.18115,38.184,120.0,85.98219
48.604166666666664,35.270833333333336,10.614834,991.6798,44.132,326.0,72.583336
39.5625,33.895833333333336,18.276167,854.175,36.823997,121.0,74.646034
44.5625,34.520833333333336,23.639166,935.325,39.067997,230.0,97.87657
39.895833333333336,37.979166666666664,15.487833,1024.1366,40.803997,570.0,72.581474
48.27083333333333,34.020833333333336,8.085333,906.956,38.292,370.0,78.936615
45.3125,35.4375,18.41,1009.8171,40.044,717.0,95.64628
42.729166666666664,33.979166666666664,22.7095,986.9608,41.168,128.0,81.58904
47.104166666666664,31.854166666666668,24.319834,904.7636,38.076,195.0,98.5391
44.145833333333336,29.854166666666668,23.661667,933.2039,38.983997,105.0,84.59066
41.020833333333336,35.3125,20.736334,966.65857,38.624,179.0,83.92715
47.4375,34.979166666666664,11.285334,952.7494,42.212,430.0,77.98335
41.520833333333336,36.770833333333336,20.052,981.575,39.64,406.0,84.78147
40.8125,32.020833333333336,20.609667,897.06177,38.392,94.0,74.44412
41.354166666666664,36.520833333333336,19.756,986.0047,39.008,370.0,84.513
41.604166666666664,33.4375,20.546667,950.3441,39.58,117.0,78.44549
41.604166666666664,30.979166666666668,22.8135,938.34564,39.86,76.0,79.58382
46.604166666666664,30.5625,24.405834,876.8206,37.608,89.0,93.47823
44.479166666666664,37.6875,7.2343335,980.0498,37.696,552.0,62.56648
44.479166666666664,37.854166666666664,5.6575003,946.1438,36.488,508.0,59.508476
42.104166666666664,33.854166666666664,21.300833,1003.6292,40.624,131.0,80.04751
40.3125,32.6875,18.869333,854.2876,37.776,118.0,75.28322
47.354166666666664,29.354166666666668,25.2005,891.70544,39.048,119.0,86.59084
42.520833333333336,33.0625,21.6895,963.1685,40.556,101.0,81.1865
43.9375,33.229166666666664,22.6225,931.7525,39.612003,131.0,85.46255
47.77083333333333,29.479166666666668,25.686832,924.56824,39.812,106.0,89.90171
42.104166666666664,33.770833333333336,21.215666,996.0178,40.623997,128.0,80.51781
49.27083333333333,33.145833333333336,11.284667,934.7723,39.68,319.0,82.37391
41.604166666666664,35.895833333333336,21.0105,993.0251,38.584,304.0,87.444275
43.895833333333336,28.9375,23.898834,928.82654,39.2,135.0,84.4863
44.104166666666664,30.645833333333336,23.727833,943.44806,39.003998,89.0,95.64954
46.854166666666664,31.0625,24.198166,883.75287,39.024,114.0,94.84769
44.270833333333336,37.5625,9.085,1030.0752,39.9,674.0,67.05493
41.354166666666664,30.9375,22.652834,943.0253,39.9,78.0,79.898926
47.5625,30.520833333333336,24.4345,884.8329,38.752,135.0,93.14874
45.979166666666664,36.729166666666664,10.705667,951.1357,38.588,456.0,75.67756
40.395833333333336,34.520833333333336,19.967,926.2542,37.8,126.0,80.59753
47.52083333333333,30.979166666666668,24.198833,885.6423,38.267998,148.0,99.207085
40.354166666666664,35.604166666666664,19.544666,966.6101,38.776,201.0,81.327286
40.729166666666664,33.145833333333336,19.5475,879.88416,38.064,116.0,75.77722
46.14583333333333,28.6875,25.378166,903.1052,38.396,207.0,80.26382
41.520833333333336,35.020833333333336,21.353666,973.3119,39.296,183.0,84.667496
47.27083333333333,28.895833333333336,25.4105,883.603,38.628,147.0,85.090324
44.854166666666664,33.604166666666664,23.158167,932.0115,40.04,193.0,95.15845
46.0625,34.8125,16.657167,941.6108,39.192,712.0,90.91836
40.104166666666664,36.604166666666664,18.2755,954.5388,40.396,333.0,79.16561
41.354166666666664,35.145833333333336,21.1775,973.26886,38.739998,186.0,85.18234
47.27083333333333,36.229166666666664,9.26,976.5339,40.46,388.0,72.60353
42.770833333333336,30.1875,23.199667,932.6873,39.348,87.0,83.838936
40.145833333333336,33.6875,18.899166,867.25964,37.247997,123.0,78.05722
44.145833333333336,30.9375,23.759167,948.6471,38.968002,85.0,92.945816
48.77083333333333,36.145833333333336,10.2735,929.3873,40.028,295.0,72.27588
44.229166666666664,37.8125,7.9816666,985.5774,38.312,553.0,60.727688
46.1875,36.770833333333336,12.506667,947.42834,38.856003,426.0,74.6978
47.0625,35.104166666666664,11.370167,969.93524,41.704002,489.0,79.49344
44.9375,31.604166666666668,24.546167,923.66394,38.904003,101.0,88.55509
47.52083333333333,35.4375,10.715167,976.77234,42.544,406.0,76.1106
40.645833333333336,36.0625,19.033333,957.55145,38.96,257.0,80.62249
41.520833333333336,32.604166666666664,20.9605,916.5205,38.752,92.0,76.432
40.645833333333336,37.145833333333336,17.553833,957.05286,40.688,458.0,79.15143
40.4375,35.895833333333336,19.036833,960.8572,38.988,242.0,80.977516
45.020833333333336,36.979166666666664,9.981833,982.227,37.772,504.0,75.043625
48.229166666666664,28.645833333333336,25.840834,862.53674,37.864,102.0,93.020065
44.8125,34.645833333333336,23.230167,954.9718,39.62,276.0,99.0963
47.9375,32.770833333333336,21.772833,924.9543,39.132,415.0,95.58385
41.479166666666664,34.3125,20.7905,964.8902,39.284,149.0,82.59872
43.395833333333336,31.229166666666668,23.275,953.4963,39.760002,79.0,91.612915
49.0625,33.0625,16.2315,902.3323,38.8,362.0,88.25076
41.104166666666664,32.020833333333336,20.902166,906.83673,38.976,89.0,76.238205
43.145833333333336,33.8125,22.9145,914.8921,37.968,135.0,82.966835
47.39583333333333,37.520833333333336,10.238167,940.8432,38.404,270.0,60.028664
43.5625,30.729166666666668,23.4365,946.47534,39.464,88.0,101.350876
47.5625,32.9375,20.199,921.37805,39.312,410.0,91.686035
49.354166666666664,30.729166666666668,25.944834,945.30023,39.02,277.0,115.95869
45.52083333333333,33.354166666666664,23.442167,933.17334,39.784,224.0,99.293686
46.9375,29.604166666666668,25.200333,865.3103,38.128002,125.0,88.49895
42.5625,31.520833333333336,22.855,933.9657,39.584,69.0,84.781654
46.89583333333333,30.0625,24.6585,873.90533,38.304,100.0,90.6071
46.8125,32.520833333333336,24.162666,935.5403,39.792,247.0,98.78931
41.854166666666664,31.645833333333336,22.436,922.20874,39.7,69.0,82.15212
42.770833333333336,34.0625,22.621166,977.4707,40.692,137.0,82.23649
44.645833333333336,29.854166666666668,24.175833,926.58466,38.844,110.0,85.62908
46.854166666666664,32.104166666666664,24.329166,919.77783,39.008003,197.0,98.584015
49.1875,32.770833333333336,16.324333,914.5437,38.524,364.0,90.75319
43.895833333333336,33.145833333333336,22.871,949.35114,40.332,126.0,87.232765
43.4375,29.104166666666668,23.365,925.98413,39.02,124.0,84.32513
47.104166666666664,28.979166666666668,25.3895,868.6425,38.392,150.0,85.65964
45.0625,34.0625,23.117167,934.20715,38.908,238.0,97.94039
41.5625,32.770833333333336,20.871834,921.6307,39.447998,96.0,76.247574
43.645833333333336,31.729166666666668,23.307167,968.5647,40.18,71.0,84.406166
40.895833333333336,32.270833333333336,20.440666,893.6345,38.303997,97.0,75.760445
41.770833333333336,36.229166666666664,20.905167,1008.48474,38.36,376.0,87.06195
39.770833333333336,33.020833333333336,18.331167,834.16626,36.760002,127.0,79.84463
47.4375,33.6875,17.026167,909.3582,40.024002,450.0,85.39887
46.354166666666664,30.229166666666668,24.588501,871.4838,37.324,92.0,90.36415
46.02083333333333,33.895833333333336,18.668,913.3592,37.316,436.0,92.07101
43.979166666666664,29.5625,23.832666,932.5484,39.268,111.0,82.377205
41.604166666666664,31.1875,22.5945,933.4191,39.676003,75.0,78.4952
43.3125,30.770833333333336,23.101833,945.9723,39.58,87.0,95.87885
44.770833333333336,30.854166666666668,24.242167,928.52563,37.948,93.0,94.76071
48.89583333333333,30.479166666666668,25.45677,886.68896,36.454166,209.0,108.830475
46.854166666666664,37.5625,9.9485,993.85913,39.46,295.0,64.81914
47.729166666666664,30.020833333333336,25.1095,906.21515,39.124,122.0,92.26554
43.895833333333336,34.770833333333336,24.551167,884.57715,37.716,206.0,93.998955
45.4375,36.4375,10.080833,976.33545,38.236,626.0,82.54396
44.145833333333336,30.520833333333336,23.741833,941.4933,38.876,91.0,92.06609
47.5625,31.0625,24.221,892.5702,39.112,158.0,98.44849
42.8125,33.270833333333336,22.371666,967.163,41.272,105.0,86.158844
45.4375,30.854166666666668,24.761166,907.4322,37.404,101.0,96.42511
47.8125,37.0625,12.258833,896.1383,38.008,295.0,62.617477
43.479166666666664,33.520833333333336,22.8745,947.6371,41.144,138.0,87.80143
43.104166666666664,31.854166666666668,23.040667,954.04663,40.248,69.0,84.781654
40.854166666666664,31.854166666666668,20.671833,904.0324,38.788,95.0,74.30828
47.64583333333333,32.104166666666664,24.266,929.05304,39.736,280.0,102.49785
46.5625,31.604166666666668,24.213833,909.22327,38.924,149.0,98.34085
40.395833333333336,34.895833333333336,20.220333,957.296,38.547997,139.0,83.10473
44.229166666666664,31.4375,23.865334,961.5508,39.452,76.0,86.894844
47.354166666666664,31.770833333333336,24.1495,903.91724,38.492,210.0,99.63077
47.729166666666664,37.6875,8.511833,901.63916,37.208,290.0,59.994698
47.8125,35.270833333333336,11.082334,960.0779,42.688004,378.0,74.98538
47.9375,36.145833333333336,12.080667,956.2253,41.272,330.0,73.68421
47.8125,37.104166666666664,12.3064995,891.31946,37.811996,298.0,62.063652
43.104166666666664,30.645833333333336,23.348999,943.24994,39.572,83.0,91.00131
44.9375,36.0625,19.007666,968.4468,36.236,748.0,104.15251
45.145833333333336,30.270833333333336,24.470333,912.48303,37.884003,100.0,90.72221
47.27083333333333,34.020833333333336,13.269167,901.65497,40.2,459.0,81.81857
47.3125,34.9375,11.751667,953.00354,42.236,451.0,79.22009
42.3125,30.645833333333336,23.180834,937.6183,39.748,77.0,81.60232
46.104166666666664,30.895833333333336,24.3935,880.6609,37.6,91.0,93.39676
42.520833333333336,34.979166666666664,22.599333,954.927,38.620003,213.0,87.07688
45.229166666666664,36.645833333333336,11.996667,977.50226,38.728,561.0,81.3017
46.604166666666664,36.395833333333336,11.5685005,958.0449,40.460003,447.0,74.60773
46.77083333333333,34.979166666666664,11.498,970.498,40.76,554.0,82.14175
41.770833333333336,36.770833333333336,20.278,984.99786,39.472,429.0,86.3149
47.02083333333333,32.020833333333336,24.229,916.88556,39.048,211.0,99.7123
45.9375,37.5625,11.329666,974.08923,38.072,306.0,66.93582
43.645833333333336,35.3125,23.348999,878.4156,36.572,277.0,89.97435
43.229166666666664,35.020833333333336,24.663166,868.1329,37.224,221.0,91.37976
41.104166666666664,35.8125,19.948833,975.5693,38.756,266.0,82.67948
44.854166666666664,28.895833333333336,24.792667,929.4248,38.952,157.0,81.49293
46.3125,35.020833333333336,11.334167,969.07434,39.256,679.0,85.95945
41.104166666666664,32.4375,20.448334,899.3352,38.508,98.0,75.269615
45.604166666666664,37.6875,11.7615,908.5462,33.012,273.0,64.78603
43.020833333333336,31.354166666666668,23.154833,946.9924,39.688,71.0,90.069626
49.229166666666664,31.604166666666668,25.883,958.1014,40.168,354.0,109.61452
43.854166666666664,34.4375,24.310501,896.1784,38.312,182.0,89.63091
47.854166666666664,32.4375,23.713833,935.98987,40.0,348.0,101.115
48.6875,35.270833333333336,10.643,981.79816,43.536003,325.0,72.36397
48.77083333333333,35.604166666666664,9.639501,966.7367,41.708,300.0,73.526405
44.604166666666664,33.395833333333336,22.878834,932.28503,39.888,165.0,92.286964
48.89583333333333,30.520833333333336,25.5035,896.32587,36.615997,209.0,108.830475
48.27083333333333,33.395833333333336,17.315834,891.9928,39.728,437.0,85.81489
44.770833333333336,34.9375,22.624166,965.20056,39.58,341.0,98.923546
41.4375,31.645833333333336,21.830833,921.31726,39.163998,80.0,76.12365
46.1875,31.0625,24.1155,878.2279,37.356,103.0,86.90117
40.4375,32.354166666666664,19.483833,872.81104,37.996,109.0,74.74989
41.979166666666664,37.854166666666664,15.446333,983.5085,37.851997,772.0,73.15952
41.145833333333336,36.145833333333336,19.599167,977.44763,38.928,314.0,82.94779
46.5625,29.4375,24.971167,846.34937,37.504,143.0,87.307014
46.4375,33.395833333333336,16.912834,929.73425,37.492,444.0,86.0812
48.604166666666664,34.8125,10.740833,916.7656,40.64,312.0,74.72775
47.1875,29.895833333333336,24.816166,882.6921,38.46,108.0,89.44272
45.104166666666664,35.3125,19.622667,1002.68353,39.964,586.0,98.33645
44.604166666666664,32.770833333333336,23.1975,940.5482,39.652,133.0,91.71306
47.4375,29.8125,24.9735,897.87177,38.956,108.0,89.34102
42.270833333333336,31.270833333333336,23.095,931.9818,39.668003,67.0,83.06169
45.979166666666664,30.354166666666668,24.4835,880.9681,37.396,92.0,91.56167
46.6875,33.854166666666664,14.734,905.68536,38.024002,495.0,85.076256
44.270833333333336,31.520833333333336,23.967333,961.71515,39.796,76.0,87.28306
46.6875,35.770833333333336,7.0393333,975.77936,39.308,521.0,77.89915
46.02083333333333,37.104166666666664,12.9325,926.9933,37.124,370.0,72.45383
40.104166666666664,37.104166666666664,17.835667,963.60913,41.312,423.0,78.776726
48.979166666666664,32.0625,25.266,954.6706,40.22,398.0,107.59528
40.1875,33.270833333333336,18.776001,848.2813,37.100002,122.0,76.6404
43.4375,37.770833333333336,4.2185,950.9031,36.456,667.0,60.345154
44.1875,33.770833333333336,23.047167,914.0186,39.504,157.0,88.087845
48.6875,30.645833333333336,25.227333,904.62695,37.483997,207.0,106.791824
41.895833333333336,33.145833333333336,21.0645,951.4008,40.1,103.0,77.124825
47.4375,31.895833333333336,24.1655,904.43805,38.492,229.0,100.81008
42.520833333333336,31.9375,22.3865,926.7124,39.472,68.0,82.24133
40.3125,35.645833333333336,19.391333,966.3196,38.924,197.0,81.54721
40.604166666666664,33.020833333333336,19.442167,868.1622,37.752,114.0,75.592896
40.4375,36.395833333333336,17.497334,956.21094,39.236,382.0,79.21799
46.854166666666664,32.479166666666664,24.221834,932.6963,39.744,234.0,98.32297
46.479166666666664,33.1875,20.361,932.5183,37.944,352.0,90.92007
47.854166666666664,32.9375,22.370832,942.44745,39.4,408.0,96.08283
42.0625,35.1875,21.811333,975.3586,38.596,223.0,86.3968
43.229166666666664,29.854166666666668,23.388666,931.0004,39.328,98.0,84.48011
42.1875,32.1875,22.1255,917.7437,39.74,68.0,81.491776
41.3125,33.4375,20.223833,930.7758,39.224,119.0,78.45632
47.104166666666664,31.479166666666668,23.943335,887.5913,37.456,163.0,97.56608
39.479166666666664,34.729166666666664,19.501,915.4702,37.436,113.0,75.86246
43.9375,29.145833333333336,23.884834,929.3381,39.5,127.0,82.67948
43.770833333333336,37.5625,10.288,1026.0082,38.248,711.0,71.92027
42.645833333333336,37.479166666666664,14.943666,976.2776,37.96,771.0,78.5822
42.1875,33.520833333333336,21.101166,986.0738,40.64,115.0,78.06872
43.479166666666664,31.5625,23.191166,960.24255,40.028,74.0,85.980774
47.104166666666664,34.1875,13.207334,906.4176,40.532,486.0,82.21392
48.104166666666664,35.270833333333336,9.446167,976.7777,42.464,341.0,74.55481
48.0625,33.770833333333336,14.522667,873.8176,39.452,409.0,83.10552
46.479166666666664,32.6875,24.062166,938.7333,40.028,221.0,96.76271
45.0625,36.3125,17.1905,1009.269,39.607998,763.0,95.14356
43.0625,37.9375,5.604833,944.35614,36.056,682.0,61.230145
45.354166666666664,36.645833333333336,9.359,977.62695,38.096,558.0,80.22381
47.27083333333333,34.0625,13.5265,891.55896,40.407997,461.0,82.44592
46.8125,30.145833333333336,24.586,872.869,38.084,96.0,90.39134
45.729166666666664,34.9375,18.264,960.66284,38.392002,698.0,93.579575
41.479166666666664,32.1875,21.109167,912.7605,39.204,84.0,77.239296
42.895833333333336,32.8125,22.349833,958.2963,40.711998,90.0,82.505585
48.5625,34.520833333333336,10.047334,896.50275,39.528,309.0,77.06121
44.6875,34.6875,23.226667,950.66205,39.36,271.0,99.99188
44.6875,29.895833333333336,24.178833,925.8865,38.803997,109.0,85.56958
42.9375,36.395833333333336,20.918833,992.69006,39.208,536.0,91.32073
39.479166666666664,33.395833333333336,18.0335,830.1431,36.536,118.0,75.69367
44.604166666666664,37.479166666666664,5.718167,968.9146,36.908,565.0,68.72222
44.854166666666664,30.520833333333336,24.253834,924.22345,37.82,95.0,91.79316
42.895833333333336,36.395833333333336,20.925499,996.59717,39.44,548.0,91.04373
47.729166666666664,32.645833333333336,23.131332,937.5696,40.22,362.0,97.88447
46.5625,30.854166666666668,23.872,849.79175,35.328,96.0,90.51542
45.5625,28.645833333333336,25.1985,926.5245,38.884,198.0,80.53624
44.645833333333336,34.270833333333336,23.524,936.2307,39.556,220.0,97.07649
47.64583333333333,33.4375,18.035334,899.4855,40.256,449.0,86.69934
46.89583333333333,31.229166666666668,24.3125,889.4004,39.616,133.0,96.218864
44.8125,32.479166666666664,23.566,936.2442,39.652,120.0,90.82641
43.9375,31.104166666666668,23.615,953.2122,39.671997,82.0,93.30879
47.104166666666664,29.854166666666668,24.994333,880.2047,38.596,110.0,89.15161
44.520833333333336,37.479166666666664,6.494,974.76434,37.304,589.0,68.31505
44.270833333333336,32.1875,24.067,979.21704,40.399998,90.0,89.80774
43.0625,29.229166666666668,23.299833,924.6955,39.06,114.0,83.27456
44.979166666666664,33.104166666666664,23.223999,942.3609,39.996,170.0,95.29213
48.1875,28.895833333333336,26.002666,878.9342,37.888,95.0,94.13012
46.77083333333333,28.770833333333336,25.362333,862.19543,37.96,172.0,83.39546
46.77083333333333,37.520833333333336,9.956,1000.3199,39.424,302.0,66.469925
44.020833333333336,37.395833333333336,10.901834,1004.2485,37.832,730.0,74.12724
40.104166666666664,37.0625,17.736166,944.58386,40.456,406.0,80.0824
48.0625,32.4375,23.8275,940.9614,39.908,375.0,102.4419
43.4375,30.770833333333336,23.2985,947.30786,39.424,86.0,98.352646
48.1875,29.520833333333336,25.423334,859.69714,36.72,122.0,94.60636
42.145833333333336,36.6875,20.3635,976.97766,38.664,423.0,90.65848
41.6875,37.145833333333336,19.0225,970.4473,39.192,538.0,82.31628
44.5625,31.5625,24.423166,938.37775,39.208,82.0,87.9131
48.89583333333333,32.145833333333336,24.815834,935.97864,39.324,397.0,107.40484
43.604166666666664,32.229166666666664,23.429667,975.5166,40.7,74.0,83.685684
45.229166666666664,29.520833333333336,24.693333,912.98773,38.559998,128.0,82.48461
44.0625,37.145833333333336,14.328667,1015.253,38.82,751.0,87.995384
44.729166666666664,36.9375,11.382667,1006.0101,38.596,589.0,79.60079
45.020833333333336,32.145833333333336,23.606333,914.09894,38.604,119.0,86.23774
48.604166666666664,30.770833333333336,24.819666,887.2604,35.54,219.0,105.42267
40.8125,31.4375,21.0815,915.24744,38.812004,89.0,78.23206
41.895833333333336,37.395833333333336,18.064333,973.208,38.191998,641.0,79.592674
40.9375,36.8125,18.761,960.04474,40.248,377.0,79.9946
48.9375,33.854166666666664,11.853333,899.49554,39.815998,306.0,78.70435
42.354166666666664,30.3125,23.210667,932.62555,39.516,80.0,81.42484
40.104166666666664,36.020833333333336,18.750334,952.75543,39.396,246.0,80.20574
44.145833333333336,34.854166666666664,24.032833,918.8633,38.572,229.0,96.53866
46.27083333333333,29.854166666666668,24.604834,867.9751,37.387997,108.0,88.72839
48.64583333333333,35.1875,10.821667,996.1671,44.376,323.0,72.442604
48.4375,34.145833333333336,12.3046665,838.7052,38.2,336.0,79.67071
47.64583333333333,28.979166666666668,25.642334,913.2114,39.688,114.0,87.80518
45.9375,33.770833333333336,19.728666,920.7465,37.616,398.0,93.78179
45.229166666666664,36.354166666666664,12.091,976.925,37.916,679.0,86.22695
43.3125,34.645833333333336,24.569666,876.1736,37.44,189.0,89.64717
40.145833333333336,34.020833333333336,19.422832,887.5691,37.8,121.0,77.084755
46.729166666666664,30.354166666666668,24.454,873.8215,37.688,93.0,92.734184
43.270833333333336,29.3125,23.229,926.55194,39.092,114.0,83.6697
42.395833333333336,32.729166666666664,21.554667,947.4109,40.340004,87.0,78.914925
39.3125,33.729166666666664,17.881,837.489,36.272,113.0,73.8478
42.3125,30.729166666666668,23.228167,938.6334,39.811996,74.0,83.473915
40.479166666666664,33.770833333333336,19.295668,885.56555,37.808002,129.0,77.84284
44.479166666666664,35.3125,22.446333,981.3064,39.904,353.0,96.25492
45.52083333333333,31.270833333333336,25.0035,905.69574,37.38,112.0,95.564285
47.0625,29.395833333333336,25.072,863.45667,38.112,135.0,87.92967
45.6875,32.270833333333336,24.2045,931.38434,39.547997,136.0,93.62437
47.6875,30.020833333333336,25.0185,904.04126,38.991997,120.0,90.66082
47.89583333333333,33.854166666666664,15.232667,883.771,39.876,419.0,83.993286
44.895833333333336,29.5625,24.553167,921.8252,38.876,123.0,84.67804
47.64583333333333,36.3125,10.7585,954.8635,40.328,341.0,72.06126
44.6875,31.8125,24.139833,933.72876,39.143997,87.0,84.31552
44.729166666666664,34.854166666666664,22.802166,958.79016,39.503998,308.0,99.87492
47.104166666666664,31.104166666666668,24.096,878.6836,39.064,129.0,97.1803
44.9375,34.270833333333336,23.170334,927.0244,38.084,237.0,97.39071
48.229166666666664,32.229166666666664,23.849499,926.7435,39.343998,359.0,105.90626
39.979166666666664,32.645833333333336,18.909,845.6215,37.36,117.0,75.89705
49.479166666666664,31.9375,23.227167,944.7595,39.124,407.0,105.203575
43.520833333333336,29.4375,23.569666,930.1753,39.519997,111.0,82.90074
44.4375,29.8125,23.967,929.4096,38.812,109.0,85.36034
42.645833333333336,33.229166666666664,22.06,968.29987,41.128002,100.0,81.64019
46.854166666666664,33.645833333333336,18.415167,929.9662,39.036,431.0,88.03675
45.64583333333333,30.020833333333336,24.628334,892.1105,37.724003,105.0,90.383995
45.104166666666664,36.9375,10.428833,986.4331,38.576,484.0,75.52907
48.64583333333333,34.020833333333336,12.618667,845.3362,38.955997,322.0,79.85184
45.9375,30.020833333333336,24.5095,878.0319,37.463997,102.0,90.6064
46.6875,34.8125,12.608666,968.174,40.36,597.0,83.8986
39.645833333333336,35.854166666666664,19.388666,949.8649,38.904,183.0,81.9399
41.979166666666664,30.354166666666668,23.127832,932.31396,39.572002,77.0,82.60876
46.729166666666664,30.1875,24.617167,873.25305,38.064,95.0,90.791176
47.89583333333333,29.520833333333336,25.704166,917.97314,39.877777,110.0,90.910065
44.645833333333336,33.354166666666664,22.976833,936.2284,40.22,165.0,92.286964
46.604166666666664,28.520833333333336,25.382334,890.66626,38.352,195.0,80.407776
44.395833333333336,28.854166666666668,24.4865,929.1228,39.412003,145.0,84.64042
47.1875,33.604166666666664,16.597666,911.26917,39.188,445.0,85.69161
39.5625,35.0625,19.631,936.2908,37.74,123.0,79.51593
47.854166666666664,29.0625,25.6725,924.2189,39.752,107.0,90.2413
44.4375,32.1875,23.7905,951.19025,39.112,86.0,85.6082
40.229166666666664,35.1875,20.018167,970.06824,39.148003,153.0,81.93747
46.89583333333333,29.270833333333336,25.213667,846.87524,37.579998,146.0,85.119576
49.1875,31.479166666666668,25.847166,956.16876,40.352,331.0,110.2453
41.354166666666664,37.354166666666664,16.518167,990.3245,39.636,666.0,78.58052
41.479166666666664,37.0625,19.374,963.126,39.296,454.0,83.10156
40.395833333333336,32.229166666666664,19.601334,874.96533,37.968,105.0,74.875626
45.604166666666664,35.270833333333336,19.059834,994.9844,39.856,718.0,94.433334
45.0625,37.604166666666664,10.822833,904.0309,36.96,342.0,67.15412
42.020833333333336,35.770833333333336,21.773333,990.2996,38.364,299.0,88.973816
47.9375,30.229166666666668,24.767666,879.3279,37.12,135.0,92.233734
48.229166666666664,36.520833333333336,10.4995,918.42377,39.272,302.0,69.66884
45.89583333333333,32.145833333333336,24.4985,931.28345,39.308,132.0,93.47392
45.354166666666664,29.5625,24.7225,908.2181,38.083996,127.0,85.18202
40.854166666666664,37.5625,15.200334,1007.79517,40.019997,713.0,77.69366
44.770833333333336,37.020833333333336,9.081333,992.8169,37.936,598.0,76.855705
46.3125,28.8125,25.494667,878.3965,37.904,194.0,82.3002
43.645833333333336,33.520833333333336,22.872833,946.05054,40.68,139.0,86.622734
47.104166666666664,36.729166666666664,6.3295,969.7409,38.416,385.0,71.34873
40.229166666666664,34.479166666666664,19.678999,918.7757,37.72,126.0,78.085
42.270833333333336,36.020833333333336,21.757666,995.6665,38.9,344.0,90.474335
43.604166666666664,37.145833333333336,13.981999,1001.0958,38.1,841.0,84.34924
46.9375,31.479166666666668,24.050333,888.889,37.54,155.0,96.622154
43.895833333333336,30.395833333333336,23.5005,941.3782,39.008,94.0,94.3259
44.979166666666664,32.645833333333336,23.373833,937.9426,39.623997,137.0,91.469666
42.520833333333336,29.895833333333336,23.313166,927.6761,39.636,91.0,82.3002
44.729166666666664,36.854166666666664,12.002833,1010.43335,39.188,608.0,81.24982
39.979166666666664,33.479166666666664,18.594168,851.2232,36.892002,121.0,77.5633
47.3125,33.3125,18.2625,918.0255,39.316,430.0,87.49906
44.3125,36.229166666666664,18.8175,1013.3613,40.468,763.0,98.75188
45.479166666666664,29.8125,24.840166,897.5374,37.792,112.0,87.17819
47.4375,31.8125,24.109167,897.45953,37.932,218.0,100.453
46.0625,36.729166666666664,12.146667,951.38763,39.028,442.0,75.18236
46.14583333333333,37.645833333333336,7.7408333,999.96857,38.344,340.0,67.72055
40.770833333333336,35.020833333333336,20.4855,963.2617,39.028,157.0,83.82189
47.89583333333333,28.729166666666668,25.468334,891.4715,38.668,112.0,88.727005
48.104166666666664,28.770833333333336,25.8195,882.0362,38.444,99.0,92.09401
43.229166666666664,32.104166666666664,22.8855,959.89056,40.524,73.0,84.16045
40.145833333333336,35.479166666666664,19.660667,967.65533,38.944,169.0,82.0532
39.5625,32.604166666666664,18.459167,833.0228,36.832,119.0,75.98671
40.4375,35.3125,19.985167,969.79913,38.952,167.0,82.92074
44.6875,34.5625,23.395,948.3064,39.532,247.0,98.88803
46.229166666666664,34.3125,12.251,927.09015,38.364002,595.0,87.06053
43.479166666666664,35.8125,21.284666,981.4015,39.868,381.0,90.18683
40.270833333333336,33.854166666666664,19.244167,879.86707,37.616,120.0,76.846176
42.895833333333336,35.145833333333336,23.6945,919.3076,37.856,237.0,88.67577
43.604166666666664,35.020833333333336,25.138332,845.6625,36.148,224.0,92.04611
46.9375,29.645833333333336,25.161833,866.66864,38.191998,122.0,89.538666
47.77083333333333,34.645833333333336,8.354333,942.54285,39.596,401.0,77.64359
48.354166666666664,31.645833333333336,24.813833,931.49756,40.364,280.0,105.363754
40.895833333333336,35.8125,19.898167,967.5861,38.815998,240.0,81.826195
48.8125,32.145833333333336,24.7185,936.9469,39.648003,396.0,107.00533
40.6875,32.6875,19.531,873.44574,38.124,109.0,75.10789
46.479166666666664,30.854166666666668,23.882668,851.11414,35.248,97.0,89.86399
46.104166666666664,32.854166666666664,24.043167,936.38947,39.872,205.0,97.03478
42.604166666666664,37.020833333333336,19.3245,969.5096,39.163998,734.0,89.16662
47.5625,31.145833333333336,24.080334,882.9721,38.123997,161.0,99.1362
44.479166666666664,37.145833333333336,8.300167,964.3629,36.344,637.0,74.67698
43.895833333333336,34.1875,23.805166,896.36273,37.980003,160.0,85.72307
42.104166666666664,35.604166666666664,21.881166,982.27234,38.6,282.0,88.85491
40.395833333333336,37.520833333333336,15.199,1020.59753,41.28,649.0,77.07067
45.354166666666664,30.604166666666668,24.424667,906.9303,37.488,101.0,93.729385
45.395833333333336,31.604166666666668,24.636667,917.3164,38.503998,124.0,94.08422
47.3125,33.520833333333336,15.587501,903.20734,39.312,450.0,84.40196
46.5625,36.729166666666664,12.082667,951.23456,39.556,401.0,72.7971
46.39583333333333,34.770833333333336,14.830667,963.5605,40.592,654.0,88.14108
46.0625,30.1875,24.513,878.0768,37.536,92.0,93.39396
44.8125,31.104166666666668,24.532667,931.51715,38.244,95.0,92.29007
44.604166666666664,34.020833333333336,23.4235,935.1024,39.82,202.0,95.87528
40.520833333333336,37.729166666666664,15.834001,1014.095,41.760002,563.0,76.68721
43.979166666666664,34.104166666666664,23.6665,907.78357,38.884,163.0,86.85783
48.354166666666664,31.145833333333336,24.8175,923.9959,38.792,223.0,103.84152
48.77083333333333,31.895833333333336,25.043167,943.0926,40.008,361.0,108.06325
41.895833333333336,35.645833333333336,21.789333,985.85986,38.5,269.0,88.97366
42.270833333333336,34.5625,21.873833,989.25494,39.852,184.0,84.32481
48.1875,32.104166666666664,24.1565,927.0939,39.579998,344.0,105.08417
47.0625,33.6875,18.242332,917.71545,39.444,437.0,88.30605
41.395833333333336,34.229166666666664,20.599,951.90686,39.0,147.0,82.68293
47.5625,29.395833333333336,25.343834,912.08716,39.508,112.0,87.3733
49.0625,32.354166666666664,24.087833,948.6149,40.064,429.0,105.28586
47.9375,28.854166666666668,25.761833,903.8133,39.144,105.0,89.533554
39.8125,33.6875,18.4485,852.23126,36.88,127.0,76.728935
39.9375,37.479166666666664,15.269667,1006.0081,39.356003,645.0,75.6098
43.729166666666664,31.104166666666668,23.2495,952.9153,39.556,83.0,94.59639
42.354166666666664,29.854166666666668,23.161833,926.689,39.584003,90.0,81.893295
41.854166666666664,35.520833333333336,21.804333,975.07776,37.764,243.0,87.237854
45.604166666666664,37.229166666666664,12.202333,918.1659,34.336,356.0,68.89811
47.6875,37.354166666666664,11.7560005,900.61774,37.628002,287.0,57.257538
45.77083333333333,31.5625,24.692667,917.0808,38.984,123.0,97.67671
45.77083333333333,29.770833333333336,24.707,886.63025,37.796,114.0,88.832184
49.3125,31.354166666666668,25.939167,957.53253,39.980003,325.0,111.41432
42.145833333333336,30.145833333333336,23.178667,929.57104,39.592,84.0,82.05458
40.604166666666664,37.395833333333336,14.682333,1002.588,39.836,743.0,77.61778
42.5625,37.979166666666664,13.445833,958.52014,37.516,754.0,71.04567
39.729166666666664,32.395833333333336,18.911833,845.23456,37.264,114.0,75.04551
45.89583333333333,37.9375,12.54,997.42883,38.831997,256.0,62.20009
47.479166666666664,35.645833333333336,10.3745,984.00366,42.272003,399.0,75.524765
44.9375,30.5625,24.377333,922.9267,37.756,95.0,93.39845
47.0625,32.395833333333336,24.232834,927.92535,39.804,247.0,98.333916
43.645833333333336,33.895833333333336,23.407833,926.4611,40.076,141.0,83.95022
44.9375,30.0625,24.256166,917.7836,38.196,105.0,87.69899
43.604166666666664,32.604166666666664,23.157166,940.226,37.123997,84.0,81.53359
45.854166666666664,36.5625,10.993667,963.6843,39.188004,520.0,78.91123
47.0625,35.354166666666664,12.7685,963.0814,42.084,482.0,78.521255
45.4375,37.395833333333336,11.448667,902.0481,33.064,321.0,68.39299
47.14583333333333,32.9375,20.489166,924.39923,38.948,377.0,90.5268
40.604166666666664,33.520833333333336,19.485666,881.9614,37.34,119.0,78.16409
39.979166666666664,33.604166666666664,18.6535,855.8795,37.072,123.0,76.85163
40.270833333333336,34.979166666666664,20.083834,963.64355,38.643997,138.0,80.18161
41.145833333333336,31.5625,21.581833,921.3424,39.228,85.0,77.96729
43.020833333333336,31.270833333333336,23.157,946.98083,39.727997,72.0,91.168465
42.479166666666664,36.229166666666664,21.439333,991.5702,39.331997,400.0,92.367165
40.354166666666664,32.645833333333336,18.993,858.4907,37.856,117.0,75.37702
40.520833333333336,37.145833333333336,17.411167,942.9055,40.52,439.0,79.121765
46.729166666666664,34.5625,14.6536665,919.06805,40.696,551.0,84.97835
42.145833333333336,32.3125,22.004333,921.5656,39.892,72.0,78.482834
44.6875,36.8125,14.088833,1012.9709,39.876,673.0,85.650566
43.854166666666664,35.479166666666664,22.388166,933.58484,38.248,324.0,88.90177
49.479166666666664,31.645833333333336,24.993666,955.7051,40.244,379.0,107.9969
44.354166666666664,35.4375,22.455833,986.6362,39.192,338.0,94.44945
43.354166666666664,34.9375,25.085833,846.47943,36.547997,217.0,90.99483
46.729166666666664,36.6875,8.414666,957.06995,38.3,394.0,72.96508
42.604166666666664,33.4375,22.040667,977.3653,41.176,108.0,83.12094
41.0625,31.5625,21.361166,920.1871,39.132,88.0,76.97934
41.104166666666664,34.020833333333336,20.1795,931.11804,38.691998,134.0,80.518456
42.8125,34.604166666666664,23.497833,940.2423,39.052,177.0,85.95978
41.104166666666664,33.479166666666664,20.161667,917.3097,38.399998,119.0,77.772736
44.145833333333336,36.854166666666664,17.138,1011.3403,39.36,779.0,95.34719
39.520833333333336,36.3125,18.507833,965.6086,39.668,284.0,79.78697
43.020833333333336,36.9375,17.401833,985.26276,38.932,742.0,90.64593
39.9375,36.229166666666664,17.897,955.4089,39.588,319.0,79.3898
47.229166666666664,29.4375,25.168,880.42456,38.748,126.0,88.56225
43.395833333333336,30.1875,23.428833,942.1671,39.444,91.0,90.033226
41.145833333333336,34.770833333333336,21.071,961.29865,39.059998,151.0,83.67228
45.1875,28.854166666666668,24.920834,925.5433,38.916,170.0,82.055145
47.5625,30.0625,24.8255,902.3385,38.916,116.0,89.68458
47.89583333333333,37.3125,11.270333,872.85565,37.1,280.0,57.516453
40.604166666666664,32.229166666666664,19.891333,882.80817,38.18,103.0,75.43789
41.9375,34.729166666666664,21.2295,979.3311,39.304,200.0,84.1764
46.229166666666664,37.770833333333336,6.5843334,977.5281,37.704,349.0,66.07974
41.770833333333336,37.395833333333336,17.646,979.1716,38.424,646.0,79.06582
46.979166666666664,30.520833333333336,24.438833,883.77386,38.1,93.0,94.76071
47.3125,29.479166666666668,25.116167,888.943,39.188,117.0,86.91352
42.4375,31.479166666666668,23.056168,930.602,39.524002,66.0,84.64716
43.020833333333336,30.8125,23.239834,942.7597,39.596,79.0,91.26715
42.895833333333336,33.1875,22.507168,963.2327,41.692,103.0,85.63903
48.52083333333333,34.0625,12.38,853.256,38.9,329.0,79.690285
46.5625,31.645833333333336,24.223667,910.8353,38.955997,149.0,98.23809
43.770833333333336,32.104166666666664,23.541,979.03357,40.484,77.0,87.0887
46.979166666666664,28.9375,25.395,858.68585,38.004,159.0,85.53582
44.479166666666664,36.520833333333336,15.822833,1013.7799,39.432003,824.0,93.24287
43.354166666666664,35.729166666666664,21.913334,956.33594,38.46,346.0,90.472694
45.270833333333336,29.020833333333336,24.8795,920.97363,38.676003,165.0,82.83832
43.1875,36.729166666666664,19.187166,993.9769,39.436,753.0,93.32794
48.104166666666664,29.645833333333336,25.601,891.51215,38.947998,118.0,93.95729
40.729166666666664,32.104166666666664,20.318,891.5071,38.288,99.0,74.20473
46.14583333333333,36.479166666666664,12.3671665,945.988,40.024002,507.0,77.41114
45.145833333333336,37.979166666666664,11.247499,899.1025,33.744,299.0,64.365074
48.27083333333333,34.895833333333336,10.411834,931.4319,41.528,335.0,75.36941
42.145833333333336,34.8125,21.73,977.7695,39.359997,198.0,85.40203
45.270833333333336,37.3125,11.1665,941.46796,37.008,358.0,69.62623
41.604166666666664,31.604166666666668,22.212833,922.52075,39.38,73.0,80.19166
45.604166666666664,30.104166666666668,24.547667,894.42163,37.724,102.0,91.16057
45.979166666666664,29.729166666666668,24.749332,876.62665,37.596,116.0,88.969
47.39583333333333,31.020833333333336,24.154333,885.62744,38.120003,139.0,98.47184
43.8125,29.6875,23.647,935.6245,39.348,103.0,83.17633
43.895833333333336,33.3125,22.976833,949.9588,40.632,137.0,86.567955
47.3125,35.604166666666664,9.667334,988.1134,42.032,419.0,76.04046
42.854166666666664,34.520833333333336,23.569666,938.95465,39.272,163.0,85.66856
49.479166666666664,33.604166666666664,12.570833,956.5084,41.728,267.0,80.90606
43.479166666666664,33.854166666666664,22.737333,875.2162,35.371998,130.0,82.15682
45.729166666666664,31.9375,24.542833,930.47034,39.676003,127.0,95.53015
47.64583333333333,35.354166666666664,11.1685,970.6166,43.068,397.0,76.19594
43.354166666666664,37.1875,14.915667,1002.47375,39.316,841.0,85.14748
48.229166666666664,29.729166666666668,25.912333,874.36176,38.696,120.0,95.18853
44.1875,31.229166666666668,23.814167,955.8385,39.104,79.0,89.164406
41.145833333333336,34.104166666666664,20.515333,934.5144,38.668,131.0,81.47433
48.3125,36.020833333333336,11.865666,940.8075,40.768,316.0,72.94311
45.64583333333333,34.229166666666664,20.788166,921.22437,38.2,416.0,95.14952
43.770833333333336,36.229166666666664,19.742834,1019.40045,40.816,559.0,94.27309
41.1875,32.145833333333336,20.866833,906.95715,38.976,89.0,74.879486
46.14583333333333,35.4375,13.152667,975.9651,39.648,867.0,91.5724
49.14583333333333,30.5625,25.536167,913.77795,37.343998,234.0,113.55581
47.02083333333333,29.729166666666668,25.163666,875.2036,38.7,107.0,88.06379
42.645833333333336,32.354166666666664,22.190666,942.4664,40.14,74.0,81.32585
45.5625,30.479166666666668,24.455833,898.0149,37.404,96.0,92.235
40.479166666666664,37.9375,15.723833,1030.6088,42.368,566.0,75.18914
41.729166666666664,30.979166666666668,22.959333,937.7494,39.856003,73.0,80.41728
42.395833333333336,37.604166666666664,14.4244995,969.77625,37.604,796.0,76.08551
46.27083333333333,33.1875,22.826666,932.59503,39.124,291.0,95.79851
41.0625,32.354166666666664,20.620167,899.2807,38.268,94.0,75.68581
43.604166666666664,37.354166666666664,8.221833,977.988,36.312,723.0,70.99908
44.354166666666664,37.645833333333336,7.588333,992.6308,38.336,589.0,65.00949
40.354166666666664,32.604166666666664,19.064667,859.9936,37.964,117.0,75.37702
40.270833333333336,35.520833333333336,19.582832,969.0337,39.0,192.0,83.151215
48.9375,33.270833333333336,15.193334,897.6258,39.104,359.0,85.51525
47.4375,29.020833333333336,25.537,897.5165,39.032,132.0,89.188255
41.1875,36.1875,19.5345,979.12,38.852,330.0,83.254814
45.8125,33.229166666666664,23.6375,931.57745,39.628,227.0,97.53467
45.229166666666664,33.395833333333336,23.371666,936.6205,39.804,202.0,97.70633
45.3125,32.520833333333336,23.881666,940.7059,40.059998,139.0,93.01491
46.27083333333333,36.604166666666664,11.881,950.69934,39.56,450.0,75.11268
44.520833333333336,30.3125,24.134167,933.5251,38.48,93.0,90.40006
42.270833333333336,36.354166666666664,21.145166,1000.129,38.812,402.0,91.68105
44.0625,29.145833333333336,24.049334,929.73773,39.392,128.0,83.45063
44.645833333333336,35.729166666666664,19.8585,1016.4916,40.424,621.0,99.03492
43.104166666666664,36.3125,20.896,991.10297,38.371998,464.0,91.41177
44.770833333333336,37.270833333333336,7.4471664,977.61414,37.204002,569.0,72.37472
46.64583333333333,29.6875,24.815166,855.6431,37.532,127.0,90.204155
41.145833333333336,32.479166666666664,20.545334,901.69855,38.508,98.0,75.269615
47.89583333333333,31.104166666666668,24.468,899.07996,38.728,192.0,101.07942
47.3125,34.0625,12.6235,897.67163,40.092,465.0,81.36421
47.479166666666664,28.895833333333336,25.545166,898.54736,39.011997,132.0,87.47294
46.604166666666664,32.645833333333336,24.079,939.41364,40.1,237.0,97.5207
41.895833333333336,36.270833333333336,20.963,1012.7053,38.208,393.0,88.069176
40.104166666666664,35.4375,19.720833,953.8032,38.068,159.0,80.18697
47.979166666666664,32.5625,23.175833,915.95703,38.011997,381.0,100.32183
49.354166666666664,32.5625,13.175167,905.4505,38.384,344.0,87.20723
45.354166666666664,35.229166666666664,17.140667,981.83453,38.735996,747.0,95.60168
46.64583333333333,29.645833333333336,24.846666,854.2305,37.5,129.0,90.07727
41.145833333333336,36.395833333333336,19.055166,970.419,38.888,351.0,82.567955
43.854166666666664,37.8125,3.4435,941.1441,35.888,600.0,58.78192
44.020833333333336,34.604166666666664,24.387667,899.3552,38.34,195.0,93.544876
46.14583333333333,34.104166666666664,14.071167,903.54913,36.808,551.0,87.86952
41.5625,32.9375,20.717,927.3499,39.224003,101.0,76.906494
46.104166666666664,28.770833333333336,25.203167,900.3106,38.352,214.0,82.19051
41.854166666666664,31.3125,22.877834,929.606,39.808,69.0,81.42024
48.4375,36.6875,11.562834,855.89136,37.056,304.0,67.60877
44.3125,36.1875,19.137667,1015.7462,40.404,723.0,98.09298
47.5625,32.520833333333336,23.703667,929.04224,39.572,324.0,98.61047
47.479166666666664,29.229166666666668,25.360832,905.5288,39.443996,117.0,86.55072
46.5625,37.145833333333336,9.756333,976.1564,38.772,350.0,71.066605
47.229166666666664,37.6875,9.153,963.1419,39.172,276.0,62.5631
45.4375,37.604166666666664,11.428166,895.465,32.836,289.0,66.023735
45.6875,29.229166666666668,25.155167,901.80817,38.468002,162.0,83.82283
40.020833333333336,33.8125,19.104334,869.9341,37.216003,122.0,76.16329
45.354166666666664,31.479166666666668,24.862667,917.37024,38.196,117.0,93.45566
43.0625,33.354166666666664,22.565834,961.76855,41.928,112.0,86.68852
49.27083333333333,32.1875,22.718666,943.9162,39.088,418.0,103.77789
41.5625,34.395833333333336,21.102,968.6812,38.652,156.0,82.403595
40.020833333333336,33.1875,18.497334,841.307,37.2,124.0,77.04433
43.6875,30.729166666666668,23.420834,946.76984,39.42,91.0,101.86481
48.604166666666664,33.104166666666664,16.891,901.754,38.724,399.0,87.450676
45.8125,33.3125,23.509167,930.4525,39.42,238.0,97.87621
41.4375,31.229166666666668,22.509167,932.7833,39.472,78.0,78.881065
48.6875,31.5625,25.087334,937.7076,39.372,292.0,107.423996
45.4375,29.270833333333336,24.9175,909.79553,38.54,158.0,84.21426
40.895833333333336,37.270833333333336,16.399,985.9189,39.112,631.0,79.34398
40.645833333333336,33.9375,19.914,902.1871,37.924,121.0,78.22834
43.895833333333336,37.729166666666664,6.856167,974.9804,37.328003,603.0,63.342274
44.3125,32.1875,24.0055,969.9094,40.06,87.0,87.120316
39.979166666666664,32.520833333333336,18.8505,843.9949,37.392,121.0,76.40976
42.229166666666664,36.895833333333336,19.986,976.44995,39.364,506.0,88.97811
44.479166666666664,37.729166666666664,6.4218335,969.841,37.192,568.0,62.321327
47.104166666666664,29.395833333333336,25.083666,868.2109,38.228,134.0,88.927025
47.0625,34.4375,13.886,916.1888,40.78,492.0,82.79666
44.354166666666664,37.1875,12.074834,1001.9801,37.788002,664.0,79.74107
40.979166666666664,37.8125,16.363834,964.7135,39.752,586.0,77.03193
43.645833333333336,34.3125,24.183332,901.4311,38.656002,172.0,86.71409
44.979166666666664,31.8125,23.999,912.6661,38.144,107.0,85.290825
47.4375,29.1875,25.450167,902.5468,39.396,118.0,85.858635
44.645833333333336,33.729166666666664,23.095499,920.6214,39.011997,183.0,93.22158
39.729166666666664,32.5625,18.788334,840.84186,37.044,115.0,75.74697
49.14583333333333,30.145833333333336,25.031944,814.61615,31.716667,235.0,106.93193
40.979166666666664,34.520833333333336,20.765333,922.83704,37.62,136.0,82.1308
42.1875,32.479166666666664,21.829334,929.0614,39.988,79.0,77.59943
44.645833333333336,37.479166666666664,4.7313333,957.57434,36.508,567.0,69.107315
39.8125,35.104166666666664,19.632166,956.9822,38.62,137.0,80.7167
42.645833333333336,31.854166666666668,22.612167,933.0619,39.696,69.0,82.87754
46.39583333333333,29.520833333333336,24.834333,854.93365,37.476,137.0,86.02132
47.39583333333333,30.895833333333336,24.264166,885.1516,38.672,130.0,96.81219
47.5625,29.770833333333336,25.0715,906.1675,39.308,108.0,89.64577
46.14583333333333,33.854166666666664,15.467667,911.6594,36.572002,502.0,87.73215
41.6875,35.520833333333336,21.425667,982.0667,38.352,246.0,87.49987
44.770833333333336,30.354166666666668,24.209167,925.11304,38.156002,95.0,91.54369
47.479166666666664,35.8125,10.491333,983.40125,42.02,391.0,74.8731
48.4375,33.395833333333336,18.408833,889.5754,40.496002,444.0,87.98365
43.520833333333336,35.604166666666664,22.1855,949.4522,39.212,333.0,89.899605
40.020833333333336,34.895833333333336,19.975,952.40656,38.608,131.0,82.17845
45.479166666666664,37.854166666666664,10.245833,958.1046,37.348,306.0,62.96965
42.520833333333336,32.020833333333336,22.495667,927.4165,39.704,69.0,80.68172
48.02083333333333,30.0625,25.348999,891.91595,38.904,127.0,92.35674
47.02083333333333,33.770833333333336,16.201834,911.17035,39.376,465.0,84.79229
40.604166666666664,32.604166666666664,19.5705,870.8366,37.912,111.0,75.01014
45.52083333333333,29.729166666666668,24.911167,897.8711,37.744,115.0,87.0167
47.9375,28.9375,25.919834,915.0261,39.688,101.0,89.47646
45.6875,29.354166666666668,25.049334,898.7453,38.24,154.0,85.19049
48.854166666666664,35.3125,10.441,983.541,42.848,304.0,73.97904
45.4375,28.895833333333336,25.030666,919.6467,38.620003,173.0,81.60226
46.4375,35.479166666666664,11.477333,983.2331,41.08,669.0,85.17389
45.3125,28.645833333333336,25.090834,931.05145,38.935997,187.0,81.81547
47.354166666666664,32.604166666666664,23.689167,935.7816,39.892,313.0,98.74243
48.0625,36.354166666666664,11.273833,929.27435,39.88,315.0,70.62541
41.770833333333336,36.395833333333336,17.951834,998.495,37.004,517.0,84.02641
43.020833333333336,34.854166666666664,24.43,898.21246,37.728,196.0,88.74233
41.604166666666664,32.8125,20.753834,923.3545,39.632,97.0,76.19551
46.89583333333333,35.895833333333336,8.944333,982.8882,40.308,469.0,76.846825
43.5625,33.6875,22.988333,934.875,40.416,146.0,85.855675
41.979166666666664,34.979166666666664,21.3425,977.8127,38.892002,209.0,85.3985
43.145833333333336,34.229166666666664,23.069666,852.8167,33.168,138.0,80.760025
48.0625,37.479166666666664,10.457167,859.5188,35.684,274.0,52.339367
44.604166666666664,31.520833333333336,24.491,937.24164,39.22,82.0,87.5754
46.89583333333333,35.5625,9.039,981.9688,40.804,502.0,78.83143
40.645833333333336,34.229166666666664,20.110666,917.5422,38.036003,129.0,79.68207
43.0625,33.729166666666664,22.943167,954.86487,41.559998,131.0,85.68697
43.729166666666664,31.229166666666668,23.228167,955.4642,39.548,80.0,91.27611
41.145833333333336,34.979166666666664,21.1885,956.55194,38.408,159.0,83.68389
43.979166666666664,30.604166666666668,23.4975,943.8765,39.087997,91.0,97.15267
41.604166666666664,35.354166666666664,21.105667,980.7547,38.6,226.0,86.79497
44.6875,31.395833333333336,24.491499,935.78937,38.912,89.0,89.980736
42.104166666666664,36.8125,20.199,975.3735,38.928,456.0,88.87021
47.604166666666664,34.104166666666664,13.4535,894.3814,40.747997,426.0,81.143166
47.6875,31.1875,24.158333,891.29553,38.736,174.0,100.64591
43.020833333333336,34.729166666666664,24.3925,903.5869,38.332,177.0,87.523
41.0625,32.1875,20.841667,902.31195,38.463997,92.0,75.79594
44.770833333333336,31.0625,24.415667,932.0873,38.204002,96.0,93.20337
48.4375,30.520833333333336,25.130833,903.9833,37.156,182.0,101.9752
44.520833333333336,31.8125,23.763166,932.85614,37.420002,79.0,82.15142
46.77083333333333,37.1875,8.5455,970.3191,38.376,327.0,69.58128
42.104166666666664,34.395833333333336,21.8765,997.07825,39.472,152.0,82.390335
46.4375,32.895833333333336,23.7245,936.75635,39.444,255.0,96.28177
40.895833333333336,33.354166666666664,19.787666,896.1799,38.156,119.0,77.772736
43.645833333333336,29.8125,23.531834,937.1467,39.404,101.0,83.67396
44.395833333333336,37.104166666666664,13.6866665,1002.8811,38.94,670.0,83.646576
43.520833333333336,32.895833333333336,22.902666,939.0087,38.32,104.0,84.77175
42.645833333333336,36.979166666666664,19.379,971.80804,39.308,744.0,89.64838
48.104166666666664,29.270833333333336,26.071667,923.8325,38.4,109.0,92.88476
45.64583333333333,33.354166666666664,23.454166,932.3859,39.46,232.0,99.589935
42.604166666666664,37.395833333333336,12.611167,962.7442,36.152,812.0,76.218796
47.77083333333333,28.9375,25.680834,914.35187,39.492,109.0,87.5324
44.020833333333336,32.520833333333336,24.016834,987.5009,40.488,89.0,88.83245
39.4375,34.145833333333336,18.308,865.5562,36.76,118.0,74.870514
45.104166666666664,35.895833333333336,15.621667,996.7288,38.492,779.0,94.98222
43.270833333333336,31.3125,23.192667,952.4259,39.792,77.0,91.1681
46.0625,30.979166666666668,24.356167,883.0614,37.48,94.0,92.83186
47.604166666666664,33.645833333333336,15.458833,887.4688,39.752,444.0,83.36145
45.479166666666664,36.395833333333336,10.326,973.11755,38.228,634.0,83.141045
47.89583333333333,35.479166666666664,10.2835,974.7444,42.292,363.0,75.02339
48.604166666666664,34.645833333333336,7.6183333,937.4374,39.58,310.0,77.03047
47.229166666666664,29.354166666666668,25.204166,879.7861,38.640003,130.0,89.13087
44.520833333333336,34.354166666666664,23.569334,926.7958,39.04,208.0,96.69209
44.729166666666664,32.6875,23.324,938.05237,39.607998,132.0,91.632225
47.14583333333333,35.104166666666664,10.021501,960.57245,41.024002,479.0,79.44398
43.354166666666664,35.3125,24.000334,889.59534,36.98,261.0,89.89033
41.8125,35.395833333333336,21.638834,983.1801,38.548,230.0,87.25104
47.0625,35.1875,11.0815,968.9768,41.628,484.0,79.65744
45.52083333333333,30.520833333333336,24.432167,900.4119,37.455997,99.0,93.4682
46.02083333333333,32.895833333333336,23.869667,941.1983,39.76,214.0,97.377304
45.270833333333336,30.6875,24.378166,910.8705,37.444,101.0,95.46342
44.895833333333336,33.395833333333336,23.231833,941.9824,40.188,183.0,95.15877
47.229166666666664,37.020833333333336,8.6835,946.03186,38.264,306.0,66.99381
46.479166666666664,30.979166666666668,23.891,858.4252,36.164,105.0,90.70086
44.520833333333336,37.229166666666664,10.601167,995.45636,37.868,609.0,74.8499
46.02083333333333,30.770833333333336,24.713,876.7909,37.272003,85.0,93.69128
48.52083333333333,30.770833333333336,25.130667,905.01855,37.304,208.0,103.63201
43.1875,32.020833333333336,22.917168,957.49725,40.372,70.0,84.83522
48.27083333333333,34.145833333333336,12.601666,869.7496,39.216,360.0,79.89682
42.854166666666664,35.854166666666664,21.974167,972.19775,38.992,352.0,90.56075
43.479166666666664,29.104166666666668,23.4035,925.9136,39.072,126.0,82.702255
41.5625,35.395833333333336,21.0425,979.4448,38.656002,227.0,86.924255
40.270833333333336,34.3125,19.609,909.284,37.648,126.0,77.466324
40.854166666666664,32.0625,20.5825,897.1587,38.296,95.0,73.22324
48.4375,30.020833333333336,25.568167,858.3531,37.204,151.0,99.58873
43.9375,32.395833333333336,23.740833,987.3774,40.42,84.0,90.13878
47.39583333333333,37.104166666666664,11.355333,932.883,38.856,296.0,64.241875
48.52083333333333,32.479166666666664,23.923334,946.6927,39.82,422.0,104.94227
41.270833333333336,36.645833333333336,19.5985,974.8114,39.52,362.0,83.499084
48.229166666666664,34.229166666666664,13.484167,831.47375,38.952,373.0,80.45334
47.14583333333333,28.8125,25.372667,877.0021,38.344,155.0,84.881065
44.854166666666664,28.604166666666668,24.957832,936.0431,39.576,171.0,82.47829
47.89583333333333,32.4375,23.670334,934.4167,39.867996,352.0,101.02938
47.104166666666664,35.270833333333336,11.354834,972.06305,41.62,469.0,78.87435
40.729166666666664,33.354166666666664,19.6485,885.0192,38.06,120.0,78.8726
41.270833333333336,36.9375,19.430334,971.1521,39.719997,410.0,81.86803
47.9375,35.354166666666664,10.479,960.3476,42.323997,363.0,74.936485
39.770833333333336,35.8125,19.326166,950.8367,38.824,188.0,82.00222
47.854166666666664,36.4375,11.936167,929.9383,39.123997,318.0,71.45162
48.0625,29.229166666666668,25.976166,933.66486,39.148003,106.0,93.28895
49.4375,31.020833333333336,26.098833,953.95184,39.047997,297.0,114.56011
40.854166666666664,35.8125,19.92,965.1775,38.767998,237.0,81.45278
43.9375,30.604166666666668,23.501333,944.1263,39.135998,92.0,98.56419
39.979166666666664,34.729166666666664,19.711834,932.7925,37.887997,123.0,79.425545
46.77083333333333,36.979166666666664,9.4055,957.0397,38.656,358.0,70.09163
41.9375,34.895833333333336,21.127333,976.835,38.98,202.0,85.90555
41.145833333333336,32.8125,20.123333,900.60144,38.436,106.0,75.83336
47.4375,37.395833333333336,10.370334,922.65186,37.944,279.0,61.268692
45.5625,35.854166666666664,12.4115,980.9172,39.072,787.0,91.147675
48.27083333333333,29.729166666666668,25.904667,867.2422,38.812,122.0,97.341064
41.604166666666664,33.895833333333336,20.313168,967.65857,39.696,134.0,82.47771
45.64583333333333,33.9375,22.2255,925.98016,38.696,324.0,97.20109
43.4375,37.395833333333336,10.939,1025.7507,38.032,780.0,75.34599
45.5625,37.895833333333336,12.162,979.7654,38.632,267.0,61.489788
48.9375,31.6875,25.368834,947.54663,39.924,342.0,109.380844
47.8125,36.479166666666664,11.957666,930.36847,39.311996,322.0,70.68451
49.02083333333333,33.3125,12.787167,924.3229,39.616,330.0,83.46963
44.1875,35.229166666666664,22.946667,926.65045,38.172,271.0,93.766106
45.1875,37.479166666666664,10.960667,906.3143,37.128,335.0,67.42038
48.604166666666664,35.854166666666664,10.313666,956.73376,41.372,304.0,74.27969
44.145833333333336,32.395833333333336,24.031666,983.02985,40.564,91.0,91.39349
40.0625,34.854166666666664,19.993334,947.89105,38.364,130.0,81.20302
40.729166666666664,33.520833333333336,19.420166,890.4393,37.920002,122.0,78.33398
44.645833333333336,35.104166666666664,22.577667,972.9504,39.516,342.0,98.98284
40.729166666666664,36.979166666666664,18.004667,949.27405,40.108,410.0,79.508446
42.395833333333336,30.5625,23.334333,937.4269,39.679996,76.0,82.91279
47.39583333333333,30.6875,24.263332,872.63214,37.576,123.0,94.53768
40.479166666666664,36.5625,18.301,944.86285,39.788002,313.0,78.7747
45.0625,35.8125,18.585333,1013.2574,39.975998,731.0,98.12146
45.8125,35.395833333333336,19.341667,983.2879,40.248,731.0,93.2314
45.77083333333333,33.395833333333336,23.398333,926.2729,38.928,244.0,98.31229
41.0625,35.479166666666664,20.517666,969.9816,38.54,209.0,84.73683
44.520833333333336,31.645833333333336,24.1245,933.0945,37.888,81.0,81.81555
45.77083333333333,36.104166666666664,11.6805,969.7436,39.472,695.0,85.897675
44.645833333333336,29.395833333333336,24.551,927.7669,39.204,129.0,82.842224
41.604166666666664,33.5625,20.461334,956.69714,39.464,120.0,80.288734
47.02083333333333,33.8125,15.977,910.52356,39.568,464.0,84.603874
45.0625,29.770833333333336,24.406666,914.32294,38.471996,116.0,85.861275
43.645833333333336,36.770833333333336,18.9255,1002.07214,39.816,786.0,95.47392
40.520833333333336,36.5625,18.307167,945.56024,39.74,310.0,78.89288
44.854166666666664,28.770833333333336,24.842333,933.53925,39.28,163.0,82.56878
45.9375,33.4375,22.9825,928.7943,38.916,280.0,97.36633
45.479166666666664,30.3125,24.405666,899.6476,37.532,100.0,91.29556
47.39583333333333,29.229166666666668,25.287167,895.56586,39.136,119.0,86.060646
41.354166666666664,31.895833333333336,21.397833,914.49884,39.38,83.0,77.20371
45.3125,37.9375,11.269167,895.71954,32.98,279.0,61.796284
49.479166666666664,30.3125,25.782167,903.80237,37.4,253.0,118.484886
43.729166666666664,32.770833333333336,23.248167,964.35345,39.932,104.0,84.541916
42.770833333333336,35.854166666666664,22.067667,975.267,39.016,343.0,90.42098
48.89583333333333,30.354166666666668,25.459524,871.3086,35.885715,210.0,107.82518
46.104166666666664,31.604166666666668,24.303,901.6753,37.912,134.0,100.16449
41.479166666666664,34.104166666666664,20.358833,955.4455,39.148,145.0,81.897865
45.354166666666664,34.645833333333336,22.314167,943.72736,38.387997,380.0,96.69288
39.770833333333336,33.604166666666664,18.392,846.84357,36.896,122.0,76.35449
44.895833333333336,33.520833333333336,23.157167,937.3879,40.272,191.0,96.162056
48.02083333333333,33.229166666666664,19.237667,911.413,39.64,446.0,89.31968
42.8125,35.104166666666664,23.508,926.8328,38.135998,232.0,88.25925
48.354166666666664,29.729166666666668,25.832386,845.3817,37.936363,127.0,98.39512
42.854166666666664,36.6875,19.967833,953.6154,35.88,779.0,92.10587
46.02083333333333,37.5625,10.732333,977.1666,37.832,318.0,67.61361
45.89583333333333,33.979166666666664,19.304,911.94196,37.504,436.0,93.63049
44.395833333333336,34.9375,23.4555,939.43964,39.012,254.0,100.22818
44.0625,35.854166666666664,20.7585,1009.7347,40.732002,470.0,90.24577
43.9375,34.229166666666664,23.926167,906.85095,38.736,166.0,87.18353
43.520833333333336,34.604166666666664,24.658333,873.15656,37.26,194.0,89.7587
41.5625,37.520833333333336,16.199,984.82275,39.112,723.0,76.657684
45.729166666666664,33.979166666666664,21.0315,918.89594,38.2,374.0,95.07275
40.520833333333336,32.229166666666664,19.7545,880.0424,38.132004,104.0,74.641075
47.5625,35.3125,10.939,965.32654,42.684,412.0,76.651375
40.8125,32.104166666666664,20.513834,894.8921,38.384003,97.0,75.760445
48.4375,34.5625,11.1588335,862.93555,38.988,337.0,76.47078
42.3125,30.770833333333336,23.276833,937.91876,39.795998,73.0,83.512085
42.229166666666664,30.979166666666668,23.345333,937.0305,40.0,70.0,82.97898
42.770833333333336,31.270833333333336,23.134,940.44055,39.732,68.0,86.60254
48.39583333333333,35.770833333333336,11.376667,956.3879,42.0,318.0,73.55725
46.89583333333333,36.4375,9.3855,961.4214,39.42,411.0,72.902084
41.770833333333336,31.104166666666668,22.950666,934.3594,39.844,73.0,78.36325
43.520833333333336,37.5625,10.406,1033.3911,39.239998,722.0,71.08114
47.0625,34.5625,9.601666,932.1802,38.843998,511.0,80.70399
41.229166666666664,31.354166666666668,22.045834,929.53894,39.372,85.0,77.96729
48.02083333333333,34.8125,11.053667,924.668,41.308,371.0,76.132996
45.8125,30.270833333333336,24.446001,886.5389,37.664,96.0,90.76307
48.729166666666664,35.8125,10.15,956.7061,40.896,301.0,74.3137
45.104166666666664,34.270833333333336,22.985,930.6994,38.399998,261.0,97.96874
39.395833333333336,34.354166666666664,18.601833,877.18225,36.896004,122.0,75.393616
46.89583333333333,32.854166666666664,22.568666,931.0292,39.3,317.0,94.50653
41.645833333333336,37.604166666666664,15.304167,981.5002,38.344,772.0,75.88316
43.854166666666664,31.354166666666668,23.4035,961.366,39.6,76.0,88.43748
47.854166666666664,29.479166666666668,25.754168,914.41534,39.55,112.0,90.24924
44.520833333333336,30.1875,23.981667,930.33636,38.668,99.0,89.163124
39.8125,35.6875,19.284,949.7819,38.092,184.0,79.92651
42.3125,32.145833333333336,22.322166,918.5513,39.832,68.0,81.491776
45.52083333333333,37.145833333333336,12.057834,928.4753,35.236,373.0,71.44098
45.9375,35.145833333333336,17.702333,970.24664,39.475998,800.0,92.69917
44.520833333333336,31.3125,24.067167,945.89954,38.803997,86.0,89.19516
46.02083333333333,33.854166666666664,17.090834,912.50476,36.744,467.0,89.80407
48.77083333333333,33.270833333333336,13.6571665,904.6901,39.092,364.0,84.0909
47.104166666666664,31.770833333333336,24.219166,905.93134,38.376,185.0,98.98868
40.770833333333336,31.770833333333336,20.646166,904.2276,38.752,93.0,74.08565
49.14583333333333,32.270833333333336,24.442833,948.5817,39.612,425.0,106.00628
45.9375,32.020833333333336,24.519667,926.5699,39.34,135.0,95.65154
43.979166666666664,32.770833333333336,23.807333,977.77264,41.32,101.0,87.38971
43.645833333333336,37.6875,3.7319999,950.89374,36.332,653.0,61.610775
46.604166666666664,36.854166666666664,9.748834,963.9935,39.008,380.0,72.75082
42.145833333333336,32.854166666666664,21.425833,946.8041,40.256,89.0,77.738396
41.145833333333336,35.6875,20.323334,974.69916,38.452,240.0,85.13513
46.104166666666664,37.1875,13.456166,968.6329,38.424,354.0,72.09727
47.39583333333333,37.6875,8.3855,926.88776,37.872,288.0,63.17652
44.0625,29.854166666666668,23.565834,933.6747,39.12,106.0,83.728874
44.8125,34.395833333333336,23.322,942.28796,39.26,243.0,98.63236
43.979166666666664,30.020833333333336,23.610167,935.30255,39.052,101.0,84.76951
46.229166666666664,30.6875,24.367,878.5628,37.364,89.0,93.7524
48.02083333333333,37.1875,11.423,862.1118,37.076,282.0,57.971725
39.604166666666664,34.020833333333336,18.437334,863.0513,36.912,122.0,75.49026
42.354166666666664,30.645833333333336,23.239,937.4829,39.620003,76.0,82.91279
44.6875,37.395833333333336,5.2186666,958.1912,36.456,583.0,70.11497
41.979166666666664,35.4375,21.793167,980.3203,38.516,243.0,88.40696
45.729166666666664,32.0625,24.452168,929.2373,39.424,130.0,94.984314
44.854166666666664,31.729166666666668,24.266167,928.7819,39.292,98.0,85.4985
45.020833333333336,32.4375,23.6425,934.9815,39.544,126.0,91.38901
40.729166666666664,32.020833333333336,20.423834,893.4947,38.475998,96.0,75.06077
44.0625,36.9375,15.482667,1008.22644,38.972,797.0,91.56532
44.8125,34.479166666666664,23.338167,946.36774,39.432,254.0,99.28229
47.854166666666664,36.5625,11.860167,912.2027,38.811996,314.0,70.29585
47.27083333333333,30.979166666666668,24.0795,876.2659,37.644,127.0,96.72836
45.145833333333336,34.145833333333336,22.843334,928.56274,38.276,257.0,97.29814
49.229166666666664,31.4375,25.8745,957.4104,40.356,327.0,110.64038
39.8125,32.270833333333336,19.146334,852.70483,37.608,110.0,73.466835
46.8125,32.0625,24.225666,917.05383,38.636,190.0,98.06752
44.604166666666664,37.395833333333336,8.165334,993.4847,38.156,597.0,70.27168
44.020833333333336,31.979166666666668,24.0805,974.86914,40.876,69.0,86.87391
42.1875,37.6875,9.8185005,927.75433,35.184,900.0,70.30217
43.729166666666664,35.395833333333336,22.724,893.4423,36.823997,297.0,89.17637
42.479166666666664,30.604166666666668,23.383333,939.5557,39.615997,76.0,83.92602
48.479166666666664,33.770833333333336,12.884,880.66064,38.832,364.0,82.11874
41.3125,31.770833333333336,21.502167,917.5863,39.252,83.0,75.49384
40.1875,33.9375,19.268833,882.77216,37.696003,122.0,77.585846
46.0625,37.604166666666664,7.9643335,976.863,37.732002,353.0,68.54056
42.020833333333336,30.645833333333336,23.060833,936.2246,39.86,74.0,83.261604
42.729166666666664,35.104166666666664,23.2395,936.53253,38.260002,230.0,87.94004
45.979166666666664,30.0625,24.494667,878.1888,37.399998,99.0,94.03485
44.770833333333336,33.270833333333336,23.103834,945.27527,40.544003,174.0,94.75908
42.520833333333336,32.104166666666664,22.466333,929.1823,39.78,68.0,81.491776
40.104166666666664,35.5625,19.388,962.70654,39.003998,182.0,81.45813
40.5625,36.270833333333336,18.505667,956.6141,39.836,297.0,80.05388
45.479166666666664,36.104166666666664,13.406333,993.8415,39.199997,734.0,90.93765
44.270833333333336,37.770833333333336,5.2575,952.7384,36.288002,543.0,61.557793
43.104166666666664,33.229166666666664,22.647,963.1288,41.98,110.0,85.83427
40.020833333333336,37.1875,17.507166,956.492,40.572,442.0,79.88434
47.1875,35.3125,9.924666,974.7009,41.572,453.0,77.833694
48.89583333333333,35.3125,10.565833,987.0596,43.08,302.0,73.94024
45.020833333333336,35.1875,20.875834,993.63007,40.143997,491.0,98.63465
40.3125,35.1875,19.992834,947.9797,38.135998,147.0,79.55506
42.1875,30.145833333333336,23.2185,929.56274,39.536,83.0,81.23202
45.52083333333333,34.854166666666664,21.485834,959.63477,38.672,486.0,96.04815
45.89583333333333,34.604166666666664,18.2315,928.377,37.88,594.0,92.55079
43.604166666666664,34.895833333333336,25.3005,843.7894,36.54,213.0,92.155334
45.979166666666664,30.8125,24.6555,878.8881,37.78,86.0,93.812996
43.770833333333336,29.854166666666668,23.662333,935.49243,39.079998,103.0,83.88734
44.6875,35.729166666666664,19.533333,1018.31885,40.468,649.0,99.134865
46.6875,35.6875,8.913834,991.9957,40.755997,537.0,79.6002
44.979166666666664,35.104166666666664,21.1035,985.9664,39.972,462.0,98.90517
41.3125,37.6875,16.1255,1002.8582,39.384003,679.0,76.89193
42.104166666666664,31.5625,22.707333,925.0819,39.772,67.0,83.06169
46.39583333333333,35.729166666666664,8.394834,981.24554,39.736,604.0,81.40956
43.9375,35.229166666666664,23.328667,901.4641,37.496002,264.0,91.76432
42.9375,35.979166666666664,21.526167,979.7242,39.32,384.0,91.40361
48.27083333333333,32.104166666666664,23.858166,918.95935,39.08,345.0,106.29626
46.6875,37.0625,8.599167,980.02795,39.02,350.0,70.85544
48.64583333333333,30.520833333333336,25.159332,892.58716,37.256,194.0,105.90335
45.0625,29.020833333333336,24.789167,924.09424,39.199997,157.0,82.22085
43.645833333333336,29.229166666666668,23.473667,928.6633,39.276,120.0,83.679474
48.604166666666664,35.8125,10.607833,956.1585,41.572,309.0,73.86242
45.270833333333336,33.229166666666664,23.538666,938.8319,39.975998,191.0,97.37668
46.479166666666664,29.4375,24.949667,848.6691,37.468002,145.0,86.992134
45.8125,37.354166666666664,12.664667,928.89294,34.612,325.0,68.75361
40.895833333333336,37.854166666666664,16.286667,985.7838,40.992,582.0,76.66853
46.52083333333333,35.145833333333336,12.627334,971.0427,40.436,659.0,85.51781
49.27083333333333,33.1875,12.623167,939.00146,39.907997,325.0,84.612175
43.229166666666664,34.354166666666664,24.108667,912.7694,38.984,165.0,85.90881
48.104166666666664,29.5625,25.559069,889.0664,38.335297,111.0,94.32551
40.895833333333336,31.895833333333336,20.7155,904.01843,38.832,93.0,74.72398
41.854166666666664,33.729166666666664,20.677166,980.8765,40.224,125.0,79.44537
44.354166666666664,31.5625,24.198334,957.7699,39.952,76.0,87.28306
47.479166666666664,33.854166666666664,14.375667,898.72064,39.323997,454.0,82.847275
44.3125,29.4375,24.205833,931.9282,39.1,123.0,83.65393
45.0625,36.604166666666664,8.170333,991.0036,37.868,629.0,80.467384
40.729166666666664,33.770833333333336,19.5595,899.1459,38.171997,124.0,78.13894
45.3125,35.1875,19.335333,990.262,39.844,633.0,96.40573
43.729166666666664,34.0625,23.7705,919.0755,39.668,156.0,84.78938
44.729166666666664,30.020833333333336,24.1025,924.3492,38.444,105.0,87.37124
45.3125,32.645833333333336,23.603167,927.2594,39.0,144.0,93.925224
43.020833333333336,29.854166666666668,23.591667,931.9363,39.616,95.0,83.44111
42.4375,34.604166666666664,22.283167,978.912,39.904,184.0,84.405594
40.3125,32.4375,19.2045,862.93054,38.028,115.0,74.7764
42.354166666666664,36.6875,20.370834,972.8512,38.816,429.0,92.597916
48.3125,33.229166666666664,13.909667,889.9832,38.984,406.0,84.49821
46.39583333333333,29.854166666666668,24.5945,863.4829,37.3,109.0,88.6489
43.604166666666664,30.5625,23.45,946.5328,39.488003,90.0,99.25802
45.104166666666664,30.854166666666668,24.422167,918.07275,37.8,102.0,95.58367
48.604166666666664,31.729166666666668,24.625166,911.14923,37.716,312.0,107.36676
40.729166666666664,35.520833333333336,20.0055,967.5376,38.888,202.0,81.91988
42.4375,36.854166666666664,20.247,971.1754,38.468,561.0,90.677246
40.354166666666664,35.145833333333336,20.0665,947.20917,38.184002,145.0,79.795746
42.5625,29.770833333333336,23.3935,925.85724,39.452,92.0,82.669945
45.52083333333333,28.645833333333336,25.16,926.9796,38.843998,197.0,81.06804
40.1875,35.979166666666664,18.879667,957.1093,39.428,242.0,81.27766
48.4375,30.4375,25.15,891.54175,36.324,177.0,101.121765
48.229166666666664,36.9375,11.455334,860.3686,37.16,286.0,63.619835
47.3125,33.604166666666664,15.778,898.96606,39.804,450.0,84.22738
44.729166666666664,34.020833333333336,23.230833,919.43396,38.767998,203.0,94.942154
46.89583333333333,29.0625,25.4195,846.8141,37.836,157.0,85.177956
44.0625,37.645833333333336,7.312667,998.47125,38.184,591.0,63.67099
46.52083333333333,32.229166666666664,24.390333,927.92706,39.28,182.0,96.79549
47.64583333333333,35.1875,10.532666,932.88525,41.268,394.0,76.38949
47.0625,34.520833333333336,13.1675005,929.1996,40.372,502.0,82.38442
42.604166666666664,29.8125,23.409334,926.71106,39.54,91.0,82.59952
40.979166666666664,37.604166666666664,15.026999,1008.6756,39.784,720.0,77.23762
43.3125,36.1875,20.693167,991.7382,39.58,464.0,91.13325
42.0625,35.770833333333336,21.7445,989.89166,38.404,304.0,88.88662
49.39583333333333,33.479166666666664,13.246,952.77155,41.676,283.0,83.26497
40.104166666666664,37.479166666666664,15.373,1015.02924,40.128,631.0,76.46234
41.604166666666664,31.3125,22.6085,930.3305,39.7,74.0,79.78781
42.895833333333336,37.104166666666664,18.229166,983.5318,39.308,788.0,89.054886
42.770833333333336,35.020833333333336,23.438168,930.9057,38.272,219.0,88.023
39.895833333333336,32.854166666666664,18.723167,839.1086,37.092003,120.0,79.5366
44.9375,34.229166666666664,23.245333,932.1395,38.428,234.0,97.63855
43.729166666666664,34.270833333333336,24.051332,903.05853,38.652,168.0,86.034996
42.8125,32.395833333333336,22.443167,948.83594,40.404,77.0,80.992455
43.8125,35.479166666666664,22.482334,930.1579,38.16,321.0,89.057144
39.9375,35.104166666666664,19.700666,965.0116,38.888,138.0,80.399
44.9375,34.729166666666664,22.8665,956.7438,39.392,319.0,98.844315
41.6875,35.0625,21.174833,978.50183,38.932,203.0,84.99523
46.27083333333333,33.9375,15.227333,901.3586,37.100002,515.0,87.24069
47.354166666666664,35.8125,10.876,983.65155,42.368,403.0,75.043686
44.020833333333336,34.9375,24.061,906.71063,38.143997,236.0,95.22961
48.39583333333333,32.729166666666664,23.009666,943.5106,40.260002,427.0,99.56832
47.14583333333333,33.9375,15.266666,898.0585,39.656002,464.0,84.02139
41.479166666666664,36.4375,19.8195,993.9587,38.6,397.0,85.14955
47.6875,34.270833333333336,11.524167,909.38055,40.5,414.0,79.94967
47.6875,32.6875,22.738832,934.6768,40.068,370.0,96.63622
48.8125,32.4375,23.1535,944.6992,39.904,425.0,102.72878
47.229166666666664,36.3125,9.024167,963.5923,39.808,390.0,73.03596
44.520833333333336,33.520833333333336,22.8815,934.0059,40.208,173.0,91.91848
39.4375,34.770833333333336,19.510666,917.56195,37.532,111.0,77.05857
40.3125,34.6875,19.998833,937.4118,38.008,132.0,80.40302
46.5625,37.729166666666664,4.6356664,951.81104,36.856,375.0,63.273014
46.52083333333333,36.3125,11.462833,952.69415,40.292,481.0,74.9835
40.395833333333336,35.479166666666664,19.748667,969.7779,38.924,188.0,82.71748
45.479166666666664,32.479166666666664,23.9335,934.66095,39.688,138.0,93.94776
41.479166666666664,36.395833333333336,19.65,994.91547,38.076,407.0,84.795944
47.89583333333333,36.104166666666664,11.822166,962.1077,41.368,334.0,73.19679
47.0625,30.1875,24.505667,882.14124,38.24,101.0,92.51838
48.604166666666664,30.8125,24.964834,896.2666,36.368,221.0,105.5813
49.1875,33.770833333333336,11.339334,945.3351,41.088,287.0,79.57975
43.1875,35.270833333333336,23.793,896.8719,37.559998,264.0,89.89119
45.854166666666664,34.8125,19.521,938.9783,38.616,626.0,92.65836
43.770833333333336,31.229166666666668,23.320667,955.6726,39.544,80.0,91.27611
47.9375,31.3125,24.401333,900.1414,38.652,211.0,102.24108
39.4375,34.604166666666664,19.293333,905.8909,37.276,112.0,75.564285
48.104166666666664,35.6875,11.320833,970.30475,42.256,338.0,73.67743
39.479166666666664,36.854166666666664,18.1345,963.0622,39.564,379.0,80.92973
42.770833333333336,34.354166666666664,22.988167,964.1034,39.912,153.0,83.04498
46.39583333333333,36.604166666666664,10.774667,957.46735,39.596,428.0,74.34765
44.4375,28.729166666666668,24.554834,930.2278,39.48,155.0,82.75298
40.6875,32.3125,20.051666,883.7324,38.096,102.0,75.17293
43.479166666666664,33.9375,22.980999,881.58636,36.204002,137.0,82.16476
48.14583333333333,29.520833333333336,25.420834,865.2645,36.833332,116.0,94.79531
48.854166666666664,35.854166666666664,11.038667,944.97833,40.468,296.0,73.76141
43.1875,30.1875,23.511333,935.9158,39.272,88.0,87.03604
45.77083333333333,30.229166666666668,24.497833,888.769,37.792,98.0,91.84313
44.645833333333336,30.0625,24.045834,926.6838,38.620003,103.0,87.46885
39.8125,33.9375,18.766333,864.4116,37.232,126.0,76.033295
48.5625,32.3125,24.271334,947.4119,40.100002,408.0,106.79337
42.270833333333336,30.604166666666668,23.1275,936.9412,39.708,77.0,81.60232
46.77083333333333,37.9375,9.026834,981.11053,38.444,288.0,60.44682
47.979166666666664,34.5625,12.4085,894.51575,41.044,381.0,78.16409
49.14583333333333,33.645833333333336,13.484833,926.72565,40.224,307.0,81.7492
42.229166666666664,37.1875,19.580166,949.0796,39.219997,614.0,86.13151
47.3125,28.8125,25.356167,886.67175,38.687996,141.0,84.34895
42.9375,33.9375,22.881332,960.51465,40.912003,131.0,82.9538
46.854166666666664,31.854166666666668,24.291334,913.7979,39.04,177.0,97.6557
42.729166666666664,35.770833333333336,22.288834,971.33875,38.760002,325.0,90.28027
48.354166666666664,29.770833333333336,25.8125,846.1864,37.72,131.0,97.43326
46.604166666666664,30.479166666666668,24.3995,874.71704,37.5,90.0,92.838905
41.229166666666664,32.3125,20.831333,906.334,38.676,92.0,75.4759
41.645833333333336,37.520833333333336,16.487667,981.76483,38.788,707.0,76.89675
41.979166666666664,36.229166666666664,21.194666,1007.74524,38.516003,375.0,89.24559
43.229166666666664,36.854166666666664,17.665833,988.2213,38.548,784.0,93.178055
40.895833333333336,37.8125,16.231333,979.70435,40.388,584.0,76.95354
41.270833333333336,34.145833333333336,20.449833,942.7079,38.932,140.0,81.44379
41.1875,35.5625,20.704,975.05896,38.559998,217.0,85.09755
44.020833333333336,30.145833333333336,23.747334,936.9923,38.935997,96.0,89.01506
43.4375,36.6875,19.379168,1005.40295,40.371998,741.0,94.2927
40.145833333333336,34.104166666666664,19.471666,892.85785,37.88,125.0,77.3998
45.4375,37.979166666666664,11.636833,928.52704,34.704,278.0,61.951824
45.52083333333333,28.895833333333336,25.082,916.8231,38.58,179.0,82.0243
48.0625,33.895833333333336,13.646833,876.13495,40.136,399.0,81.32532
45.0625,29.1875,24.835667,922.2481,39.22,154.0,82.52792
46.5625,37.104166666666664,9.8845,974.47473,38.86,347.0,71.44221
41.270833333333336,34.3125,20.727667,949.39056,38.768,150.0,82.87754
45.354166666666664,37.3125,11.4295,912.9725,33.888,352.0,70.16402
44.6875,37.854166666666664,9.371834,972.081,39.08,475.0,61.187706
48.27083333333333,36.395833333333336,10.935,917.2524,39.663998,304.0,70.32699
47.1875,30.0625,24.6765,886.87317,38.548,112.0,91.4674
44.395833333333336,37.1875,12.2715,1006.2412,38.096,650.0,80.14624
47.104166666666664,35.229166666666664,9.571333,969.51086,40.888,472.0,78.7828
47.229166666666664,31.8125,24.230833,905.8286,38.260002,200.0,98.87879
44.479166666666664,36.729166666666664,16.927334,1018.1788,39.928,761.0,94.22042
39.604166666666664,33.6875,18.257,845.3796,36.704,120.0,75.26562
48.479166666666664,33.645833333333336,10.8725,896.2178,38.804,361.0,80.393364
42.5625,30.3125,23.0975,935.1449,39.484,82.0,82.34395
47.5625,34.395833333333336,14.1265,902.965,40.944,431.0,81.08709
43.729166666666664,34.979166666666664,24.272167,875.40125,37.168003,239.0,92.152916
41.854166666666664,37.604166666666664,17.728834,979.0594,38.088,654.0,77.95597
42.395833333333336,32.229166666666664,22.098167,928.31775,39.808,71.0,80.72371
42.854166666666664,30.104166666666668,23.293833,933.2227,39.371998,89.0,84.38736
46.604166666666664,30.104166666666668,24.677666,870.2561,37.947998,96.0,90.39134
46.02083333333333,29.1875,25.021667,882.73267,38.0,170.0,84.10069
40.395833333333336,35.729166666666664,19.376667,963.6142,38.795998,218.0,81.73576
46.229166666666664,33.020833333333336,23.538666,934.0922,39.316,247.0,96.894485
39.5625,33.9375,18.285,857.418,36.788002,122.0,74.02744
46.104166666666664,31.854166666666668,24.4785,919.2896,38.808002,139.0,104.30449
42.6875,31.979166666666668,22.605,936.4449,39.924,69.0,82.87754
48.979166666666664,35.645833333333336,7.6053333,972.1076,40.312,296.0,75.389786
45.270833333333336,30.854166666666668,24.603834,912.12573,37.648,101.0,96.31873
41.9375,32.020833333333336,22.048666,916.1848,39.455997,70.0,79.62652
47.39583333333333,35.9375,11.0365,981.9994,41.899998,395.0,74.466965
42.520833333333336,33.229166666666664,21.819,969.0189,40.944,102.0,81.10295
48.8125,30.145833333333336,25.472,846.2307,35.344,179.0,105.62241
47.39583333333333,37.8125,8.6315,934.1218,38.456,270.0,62.263172
45.52083333333333,35.3125,17.501833,991.27563,39.408,794.0,95.08813
44.229166666666664,29.229166666666668,24.1725,927.9531,38.996002,127.0,82.597496
47.02083333333333,31.479166666666668,23.883167,878.73517,37.044,156.0,97.74831
45.52083333333333,29.395833333333336,25.060667,904.5634,38.312,146.0,85.3042
45.229166666666664,37.145833333333336,8.789,961.33167,37.572,476.0,74.72066
42.0625,37.104166666666664,19.2875,969.80896,39.072002,565.0,84.9913
44.645833333333336,32.229166666666664,23.7415,942.1911,39.772,100.0,86.3612
44.895833333333336,34.5625,23.213167,952.60376,39.604004,276.0,98.76127
48.6875,31.3125,25.363,937.3401,38.672,263.0,105.443146
43.854166666666664,35.145833333333336,23.928,896.7629,38.0,252.0,92.20155
48.5625,32.104166666666664,24.167833,917.65076,38.724,370.0,107.21567
43.770833333333336,33.854166666666664,23.360167,925.9251,39.851997,149.0,84.29333
47.729166666666664,28.9375,25.634666,913.3017,39.528,113.0,87.55192
47.64583333333333,29.354166666666668,25.892834,921.9178,39.444,108.0,89.23921
41.479166666666664,36.729166666666664,20.074,980.8849,39.600002,391.0,84.588425
39.270833333333336,33.270833333333336,17.956,818.58496,36.08,110.0,74.77214
47.89583333333333,36.270833333333336,11.624333,947.8786,40.508003,323.0,71.551506
40.5625,33.729166666666664,19.615,891.01196,37.544,124.0,78.319885
46.52083333333333,29.895833333333336,24.575666,861.8625,37.3,112.0,89.491356
45.270833333333336,34.895833333333336,19.852667,971.992,39.16,541.0,96.6709
42.354166666666664,37.9375,12.428,944.54877,36.688,852.0,70.54681
41.395833333333336,31.645833333333336,21.756666,921.42725,39.18,80.0,75.10089
44.4375,32.020833333333336,23.917168,953.4254,39.072002,78.0,83.07232
45.229166666666664,34.770833333333336,21.682333,960.8015,38.98,420.0,97.97329
44.270833333333336,35.3125,22.661667,949.00214,38.676,294.0,95.01209
39.645833333333336,34.270833333333336,18.909834,880.944,37.084,120.0,75.26562
46.9375,35.229166666666664,12.562166,969.9712,42.02,515.0,80.765396
40.479166666666664,35.895833333333336,19.030333,961.02167,38.948,244.0,81.296425
41.895833333333336,34.3125,21.4985,993.25635,39.559998,157.0,82.66561
40.395833333333336,37.854166666666664,15.742333,1031.0342,42.192,546.0,75.75323
40.854166666666664,34.604166666666664,20.665167,919.3855,37.260002,132.0,83.40906
39.5625,37.020833333333336,17.9165,979.5494,39.992,431.0,80.83992
45.354166666666664,32.0625,24.117167,924.61444,39.124,125.0,90.447784
40.5625,32.854166666666664,19.348,863.2591,37.76,112.0,75.22552
43.854166666666664,35.270833333333336,23.274334,895.1375,37.227997,271.0,89.99464
47.8125,34.9375,9.311334,953.38275,41.463997,385.0,76.94956
41.104166666666664,35.4375,20.755167,970.59827,38.64,202.0,85.338
46.1875,33.145833333333336,23.120333,936.98157,39.239998,270.0,96.1072
40.895833333333336,32.604166666666664,20.0015,886.46027,38.332,106.0,76.08091
40.229166666666664,37.6875,15.523167,1037.6833,41.812,569.0,76.165596
43.6875,34.520833333333336,24.544834,877.6523,37.396,182.0,89.78601
40.354166666666664,35.645833333333336,19.469833,966.4184,38.808002,204.0,81.71836
39.854166666666664,35.729166666666664,19.147,952.74756,38.472,196.0,81.564514
46.3125,33.8125,16.390833,907.0062,36.904,486.0,87.40471
40.604166666666664,33.645833333333336,19.442,890.38336,37.704,125.0,77.3998
42.9375,34.604166666666664,23.9295,922.7434,38.748,170.0,86.919975
49.354166666666664,32.604166666666664,13.8965,918.11993,38.984,347.0,89.060646
41.9375,34.395833333333336,21.7545,992.231,39.152,153.0,83.506905
47.229166666666664,36.229166666666664,9.052834,977.55347,40.368,392.0,72.89295
41.5625,36.770833333333336,20.112,985.4237,39.732,405.0,85.38505
46.729166666666664,34.3125,14.227,899.08984,40.339996,524.0,85.001396
43.5625,35.604166666666664,22.1355,951.71295,39.351997,338.0,89.928604
41.895833333333336,33.645833333333336,20.5565,979.2887,40.239998,123.0,79.15377
42.5625,37.5625,14.602333,974.73926,38.244,771.0,77.0677
46.89583333333333,36.854166666666664,5.6288333,959.27594,37.716,391.0,71.85162
45.1875,32.604166666666664,23.699,937.4979,39.916,144.0,93.46593
43.604166666666664,36.395833333333336,20.034,1012.2602,40.696,592.0,94.43912
46.27083333333333,29.395833333333336,24.9745,860.527,37.635998,146.0,86.524925
43.395833333333336,35.729166666666664,21.801,964.4133,39.079998,353.0,90.94285
44.895833333333336,36.770833333333336,5.374167,968.1913,37.204002,646.0,78.04198
46.229166666666664,35.645833333333336,11.659,963.90466,39.656,758.0,87.049385
48.979166666666664,34.0625,10.3,913.1339,40.012,292.0,77.41332
48.8125,32.604166666666664,20.2775,925.76013,39.288002,418.0,96.09843
47.02083333333333,31.020833333333336,23.781334,846.1909,35.531998,119.0,97.21531
40.1875,35.0625,19.913,969.49744,38.915997,142.0,80.07648
43.770833333333336,36.979166666666664,14.5775,997.5706,37.996002,847.0,89.06524
48.3125,36.395833333333336,10.816667,917.47577,39.608,303.0,70.30282
40.520833333333336,32.854166666666664,19.2575,860.2385,37.62,116.0,75.35428
46.4375,35.895833333333336,9.295667,977.80634,40.064,587.0,79.90767
49.1875,30.395833333333336,24.7375,851.1119,33.6,240.0,111.195595
45.729166666666664,28.6875,25.174833,924.2266,38.808,207.0,80.7723
42.0625,34.354166666666664,21.650167,980.83514,38.008,153.0,80.755264
46.02083333333333,37.6875,9.688167,995.84406,38.072,301.0,65.969604
47.604166666666664,31.395833333333336,23.661333,858.31226,36.38,190.0,100.80992
43.1875,35.354166666666664,23.29,911.09753,37.612,284.0,89.97864
43.8125,33.8125,23.309668,930.13245,39.924,144.0,85.09084
44.5625,32.270833333333336,23.754667,946.9703,39.844,99.0,87.60032
44.4375,31.354166666666668,24.0775,951.41315,39.108,83.0,89.23074
45.145833333333336,37.770833333333336,11.316333,911.4929,37.408,321.0,66.59136
46.354166666666664,35.229166666666664,12.4865,971.69934,38.932,718.0,87.593834
48.77083333333333,33.895833333333336,14.596666,860.43414,38.6,344.0,80.85204
41.3125,35.604166666666664,20.838333,977.9003,38.596004,231.0,84.990585
42.604166666666664,36.770833333333336,20.119667,968.67316,37.328003,667.0,91.84873
45.979166666666664,32.104166666666664,24.561832,932.6715,39.628,137.0,92.62276
47.3125,32.104166666666664,24.300833,920.0669,39.191998,242.0,100.398544
44.520833333333336,34.145833333333336,23.499166,932.39795,39.56,204.0,95.34626
45.0625,34.604166666666664,22.894667,954.2115,39.396,314.0,98.719124
42.645833333333336,37.354166666666664,13.811167,966.73126,36.491997,797.0,78.046036
48.854166666666664,35.4375,10.176,978.5338,42.440002,305.0,73.23382
45.395833333333336,35.1875,16.85,977.36926,38.552002,757.0,95.404495
46.979166666666664,29.0625,25.358833,854.8143,37.98,153.0,85.55472
42.479166666666664,32.6875,21.7485,946.9015,40.255997,86.0,80.35173
46.729166666666664,32.729166666666664,23.973333,935.977,39.924,254.0,96.10059
45.89583333333333,29.6875,24.836,881.69727,37.728,117.0,88.88247
40.729166666666664,34.3125,20.304167,921.7415,38.012,133.0,81.50461
43.020833333333336,36.6875,19.893667,989.14246,39.435997,757.0,92.11079
42.854166666666664,33.645833333333336,22.768,964.88684,40.848,116.0,82.34619
44.8125,30.020833333333336,24.136833,920.979,38.3,105.0,87.69899
39.395833333333336,32.895833333333336,18.128666,823.30786,36.34,119.0,75.88625
46.0625,32.5625,24.261168,938.7547,39.676003,167.0,94.352234
41.8125,37.145833333333336,18.772167,970.6267,38.72,568.0,82.2082
48.9375,35.854166666666664,11.228333,945.59607,40.596,293.0,73.86323
40.8125,36.895833333333336,18.357166,957.3892,40.376003,393.0,80.30495
42.354166666666664,30.604166666666668,23.248167,937.429,39.628002,76.0,82.91279
48.729166666666664,34.145833333333336,10.6865,885.9789,39.412,296.0,77.87484
45.3125,33.104166666666664,23.618,938.26624,40.255997,179.0,96.68263
45.229166666666664,33.3125,23.408833,937.6786,39.872,196.0,97.66987
48.229166666666664,35.979166666666664,12.046667,950.66754,41.351997,320.0,73.143906
45.9375,31.854166666666668,24.507166,920.78973,39.059998,133.0,99.90158
47.729166666666664,31.3125,24.184,896.7488,39.3,190.0,100.80992
48.229166666666664,36.3125,10.642,935.034,39.76,302.0,71.10248
47.39583333333333,34.895833333333336,12.046667,944.2538,42.448,437.0,78.595085
42.104166666666664,32.8125,21.429167,943.2964,40.204002,89.0,77.738396
44.979166666666664,31.229166666666668,24.935999,924.05475,38.028,102.0,95.05528
47.77083333333333,30.4375,24.7855,894.821,37.871998,140.0,93.613754
47.854166666666664,36.1875,12.005,953.08875,41.132,333.0,73.08299
47.02083333333333,37.145833333333336,9.516334,952.21,38.592,311.0,66.20282
41.1875,32.229166666666664,20.812166,906.20325,38.732,92.0,75.79594
46.479166666666664,33.8125,16.353834,920.65247,37.728,483.0,87.02214
48.0625,30.479166666666668,24.882166,901.6733,38.164,164.0,96.35058
41.1875,33.270833333333336,20.209167,916.6679,38.988,113.0,77.609375
44.729166666666664,34.229166666666664,23.495832,938.54065,39.699997,221.0,98.0254
40.520833333333336,32.270833333333336,19.677,878.7694,38.1,104.0,75.676605
46.354166666666664,36.145833333333336,10.374833,963.21924,40.416,542.0,77.8296
45.4375,34.895833333333336,20.375668,970.79517,38.856,545.0,96.25324
40.770833333333336,36.479166666666664,18.283667,945.4732,39.019997,303.0,79.34799
43.8125,30.1875,23.548334,939.9816,39.163998,95.0,90.66515
40.854166666666664,34.9375,20.6415,961.50037,39.024002,152.0,84.08607
41.270833333333336,37.770833333333336,15.710167,1007.1638,40.324,719.0,76.006
49.4375,32.270833333333336,19.413834,919.8643,38.556,384.0,97.34775
43.270833333333336,36.854166666666664,18.0845,988.1426,38.988,797.0,93.34796
43.0625,30.1875,23.475834,934.4467,39.3,88.0,86.12887
45.64583333333333,30.604166666666668,24.515667,895.32263,37.059998,95.0,96.64736
43.895833333333336,35.395833333333336,22.513,912.19073,37.604,300.0,89.43671
45.9375,29.854166666666668,24.615166,879.2671,37.584,109.0,90.0499
47.02083333333333,33.895833333333336,15.382334,906.2499,39.66,469.0,84.552414
40.9375,32.3125,20.5005,894.44324,38.348003,97.0,75.760445
40.479166666666664,34.145833333333336,19.758667,907.87555,38.143997,123.0,78.515976
41.729166666666664,33.770833333333336,20.639334,972.7328,39.712,131.0,81.78802
43.9375,31.3125,23.551,960.1376,39.504,76.0,88.43748
46.9375,36.4375,9.919499,964.4857,39.932,401.0,73.13369
43.895833333333336,32.270833333333336,23.651001,985.8572,40.628,82.0,88.08146
45.145833333333336,32.479166666666664,23.779833,939.5794,40.024002,135.0,92.69237
40.9375,37.3125,15.6119995,988.6258,39.244003,699.0,78.572525
45.979166666666664,32.4375,24.318666,938.12006,39.684002,152.0,94.2911
42.354166666666664,32.1875,22.232834,923.1766,39.876,69.0,81.90889
43.604166666666664,32.770833333333336,22.984167,940.7477,38.019997,97.0,84.034805
39.645833333333336,36.645833333333336,18.468334,963.4158,40.387997,339.0,80.16645
43.020833333333336,33.9375,23.179,950.4993,40.476,130.0,83.09968
44.645833333333336,28.8125,24.805834,931.02057,39.412003,154.0,82.92989
40.520833333333336,32.9375,19.317667,861.0825,37.552,114.0,76.24457
40.229166666666664,34.5625,19.853167,924.46704,37.808,126.0,79.04743
46.0625,34.104166666666664,15.642333,900.7783,37.048,536.0,89.117424
39.5625,33.104166666666664,18.202833,827.5766,36.648,120.0,77.430565
49.4375,30.520833333333336,25.897667,927.1438,38.275997,267.0,117.49138
48.229166666666664,33.145833333333336,14.865334,886.7789,38.696,414.0,85.01342
40.645833333333336,37.4375,14.676167,1002.4902,39.920002,733.0,77.648636
46.02083333333333,31.3125,24.377834,899.49634,38.064003,118.0,94.859825
43.3125,37.395833333333336,5.606167,947.4667,35.684,736.0,67.32526
46.5625,37.3125,10.6435,984.097,39.024002,319.0,68.7773
45.52083333333333,31.8125,24.482666,924.25793,38.908,124.0,93.63177
48.27083333333333,33.604166666666664,16.725334,880.5208,39.328,428.0,85.39562
42.979166666666664,36.354166666666664,20.799168,997.42834,39.296,518.0,91.614006
46.5625,30.1875,24.613834,872.2901,37.984,94.0,90.28688
46.104166666666664,29.0625,25.198,883.5506,38.384,175.0,83.77883
47.229166666666664,30.8125,24.266,876.4242,38.884,117.0,97.08875
42.270833333333336,36.3125,21.273167,999.2643,38.975998,392.0,91.72867
45.8125,30.1875,24.509832,886.8682,37.756,98.0,90.6575
48.229166666666664,32.395833333333336,23.749834,935.6206,39.868,387.0,104.10554
46.02083333333333,32.020833333333336,24.598833,930.8066,39.624,137.0,95.69135
46.02083333333333,31.104166666666668,24.3665,884.386,37.204,102.0,92.25893
45.4375,37.895833333333336,11.152833,955.96277,36.927998,276.0,61.954693
46.8125,33.895833333333336,15.276167,891.4169,38.768,482.0,85.88237
43.854166666666664,30.354166666666668,23.525167,942.46,39.036,94.0,92.58051
45.89583333333333,29.104166666666668,25.082666,894.3986,38.336002,167.0,83.460976
46.27083333333333,29.1875,25.1525,862.0376,37.74,167.0,84.82059
47.604166666666664,35.479166666666664,10.9035,976.44183,42.472,392.0,75.63616
47.729166666666664,37.854166666666664,7.7875,902.9016,37.288002,282.0,58.388233
47.9375,33.729166666666664,12.227833,888.0043,38.42,402.0,81.3615
42.729166666666664,30.5625,23.396833,942.3112,39.78,78.0,84.80518
39.520833333333336,33.145833333333336,18.158167,827.0808,36.664,119.0,77.57632
42.3125,36.270833333333336,21.351166,998.33093,39.164,387.0,92.23664
45.0625,34.4375,22.854166,934.2957,38.663998,278.0,97.79141
47.9375,28.8125,25.582167,896.7996,38.892,106.0,89.48242
48.354166666666664,33.479166666666664,18.612333,884.2789,39.396,454.0,87.600685
45.1875,31.520833333333336,24.6295,908.7248,36.956,113.0,91.02375
42.1875,36.770833333333336,20.2175,969.67236,38.744,446.0,90.58239
44.520833333333336,36.479166666666664,13.907,1000.609,38.576,755.0,90.267296
47.0625,37.270833333333336,10.041333,958.79114,38.692,296.0,65.26481
44.645833333333336,34.604166666666664,23.425,947.8874,39.492,248.0,99.249466
46.4375,36.604166666666664,11.147333,960.16504,39.792,427.0,74.00592
39.854166666666664,34.270833333333336,19.035667,889.3699,37.468,118.0,77.11305
41.770833333333336,33.395833333333336,20.786833,959.53754,39.800003,113.0,77.609375
47.5625,29.479166666666668,25.241167,911.3711,39.56,111.0,87.57052
48.77083333333333,31.1875,25.431168,941.7735,39.672,250.0,107.69485
42.5625,37.604166666666664,14.782667,966.6225,38.244,777.0,76.86288
43.479166666666664,29.645833333333336,23.538166,933.2577,39.388,105.0,83.79556
46.6875,35.9375,8.506666,969.5759,39.587997,507.0,77.93672
42.4375,32.520833333333336,21.829666,939.8398,40.068,79.0,77.39544
40.979166666666664,33.1875,19.869667,895.6105,38.688,115.0,77.33754
41.479166666666664,33.0625,20.563833,927.8306,39.192,107.0,76.611916
46.3125,34.145833333333336,13.752833,888.01685,37.711998,546.0,87.42982
48.979166666666664,31.1875,25.695166,950.36194,39.808,276.0,109.72302
47.354166666666664,37.104166666666664,11.223166,938.3402,38.892,295.0,64.53996
40.145833333333336,37.5625,15.318,1028.4828,41.044003,603.0,76.52673
43.020833333333336,32.395833333333336,22.591167,956.27716,40.484,77.0,82.408455
41.4375,36.104166666666664,20.350666,988.09564,38.544,329.0,85.79924
48.0625,31.645833333333336,24.162167,899.5749,37.972,258.0,103.600716
40.0625,33.770833333333336,19.056334,868.88513,37.219997,122.0,77.11457
43.1875,31.895833333333336,23.038334,958.23303,40.296,68.0,85.41343
40.520833333333336,32.979166666666664,19.385166,861.2164,37.5,111.0,75.58472
43.5625,33.145833333333336,22.938,958.2345,41.236,114.0,85.81043
41.270833333333336,35.895833333333336,20.130333,982.13135,38.568,293.0,83.822815
42.479166666666664,32.895833333333336,21.625,956.293,40.456,92.0,79.23111
48.02083333333333,33.645833333333336,13.1865,870.6341,38.64,421.0,81.379265
41.645833333333336,34.395833333333336,21.1575,975.64575,38.972,158.0,82.9133
40.4375,35.270833333333336,20.038834,966.71985,38.843998,163.0,82.56878
40.770833333333336,37.8125,16.141666,978.7466,40.216,565.0,77.27587
43.6875,35.020833333333336,23.991,880.8393,37.188,250.0,92.180695
42.895833333333336,32.395833333333336,22.508,951.57056,40.48,78.0,83.46051
39.354166666666664,34.0625,18.068333,859.22943,36.548,116.0,74.28638
41.0625,35.0625,21.086,960.24207,38.780003,161.0,84.09741
42.354166666666664,37.0625,19.830166,966.5173,38.76,602.0,87.82672
40.354166666666664,37.5625,15.0175,1028.226,41.044,672.0,76.395035
43.854166666666664,32.229166666666664,23.596,984.4577,40.608,80.0,87.99772
46.604166666666664,36.104166666666664,10.117,964.5797,40.164,496.0,77.13394
46.02083333333333,32.1875,24.554,934.9611,39.544,140.0,89.52996
44.895833333333336,35.020833333333336,21.250834,981.4165,39.508,430.0,98.08544
44.270833333333336,31.9375,24.4125,971.9271,40.32,63.0,81.33433
40.895833333333336,34.104166666666664,20.058666,922.5643,38.52,133.0,79.96216
44.895833333333336,30.645833333333336,24.372667,923.99396,37.912,96.0,91.869225
42.354166666666664,35.479166666666664,22.318666,967.9098,38.296,261.0,88.82889
45.729166666666664,33.520833333333336,23.23,926.0586,39.188,266.0,98.961586
41.104166666666664,33.979166666666664,20.061832,930.2715,38.804,134.0,79.829056
46.104166666666664,29.354166666666668,24.9735,872.1005,37.8,156.0,85.551796
48.479166666666664,30.354166666666668,25.555,903.0707,37.68,174.0,101.76756
44.9375,30.270833333333336,24.275167,918.8807,37.88,98.0,90.776764
45.0625,33.229166666666664,23.356333,942.43823,40.232002,187.0,96.976524
43.354166666666664,36.3125,20.403166,1003.97736,40.516003,510.0,91.72123
47.77083333333333,32.3125,23.9965,931.2855,39.944,321.0,101.77607
44.770833333333336,36.770833333333336,9.938499,1004.03735,38.524,632.0,80.85299
41.4375,32.770833333333336,20.682667,916.0328,39.072,96.0,76.247574
45.229166666666664,31.645833333333336,24.548334,917.2865,38.068,114.0,89.84744
45.395833333333336,36.270833333333336,12.157667,981.2457,38.440002,689.0,87.135735
43.0625,30.854166666666668,23.214,941.98926,39.672,79.0,91.26715
42.979166666666664,36.6875,19.981667,982.35974,38.788,762.0,91.70191
40.229166666666664,32.604166666666664,18.948,853.79456,38.068,121.0,76.021355
47.4375,28.5625,25.444334,890.1962,38.436,140.0,83.97845
43.020833333333336,35.1875,23.996334,906.5718,37.584,236.0,89.6102
46.854166666666664,30.8125,24.035168,855.0151,36.808,95.0,95.456955
45.9375,33.270833333333336,23.438168,932.9266,39.664,255.0,98.58114
48.4375,36.479166666666664,9.246167,928.3624,39.16,297.0,69.21551
46.52083333333333,33.604166666666664,13.7,916.71576,37.579998,495.0,84.11908
43.645833333333336,37.895833333333336,7.0699997,983.0545,37.975998,568.0,59.73892
45.270833333333336,36.895833333333336,10.712,976.98944,38.14,467.0,76.40234
43.854166666666664,30.895833333333336,23.5275,950.15497,39.2,84.0,96.971176
43.3125,33.020833333333336,22.952333,964.372,41.823997,109.0,87.43019
44.979166666666664,31.6875,24.319166,918.0703,38.144,103.0,86.44434
45.5625,34.3125,22.097334,934.7165,38.964,371.0,95.59948
47.479166666666664,29.770833333333336,25.068167,901.13074,39.124,108.0,88.83079
48.02083333333333,34.854166666666664,10.805,931.26245,41.412003,368.0,76.19905
39.3125,34.354166666666664,18.5535,873.2831,36.736,120.0,75.06571
43.6875,29.270833333333336,23.484,929.469,39.248,121.0,83.80064
42.604166666666664,34.354166666666664,22.376,984.23706,40.239998,159.0,82.76943
43.4375,29.645833333333336,23.500166,932.2011,39.416,104.0,83.03246
48.27083333333333,33.1875,15.9748335,886.9656,39.087997,426.0,85.75506
45.9375,33.8125,19.254833,916.9629,37.528,413.0,93.33158
43.645833333333336,36.645833333333336,19.314333,1000.3892,40.884,718.0,95.24924
47.3125,37.104166666666664,10.992666,941.1924,38.832,299.0,64.700645
48.1875,31.3125,24.618668,917.17126,38.848,227.0,103.39724
47.5625,37.8125,8.6885,899.7247,37.856,266.0,61.48296
46.64583333333333,37.8125,7.83,986.74176,38.304,297.0,63.470337
40.729166666666664,31.645833333333336,20.802,906.5745,38.76,92.0,75.4759
45.145833333333336,33.354166666666664,23.326334,939.2226,40.02,195.0,97.385185
42.645833333333336,30.604166666666668,23.3545,941.47406,39.780003,78.0,84.80518
39.645833333333336,37.479166666666664,15.884334,981.01184,39.14,594.0,75.316185
42.020833333333336,37.895833333333336,16.737833,989.18604,38.516,692.0,73.643585
40.520833333333336,37.395833333333336,14.672667,1005.153,40.503998,746.0,77.58235
41.104166666666664,32.5625,20.472334,898.85846,38.315998,98.0,75.269615
44.229166666666664,35.6875,21.450333,1001.2172,40.552,417.0,90.72699
42.520833333333336,30.895833333333336,23.139833,938.37317,39.524002,75.0,84.028915
45.3125,32.8125,23.576,938.75494,39.544,159.0,95.00818
46.1875,35.854166666666664,9.4071665,991.12305,39.98,662.0,83.05502
45.8125,36.479166666666664,12.093333,967.8345,39.668,555.0,79.80892
46.6875,37.020833333333336,9.1235,971.2907,39.204002,361.0,71.1548
43.979166666666664,35.354166666666664,22.6445,914.4392,37.607998,292.0,89.92463
46.39583333333333,30.104166666666668,24.650667,869.0812,37.356,97.0,90.10888
46.27083333333333,28.604166666666668,25.269833,904.49384,38.524,218.0,80.02234
45.5625,36.479166666666664,10.794333,980.6469,38.78,579.0,82.14116
47.4375,33.5625,16.091833,899.6974,39.872,449.0,84.56289
48.02083333333333,30.020833333333336,25.320417,886.3999,38.335,125.0,93.85376
43.354166666666664,32.020833333333336,22.930666,964.8755,40.456,72.0,84.625114
42.645833333333336,37.0625,18.103666,974.11084,38.24,737.0,87.22841
44.0625,36.0625,19.894167,1011.7114,40.724,548.0,93.99453
42.1875,37.479166666666664,14.559167,953.6373,36.112,815.0,76.93174
46.0625,34.354166666666664,13.3405,917.7505,37.184002,616.0,88.03519
42.6875,29.979166666666668,23.361668,929.0514,39.636,89.0,83.92991
43.8125,31.270833333333336,23.425833,957.89764,39.559998,80.0,89.39275
40.020833333333336,33.6875,18.897,862.3786,37.216,121.0,77.1807
48.39583333333333,36.395833333333336,10.535334,920.0255,39.596,299.0,69.90903
46.39583333333333,34.479166666666664,14.003834,927.00183,39.556,597.0,87.530624
47.39583333333333,36.895833333333336,10.5565,927.1697,38.52,308.0,66.167404
41.6875,33.729166666666664,20.518833,967.63715,39.664,128.0,81.34309
41.6875,35.229166666666664,21.165333,982.03143,38.648,217.0,86.176094
45.4375,34.520833333333336,21.998667,946.0987,38.768,394.0,95.74823
46.8125,35.229166666666664,10.0995,972.73914,40.672,541.0,80.92638
46.4375,29.229166666666668,25.149,845.3015,37.544003,162.0,85.45756
44.8125,32.104166666666664,23.579834,920.828,38.684,105.0,86.158844
46.39583333333333,32.645833333333336,24.027832,938.7821,39.972,214.0,96.796524
43.8125,29.645833333333336,23.676834,934.9375,39.372,106.0,82.71212
44.3125,34.604166666666664,23.9975,926.23615,39.136,214.0,97.5351
42.145833333333336,32.9375,21.376,949.80817,40.399998,94.0,76.90744
45.604166666666664,33.395833333333336,23.4405,930.1812,39.532,232.0,99.589935
43.104166666666664,33.895833333333336,22.924168,904.33594,36.796,130.0,81.84012
41.395833333333336,36.479166666666664,19.724833,989.1783,38.948,384.0,83.91856
39.604166666666664,33.479166666666664,18.157833,837.7352,36.86,121.0,76.215805
42.8125,37.270833333333336,15.578667,972.81696,37.359997,774.0,82.65452
46.4375,33.604166666666664,15.846,927.1647,37.408,482.0,84.86446
42.729166666666664,32.9375,22.026333,959.2201,40.744,92.0,81.63868
43.104166666666664,35.3125,23.5955,909.3339,37.868,264.0,90.1775
42.5625,37.645833333333336,13.7715,959.66016,37.628,803.0,75.19945
43.4375,35.729166666666664,21.676332,967.66766,39.416,359.0,90.78063
42.354166666666664,30.229166666666668,23.162666,931.8789,39.548,81.0,81.63035
48.6875,31.729166666666668,24.679,917.05457,38.044,319.0,106.92722
48.3125,29.770833333333336,25.869,859.1874,38.236,125.0,98.14046
45.64583333333333,30.770833333333336,24.798834,898.98,37.252,97.0,95.91355
45.64583333333333,30.645833333333336,24.557167,897.2127,37.124,95.0,95.69622
43.354166666666664,29.979166666666668,23.366667,935.2255,39.092,96.0,85.01667
41.729166666666664,34.3125,21.066833,981.7567,39.608,155.0,82.52579
44.4375,29.979166666666668,24.0135,930.5885,38.868,105.0,85.60207
40.9375,35.9375,19.753166,970.3562,38.975998,260.0,81.26913
44.895833333333336,34.395833333333336,23.154167,929.3382,38.579998,247.0,96.894485
49.479166666666664,30.479166666666668,25.912333,923.5722,38.056,261.0,117.963196
48.854166666666664,35.479166666666664,9.914166,969.36523,42.184002,306.0,72.88003
48.39583333333333,36.104166666666664,9.156,957.75757,40.283997,304.0,73.33832
47.77083333333333,31.4375,23.496334,847.2243,35.04,208.0,101.86835
48.64583333333333,32.729166666666664,22.9055,940.5759,39.484,432.0,99.82387
44.229166666666664,33.729166666666664,22.895834,909.9015,39.184,156.0,87.746475
46.39583333333333,29.354166666666668,24.996,849.19165,37.516,153.0,86.671486
48.104166666666664,36.270833333333336,11.684167,932.5598,40.028,312.0,72.11206
46.229166666666664,35.3125,9.644834,973.2958,38.468,677.0,85.51848
47.27083333333333,30.520833333333336,24.352,889.17206,38.1,112.0,97.50458
45.270833333333336,34.6875,22.3065,958.70807,39.204002,383.0,96.73464
47.229166666666664,29.5625,24.992167,883.00836,38.976,114.0,86.19395
45.4375,32.3125,23.937834,921.034,38.724,128.0,92.63009
47.27083333333333,32.9375,17.734333,917.12646,38.396,406.0,87.58084
41.645833333333336,35.145833333333336,21.156334,979.9619,38.672,209.0,85.711784
41.3125,33.729166666666664,20.041834,941.4415,39.04,129.0,80.912125
42.229166666666664,37.020833333333336,19.586332,969.0933,39.184,547.0,87.30202
47.02083333333333,29.9375,24.837166,876.98474,38.38,113.0,91.665794
47.729166666666664,37.9375,8.122167,889.3433,37.316,280.0,56.302414
46.39583333333333,29.895833333333336,24.5825,864.9158,37.3,107.0,90.03619
49.14583333333333,32.104166666666664,24.839666,955.38806,40.079998,421.0,107.09644
48.354166666666664,33.354166666666664,15.944667,891.7187,39.504,415.0,85.04223
47.0625,32.9375,21.808334,935.74225,39.9,344.0,92.4842
41.9375,35.770833333333336,21.716333,991.10706,38.34,294.0,88.86879
44.3125,32.604166666666664,23.3715,952.23773,39.348,111.0,92.472626
47.6875,35.895833333333336,11.024333,976.83575,41.548,363.0,73.20209
48.27083333333333,35.104166666666664,9.586833,960.1662,42.056,335.0,74.76111
47.77083333333333,35.604166666666664,11.475667,977.5282,42.468002,374.0,75.18425
42.979166666666664,32.270833333333336,22.706667,952.3154,40.432,74.0,82.62139
47.02083333333333,36.104166666666664,8.777166,978.4441,40.208,422.0,74.79699
47.02083333333333,31.645833333333336,24.082167,900.7539,38.252,174.0,97.86289
43.979166666666664,29.8125,23.554167,935.3985,39.168,109.0,84.09398
47.52083333333333,35.020833333333336,10.222834,956.0523,41.952,416.0,77.90461
44.8125,31.270833333333336,24.533333,931.3132,38.18,95.0,92.661
40.3125,33.979166666666664,19.3785,890.2222,37.668003,122.0,77.49182
49.479166666666664,32.0625,23.127333,949.34076,39.691998,413.0,104.99622
46.0625,36.645833333333336,12.294167,947.1211,39.22,464.0,75.884476
44.854166666666664,33.9375,23.06,914.54474,38.579998,207.0,95.51251
45.979166666666664,30.395833333333336,24.502333,880.80316,37.3,90.0,91.88529
44.1875,28.854166666666668,24.2665,928.91125,39.444,144.0,83.88111
47.0625,35.895833333333336,10.159667,972.68274,41.288,444.0,76.262146
40.520833333333336,36.020833333333336,18.9315,954.0626,39.076,249.0,81.19089
40.104166666666664,36.645833333333336,18.207167,947.8621,40.256,340.0,78.82346
46.52083333333333,32.020833333333336,24.385334,928.32733,39.708,174.0,97.97882
43.5625,35.5625,22.363667,945.2499,39.16,329.0,89.950134
43.479166666666664,29.4375,23.441166,930.47266,39.44,110.0,82.7031
48.89583333333333,35.4375,9.884167,979.54425,42.196,298.0,73.49898
42.5625,32.895833333333336,21.7705,956.0802,40.432,93.0,81.7072
43.645833333333336,34.729166666666664,24.866667,845.3793,35.988003,191.0,89.98429
44.1875,35.270833333333336,22.842833,931.6525,38.284,276.0,94.01268
42.3125,36.3125,21.2655,998.6011,39.112,393.0,92.00487
46.39583333333333,33.020833333333336,23.430834,934.3946,39.396,265.0,94.614395
45.52083333333333,34.6875,21.889668,950.5671,39.260002,446.0,95.51865
47.64583333333333,36.5625,11.456333,931.37775,39.652,324.0,70.1013
48.604166666666664,30.1875,25.690832,875.56354,37.628,169.0,103.38593
48.229166666666664,30.4375,25.233334,909.80457,38.248,170.0,97.38431
44.395833333333336,37.0625,15.076,1013.46735,39.936,685.0,87.13934
42.4375,36.645833333333336,20.5315,986.90155,39.184,470.0,92.661026
42.6875,30.0625,23.294666,929.8059,39.416,88.0,83.66166
47.5625,33.4375,17.433,901.1608,40.084003,450.0,85.80011
41.479166666666664,36.145833333333336,20.354668,990.47754,38.42,342.0,85.310905
40.895833333333336,37.6875,16.225834,1014.62335,41.244,626.0,76.8249
44.645833333333336,32.395833333333336,23.471,933.23846,38.844,110.0,89.545364
48.479166666666664,32.229166666666664,24.001999,929.6446,39.404,382.0,106.56998
43.270833333333336,33.645833333333336,22.846666,948.4312,41.496002,139.0,88.00362
45.4375,31.9375,24.273333,921.8758,38.952003,122.0,91.631226
40.520833333333336,34.9375,20.166666,926.0932,37.288,141.0,80.89707
41.8125,34.4375,21.3965,984.8788,38.988,164.0,82.29887
41.270833333333336,32.854166666666664,20.403166,910.14484,38.708,102.0,76.36939
40.895833333333336,37.979166666666664,15.802166,1006.5686,41.839996,623.0,75.360245
47.5625,33.3125,17.941,907.76074,39.800003,447.0,86.573784
43.3125,37.145833333333336,14.0395,988.62177,38.727997,821.0,82.68287
42.270833333333336,36.729166666666664,20.274,966.14417,38.584003,434.0,91.25533
43.770833333333336,29.729166666666668,23.639833,935.97186,39.304,104.0,83.96457
40.979166666666664,34.479166666666664,20.764,918.83295,37.628,138.0,80.615814
44.479166666666664,36.4375,16.1575,1014.6327,39.440002,835.0,95.15742
40.854166666666664,33.270833333333336,19.777,891.1236,38.052002,115.0,77.54716
46.104166666666664,34.3125,11.725667,926.94574,37.444,602.0,87.12011
48.729166666666664,33.854166666666664,14.731667,842.98627,38.044,349.0,82.10481
48.854166666666664,30.229166666666668,25.740334,870.70233,36.504,187.0,107.39329
44.645833333333336,30.145833333333336,24.060167,926.5321,38.552002,100.0,87.680374
48.39583333333333,34.1875,12.424334,836.4846,38.107998,343.0,79.0313
46.14583333333333,33.520833333333336,20.031,930.4198,38.08,380.0,92.19164
43.854166666666664,33.979166666666664,23.465166,910.03644,39.092,150.0,84.3688
41.354166666666664,35.1875,21.189667,974.13214,38.691998,190.0,85.67023
45.5625,30.604166666666668,24.497667,899.2849,37.260002,97.0,94.99008
41.520833333333336,33.8125,20.187666,958.65314,39.52,132.0,82.11227
42.520833333333336,34.0625,22.3585,1012.3094,40.992,134.0,80.21279
41.770833333333336,32.6875,21.100166,925.8826,39.624,93.0,77.22459
43.479166666666664,33.8125,22.7725,886.8006,36.312,134.0,83.95372
41.4375,34.604166666666664,20.9325,963.11066,39.104,171.0,83.60802
44.729166666666664,37.354166666666664,6.0865,972.76135,37.108,574.0,71.939575
44.020833333333336,36.9375,16.725166,1009.051,39.296,821.0,94.41388
46.9375,32.1875,24.2555,923.1548,39.46,218.0,98.63826
46.354166666666664,29.8125,24.633833,864.18256,37.427998,113.0,88.88154
44.1875,33.1875,22.5925,935.0426,39.988,140.0,86.63525
44.729166666666664,32.895833333333336,23.326166,942.62994,40.32,145.0,93.125206
46.479166666666664,33.729166666666664,15.4285,928.9943,37.584,490.0,85.95813
43.895833333333336,30.229166666666668,23.661,940.1678,39.003998,94.0,90.9298
41.145833333333336,33.979166666666664,20.066334,931.9801,38.868,134.0,80.67086
45.1875,30.520833333333336,24.465,912.2937,37.636,100.0,93.776665
45.8125,28.895833333333336,25.024334,908.0816,38.392,187.0,80.71718
47.604166666666664,32.3125,24.1575,933.72125,39.992,301.0,100.952034
45.5625,33.0625,23.810333,936.19727,39.699997,190.0,97.80546
46.89583333333333,37.270833333333336,10.150666,966.39886,38.812,305.0,66.1493
44.4375,33.9375,23.161833,908.14526,38.519997,178.0,90.88169
47.354166666666664,33.645833333333336,15.8195,902.7672,39.74,447.0,84.35632
46.604166666666664,34.145833333333336,13.7395,892.3473,38.652,527.0,85.74626
47.729166666666664,30.229166666666668,24.834667,903.35065,38.704002,133.0,93.194664
40.520833333333336,31.979166666666668,20.246334,887.50903,38.236,98.0,73.08178
41.645833333333336,37.645833333333336,15.826667,983.44275,38.172,731.0,76.16408
46.64583333333333,33.604166666666664,15.855,937.4336,37.615997,472.0,85.30795
40.979166666666664,34.1875,20.609833,927.13214,38.212,131.0,81.00152
46.0625,31.4375,24.292168,894.7782,37.652,128.0,97.95686
48.4375,31.3125,24.7425,925.6371,38.871998,243.0,105.03763
43.354166666666664,35.979166666666664,21.198833,980.71906,39.152,392.0,90.24775
40.729166666666664,31.895833333333336,20.47,898.19196,38.66,95.0,74.30828
47.64583333333333,32.145833333333336,24.260334,930.38324,39.824,284.0,102.244225
42.520833333333336,31.395833333333336,22.996166,934.2102,39.659996,69.0,84.781654
39.4375,34.354166666666664,18.611166,879.1146,37.044,124.0,75.6538
43.6875,35.229166666666664,23.848,878.1721,37.072,263.0,90.5333
45.0625,36.104166666666664,17.236666,1009.22394,39.332,768.0,96.78867
42.854166666666664,29.8125,23.505167,929.0615,39.591995,93.0,83.575035
45.64583333333333,37.229166666666664,12.5605,932.3179,35.728,357.0,69.25205
48.604166666666664,34.4375,12.2248335,853.7261,39.096,309.0,78.17425
40.520833333333336,34.604166666666664,20.1415,934.8017,37.896,129.0,81.39894
42.229166666666664,37.520833333333336,15.623,959.5801,36.708,767.0,77.80891
40.354166666666664,34.3125,19.657333,911.8358,37.956,127.0,77.781364
43.8125,32.0625,23.7365,977.7914,40.4,75.0,87.06159
40.229166666666664,37.3125,17.0635,989.5928,40.804,505.0,78.15262
48.104166666666664,33.145833333333336,17.647,895.0293,39.151997,444.0,87.28681
48.02083333333333,32.604166666666664,23.525167,944.46906,39.864,385.0,100.510925
40.895833333333336,33.479166666666664,19.911333,901.3425,38.224,119.0,77.772736
43.979166666666664,32.645833333333336,23.869667,974.9485,39.832,97.0,85.850815
42.1875,33.0625,21.230999,958.5279,40.336,100.0,76.628876
47.854166666666664,32.520833333333336,23.748,936.7584,40.068,356.0,100.577255
47.52083333333333,35.270833333333336,10.939834,957.4456,42.452003,410.0,76.54072
44.5625,36.8125,15.9935,1030.2198,40.916,735.0,90.03837
45.354166666666664,30.5625,24.38,906.63306,37.464,101.0,93.729385
43.145833333333336,33.020833333333336,22.586,964.79205,41.228,99.0,85.7617
44.479166666666664,36.645833333333336,16.440834,1014.1069,39.112003,783.0,93.99594
39.895833333333336,33.104166666666664,18.529167,838.4585,37.036,122.0,79.07503
47.5625,34.354166666666664,12.7095,911.7914,40.508,425.0,80.83815
40.229166666666664,33.020833333333336,19.1,842.85455,36.848,116.0,75.460236
44.979166666666664,35.604166666666664,18.6435,1009.6737,39.784,687.0,98.161964
42.0625,33.520833333333336,20.820168,982.12854,40.424,117.0,78.345146
40.520833333333336,35.145833333333336,20.1815,960.2871,38.724,155.0,81.55312
45.229166666666664,35.5625,18.501833,1008.53864,40.136,708.0,96.22154
45.89583333333333,35.895833333333336,12.634334,989.2349,40.476,799.0,90.066795
47.604166666666664,33.4375,17.774834,901.49414,40.1,449.0,86.52154
42.8125,29.9375,23.487,930.1268,39.544,89.0,83.92991
45.354166666666664,35.520833333333336,19.307,1006.91473,40.092,686.0,94.84056
46.77083333333333,37.020833333333336,8.1465,964.10864,38.656,364.0,71.47192
42.520833333333336,30.6875,23.3575,940.76434,39.764,75.0,84.028915
41.270833333333336,32.8125,20.378666,908.6143,38.612,102.0,75.972664
40.145833333333336,32.520833333333336,18.858,853.2568,37.784,118.0,76.00005
41.0625,34.270833333333336,20.7765,933.4099,38.304,140.0,81.860146
44.395833333333336,36.145833333333336,19.062334,1017.3315,40.088,746.0,98.83967
47.229166666666664,32.0625,24.179832,922.9008,39.2,234.0,99.63429
40.395833333333336,35.395833333333336,19.824,971.78265,38.984,172.0,82.88388
44.895833333333336,36.229166666666664,18.798666,1009.5182,39.98,748.0,101.039925
40.979166666666664,31.9375,20.839167,905.32404,38.812,92.0,74.18193
48.39583333333333,30.979166666666668,24.734,907.56085,37.704002,210.0,103.27013
46.89583333333333,37.3125,10.676,976.82715,39.264,297.0,65.97008
48.354166666666664,30.979166666666668,24.657333,905.27734,37.652,211.0,102.24108
44.729166666666664,31.1875,24.281166,934.7535,38.08,94.0,92.58051
43.3125,32.854166666666664,23.021833,964.1949,41.340004,96.0,85.54309
46.104166666666664,28.979166666666668,25.185167,885.85046,38.236,178.0,81.05325
44.479166666666664,29.4375,24.399666,930.09467,39.172,131.0,84.55888
43.5625,35.229166666666664,24.127167,876.4868,37.112003,263.0,91.37073
40.895833333333336,32.520833333333336,20.193666,889.73926,38.108,104.0,75.41905
44.4375,31.3125,24.043833,951.1036,38.996,83.0,89.23074
47.479166666666664,31.6875,24.011333,895.89307,38.028,209.0,100.82757
41.9375,35.895833333333336,21.393667,995.3182,38.359997,322.0,88.62791
42.8125,32.020833333333336,22.701166,943.12054,40.264,69.0,83.11794
41.854166666666664,36.645833333333336,20.494667,992.45,39.084,419.0,87.856224
45.1875,34.520833333333336,22.811333,943.52277,38.984,315.0,96.81557
39.729166666666664,35.770833333333336,19.329666,929.36725,37.668,180.0,81.00926
42.8125,31.8125,22.764666,941.36865,39.9,70.0,82.2721
42.395833333333336,31.6875,22.713,925.3506,39.628,66.0,82.58857
43.0625,34.520833333333336,24.269167,909.84875,38.668,171.0,85.913925
43.604166666666664,36.520833333333336,19.6585,1006.98096,40.739998,646.0,94.778076
47.02083333333333,37.395833333333336,10.881333,974.7174,39.608,285.0,64.419365
39.3125,34.145833333333336,18.0525,861.8166,36.704002,116.0,74.39386
40.3125,36.520833333333336,18.253166,952.9078,40.087997,339.0,79.01834
43.895833333333336,35.104166666666664,23.984,902.29333,38.168,249.0,93.44918
49.3125,32.4375,20.032667,917.0393,38.092,395.0,98.242676
42.4375,34.3125,22.200666,997.4447,39.976,151.0,82.4264
46.27083333333333,29.6875,24.697666,864.1563,37.5,124.0,88.82158
44.4375,32.354166666666664,23.696667,953.8618,39.72,100.0,90.49185
49.4375,30.4375,25.872334,917.4628,37.972,257.0,117.18708
47.0625,33.770833333333336,17.662666,913.8754,39.899998,449.0,86.64249
48.77083333333333,34.395833333333336,11.838333,853.5586,38.496,279.0,78.1851
40.895833333333336,32.895833333333336,20.008,888.82355,38.444,105.0,75.003235
40.604166666666664,35.395833333333336,20.102,963.83856,38.8,184.0,81.780945
42.604166666666664,30.9375,23.232834,939.2817,39.652,72.0,86.146095
42.270833333333336,34.604166666666664,21.761333,987.8367,39.76,179.0,84.39616
47.729166666666664,32.979166666666664,21.13,935.5802,38.8,407.0,93.74198
41.979166666666664,37.645833333333336,16.117,972.97614,37.372,744.0,76.22354
40.229166666666664,31.854166666666668,19.9245,880.2667,37.928,100.0,73.8549
45.354166666666664,29.229166666666668,24.856667,914.1761,38.764,153.0,82.28882
48.77083333333333,33.354166666666664,12.729,915.2136,39.668003,356.0,82.580086
45.5625,32.1875,23.603834,892.1145,35.348,124.0,93.17712
44.729166666666664,31.4375,24.616167,930.7161,38.423996,91.0,90.033226
47.52083333333333,33.729166666666664,16.564667,899.851,39.879997,454.0,84.38293
44.479166666666664,29.145833333333336,24.427166,929.0502,39.079998,132.0,82.57228
45.64583333333333,37.729166666666664,12.14,938.4751,35.351997,282.0,64.24226
40.4375,37.3125,15.0595,998.0196,39.435997,723.0,77.29045
47.6875,37.229166666666664,11.478833,900.41113,37.896,283.0,59.87111
47.604166666666664,29.895833333333336,25.024166,903.34955,39.004,108.0,91.9486
43.145833333333336,37.4375,12.938499,1003.27795,37.676,792.0,77.5754
44.104166666666664,37.354166666666664,9.463333,992.1887,37.072,709.0,72.70518
48.5625,34.854166666666664,11.0095005,916.3298,40.816,313.0,74.92016
44.8125,36.9375,9.238334,1008.1026,38.351997,586.0,78.22968
48.02083333333333,36.395833333333336,10.492667,931.4738,39.576,313.0,69.97622
43.229166666666664,37.1875,15.446167,993.14386,38.644,813.0,85.55247
41.5625,36.8125,20.0015,979.3766,39.504,416.0,84.64853
45.52083333333333,36.1875,15.011,988.5547,39.775997,724.0,90.26708
45.354166666666664,29.6875,24.668333,904.777,37.808,120.0,85.98219
42.854166666666664,36.520833333333336,20.718334,988.48987,38.648,639.0,91.63188
46.4375,31.4375,24.1145,893.89813,37.956,129.0,96.09007
47.77083333333333,35.229166666666664,10.797167,955.38934,42.232002,382.0,74.985214
43.145833333333336,31.4375,23.217001,951.0846,39.884,70.0,88.87011
43.520833333333336,30.5625,23.372833,945.611,39.448,90.0,98.11049
42.4375,32.604166666666664,21.6885,943.47815,40.112003,80.0,79.307884
43.4375,29.0625,23.467001,925.41833,39.036003,123.0,84.25284
45.77083333333333,29.479166666666668,25.0005,890.228,38.028,142.0,85.0246
43.8125,30.0625,23.473667,937.63,39.212,102.0,86.161606
44.604166666666664,35.770833333333336,20.122833,1017.6261,40.379997,613.0,98.842995
46.77083333333333,36.770833333333336,7.2575,965.6654,38.332,393.0,72.85324
42.145833333333336,36.854166666666664,20.088333,973.2974,39.207996,474.0,89.07264
46.5625,33.354166666666664,16.2155,931.46643,37.908,448.0,85.848274
42.229166666666664,30.0625,22.878334,929.89374,39.268,86.0,81.02744
41.354166666666664,35.0625,21.066166,973.13025,38.96,183.0,85.03266
46.0625,37.479166666666664,11.99,974.8249,37.856003,315.0,68.74559
44.4375,31.5625,24.356833,952.0591,39.836,77.0,87.0887
46.4375,31.354166666666668,24.063166,893.68427,38.02,127.0,93.59559
46.5625,30.895833333333336,23.850666,850.49036,35.344,101.0,90.615005
44.729166666666664,29.145833333333336,24.616833,928.4011,39.084,141.0,82.33596
45.89583333333333,36.270833333333336,11.8585,975.18256,40.108,611.0,82.24458
46.4375,35.395833333333336,9.284166,978.4102,39.792,619.0,82.65062
45.729166666666664,32.895833333333336,23.894833,939.9037,39.975998,185.0,97.8577
42.979166666666664,37.4375,7.5959997,960.4453,36.18,773.0,68.7217
47.354166666666664,34.3125,14.1935,904.9359,41.075996,455.0,82.05495
41.479166666666664,36.895833333333336,19.7735,974.09656,39.716,418.0,84.36818
45.8125,34.104166666666664,18.439167,911.3627,37.584,475.0,92.92714
40.3125,37.0625,17.3925,927.03107,40.172,413.0,78.56646
44.854166666666664,33.6875,23.141834,925.99634,39.568,194.0,95.35794
46.104166666666664,29.6875,24.7085,870.8217,37.436,123.0,89.943245
44.0625,32.104166666666664,24.101667,981.5719,40.559998,73.0,86.076256
42.895833333333336,34.895833333333336,23.957167,915.2911,38.232,203.0,87.71717
47.354166666666664,32.9375,18.507334,925.4132,38.887997,407.0,88.63116
40.729166666666664,37.020833333333336,17.9705,950.6639,40.192,420.0,80.11461
44.729166666666664,29.020833333333336,24.609167,927.2736,38.908,147.0,81.86474
44.770833333333336,34.354166666666664,23.425833,941.85736,39.408,236.0,97.94019
49.354166666666664,30.229166666666668,25.809,884.39526,36.295998,223.0,115.51263
44.1875,35.145833333333336,23.359167,935.0317,38.82,263.0,96.36819
40.479166666666664,37.729166666666664,15.903334,1016.1741,41.724,551.0,76.64271
40.270833333333336,34.604166666666664,19.9,929.3933,37.876,128.0,79.34799
42.729166666666664,36.020833333333336,21.791666,984.722,39.416,376.0,91.5507
43.229166666666664,31.6875,23.002,956.7179,40.052,71.0,85.96766
41.645833333333336,35.895833333333336,21.056667,994.239,38.52,304.0,87.444275
40.520833333333336,31.645833333333336,20.398167,896.3041,38.304,95.0,74.92125
41.729166666666664,31.8125,22.0015,918.97656,39.456,73.0,78.594124
43.770833333333336,34.604166666666664,24.635834,876.2348,37.492,189.0,91.75491
44.6875,33.6875,23.121334,927.22076,39.72,183.0,94.28648
43.229166666666664,33.5625,22.798666,950.12067,41.66,128.0,87.970314
44.145833333333336,36.145833333333336,19.515,1013.8475,40.528,637.0,96.07826
42.770833333333336,35.479166666666664,22.8165,951.22363,38.152,285.0,89.47341
43.520833333333336,30.895833333333336,23.114166,949.2383,39.464,87.0,98.35444
47.4375,32.1875,24.248333,921.0035,39.216,267.0,101.33699
48.479166666666664,32.104166666666664,24.083,917.36694,38.696,361.0,106.69629
48.104166666666664,36.104166666666664,12.077167,950.5461,41.04,321.0,73.3406
42.020833333333336,31.0625,23.055334,935.0835,40.052002,73.0,81.31353
43.395833333333336,33.729166666666664,22.440666,865.48505,34.280003,122.0,81.79421
44.5625,35.8125,20.533333,1020.561,40.424,580.0,98.79957
48.1875,33.645833333333336,14.907333,885.43665,38.664,412.0,83.490204
45.64583333333333,32.0625,24.382,928.2024,39.084,127.0,93.74026
45.1875,28.5625,25.123667,937.5041,39.300003,184.0,82.1551
41.520833333333336,37.520833333333336,16.0825,986.26953,39.208,728.0,76.86534
43.520833333333336,31.0625,23.158667,952.5818,39.496,82.0,94.88329
49.104166666666664,30.354166666666668,24.996023,846.5305,33.881817,224.0,111.3027
46.6875,34.5625,14.614333,915.47534,40.620003,557.0,85.20011
39.895833333333336,34.6875,19.6175,925.38446,37.744003,119.0,78.747475
46.854166666666664,31.3125,24.170334,893.09143,38.503998,138.0,96.69446
47.14583333333333,37.729166666666664,8.2455,968.38794,38.644,296.0,62.85207
47.1875,32.0625,24.223999,921.3533,39.356,231.0,99.149086
48.0625,31.104166666666668,24.602333,911.92645,39.168003,204.0,102.82213
49.02083333333333,31.520833333333336,25.676,950.9536,40.356003,321.0,109.6599
39.854166666666664,35.0625,19.694334,957.9273,38.496,133.0,81.35168
43.645833333333336,34.270833333333336,24.087833,904.1694,38.86,168.0,86.034996
40.9375,37.479166666666664,14.937833,1000.1312,40.028,736.0,77.394295
43.5625,34.104166666666664,23.795834,917.4585,39.512,159.0,84.852684
41.895833333333336,33.9375,20.931168,989.2018,39.952,137.0,81.51631
45.145833333333336,33.145833333333336,23.403667,940.8734,39.984,176.0,96.50888
41.520833333333336,33.4375,20.513666,946.41205,39.595997,114.0,79.31889
45.104166666666664,28.645833333333336,25.015,935.2559,39.288,177.0,81.85419
46.14583333333333,32.354166666666664,24.392666,939.94556,40.115997,157.0,92.65256
46.89583333333333,30.604166666666668,24.343666,882.3548,37.899998,91.0,95.48726
42.729166666666664,36.104166666666664,21.570333,986.66846,39.572002,398.0,91.8266
39.395833333333336,34.229166666666664,18.261166,867.6117,36.864,120.0,75.06571
43.770833333333336,37.770833333333336,4.1081667,951.07904,36.628002,628.0,60.532085
47.354166666666664,30.3125,24.453333,892.0188,38.292,119.0,93.127495
43.6875,31.395833333333336,23.269,960.87573,39.728,75.0,87.06159
46.77083333333333,30.4375,24.378834,878.53284,37.859997,92.0,93.52346
39.604166666666664,32.729166666666664,18.386168,830.4329,36.936,119.0,77.67459
45.64583333333333,35.520833333333336,16.001667,994.83826,39.868,901.0,95.74746
47.14583333333333,33.145833333333336,15.149167,917.7727,37.988003,436.0,84.7757
42.270833333333336,35.979166666666664,21.763666,994.3878,38.708,340.0,90.164825
48.02083333333333,35.1875,10.6171665,956.2012,42.336,357.0,74.97168
47.89583333333333,36.229166666666664,11.925667,947.70544,40.788,327.0,72.86011
45.64583333333333,31.895833333333336,24.436167,930.1771,39.24,126.0,95.22001
39.6875,35.854166666666664,19.423834,953.2565,39.172,185.0,82.03158
40.1875,35.4375,19.787,968.3329,38.856,166.0,81.65294
44.604166666666664,31.8125,23.838167,928.6733,37.744003,85.0,80.9441
49.4375,30.9375,25.9845,951.4732,38.84,295.0,115.17787
44.354166666666664,34.0625,23.451,922.82684,39.332,185.0,92.3239
47.4375,29.979166666666668,24.785166,894.9058,38.735996,110.0,90.32772
43.895833333333336,33.104166666666664,23.023333,962.6939,41.168,123.0,87.020775
44.895833333333336,34.8125,22.612833,960.51807,39.312,339.0,98.77621
47.39583333333333,33.1875,21.158333,927.31433,40.172,394.0,91.697815
40.479166666666664,31.729166666666668,20.248667,893.05396,38.328,97.0,73.99463
44.145833333333336,29.104166666666668,24.184334,929.5291,39.303997,131.0,83.33877
46.229166666666664,35.604166666666664,11.66,962.838,39.652,756.0,87.2587
48.14583333333333,37.145833333333336,10.317667,859.02313,36.475998,277.0,58.760582
46.77083333333333,28.854166666666668,25.386667,853.18915,37.8,173.0,83.91319
43.8125,33.0625,23.092833,969.63477,41.255997,119.0,85.88319
40.3125,34.5625,19.936167,927.5257,37.892002,126.0,79.04743
41.729166666666664,33.1875,20.908834,945.7894,39.74,106.0,78.033066
41.854166666666664,37.145833333333336,18.852333,969.6356,38.836,569.0,82.71216
46.52083333333333,36.104166666666664,10.9385,966.66034,40.744003,525.0,77.73853
46.89583333333333,29.895833333333336,24.770166,871.40826,38.392002,107.0,89.00353
43.979166666666664,37.354166666666664,10.6405,1010.39264,37.756,743.0,74.5911
43.604166666666664,34.104166666666664,23.817999,917.80695,39.532,158.0,84.91063
41.854166666666664,32.729166666666664,21.194,931.1956,39.936,90.0,78.27971
44.270833333333336,32.895833333333336,23.087833,942.6445,39.288002,126.0,90.63371
44.104166666666664,35.020833333333336,23.803667,920.2986,38.576,243.0,95.879234
47.354166666666664,35.0625,10.225166,966.7899,41.904,439.0,78.14779
42.979166666666664,34.729166666666664,24.279667,909.7582,38.516003,176.0,87.10893
42.8125,29.895833333333336,23.483833,929.12823,39.483997,92.0,83.107994
39.604166666666664,36.604166666666664,18.542334,969.47034,40.436,324.0,80.35173
48.52083333333333,30.604166666666668,24.819666,879.61835,35.604,201.0,104.412056
43.5625,31.520833333333336,23.163,960.12274,39.86,75.0,87.06159
45.8125,32.270833333333336,24.335833,930.3484,39.288,134.0,92.9123
46.27083333333333,37.9375,9.932167,1001.1434,38.52,277.0,61.293373
49.3125,30.1875,25.676,870.55145,35.788002,216.0,115.33185
47.104166666666664,34.270833333333336,13.8289995,914.9283,40.636,478.0,82.52096
46.604166666666664,29.4375,24.998167,846.4022,37.556,143.0,87.307014
48.77083333333333,35.1875,11.002666,980.8149,43.492,324.0,72.123245
45.104166666666664,29.520833333333336,24.6505,915.5786,38.648,126.0,83.693726
48.39583333333333,31.6875,24.880667,936.5199,40.544003,291.0,106.3105
42.0625,33.729166666666664,20.996334,991.7323,40.5,123.0,79.425545
46.354166666666664,35.854166666666664,10.173333,983.4914,40.536,636.0,82.424904
46.02083333333333,32.604166666666664,24.1645,933.9604,39.388,167.0,95.385826
47.14583333333333,35.5625,11.147166,970.41626,42.087997,453.0,77.389046
43.520833333333336,32.145833333333336,23.157,968.12726,40.504,76.0,86.30925
45.104166666666664,31.854166666666668,24.085499,918.4925,38.972,116.0,87.06262
44.479166666666664,35.895833333333336,20.805834,1014.36993,40.211998,564.0,97.85015
42.145833333333336,31.645833333333336,22.521334,923.45105,39.552002,66.0,78.85681
48.52083333333333,30.645833333333336,24.817667,881.5902,35.643997,206.0,103.88244
43.104166666666664,30.145833333333336,23.4425,934.3544,39.36,89.0,87.08165
49.39583333333333,31.770833333333336,24.880167,954.8523,40.536003,400.0,107.292435
41.729166666666664,31.354166666666668,22.705833,928.58795,39.711998,71.0,81.19315
48.479166666666664,34.729166666666664,7.4808335,941.4372,39.436,329.0,77.16385
45.8125,31.145833333333336,24.65,895.4521,37.296,105.0,93.299515
46.8125,33.3125,16.566,922.46924,37.988003,437.0,85.51168
40.520833333333336,33.854166666666664,19.493666,891.18134,37.916,123.0,77.96514
40.770833333333336,33.854166666666664,19.689667,906.0737,38.392,126.0,78.52393
46.3125,32.645833333333336,24.075666,939.97534,39.780003,207.0,95.85482
46.52083333333333,33.895833333333336,13.9661665,906.2433,37.528,509.0,85.733925
44.9375,35.395833333333336,21.078667,1004.24854,40.232002,511.0,99.1887
48.1875,35.979166666666664,12.163834,954.3677,41.596,326.0,73.227745
42.5625,29.854166666666668,23.3945,926.2807,39.532,91.0,82.3002
41.520833333333336,36.9375,19.774,974.3598,39.864002,431.0,84.10751
42.020833333333336,34.479166666666664,21.814833,994.7206,39.38,168.0,83.12094
44.4375,35.5625,21.3755,1003.4322,40.315998,449.0,95.79265
44.645833333333336,33.020833333333336,22.902166,927.2946,39.435997,149.0,92.02689
48.104166666666664,32.0625,24.314499,932.8628,40.22,322.0,104.947235
47.9375,36.604166666666664,9.751,917.75775,38.408,308.0,69.355804
44.8125,29.520833333333336,24.523,922.4655,38.972,122.0,84.51218
41.9375,37.5625,16.638834,976.1457,37.343998,703.0,77.74966
39.979166666666664,32.0625,19.5825,865.56085,37.795998,103.0,74.51372
45.229166666666664,29.895833333333336,24.6485,908.54333,38.096,107.0,89.10734
40.354166666666664,33.6875,19.246334,876.76654,37.496002,123.0,77.96514
39.9375,36.354166666666664,17.6855,956.2224,39.872,343.0,79.24132
47.8125,30.979166666666668,24.471167,896.4176,38.608,170.0,100.18481
43.854166666666664,37.479166666666664,4.9908333,952.03284,35.592,666.0,66.10997
44.8125,34.354166666666664,23.291,943.25696,39.315998,242.0,98.336105
48.64583333333333,30.020833333333336,25.7145,848.11426,36.908,161.0,102.90316
49.27083333333333,32.229166666666664,23.6435,950.6959,39.456,428.0,104.73537
46.5625,37.0625,9.9585,978.33496,38.871998,348.0,70.61061
49.104166666666664,30.395833333333336,25.00744,851.451,33.74286,221.0,110.86201
44.0625,36.604166666666664,19.260834,1020.1823,40.492,714.0,96.589165
48.77083333333333,31.8125,24.813667,917.72437,38.463997,340.0,108.336105
39.8125,36.895833333333336,18.154167,967.62256,40.832,400.0,80.05817
42.6875,36.854166666666664,19.932333,972.5989,38.612,781.0,90.57283
42.520833333333336,33.145833333333336,21.7775,965.98145,40.744,101.0,81.1865
48.8125,31.979166666666668,24.8145,930.7253,38.980003,371.0,107.94598
48.8125,33.645833333333336,11.513,907.29346,39.264,328.0,81.480484
41.5625,33.020833333333336,20.759167,931.0174,39.359997,103.0,75.96094
42.729166666666664,37.104166666666664,18.6895,980.77405,38.748,780.0,88.53182
40.145833333333336,35.395833333333336,19.7705,951.90045,37.812,154.0,81.71805
45.3125,29.479166666666668,24.745667,911.0369,38.300003,131.0,82.79931
48.1875,31.0625,24.732666,914.22217,38.856003,207.0,102.24789
48.229166666666664,31.145833333333336,24.771833,920.7796,39.164,217.0,103.20637
41.1875,37.520833333333336,15.418333,997.5338,40.324,733.0,77.09994
43.145833333333336,33.729166666666664,22.954666,939.91833,40.544,135.0,86.47073
44.854166666666664,29.520833333333336,24.545,922.33746,38.964005,123.0,84.59317
46.8125,37.354166666666664,10.566667,983.9118,39.468,297.0,65.9077
47.3125,31.229166666666668,24.194834,894.7064,39.587997,147.0,97.4579
47.604166666666664,35.895833333333336,10.646,981.10004,41.267998,372.0,73.50547
43.729166666666664,31.1875,23.218,954.2826,39.556,80.0,94.276855
43.645833333333336,33.0625,22.987667,967.3129,41.548,112.0,85.89923
42.6875,30.5625,23.360666,941.31287,39.792,78.0,84.80518
45.020833333333336,34.729166666666664,22.577168,957.6029,39.256,341.0,98.60444
45.77083333333333,36.1875,9.848166,975.6315,38.932,647.0,83.42958
47.354166666666664,36.604166666666664,6.6384997,966.25006,38.692,369.0,71.647644
44.020833333333336,31.770833333333336,23.918667,974.9359,40.579998,70.0,87.32314
41.145833333333336,34.395833333333336,21.078167,935.131,38.112,141.0,82.20001
48.354166666666664,32.895833333333336,20.021168,912.52185,38.704,448.0,92.65517
41.604166666666664,31.729166666666668,21.897667,920.3182,39.244,74.0,78.44549
44.9375,28.645833333333336,24.988333,937.0674,39.364,172.0,82.039856
43.729166666666664,37.229166666666664,10.971666,1017.02795,38.42,775.0,76.87513
46.729166666666664,37.6875,8.4885,1002.64954,39.112,290.0,64.313156
42.9375,35.8125,21.989166,969.18365,38.988,345.0,90.729416
47.229166666666664,34.6875,10.793333,938.0807,40.776,470.0,79.92109
44.229166666666664,29.5625,24.071667,933.1404,39.184,117.0,82.93026
44.854166666666664,31.229166666666668,24.484667,929.7406,38.132004,99.0,94.147766
44.229166666666664,34.645833333333336,24.116333,920.07666,38.896,215.0,96.93851
42.770833333333336,36.0625,21.640333,984.55396,39.54,390.0,91.843155
42.854166666666664,30.4375,23.436167,941.1525,39.684,81.0,85.258095
42.8125,34.645833333333336,23.530666,938.0125,38.868,185.0,86.90357
46.77083333333333,33.8125,15.499666,909.1659,38.615997,476.0,85.74456
45.020833333333336,30.3125,24.3885,916.65466,37.708,97.0,91.081856
48.354166666666664,28.6875,26.010834,845.60443,36.716003,102.0,93.020065
46.14583333333333,36.8125,12.819667,936.171,38.376,426.0,74.31313
41.645833333333336,35.645833333333336,21.063168,985.8649,38.272,270.0,87.27413
41.0625,35.8125,19.974667,974.81506,38.86,259.0,82.44119
43.145833333333336,36.9375,16.9895,988.65894,38.948,768.0,91.349335
48.229166666666664,35.6875,11.152833,966.33484,41.968002,335.0,73.51461
41.479166666666664,33.145833333333336,20.566166,931.55756,39.427998,106.0,76.6963
42.9375,35.729166666666664,22.217667,964.2893,38.892,328.0,90.150345
43.8125,32.895833333333336,23.3285,976.1936,41.496002,105.0,86.26976
44.145833333333336,31.604166666666668,23.9375,968.0042,40.267998,73.0,87.12239
41.6875,33.604166666666664,20.527834,964.9546,39.948,121.0,80.466774
41.770833333333336,30.645833333333336,22.940166,937.2491,39.796,75.0,80.23854
47.52083333333333,36.1875,10.640834,975.5808,40.884003,360.0,73.00462
41.270833333333336,31.645833333333336,21.5965,920.2519,39.2,83.0,76.82703
48.104166666666664,29.1875,26.018055,919.26117,38.590473,98.0,93.01366
48.14583333333333,35.5625,10.527,970.11084,41.996002,344.0,73.79893
48.354166666666664,35.979166666666664,11.736,943.84393,40.964,314.0,72.639885
47.479166666666664,34.1875,13.856334,901.1933,41.315998,440.0,81.375694
45.8125,34.645833333333336,19.65,929.40985,38.296,557.0,93.40873
46.229166666666664,36.395833333333336,10.919666,953.76526,40.056,497.0,76.786064
43.6875,36.479166666666664,19.502834,1016.96844,40.736,675.0,95.98791
45.979166666666664,36.270833333333336,10.544,969.6842,39.8,581.0,80.845215
47.89583333333333,36.854166666666664,11.094,891.84296,37.56,292.0,64.69423
45.6875,34.145833333333336,21.085167,921.58795,38.348,397.0,95.453636
45.5625,34.5625,21.773666,944.5675,39.036003,427.0,95.001945
40.854166666666664,37.104166666666664,18.136168,962.8628,40.576004,446.0,80.55405
48.14583333333333,30.0625,25.437334,886.9525,38.315998,134.0,94.09455
41.104166666666664,31.979166666666668,20.903166,907.92236,38.904,92.0,73.690834
47.3125,37.229166666666664,10.505667,935.1815,38.516,292.0,64.056114
44.395833333333336,32.1875,23.762833,952.70984,38.968,84.0,85.61276
45.395833333333336,29.770833333333336,24.725334,902.61566,37.952,115.0,87.389
44.0625,35.895833333333336,20.501333,1011.0017,40.940002,486.0,91.15895
45.270833333333336,37.354166666666664,11.301666,935.1285,36.952,347.0,68.55455
47.77083333333333,30.520833333333336,24.669,892.05865,37.260002,152.0,94.54884
48.479166666666664,35.9375,10.636333,950.2858,40.836,305.0,72.98435
45.77083333333333,34.645833333333336,19.759,933.6147,38.224,552.0,93.65218
43.5625,32.770833333333336,22.845333,933.33325,37.124,94.0,83.026665
41.8125,34.5625,21.766167,985.7327,39.516003,166.0,84.09584
45.9375,36.5625,10.541667,953.072,38.8,503.0,77.91321
46.14583333333333,29.895833333333336,24.590834,869.4338,37.204,108.0,90.352844
44.979166666666664,36.8125,7.7025,980.39484,37.568,592.0,78.82793
44.270833333333336,29.479166666666668,24.144833,931.79663,39.112,122.0,83.38317
41.3125,32.104166666666664,20.996834,910.98663,39.156,87.0,76.33389
45.229166666666664,32.854166666666664,23.549833,939.16516,39.9,161.0,95.4039
40.604166666666664,33.6875,19.4805,891.2262,37.692,124.0,78.319885
49.0625,31.104166666666668,25.819166,950.78143,39.752,276.0,111.3791
45.9375,32.104166666666664,24.553667,932.5483,39.628,136.0,92.855194
46.52083333333333,34.0625,13.865167,884.8489,37.96,520.0,85.82394
45.604166666666664,34.395833333333336,21.857,930.29175,38.62,396.0,95.28025
48.4375,34.604166666666664,10.326166,882.6165,39.596,338.0,76.690735
47.52083333333333,33.4375,17.352667,902.0011,40.2,446.0,86.052895
46.3125,36.3125,10.212334,958.3727,39.884,501.0,77.30004
42.1875,36.479166666666664,20.412832,1003.2588,38.34,442.0,90.4654
43.520833333333336,36.354166666666664,20.1805,1008.84515,40.252003,563.0,93.73563
46.1875,35.979166666666664,9.585167,979.8015,39.856,636.0,81.9203
46.5625,34.895833333333336,8.7775,962.40497,38.588,598.0,82.90704
39.645833333333336,36.604166666666664,18.5295,967.3911,40.552002,325.0,80.52172
47.5625,32.0625,24.227001,923.60986,39.424004,274.0,102.58616
43.895833333333336,35.145833333333336,23.8445,902.119,38.068,255.0,92.78527
41.1875,34.6875,21.256666,955.4831,39.092,143.0,83.085884
47.104166666666664,36.770833333333336,6.1385,961.3717,38.0,368.0,71.11587
42.5625,37.1875,19.193666,958.183,38.88,730.0,87.469826
46.89583333333333,31.895833333333336,24.265333,913.3562,38.732002,181.0,98.25402
41.145833333333336,31.520833333333336,21.6745,923.1999,39.239998,85.0,77.96729
43.770833333333336,32.1875,23.509,981.54803,40.68,79.0,86.646736
47.9375,33.770833333333336,15.461,885.69946,39.28,426.0,84.3025
49.354166666666664,30.770833333333336,25.945833,948.35565,39.096,280.0,115.07294
41.229166666666664,36.1875,19.661,981.1348,38.768,335.0,83.27773
42.729166666666664,36.1875,21.313166,987.98663,39.399998,434.0,92.29511
44.979166666666664,37.645833333333336,10.631833,915.7335,37.4,368.0,66.572754
47.229166666666664,30.895833333333336,24.132334,874.6718,37.980003,121.0,96.52321
43.020833333333336,29.729166666666668,23.542334,929.4381,39.491997,97.0,83.37664
41.854166666666664,34.9375,21.087667,976.7107,38.980003,204.0,84.78533
39.770833333333336,33.354166666666664,18.217001,840.83795,36.856003,125.0,77.66967
41.3125,33.354166666666664,20.297667,927.3109,39.171997,115.0,78.89605
47.64583333333333,37.979166666666664,8.240833,888.51886,37.396,281.0,59.97546
47.9375,32.604166666666664,23.659834,936.0536,39.392002,370.0,100.63802
41.1875,36.145833333333336,19.660667,979.83594,38.848,319.0,83.397415
46.104166666666664,31.270833333333336,24.292667,892.07886,38.06,116.0,93.69316
43.854166666666664,31.3125,23.435,959.4058,39.547997,78.0,88.534645
41.229166666666664,32.104166666666664,20.926332,909.17084,39.184,87.0,76.33389
39.9375,34.8125,19.7705,938.24,37.935997,126.0,80.08416
43.604166666666664,33.3125,22.5685,951.44745,40.06,128.0,86.12887
45.854166666666664,31.854166666666668,24.513666,918.9664,38.848,130.0,97.34718
45.77083333333333,33.104166666666664,23.653667,934.9517,39.783997,213.0,98.71252
43.770833333333336,31.8125,23.371334,973.4492,40.232,72.0,85.71429
43.479166666666664,31.8125,23.157667,965.7045,40.232002,70.0,84.37499
48.229166666666664,35.854166666666664,11.779166,957.3694,41.672,328.0,73.67067
40.229166666666664,32.395833333333336,19.173834,861.1793,38.008,114.0,74.60471
45.4375,29.354166666666668,24.884666,908.01294,38.516003,150.0,84.309654
47.39583333333333,29.854166666666668,24.8915,893.9893,38.815998,110.0,89.74159
45.479166666666664,29.4375,24.963,906.356,38.300003,144.0,85.15404
41.604166666666664,37.9375,16.1445,999.3568,40.736,688.0,73.116875
48.0625,28.770833333333336,25.807,885.9816,38.472,102.0,89.824814
43.645833333333336,33.4375,22.8085,940.9132,40.296,130.0,85.56318
48.854166666666664,30.104166666666668,25.658667,846.28864,35.503998,180.0,106.16641
42.854166666666664,29.3125,23.046833,924.51135,39.336002,111.0,83.00505
43.729166666666664,35.645833333333336,21.7045,969.2619,39.528,371.0,89.64498
48.77083333333333,30.145833333333336,25.462334,847.54553,35.528,175.0,106.02663
44.229166666666664,35.979166666666664,19.956833,1015.71423,40.128002,604.0,96.270874
48.479166666666664,34.520833333333336,10.325167,880.49506,39.024,320.0,77.01939
41.8125,31.479166666666668,22.6195,925.7673,39.628002,71.0,80.48796
47.604166666666664,29.6875,25.156166,910.84906,39.576,107.0,89.10734
40.770833333333336,32.5625,19.94,880.89264,38.008003,103.0,75.174995
48.8125,35.479166666666664,10.017167,975.2561,42.508003,307.0,73.44333
46.854166666666664,36.770833333333336,6.6738334,970.35815,38.424,386.0,72.35991
42.1875,31.854166666666668,22.279,918.1671,39.308,66.0,81.80324
47.89583333333333,30.604166666666668,24.804832,901.1387,38.955997,158.0,96.1204
47.02083333333333,30.520833333333336,24.4065,884.8304,38.1,93.0,94.76071
41.6875,35.729166666666664,21.135,988.94324,38.239998,276.0,88.51325
48.64583333333333,29.9375,25.186459,815.6466,34.8625,162.0,102.31352
46.479166666666664,31.520833333333336,24.231833,903.82135,38.587997,138.0,96.81473
45.604166666666664,36.0625,14.3463335,994.4646,39.748,747.0,91.60074
47.4375,36.479166666666664,8.019834,956.2323,38.772,357.0,69.94276
45.89583333333333,32.104166666666664,24.5375,932.42615,39.508003,134.0,92.84618
40.395833333333336,36.3125,17.9765,954.29095,39.607998,336.0,78.715225
48.8125,32.645833333333336,20.840166,930.94293,39.476,424.0,96.86377
47.729166666666664,32.5625,23.735167,937.10065,39.996002,345.0,99.60151
45.5625,37.979166666666664,12.533334,972.3172,38.44,259.0,60.9036
43.4375,31.3125,23.197166,955.5525,39.868,78.0,90.34167
40.604166666666664,37.4375,14.667666,1002.9158,40.0,732.0,77.59937
46.39583333333333,34.645833333333336,11.824166,955.07947,39.52,620.0,86.16813
45.104166666666664,31.895833333333336,24.012833,919.11273,39.076,118.0,86.57738
44.6875,30.229166666666668,24.072834,926.1655,38.364,98.0,89.697716
44.3125,32.9375,23.209833,952.2579,40.556,135.0,91.77281
46.479166666666664,37.479166666666664,8.5995,1000.82153,38.736,329.0,70.691795
49.0625,32.0625,25.033667,952.60095,40.252,410.0,106.90673
46.39583333333333,36.3125,11.2915,959.3948,40.484,490.0,76.62859
41.979166666666664,36.0625,21.359499,1002.5311,38.84,341.0,89.594826
48.27083333333333,29.604166666666668,25.71852,856.074,38.22222,119.0,96.585526
45.9375,36.145833333333336,9.792167,981.8936,39.512,628.0,82.29183
43.479166666666664,35.479166666666664,22.902834,926.1342,38.456,308.0,90.30252
48.229166666666664,33.0625,18.721333,900.35815,38.936,442.0,89.498405
46.39583333333333,33.479166666666664,17.844168,931.349,37.196003,426.0,88.15635
46.479166666666664,29.729166666666668,24.701666,858.48035,37.412,126.0,91.38901
46.854166666666664,35.104166666666664,12.852834,971.0222,41.144,541.0,81.68978
40.979166666666664,34.395833333333336,20.843834,921.30414,37.447998,133.0,81.65725
49.0625,30.354166666666668,25.210243,856.00946,34.645836,219.0,110.623405
44.6875,29.604166666666668,24.346334,924.65845,39.068,121.0,84.41655
43.5625,33.104166666666664,23.071833,957.6197,41.708,110.0,84.90704
48.229166666666664,29.645833333333336,25.850666,870.90826,39.04,115.0,95.63725
48.14583333333333,35.729166666666664,11.4921665,967.1139,42.016,339.0,73.904335
44.145833333333336,32.020833333333336,24.427668,974.7499,40.256,63.0,83.31321
44.520833333333336,34.645833333333336,23.3275,919.5634,37.352,232.0,98.34575
43.479166666666664,36.854166666666664,15.8115,992.3283,38.124,867.0,91.05659
48.5625,35.354166666666664,10.455167,982.5763,43.552002,326.0,72.929825
47.64583333333333,36.604166666666664,11.094334,927.84515,38.956,321.0,69.11416
46.52083333333333,30.8125,23.923,849.4436,35.432,94.0,89.89892
43.8125,36.9375,14.855667,1003.3547,38.239998,846.0,90.611275
48.229166666666664,30.979166666666668,24.371,891.6466,37.379997,204.0,101.72475
44.354166666666664,32.645833333333336,23.4175,948.2223,39.172,116.0,92.83646
47.6875,29.729166666666668,25.2495,913.3388,39.635998,106.0,91.147995
45.729166666666664,31.854166666666668,24.572334,929.1704,39.492,128.0,97.06643
44.229166666666664,31.1875,23.861,953.6702,39.0,82.0,89.25111
40.479166666666664,37.354166666666664,14.8665,1004.64056,40.475998,715.0,77.223755
40.479166666666664,31.645833333333336,20.345333,895.0078,38.28,96.0,73.55034
40.270833333333336,36.270833333333336,18.051334,953.12665,39.768,319.0,79.82507
45.1875,36.0625,15.639334,1000.9125,38.488,765.0,94.08787
46.9375,32.3125,24.166,928.35297,39.692,229.0,99.300804
43.604166666666664,37.020833333333336,14.301167,1000.0009,37.768,860.0,87.36553
44.479166666666664,29.770833333333336,24.043167,929.09766,38.872,112.0,85.30247
49.4375,31.3125,25.827168,952.3247,40.028,325.0,112.638756
48.89583333333333,32.854166666666664,16.953833,915.32666,38.208,387.0,90.61774
48.64583333333333,33.520833333333336,11.580334,896.0933,39.163998,350.0,81.7116
42.645833333333336,31.895833333333336,22.5435,933.6831,39.727997,69.0,82.87754
46.77083333333333,33.395833333333336,12.5395,919.16797,37.388,467.0,83.29761
47.479166666666664,34.270833333333336,14.174334,902.6474,40.876,442.0,82.42007
45.604166666666664,34.604166666666664,21.653334,941.63715,39.22,443.0,95.08121
41.645833333333336,33.9375,20.370333,971.2817,39.756,136.0,81.25289
45.979166666666664,33.9375,18.996,913.0662,37.316,437.0,93.03976
47.354166666666664,29.229166666666668,25.283167,890.22766,38.912003,121.0,86.75129
44.979166666666664,34.0625,23.001333,908.8526,37.648,219.0,96.63213
47.52083333333333,28.645833333333336,25.4965,893.27856,38.672,135.0,84.91544
44.604166666666664,37.854166666666664,9.157833,972.0884,38.92,494.0,60.12206
42.979166666666664,32.3125,22.777166,953.2914,40.488,74.0,82.62139
45.9375,37.270833333333336,13.542334,958.1835,37.712,328.0,70.51333
46.5625,31.9375,24.3375,922.7978,39.64,178.0,100.181656
45.104166666666664,29.604166666666668,24.590666,916.0634,38.579998,124.0,84.74375
44.520833333333336,34.979166666666664,23.117834,946.5545,38.980003,273.0,99.560356
47.52083333333333,31.6875,24.021334,894.88293,38.2,212.0,100.85442
44.1875,33.854166666666664,23.008833,897.5125,38.7,161.0,86.91095
42.229166666666664,30.604166666666668,23.143333,936.66113,39.812,77.0,81.60232
42.479166666666664,31.3125,23.143833,934.46075,39.664,66.0,84.13724
47.604166666666664,30.8125,24.306667,884.98755,38.0,146.0,97.14576
48.77083333333333,34.354166666666664,11.9125,844.2733,38.296,278.0,78.3099
47.64583333333333,33.0625,21.099667,936.13214,39.268,411.0,92.14103
44.895833333333336,34.104166666666664,23.220333,921.3882,38.679996,219.0,96.63213
44.479166666666664,29.645833333333336,24.072332,929.07117,39.156,117.0,83.11976
45.64583333333333,32.979166666666664,23.866,937.66815,39.612,185.0,97.546974
47.479166666666664,31.020833333333336,24.196333,886.25616,37.968002,150.0,97.88893
42.6875,37.770833333333336,10.8275,971.53546,37.472,793.0,70.11388
40.4375,32.8125,18.951334,855.3973,37.44,117.0,75.481316
44.395833333333336,32.9375,22.967667,938.1244,39.744,137.0,90.30185
42.979166666666664,33.895833333333336,22.9645,957.95667,41.02,130.0,83.333725
46.354166666666664,34.9375,11.880333,975.5755,39.94,667.0,86.86298
42.979166666666664,30.395833333333336,23.544,941.06366,39.436,81.0,87.88069
40.145833333333336,37.4375,15.977833,1003.4251,40.084003,587.0,77.51586
43.145833333333336,31.895833333333336,23.024166,956.06433,40.316,69.0,84.781654
46.77083333333333,33.604166666666664,17.283167,926.31683,38.44,451.0,86.42381
46.5625,35.979166666666664,8.9485,965.2228,39.512,525.0,78.16947
44.4375,30.6875,24.006832,937.2159,38.384,89.0,92.37344
44.6875,34.895833333333336,22.909334,959.067,39.544,303.0,99.554146
43.979166666666664,31.0625,23.506332,951.24084,39.399998,83.0,92.73808
47.27083333333333,35.4375,10.375334,973.37714,42.164,444.0,76.69022
46.27083333333333,32.395833333333336,24.185167,935.3293,39.328,176.0,94.05997
45.104166666666664,34.354166666666664,22.985167,942.4769,38.908,273.0,97.15157
42.104166666666664,37.854166666666664,16.187334,986.2984,38.468002,723.0,73.8071
39.770833333333336,36.8125,18.2155,965.2627,40.6,368.0,80.153465
47.52083333333333,34.9375,11.387167,944.7638,42.584,420.0,77.83187
48.14583333333333,35.6875,11.403167,967.98944,42.128,338.0,73.662926
44.395833333333336,36.395833333333336,17.597334,1015.6841,39.932,852.0,98.10565
48.52083333333333,35.354166666666664,10.437333,983.9338,43.616,324.0,73.2875
46.729166666666664,36.479166666666664,10.0995,962.56866,40.052002,413.0,73.248276
41.895833333333336,31.979166666666668,22.026833,916.76855,39.496002,70.0,79.62652
45.979166666666664,28.9375,25.109001,896.91614,38.24,184.0,81.8226
46.3125,35.9375,10.2065,984.35004,40.512,628.0,81.342606
40.3125,32.229166666666664,19.474167,871.7079,37.836002,106.0,74.83496
47.6875,34.729166666666664,11.0105,929.85315,41.488,399.0,78.20662
45.729166666666664,35.104166666666664,19.024666,964.23517,37.896,699.0,94.25996
48.14583333333333,34.145833333333336,10.3185005,898.1668,38.9,375.0,78.967445
47.604166666666664,36.020833333333336,11.246667,976.83575,41.616,364.0,73.25062
40.645833333333336,36.4375,18.198,958.0065,39.640003,326.0,79.44234
41.104166666666664,36.395833333333336,18.9865,968.59375,39.044,346.0,82.52563
48.854166666666664,34.979166666666664,11.327833,967.7639,43.024,300.0,74.45336
48.479166666666664,35.145833333333336,10.189834,970.26166,42.72,320.0,73.225044
46.104166666666664,35.9375,8.860833,982.2136,39.232002,642.0,82.58363
46.39583333333333,35.645833333333336,11.306666,973.42694,40.496002,696.0,84.235756
48.354166666666664,31.4375,24.5475,917.6426,38.344,254.0,104.58231
46.52083333333333,34.354166666666664,12.005667,929.69135,39.152,563.0,85.34726
43.020833333333336,34.270833333333336,23.654667,920.9861,38.239998,151.0,84.37595
48.4375,36.229166666666664,10.503667,929.3408,39.872,303.0,71.17936
47.3125,31.479166666666668,24.139166,895.3793,38.112,174.0,99.359406
44.5625,37.020833333333336,10.376667,992.764,37.852,641.0,77.790245
45.145833333333336,32.020833333333336,23.8715,916.3632,38.896,121.0,87.346405
42.020833333333336,33.270833333333336,20.9725,965.3541,40.112,107.0,76.73248
41.770833333333336,31.729166666666668,22.1435,919.49963,39.296,71.0,78.091354
45.3125,35.9375,15.477667,1009.54517,39.244,798.0,94.748505
43.4375,34.020833333333336,23.034834,874.50195,35.672,147.0,83.24467
45.8125,34.479166666666664,20.067667,903.4457,37.596,490.0,93.36815
42.979166666666664,37.354166666666664,12.9140005,989.36774,37.668,800.0,77.61936
45.9375,36.6875,10.631166,947.9638,38.444,464.0,77.29514
44.854166666666664,32.354166666666664,23.515999,925.6758,38.824,116.0,89.77363
47.4375,31.354166666666668,24.074333,891.0596,38.18,172.0,100.817245
46.979166666666664,33.520833333333336,16.266832,921.07355,38.539997,452.0,85.55
48.64583333333333,32.354166666666664,24.254166,949.50336,39.927998,417.0,106.40824
42.354166666666664,36.854166666666664,20.2655,980.56354,39.32,522.0,90.54154
40.354166666666664,34.770833333333336,20.098667,946.6712,38.296,130.0,81.68131
48.3125,35.395833333333336,10.161167,975.6329,42.64,333.0,74.084435
41.479166666666664,35.854166666666664,20.761833,988.65466,38.564,288.0,86.364975
40.4375,35.645833333333336,19.576334,966.1385,38.808,205.0,81.494
42.854166666666664,34.729166666666664,23.817,925.60144,38.68,180.0,86.68451
43.0625,36.6875,19.764,990.9124,39.756,746.0,92.54928
45.270833333333336,29.145833333333336,24.927166,918.89307,39.168003,160.0,83.10201
48.8125,34.0625,10.645667,895.9752,39.552002,299.0,77.68536
42.979166666666664,31.6875,22.96,947.4823,39.888,71.0,83.04438
43.645833333333336,34.979166666666664,25.108168,849.5068,36.564,229.0,93.309425
42.354166666666664,31.979166666666668,22.463667,918.43304,39.491997,64.0,83.91095
47.979166666666664,36.479166666666664,9.653334,931.0672,38.892,309.0,69.61205
43.6875,31.270833333333336,23.185667,955.8622,39.592,78.0,90.34167
41.270833333333336,32.3125,20.916666,907.6,38.72,91.0,75.4152
46.8125,36.520833333333336,8.508333,969.0232,39.248,402.0,73.71774
40.4375,31.895833333333336,20.226,888.17126,38.312,98.0,73.81826
47.5625,32.1875,24.203499,930.68964,39.904,282.0,100.80138
46.02083333333333,30.854166666666668,24.543333,877.76044,37.984,88.0,93.27964
45.5625,36.354166666666664,10.768167,976.22675,38.688,635.0,83.57431
40.520833333333336,33.645833333333336,19.595167,886.6722,37.676,119.0,77.57632
46.979166666666664,35.229166666666664,13.296166,966.0064,42.372,503.0,80.309006
45.395833333333336,35.520833333333336,19.232334,1006.54706,39.752,702.0,94.40505
44.520833333333336,34.6875,23.368334,935.2495,38.6,248.0,99.968796
42.770833333333336,36.270833333333336,20.9435,996.1213,39.472,485.0,91.08647
48.27083333333333,35.604166666666664,10.8605,968.9266,42.048,336.0,73.488075
46.854166666666664,36.645833333333336,7.5101666,974.56616,38.788002,403.0,73.13546
43.4375,31.5625,23.120832,960.1395,39.992,73.0,88.15611
48.02083333333333,30.145833333333336,25.376667,900.3977,38.804,132.0,93.338745
47.89583333333333,28.9375,25.798,913.9558,39.552002,104.0,89.24429
47.89583333333333,37.020833333333336,11.769333,890.7917,37.912,287.0,63.051
40.4375,33.395833333333336,18.948168,866.37585,37.276,123.0,77.31754
48.52083333333333,35.6875,10.635834,960.4691,42.103996,315.0,73.12921
47.104166666666664,32.145833333333336,24.220499,922.6475,39.524002,226.0,99.82298
44.1875,30.729166666666668,23.755833,943.0205,38.74,87.0,95.03933
45.3125,36.0625,15.627334,1004.9293,39.315998,764.0,93.74231
45.354166666666664,32.020833333333336,24.1275,921.7525,38.924,122.0,90.8321
43.979166666666664,36.979166666666664,14.940166,1002.9914,38.284,809.0,89.56155
43.854166666666664,32.9375,23.297667,975.6235,41.412003,111.0,85.2676
44.8125,34.854166666666664,22.6315,960.46313,39.46,335.0,99.055145
44.604166666666664,36.270833333333336,17.050333,1015.11334,39.56,830.0,96.6848
48.979166666666664,34.770833333333336,11.9215,928.2738,41.432,300.0,74.50753
40.6875,36.8125,18.184166,948.4837,40.236,375.0,79.30984
48.6875,35.0625,10.901334,953.6773,42.531998,321.0,73.62977
41.854166666666664,32.020833333333336,21.954,916.46,39.312,69.0,78.16961
42.4375,33.145833333333336,21.523333,966.73035,40.568,104.0,78.82501
47.479166666666664,36.145833333333336,10.297667,978.95514,41.024002,366.0,73.42879
46.64583333333333,33.645833333333336,17.510166,931.9745,38.216,450.0,87.08433
45.354166666666664,34.1875,22.5565,939.35114,38.984,309.0,96.39728
40.4375,33.9375,19.536833,892.7492,37.884,124.0,78.04831
45.479166666666664,32.104166666666664,24.071667,916.8833,38.248,126.0,92.36166
41.395833333333336,37.5625,15.578834,994.40173,39.364002,724.0,76.94777
39.229166666666664,33.8125,17.9575,840.8315,36.056,121.0,76.021355
46.27083333333333,34.895833333333336,13.907,958.7013,39.104,703.0,88.93653
44.229166666666664,31.479166666666668,23.912834,962.61444,39.615997,75.0,86.06258
48.39583333333333,32.9375,17.504667,900.55756,38.22,436.0,88.77451
41.354166666666664,34.4375,21.255333,950.5948,38.396,147.0,82.74554
44.770833333333336,33.145833333333336,23.095499,938.8039,40.224,160.0,92.8116
39.604166666666664,34.854166666666664,19.610666,928.6059,37.624,120.0,78.9678
43.979166666666664,28.9375,24.021833,929.48816,39.176003,136.0,84.639366
43.1875,30.0625,23.3105,935.3827,39.308,91.0,86.96578
47.1875,30.395833333333336,24.378,884.8616,38.236,105.0,94.5215
45.854166666666664,32.604166666666664,24.222334,938.4985,39.948,157.0,96.481544
45.77083333333333,31.770833333333336,24.562666,925.4239,39.288,125.0,98.06936
48.9375,32.6875,19.008167,915.74066,38.828,411.0,94.62463
40.020833333333336,34.354166666666664,19.199333,902.3385,37.531998,125.0,77.038506
45.395833333333336,35.0625,19.851,979.6404,39.588,607.0,95.772644
46.229166666666664,35.4375,13.933833,974.094,40.376,841.0,91.14628
42.1875,32.895833333333336,21.422167,949.89044,40.399998,91.0,78.30499
41.5625,31.8125,21.750334,917.94684,39.228,77.0,77.87151
48.604166666666664,31.104166666666668,25.049,920.76556,38.295998,232.0,105.7992
44.104166666666664,36.3125,19.1685,1014.48444,40.564003,692.0,97.02534
44.729166666666664,32.854166666666664,23.4225,946.84216,40.728,141.0,92.86902
49.0625,34.229166666666664,10.5415,906.7183,39.22,280.0,77.00974
47.27083333333333,34.4375,6.583833,929.7043,37.772,468.0,80.0213
45.8125,30.645833333333336,24.668667,889.61957,37.096,91.0,96.00277
43.770833333333336,31.729166666666668,23.3995,971.98486,40.128,72.0,85.71429
47.229166666666664,32.020833333333336,24.098,915.99536,38.596,226.0,98.77566
43.3125,32.770833333333336,23.086666,965.6282,41.032,91.0,85.96682
44.604166666666664,32.229166666666664,23.787666,947.4607,39.96,99.0,86.009125
46.0625,31.395833333333336,24.311,894.8121,37.84,125.0,96.70863
42.8125,31.5625,23.077667,941.6489,39.879997,68.0,85.41343
42.8125,37.4375,14.599667,974.89764,37.432003,776.0,78.84987
40.270833333333336,32.229166666666664,19.414167,869.87775,37.747997,106.0,74.83496
45.145833333333336,34.0625,23.071,936.3609,38.947998,249.0,98.63162
39.979166666666664,35.5625,19.5975,952.92426,38.412,171.0,80.65719
41.979166666666664,30.6875,22.988167,936.70233,39.8,75.0,83.40915
39.395833333333336,33.895833333333336,18.008667,851.39197,36.579998,118.0,73.51324
43.229166666666664,34.104166666666664,22.9375,851.5829,33.228,132.0,81.80415
47.4375,37.854166666666664,9.151167,933.89923,39.12,269.0,61.088337
42.979166666666664,29.8125,23.493166,931.3221,39.6,95.0,82.89117
43.4375,33.145833333333336,22.879168,960.69257,41.432,113.0,86.29893
42.479166666666664,37.520833333333336,13.350666,958.6492,37.148,809.0,75.57811
47.27083333333333,33.0625,17.315166,913.04877,38.696003,425.0,86.71323
44.6875,32.854166666666664,23.380333,946.7691,40.62,139.0,92.89138
45.145833333333336,32.229166666666664,23.8765,928.0986,39.616,124.0,89.693825
42.645833333333336,36.020833333333336,21.801,986.32684,39.288002,370.0,91.12245
46.89583333333333,35.9375,9.227,981.81714,40.548,467.0,76.71535
44.854166666666664,33.1875,23.1125,941.231,40.112,168.0,93.50633
42.1875,32.104166666666664,22.181833,915.23914,39.58,68.0,81.491776
46.1875,37.395833333333336,13.098833,970.29,38.12,329.0,70.27651
47.604166666666664,29.9375,24.987167,902.47186,38.924,109.0,92.20846
45.854166666666664,34.479166666666664,19.727333,896.2051,37.472,502.0,93.267525
49.229166666666664,30.479166666666668,25.267658,885.0611,35.685715,239.0,113.87683
39.9375,34.020833333333336,19.058167,876.50757,37.484,122.0,76.44992
42.604166666666664,33.770833333333336,22.3055,995.25977,41.192,122.0,81.167885
47.4375,28.604166666666668,25.437834,889.8544,38.476,139.0,84.88196
44.354166666666664,37.104166666666664,13.119667,1002.5828,39.028,676.0,81.715996
44.0625,29.645833333333336,23.8645,934.2533,39.18,113.0,84.135994
47.979166666666664,35.645833333333336,10.654,974.54584,42.06,350.0,74.10808
43.9375,34.354166666666664,24.1035,906.50793,38.699997,176.0,90.48752
46.229166666666664,30.3125,24.478333,872.4856,36.907997,93.0,92.2206
44.9375,33.8125,23.1925,926.11053,39.456,205.0,96.34473
40.6875,37.6875,16.064333,1023.34106,41.624,598.0,76.947205
45.229166666666664,33.729166666666664,23.2415,937.0134,39.876,230.0,99.28243
45.6875,33.645833333333336,23.077833,928.0826,39.232002,283.0,99.465866
45.9375,33.895833333333336,17.926666,914.9708,36.968002,459.0,90.65277
48.0625,33.229166666666664,19.041666,906.998,39.644,453.0,88.25878
42.0625,37.020833333333336,19.600666,963.4037,39.172,524.0,86.024475
47.27083333333333,31.395833333333336,24.057,891.68677,38.476,160.0,99.21765
44.270833333333336,36.354166666666664,16.986666,1007.8629,39.568,823.0,97.786896
48.27083333333333,31.895833333333336,24.370333,923.61615,39.076,315.0,105.08638
46.52083333333333,30.3125,24.5315,874.5156,37.9,90.0,91.19803
47.39583333333333,32.270833333333336,24.332832,927.68744,39.908,271.0,100.25309
46.479166666666664,36.520833333333336,11.780001,954.3247,39.888,443.0,74.794464
46.354166666666664,30.645833333333336,24.3055,877.7612,37.424,89.0,94.434326
40.4375,32.1875,19.718166,877.7115,37.988,105.0,74.875626
47.479166666666664,31.854166666666668,24.197,900.5394,38.191998,231.0,101.16337
44.1875,36.020833333333336,19.811333,1014.7538,40.288,609.0,96.21038
47.354166666666664,28.729166666666668,25.399668,889.1273,38.556,146.0,85.3042
40.8125,34.354166666666664,20.535667,925.79504,38.14,128.0,81.7526
43.3125,36.5625,19.7665,1000.69684,40.031998,666.0,93.11362
39.6875,32.5625,18.648666,839.09735,37.004,116.0,74.92894
47.0625,36.479166666666664,9.969833,963.6701,40.264,381.0,72.446365
43.895833333333336,32.729166666666664,23.624666,979.51447,40.644,104.0,88.14744
40.1875,36.354166666666664,17.560333,954.8656,39.592,366.0,78.91358
44.604166666666664,35.270833333333336,22.2705,983.82935,39.856,378.0,97.72011
44.895833333333336,28.604166666666668,24.9935,937.4331,39.556,173.0,82.67331
44.354166666666664,36.395833333333336,17.196,1012.73254,39.356,842.0,97.765465
48.77083333333333,34.479166666666664,11.3865,876.5877,39.28,283.0,77.753044
42.770833333333336,33.5625,22.605333,972.44165,41.592,113.0,83.13424
46.604166666666664,29.0625,25.505167,831.6165,37.511997,163.0,84.20912
44.395833333333336,31.8125,24.250334,953.13477,39.244,77.0,81.804596
44.145833333333336,35.229166666666664,23.025166,924.3551,38.092003,268.0,94.32703
44.770833333333336,34.8125,22.883667,958.4916,39.396,311.0,98.55498
47.104166666666664,31.145833333333336,24.174,884.147,39.396,135.0,97.470955
44.645833333333336,28.645833333333336,24.7615,931.2617,39.399998,163.0,82.361435
46.0625,32.979166666666664,23.800833,938.7374,39.868,227.0,98.60961
46.729166666666664,34.354166666666664,14.267167,901.70074,40.396,530.0,84.74941
43.6875,29.3125,23.5215,930.0834,39.248,119.0,82.99223
48.77083333333333,36.0625,10.420333,945.15216,40.516,296.0,72.83893
39.895833333333336,34.0625,18.9825,877.00665,37.232,122.0,76.25895
46.604166666666664,37.1875,9.766833,970.70966,38.388,334.0,70.68887
42.3125,36.979166666666664,19.806833,972.77655,39.324,562.0,88.33198
47.0625,35.0625,11.549,966.19696,41.82,496.0,79.6957
43.770833333333336,36.854166666666664,17.598833,1006.3556,39.780003,868.0,96.18552
47.354166666666664,30.1875,24.553167,891.44525,38.435997,113.0,91.93958
43.395833333333336,32.9375,22.986,966.01013,41.412003,101.0,84.76951
41.520833333333336,30.979166666666668,22.7595,940.2566,39.948,76.0,79.58382
42.229166666666664,32.729166666666664,21.618,942.8957,40.5,85.0,77.78864
40.6875,32.979166666666664,19.613333,874.7523,37.868,111.0,75.81333
47.729166666666664,31.020833333333336,24.4055,889.03937,38.94,183.0,100.54183
44.604166666666664,31.5625,24.433334,934.8077,38.88,84.0,85.943954
44.645833333333336,33.8125,22.9355,909.59326,38.504,180.0,93.31338
42.3125,36.229166666666664,21.466167,997.3503,39.28,386.0,91.34175
46.02083333333333,31.604166666666668,24.3915,904.56116,38.052,130.0,100.75547
45.64583333333333,32.9375,23.895334,938.8648,39.736,183.0,97.76414
47.3125,32.6875,23.3395,930.72675,39.396,330.0,97.840355
47.77083333333333,33.604166666666664,16.0125,883.3521,39.38,450.0,83.92099
47.229166666666664,35.770833333333336,9.701,982.3452,41.18,421.0,75.698456
42.645833333333336,30.520833333333336,23.325167,940.9353,39.724,78.0,84.80518
48.604166666666664,34.9375,10.805333,938.30853,41.952003,313.0,74.35558
43.229166666666664,33.354166666666664,22.773,954.8328,42.16,113.0,88.69281
46.229166666666664,36.6875,11.947333,953.71906,39.463997,432.0,74.9881
48.64583333333333,36.3125,10.187167,929.6798,39.78,298.0,71.18282
45.89583333333333,36.6875,9.42,954.058,38.14,478.0,77.639244
44.229166666666664,29.270833333333336,24.094168,928.4401,39.008,126.0,82.11837
49.479166666666664,30.354166666666668,25.815666,909.04596,37.576,255.0,118.35486
46.354166666666664,36.645833333333336,10.955334,954.73065,39.328003,424.0,74.790726
41.895833333333336,34.979166666666664,21.243668,977.7263,38.980003,205.0,85.45713
47.979166666666664,37.5625,10.990833,858.4588,36.512,278.0,52.75094
43.5625,33.395833333333336,22.524666,932.6405,39.38,124.0,84.24115
40.104166666666664,35.9375,18.936333,959.5804,39.376,230.0,81.255035
40.895833333333336,37.604166666666664,15.521167,1009.8019,40.1,680.0,77.45037
45.270833333333336,29.854166666666668,24.708334,907.62177,38.216,110.0,88.95409
47.0625,30.9375,24.090666,864.0317,37.46,113.0,96.90843
48.14583333333333,30.3125,25.316166,904.0061,39.004,152.0,96.384254
45.479166666666664,32.645833333333336,23.973,934.60736,39.828,147.0,94.982376
45.229166666666664,28.6875,25.034,930.9079,39.064003,183.0,82.06585
45.354166666666664,34.770833333333336,21.733166,962.10315,39.224,435.0,97.219666
45.3125,36.104166666666664,13.002833,992.46216,38.940002,740.0,90.70471
42.645833333333336,31.395833333333336,22.948,936.7248,39.616,69.0,86.41334
42.9375,29.854166666666668,23.473,930.4178,39.548,94.0,82.886215
40.895833333333336,35.5625,19.982666,969.6516,38.823997,218.0,82.908134
40.479166666666664,36.1875,18.672333,953.29456,39.691998,281.0,80.01767
44.104166666666664,31.020833333333336,23.729,949.8851,39.08,82.0,94.413704
44.520833333333336,36.604166666666664,16.964333,1022.2797,39.66,809.0,95.09591
44.729166666666664,35.3125,21.466333,993.0721,39.896,447.0,98.39823
47.52083333333333,37.6875,7.4283333,913.6522,37.024002,309.0,63.8431
39.8125,37.1875,17.379333,949.1465,39.871998,469.0,81.20718
41.729166666666664,33.020833333333336,20.9095,938.2109,39.564,99.0,76.46135
48.229166666666664,31.270833333333336,24.669167,919.32074,38.920002,224.0,104.14611
46.39583333333333,30.354166666666668,24.487999,878.07684,38.04,90.0,91.19803
46.14583333333333,36.3125,10.607833,962.5359,40.387997,527.0,78.23348
43.1875,34.270833333333336,23.527834,896.3963,36.884,160.0,84.63211
47.479166666666664,32.1875,24.239,922.00543,39.336,269.0,101.53972
44.5625,31.729166666666668,23.8675,928.86145,37.395996,81.0,81.81555
43.395833333333336,33.354166666666664,22.419334,925.4808,38.812,119.0,84.45008
40.104166666666664,37.270833333333336,17.395166,976.2415,41.092,466.0,78.78522
46.4375,32.1875,24.4665,931.1899,39.812,169.0,95.42684
45.3125,37.1875,10.931833,948.9737,37.143997,380.0,72.937935
46.02083333333333,36.979166666666664,12.874667,912.6759,37.052002,395.0,73.698906
40.9375,34.6875,20.751167,942.859,38.188,141.0,82.94499
48.52083333333333,36.3125,10.525,919.8044,39.684,301.0,70.814964
44.270833333333336,34.9375,23.660667,934.2834,39.052,245.0,98.69834
45.4375,35.604166666666664,17.8725,1011.2148,39.776,789.0,94.653206
41.270833333333336,34.729166666666664,21.164333,959.0935,39.144,153.0,83.62199
48.89583333333333,31.020833333333336,25.5465,940.6972,39.600002,263.0,110.556114
42.5625,34.1875,22.317167,998.6356,40.692,154.0,82.81525
43.0625,34.1875,23.303,894.50604,35.996,145.0,82.15685
41.354166666666664,33.979166666666664,20.081833,948.0516,39.304005,141.0,81.44822
44.270833333333336,31.854166666666668,24.3345,967.8405,40.511997,66.0,82.84869
41.354166666666664,32.3125,20.9015,909.4499,39.172,91.0,75.4152
48.3125,34.354166666666664,10.006,891.31274,38.972,347.0,78.00763
43.395833333333336,29.895833333333336,23.434,934.1763,39.244,99.0,83.501945
39.854166666666664,36.104166666666664,18.738667,957.8304,39.712,252.0,80.07791
43.354166666666664,30.645833333333336,23.143333,944.3704,39.412003,89.0,96.71692
44.854166666666664,29.979166666666668,24.161833,918.7974,38.352,107.0,87.219955
39.979166666666664,33.520833333333336,18.393,851.2223,36.851997,129.0,76.821075
44.604166666666664,34.729166666666664,23.2805,945.4682,39.144,260.0,100.11593
43.979166666666664,33.520833333333336,22.99,941.4952,40.528,147.0,87.19424
45.64583333333333,35.4375,18.1275,1000.16187,40.276,818.0,94.623436
47.14583333333333,31.604166666666668,23.980167,899.3103,37.952003,177.0,97.88061
46.6875,29.3125,25.365667,838.9162,37.556,145.0,85.88619
42.979166666666664,36.854166666666664,18.8505,983.4092,38.144,788.0,92.263214
48.14583333333333,32.9375,20.011,918.53815,38.652,446.0,92.29549
48.0625,30.229166666666668,25.424,906.19934,39.184,140.0,95.23394
45.270833333333336,34.9375,19.593166,975.8005,39.284,563.0,96.355934
45.5625,31.1875,25.013166,903.57855,37.428,107.0,94.93398
45.145833333333336,32.979166666666664,23.484667,939.2352,39.916,166.0,95.67911
45.1875,29.854166666666668,24.529833,909.61676,38.219997,112.0,85.99828
43.0625,36.854166666666664,18.187834,988.7572,38.82,749.0,92.65069
48.77083333333333,31.3125,25.5245,944.2268,39.28,260.0,107.98929
45.64583333333333,33.5625,23.265,928.1899,39.46,258.0,98.66448
47.479166666666664,32.3125,24.117167,929.7667,39.947998,287.0,100.319244
44.0625,36.854166666666664,17.5155,1011.22656,39.772,791.0,96.42241
42.270833333333336,30.9375,23.456667,937.7732,39.932003,70.0,82.97898
45.854166666666664,29.3125,25.050167,886.90625,37.964,155.0,85.21222
45.0625,37.145833333333336,8.3635,982.9189,38.036,514.0,73.1387
48.729166666666664,36.270833333333336,10.062834,938.4585,39.852,296.0,72.24923
43.9375,29.979166666666668,23.526833,935.4536,39.143997,101.0,84.76951
45.145833333333336,36.270833333333336,17.562166,1005.58636,39.607998,740.0,95.67535
47.8125,35.5625,11.234,978.93054,42.503998,367.0,75.39294
47.479166666666664,33.770833333333336,17.278334,900.7869,40.076,453.0,85.2652
47.979166666666664,36.354166666666664,11.794667,931.172,39.756,319.0,70.86508
48.729166666666664,31.645833333333336,24.848167,923.91364,38.54,310.0,107.82111
46.52083333333333,35.354166666666664,12.288333,977.9912,40.904,656.0,85.55581
43.604166666666664,35.520833333333336,22.535833,939.68805,39.016,326.0,89.992485
45.6875,29.9375,24.596834,889.8522,37.652,108.0,90.15139
44.229166666666664,36.479166666666664,18.104666,1018.0157,40.232,802.0,98.25675
39.854166666666664,37.395833333333336,16.082333,993.33307,39.704002,586.0,76.181335
46.0625,29.6875,24.710333,872.08624,37.432003,119.0,89.109
42.354166666666664,34.270833333333336,21.585001,967.8135,36.476,134.0,79.59792
42.770833333333336,31.604166666666668,22.977667,940.0881,39.796,68.0,85.41343
42.604166666666664,34.645833333333336,22.813833,962.10706,39.452,187.0,84.947464
48.1875,32.3125,23.6895,925.33514,39.368,366.0,104.69192
43.4375,33.354166666666664,22.407333,925.5872,38.404003,124.0,84.82723
42.104166666666664,30.895833333333336,23.096334,937.54144,39.996,73.0,81.31353
44.6875,30.479166666666668,24.3855,928.3172,37.96,93.0,92.2206
45.479166666666664,28.9375,24.964666,915.7057,38.516,175.0,82.563545
45.8125,33.604166666666664,22.754333,927.72296,38.800003,293.0,97.915535
45.270833333333336,32.1875,24.056,930.1797,39.64,125.0,90.524864
45.5625,29.270833333333336,25.080833,905.2295,38.463997,158.0,84.26803
45.354166666666664,30.270833333333336,24.5555,904.9295,37.772,100.0,90.72221
41.604166666666664,31.229166666666668,22.575666,932.1206,39.68,75.0,78.4952
40.604166666666664,37.9375,15.628667,1027.805,42.276,598.0,75.716606
42.395833333333336,37.4375,15.551833,971.90393,37.612,759.0,78.606926
46.52083333333333,28.729166666666668,25.336834,873.4829,38.008,187.0,81.53214
43.770833333333336,36.9375,15.4715,999.18036,38.603996,868.0,92.96275
45.229166666666664,30.520833333333336,24.383,910.66943,37.508,101.0,92.96057
46.854166666666664,31.229166666666668,24.257833,890.07806,39.54,132.0,95.742714
41.729166666666664,31.854166666666668,21.9375,917.98126,39.452,74.0,78.44549
43.729166666666664,30.270833333333336,23.490166,942.44763,39.311996,95.0,91.16821
47.39583333333333,35.354166666666664,10.813833,959.59344,42.312,428.0,77.15061
40.895833333333336,37.5625,15.67,1002.4269,40.152,657.0,78.53041
46.6875,34.729166666666664,14.648,962.24976,41.028,585.0,85.02957
45.229166666666664,30.604166666666668,24.423334,911.967,37.56,99.0,94.37321
43.354166666666664,33.6875,22.644833,906.06006,37.784,135.0,84.986755
39.979166666666664,35.395833333333336,19.652,967.12946,39.384,161.0,82.15047
44.3125,33.520833333333336,22.618166,914.6233,38.940002,156.0,88.483406
45.104166666666664,32.3125,23.812334,935.5175,39.96,125.0,90.1388
46.27083333333333,36.229166666666664,11.371,961.21844,40.935997,535.0,77.67167
40.604166666666664,37.604166666666664,15.404,1027.4976,41.076,657.0,77.128624
41.9375,32.645833333333336,21.426167,931.0705,40.116,84.0,77.055176
42.270833333333336,30.020833333333336,22.981333,929.5363,39.488003,88.0,81.60214
44.770833333333336,34.020833333333336,23.204834,918.86957,38.724,204.0,95.169525
43.645833333333336,29.604166666666668,23.5485,931.8801,39.284,106.0,83.616516
40.4375,34.854166666666664,20.209667,952.84106,38.412,138.0,83.10344
45.89583333333333,33.604166666666664,21.592167,926.924,38.18,328.0,95.967125
48.1875,36.229166666666664,11.125667,933.20496,40.04,315.0,72.151695
40.729166666666664,37.645833333333336,15.7421665,1023.3884,40.795998,641.0,77.33903
41.145833333333336,34.895833333333336,21.209667,955.8767,38.436,153.0,83.736916
46.9375,34.395833333333336,14.263667,903.7161,40.776,502.0,84.38696
46.854166666666664,36.8125,6.6056666,964.6545,38.04,390.0,71.88448
43.229166666666664,34.395833333333336,24.243334,909.03516,38.82,166.0,86.038635
42.354166666666664,34.9375,22.295,967.1382,39.027996,202.0,86.03854
47.14583333333333,28.729166666666668,25.390167,879.4565,38.4,159.0,85.53582
43.0625,30.770833333333336,23.289833,942.74475,39.464,79.0,92.47167
43.895833333333336,30.895833333333336,23.520334,950.1545,39.107998,84.0,96.971176
44.979166666666664,29.645833333333336,24.4755,918.6362,38.628,119.0,84.45008
44.395833333333336,28.979166666666668,24.5035,928.64307,39.300003,141.0,83.48262
41.270833333333336,33.229166666666664,20.317,920.86487,38.888,110.0,76.86028
46.479166666666664,37.270833333333336,11.018666,985.377,39.18,325.0,70.72056
48.1875,35.895833333333336,11.933333,956.44586,41.62,328.0,73.67067
45.52083333333333,29.854166666666668,24.845333,896.14484,37.727997,108.0,88.31761
46.729166666666664,34.520833333333336,14.5564995,913.96655,40.736,546.0,85.06556
47.354166666666664,31.479166666666668,24.144,895.32275,38.115997,175.0,99.91898
47.9375,36.0625,11.5859995,964.45056,41.416,334.0,73.39075
47.979166666666664,34.604166666666664,12.204833,900.461,41.208,382.0,78.01662
47.1875,36.270833333333336,8.9915,973.83905,40.12,392.0,72.89295
43.6875,30.145833333333336,23.423834,939.9009,39.268,95.0,90.03238
46.229166666666664,33.770833333333336,15.4265,914.07544,36.476,499.0,86.9286
41.270833333333336,37.104166666666664,18.835833,964.68317,38.595997,476.0,81.61923
41.895833333333336,36.354166666666664,19.617,1004.75146,36.96,468.0,86.62878
42.6875,35.0625,23.118666,941.0514,38.328,229.0,88.09091
40.4375,33.895833333333336,19.463667,889.80444,37.843998,123.0,77.96514
46.9375,36.354166666666664,8.85,970.0344,39.668,405.0,72.95688
47.02083333333333,33.3125,18.521166,932.43976,39.16,419.0,87.63134
39.770833333333336,36.729166666666664,18.1085,947.8222,40.084,354.0,78.88079
47.8125,34.270833333333336,11.129666,900.93805,40.136,404.0,79.45039
47.89583333333333,36.145833333333336,11.991333,957.5995,41.252003,334.0,73.0173
45.229166666666664,30.3125,24.466,910.1077,37.843998,100.0,90.72221
44.645833333333336,33.6875,23.008167,920.7912,39.228,179.0,92.81968
48.104166666666664,30.020833333333336,25.255417,876.03754,37.35,136.0,93.87936
44.645833333333336,34.145833333333336,23.504833,936.944,39.795998,212.0,96.842545
39.479166666666664,33.229166666666664,18.106167,825.531,36.52,120.0,76.158714
40.145833333333336,37.604166666666664,15.339833,1032.532,41.171997,599.0,75.901115
42.895833333333336,36.770833333333336,19.802334,984.62756,39.196,830.0,91.588844
46.979166666666664,32.979166666666664,21.122334,937.0963,39.732,353.0,90.813095
41.020833333333336,31.604166666666668,21.24,917.81647,39.092,91.0,76.55197
45.89583333333333,29.0625,25.1295,896.65247,38.424,168.0,82.92628
45.77083333333333,36.979166666666664,12.776167,926.7048,37.039997,407.0,73.510185
47.27083333333333,32.604166666666664,23.738167,934.2974,40.003998,304.0,97.91195
48.229166666666664,28.729166666666668,25.918667,865.9351,37.884003,101.0,93.18088
47.14583333333333,36.5625,8.185667,966.8142,39.292,367.0,72.73504
47.27083333333333,33.270833333333336,20.2245,929.529,39.86,407.0,89.34341
47.5625,32.4375,23.907,934.8292,40.036003,311.0,99.84517
42.645833333333336,34.354166666666664,22.509832,979.3097,40.132,158.0,83.512085
48.479166666666664,34.145833333333336,11.425667,857.9973,38.772,325.0,79.65818
46.8125,33.8125,14.8885,905.7234,38.684002,479.0,84.69095
41.770833333333336,33.6875,20.5415,971.9894,40.028,124.0,80.635254
46.39583333333333,30.229166666666668,24.630667,872.1941,37.576,93.0,90.268616
43.645833333333336,37.770833333333336,3.5666666,952.03064,36.652,637.0,60.407547
45.479166666666664,37.395833333333336,11.6025,912.73425,33.76,323.0,68.26435
45.9375,28.9375,25.1045,899.7698,38.28,184.0,81.8226
43.729166666666664,32.104166666666664,23.513,978.349,40.56,77.0,87.0887
44.5625,35.395833333333336,21.805,992.02905,39.788002,420.0,97.29795
47.64583333333333,32.3125,24.206167,933.15015,40.096,304.0,101.50145
46.0625,35.5625,12.361834,963.06085,39.248,853.0,91.22464
42.145833333333336,37.354166666666664,19.078,956.92926,38.344,663.0,83.2304
47.1875,28.8125,25.375334,879.5954,38.424,153.0,85.947235
42.145833333333336,36.0625,21.614666,998.2481,38.892002,344.0,90.4515
40.604166666666664,31.5625,20.714,903.21295,38.531998,93.0,74.88271
47.6875,30.8125,24.383999,889.7238,38.339996,153.0,97.97346
45.854166666666664,36.9375,13.0615,949.70905,38.140003,410.0,75.1548
47.02083333333333,36.854166666666664,6.6213336,954.66327,37.944,370.0,70.3557
42.895833333333336,34.479166666666664,23.634,937.267,39.288002,159.0,85.168655
45.229166666666664,36.854166666666664,10.576333,977.75354,38.416,494.0,77.2835
42.6875,34.854166666666664,23.167334,942.0832,38.632,209.0,87.07685
45.4375,30.270833333333336,24.471167,901.08936,37.604004,100.0,91.29556
46.729166666666664,34.4375,14.396333,908.0371,40.472,538.0,85.09769
45.9375,30.520833333333336,24.487667,882.1896,36.996002,90.0,95.37924
47.14583333333333,33.0625,18.608,923.4446,38.752,404.0,88.09212
42.3125,32.104166666666664,22.304167,916.9264,39.628,68.0,81.491776
43.854166666666664,29.729166666666668,23.631334,935.76135,39.204,106.0,83.504
42.9375,32.8125,22.3875,959.3563,40.712,91.0,81.84917
40.4375,33.354166666666664,18.899,864.01465,37.528,124.0,76.95241
47.52083333333333,35.895833333333336,9.672334,983.15894,41.196,372.0,74.75101
42.395833333333336,33.979166666666664,22.091167,1024.4093,40.948,128.0,80.76627
46.89583333333333,29.229166666666668,25.288166,845.25964,37.576,149.0,85.4241
44.395833333333336,31.4375,24.087667,954.67426,39.592,81.0,86.841156
40.4375,34.6875,20.12,940.77386,38.028,134.0,80.67086
40.645833333333336,37.0625,17.720333,949.0497,40.156,438.0,79.36312
43.895833333333336,36.9375,14.3415,998.0521,37.732,814.0,88.9318
47.02083333333333,28.9375,25.377832,862.47186,38.164,154.0,84.743195
47.979166666666664,33.270833333333336,19.699167,912.026,39.68,451.0,89.49933
42.9375,30.8125,23.336666,942.99194,39.628,77.0,89.15174
45.395833333333336,29.979166666666668,24.691833,902.79193,37.907997,106.0,88.743904
44.229166666666664,33.145833333333336,22.650667,934.4208,39.892002,141.0,88.046936
46.729166666666664,30.3125,24.495333,873.18896,37.704,94.0,91.44089
45.854166666666664,36.354166666666664,11.576667,976.2291,39.944,584.0,81.52988
43.145833333333336,31.0625,23.196333,946.86743,39.708,78.0,92.98637
42.5625,31.020833333333336,23.091667,938.0636,39.544,72.0,86.146095
45.3125,31.604166666666668,24.643833,916.5566,38.440002,123.0,93.92788
48.27083333333333,29.979166666666668,25.39375,866.5574,37.1,141.0,96.35632
47.9375,37.3125,10.7751665,866.7715,36.788002,278.0,57.087456
45.145833333333336,29.9375,24.440166,910.46265,38.163998,109.0,87.73646
40.854166666666664,35.895833333333336,19.723167,963.6375,38.708,250.0,81.20358
41.270833333333336,33.5625,20.290167,932.0801,38.784,122.0,80.08279
40.1875,36.104166666666664,18.621334,951.9405,39.592003,266.0,80.66775
39.854166666666664,33.854166666666664,18.722,861.83417,37.107998,125.0,75.944305
40.729166666666664,36.645833333333336,18.338333,948.4565,40.112,329.0,79.52058
48.02083333333333,28.6875,25.612667,882.75916,38.392002,105.0,89.533554
45.6875,34.354166666666664,20.878666,919.8139,38.260002,435.0,95.2384
42.395833333333336,36.5625,20.538166,997.7922,38.972,454.0,92.06329
45.854166666666664,32.5625,24.212667,935.8856,39.5,153.0,96.390144
48.6875,35.6875,10.1705,955.69556,41.628,307.0,73.81025
39.854166666666664,37.4375,15.752666,995.74994,39.524002,607.0,75.90779
42.4375,33.354166666666664,21.599833,975.65906,40.836,106.0,80.17244
42.645833333333336,31.0625,23.089666,938.7491,39.600002,72.0,86.146095
48.979166666666664,34.854166666666664,11.907833,944.85114,42.024,299.0,74.428795
44.854166666666664,29.645833333333336,24.388666,921.42676,38.708,119.0,84.45008
45.020833333333336,30.8125,24.440166,921.15314,37.896,99.0,93.5818
48.39583333333333,30.8125,25.091167,918.34247,38.620003,200.0,102.26725
47.77083333333333,35.1875,10.575833,949.1367,41.864,380.0,74.897224
42.104166666666664,30.229166666666668,23.169,930.60114,39.596,81.0,80.88528
45.5625,31.645833333333336,24.737501,922.4601,39.22,120.0,95.109566
47.64583333333333,33.354166666666664,16.559334,898.451,39.252003,444.0,85.47201
41.979166666666664,37.9375,15.557834,989.66455,38.532,759.0,72.17167
48.52083333333333,34.229166666666664,11.2205,877.91064,39.219997,312.0,79.24699
43.770833333333336,34.104166666666664,23.820333,916.37415,39.428,157.0,84.90848
46.6875,36.229166666666664,9.742,957.1981,39.635998,455.0,75.26327
40.020833333333336,33.854166666666664,19.1075,871.84,37.244003,124.0,75.933945
48.229166666666664,35.9375,12.039667,953.4174,41.608,323.0,73.40238
45.479166666666664,31.0625,25.103834,904.6246,38.136,102.0,94.31058
43.1875,36.645833333333336,19.880833,995.1772,40.32,701.0,92.541466
41.020833333333336,31.979166666666668,20.831667,905.6414,38.932003,92.0,73.690834
47.39583333333333,35.145833333333336,10.7508335,963.3903,42.492,433.0,77.497086
46.3125,29.395833333333336,24.9445,857.35693,37.6,141.0,84.61373
42.854166666666664,37.229166666666664,15.371333,975.528,37.559998,785.0,82.72827
48.77083333333333,33.395833333333336,12.476167,914.8758,39.488,350.0,82.97332
46.64583333333333,30.479166666666668,24.413834,874.9331,37.572,91.0,93.39676
42.104166666666664,32.479166666666664,21.812,928.9039,40.068,83.0,78.69241
49.3125,30.270833333333336,25.824833,887.8466,36.536,222.0,114.99286
45.77083333333333,37.645833333333336,12.569667,957.4223,36.107998,288.0,63.95453
45.604166666666664,32.979166666666664,23.8475,937.28894,39.559998,183.0,97.76414
43.895833333333336,29.020833333333336,23.845833,928.91254,39.451996,132.0,83.711266
46.52083333333333,29.770833333333336,24.690832,857.5868,37.415997,124.0,91.41335
48.104166666666664,33.270833333333336,15.263166,883.7758,39.068,423.0,84.521454
46.02083333333333,30.395833333333336,24.514666,880.0915,37.332,89.0,92.51227
43.1875,30.354166666666668,23.737333,942.7065,39.799995,84.0,89.82306
47.0625,28.895833333333336,25.3755,868.46906,38.2,156.0,85.062454
46.479166666666664,34.6875,13.608666,959.9601,40.716,619.0,86.38132
45.3125,31.104166666666668,25.107,911.90466,38.44,108.0,95.15537
45.270833333333336,30.145833333333336,24.502832,908.02844,37.879997,103.0,89.924065
48.52083333333333,32.6875,23.064667,933.1613,39.008003,430.0,100.514725
46.4375,37.520833333333336,8.161333,999.4491,38.524002,334.0,68.902824
47.6875,29.604166666666668,25.3515,918.9331,39.940002,106.0,89.90171
41.395833333333336,32.5625,20.882334,911.58374,38.612,95.0,74.462
47.3125,37.0625,10.6055,942.19855,38.816,297.0,65.19657
41.270833333333336,33.104166666666664,20.406334,917.4471,39.164,108.0,76.27701
44.270833333333336,36.395833333333336,17.650833,1013.2797,39.767998,843.0,98.731316
42.604166666666664,30.3125,23.136667,935.6709,39.480003,83.0,82.82351
44.270833333333336,29.854166666666668,23.713501,930.9128,38.912,107.0,84.52872
41.6875,31.270833333333336,22.684166,930.59235,39.708,74.0,79.78781
44.229166666666664,33.645833333333336,22.806168,912.1625,38.940002,153.0,87.38973
44.145833333333336,35.770833333333336,21.201834,997.2257,39.924,439.0,90.19102
45.4375,33.604166666666664,23.2565,931.45776,39.752003,245.0,99.73711
45.270833333333336,31.895833333333336,24.224333,921.64,39.14,122.0,89.37567
44.8125,29.1875,24.72,927.5129,39.2,146.0,82.618576
39.270833333333336,33.354166666666664,17.928667,818.72784,35.944,111.0,74.19826
44.8125,31.6875,24.340166,931.4923,39.156002,93.0,85.40203
40.145833333333336,36.104166666666664,18.5945,952.6163,39.6,268.0,80.62143
42.729166666666664,30.9375,23.347668,940.82,39.736,73.0,87.33012
40.645833333333336,34.6875,20.354166,943.1384,38.1,140.0,81.51332
47.0625,29.895833333333336,24.918167,878.49615,38.475998,116.0,91.09888
43.1875,32.145833333333336,22.9125,959.3173,40.588,74.0,84.31782
48.6875,33.854166666666664,12.470166,866.804,37.94,339.0,80.37824
43.729166666666664,36.520833333333336,19.562666,1012.3123,41.252003,661.0,95.62702
40.145833333333336,35.354166666666664,19.863667,955.77155,37.82,152.0,79.87064
46.604166666666664,37.145833333333336,9.301833,975.95605,38.776,341.0,70.900185
45.229166666666664,33.604166666666664,23.286167,934.82947,39.76,218.0,98.53786
40.8125,34.770833333333336,20.557833,931.7196,37.608,143.0,83.34779
45.4375,37.354166666666664,11.458,902.38043,33.004,327.0,69.220184
47.729166666666664,35.0625,7.9379997,961.805,40.604,401.0,76.53853
44.354166666666664,29.854166666666668,23.823668,931.29565,38.8,107.0,85.290825
39.729166666666664,35.229166666666664,19.261667,953.16425,38.640003,156.0,80.52472
44.0625,34.854166666666664,23.876,910.23865,38.211998,230.0,95.44845
45.020833333333336,33.4375,23.227833,936.63904,39.916,197.0,97.23723
46.854166666666664,35.020833333333336,9.6375,961.05505,39.739998,526.0,81.148094
43.479166666666664,32.645833333333336,23.313833,946.70746,38.94,87.0,82.06777
41.520833333333336,35.479166666666664,20.930166,980.8265,38.576,237.0,86.359726
47.64583333333333,34.145833333333336,12.261666,895.964,40.420002,421.0,80.34309
40.6875,34.729166666666664,20.5105,940.50146,38.148,144.0,81.80324
49.479166666666664,33.354166666666664,12.707666,951.8861,41.296,278.0,82.86826
43.0625,29.854166666666668,23.649666,930.9373,39.572,95.0,83.44111
47.729166666666664,34.229166666666664,12.069167,896.6899,40.636,414.0,79.62419
41.354166666666664,35.645833333333336,20.860332,978.8307,38.512,238.0,85.10135
46.14583333333333,35.1875,14.7615,962.27655,39.780003,822.0,91.352745
41.0625,31.729166666666668,21.021,914.3519,39.039997,91.0,76.55197
45.479166666666664,34.6875,22.023834,950.21313,39.084,427.0,95.80649
47.854166666666664,32.104166666666664,24.033667,929.34546,40.216,305.0,102.956924
46.27083333333333,30.270833333333336,24.486166,871.82745,36.932,94.0,91.69536
49.479166666666664,31.520833333333336,25.291666,953.5552,39.736,358.0,109.47684
42.895833333333336,30.3125,23.4165,937.9661,39.392002,84.0,86.60254
41.979166666666664,34.770833333333336,21.263,979.4114,39.2,193.0,84.32883
47.1875,32.854166666666664,21.158167,928.3813,39.456,359.0,91.915504
47.0625,31.520833333333336,23.9885,891.7426,37.856,165.0,97.91112
45.4375,28.5625,25.230833,933.2472,39.032,199.0,80.774254
46.8125,34.3125,14.258,899.13196,40.524,513.0,84.338745
48.14583333333333,34.5625,12.0995,897.5312,40.844,356.0,77.39558
48.729166666666664,32.604166666666664,21.4225,932.41394,39.356,430.0,98.07861
43.229166666666664,34.9375,24.718834,866.2021,37.108,216.0,90.6064
46.8125,33.270833333333336,17.310667,925.3938,38.24,426.0,86.744
48.229166666666664,33.1875,16.394833,887.4743,39.191998,423.0,86.535545
40.395833333333336,37.6875,15.818334,1033.2893,41.851997,559.0,76.38275
41.4375,30.895833333333336,22.701,941.50464,39.832,78.0,80.100945
46.229166666666664,28.604166666666668,25.248833,906.99646,38.583996,218.0,80.02234
45.1875,37.0625,10.405,944.44305,37.564,439.0,74.028435
42.895833333333336,29.6875,23.339666,928.1582,39.364,98.0,81.87877
47.854166666666664,36.3125,10.521833,952.86523,40.168,323.0,72.038925
45.145833333333336,28.8125,24.928167,928.31995,39.056,171.0,82.43088
40.895833333333336,35.229166666666664,20.549168,966.00336,38.924,179.0,84.69327
46.77083333333333,32.6875,24.011833,935.6727,40.064,257.0,96.73872
46.52083333333333,36.854166666666664,11.466,961.88873,39.488,378.0,72.86646
43.770833333333336,34.0625,23.752666,919.3282,39.624,156.0,85.82244
40.145833333333336,33.1875,18.586,843.986,37.036,123.0,76.38287
45.854166666666664,31.5625,24.5425,909.93933,38.256,126.0,97.714035
47.3125,34.645833333333336,12.595834,930.50604,41.42,456.0,80.25421
47.4375,31.479166666666668,24.095667,892.57385,38.304,188.0,98.43503
45.479166666666664,34.770833333333336,21.884,952.5278,38.86,439.0,96.11888
47.27083333333333,30.020833333333336,24.738832,890.5342,38.62,111.0,91.05823
47.479166666666664,29.854166666666668,24.923,899.6893,38.964,108.0,90.15139
48.64583333333333,35.520833333333336,9.274167,978.3951,41.752,310.0,73.42197
47.104166666666664,33.895833333333336,15.919167,902.34064,39.804,463.0,84.95375
44.020833333333336,33.604166666666664,23.152834,942.0645,40.652,150.0,87.217735
46.229166666666664,33.854166666666664,16.752666,906.8554,37.264,477.0,88.56096
40.729166666666664,35.1875,20.272833,966.1505,38.92,172.0,82.93051
43.729166666666664,29.729166666666668,23.632666,936.0898,39.356,103.0,82.098274
49.354166666666664,31.520833333333336,25.923666,959.5998,40.104,345.0,110.55916
42.854166666666664,36.479166666666664,20.7375,991.5988,38.768,602.0,91.971275
48.604166666666664,30.354166666666668,25.399166,884.31036,36.676,179.0,103.87528
40.770833333333336,31.4375,20.976667,913.6023,38.736,93.0,75.98457
47.104166666666664,30.4375,24.368834,884.7907,38.2,100.0,95.21239
46.52083333333333,33.270833333333336,18.438166,934.10913,37.747997,402.0,88.147316
40.3125,37.1875,17.500166,959.6356,41.144,436.0,79.174194
47.229166666666664,28.979166666666668,25.4145,881.33136,38.780003,144.0,85.09084
40.979166666666664,34.0625,20.089333,926.80835,38.584,129.0,79.1847
46.479166666666664,35.229166666666664,13.459666,976.66595,40.676,693.0,87.20394
47.64583333333333,37.4375,11.867001,898.85443,38.032,290.0,57.352676
44.895833333333336,34.604166666666664,23.154667,954.1412,39.572002,280.0,99.27147
41.770833333333336,36.145833333333336,21.007334,1003.15063,38.62,353.0,87.03395
47.979166666666664,37.604166666666664,10.066333,868.21674,36.635998,277.0,52.446354
43.104166666666664,34.270833333333336,23.127333,858.0954,33.503998,139.0,80.93473
42.854166666666664,29.479166666666668,23.186834,924.7169,39.208,105.0,82.414696
47.6875,36.729166666666664,11.918333,905.027,37.859997,315.0,68.02952
46.02083333333333,33.645833333333336,20.166334,924.57666,38.184002,385.0,93.51607
46.9375,32.395833333333336,24.240334,929.08453,39.668,233.0,98.28055
49.0625,31.354166666666668,25.867,950.73773,39.940002,296.0,110.73978
45.604166666666664,37.0625,12.771833,942.8418,37.107998,390.0,72.289024
45.854166666666664,31.895833333333336,24.502167,923.9603,39.172,130.0,97.34718
46.27083333333333,29.9375,24.544,867.8677,37.204002,106.0,90.2149
42.270833333333336,31.020833333333336,23.3585,936.89404,39.904,70.0,82.97898
40.604166666666664,36.229166666666664,18.770334,957.4949,39.76,280.0,81.239815
44.4375,36.895833333333336,15.420667,1029.1255,40.952,721.0,89.65846
46.604166666666664,34.5625,14.6245,929.10913,40.736,577.0,85.61928
44.020833333333336,32.9375,23.353834,975.2188,41.488003,116.0,89.14843
47.27083333333333,29.354166666666668,25.2385,883.4161,38.819996,128.0,88.876724
41.145833333333336,36.9375,19.221333,970.0224,39.996,403.0,81.93866
43.520833333333336,37.520833333333336,10.037833,1015.07745,37.888,720.0,71.84267
44.229166666666664,37.020833333333336,13.58,1003.7538,38.42,716.0,85.88798
44.145833333333336,31.895833333333336,24.148167,974.72955,40.652,68.0,88.702774
47.77083333333333,37.104166666666664,12.289667,887.25006,37.396,308.0,62.368042
41.395833333333336,32.3125,20.941666,910.48914,39.332,90.0,77.309265
43.354166666666664,30.270833333333336,23.582,942.21155,39.579998,91.0,91.25838
42.8125,37.6875,12.129167,968.4789,37.955997,776.0,72.570595
44.520833333333336,30.6875,24.119833,934.0907,38.396,90.0,92.43142
41.395833333333336,31.479166666666668,22.186167,926.18756,39.436,80.0,78.916885
42.895833333333336,36.1875,21.056667,992.151,39.783997,450.0,91.07086
48.39583333333333,34.479166666666664,11.270667,881.473,39.928,323.0,77.57456
47.979166666666664,33.020833333333336,20.540333,921.86237,39.712,439.0,92.09758
43.020833333333336,30.270833333333336,23.615,938.19507,39.424,84.0,86.60254
40.354166666666664,35.6875,19.404667,964.76044,38.88,209.0,80.785736
42.770833333333336,35.0625,23.423166,930.70215,38.292,224.0,87.62445
41.895833333333336,34.9375,21.104666,976.9327,38.912003,206.0,85.8829
44.979166666666664,33.645833333333336,23.254,933.32104,39.884,205.0,96.83402
43.270833333333336,37.479166666666664,8.902166,985.2563,37.044,740.0,70.68703
39.9375,35.854166666666664,19.052,957.8396,39.152,213.0,81.23889
48.1875,34.9375,9.2855,942.8769,41.176,341.0,75.64593
43.3125,29.229166666666668,23.255667,926.5454,39.084,121.0,83.00202
40.520833333333336,35.229166666666664,20.162666,959.4995,38.623997,165.0,81.10516
43.104166666666664,36.395833333333336,20.726,972.29254,37.672,502.0,91.01974
41.520833333333336,30.9375,22.781834,939.7951,39.836,76.0,79.58382
43.0625,32.6875,22.639668,960.2981,40.616,83.0,83.86772
41.229166666666664,36.770833333333336,19.397501,963.17236,39.336002,379.0,82.84335
41.979166666666664,37.270833333333336,18.254833,975.9984,38.244003,639.0,81.64548
44.729166666666664,36.4375,12.785666,1000.017,38.095997,740.0,87.87886
48.729166666666664,33.6875,13.037666,892.24036,38.984,343.0,82.28947
46.4375,34.4375,13.593,922.99866,39.492,584.0,86.70408
48.0625,37.0625,12.073167,866.30023,37.58,287.0,61.90257
46.02083333333333,36.1875,10.436167,973.63293,40.1,604.0,81.2993
41.520833333333336,34.479166666666664,21.346,970.28815,39.204002,150.0,83.23788
46.64583333333333,37.104166666666664,8.695666,980.25745,38.88,340.0,70.75715
44.979166666666664,30.645833333333336,24.397667,920.63403,37.808,96.0,94.874245
40.520833333333336,36.104166666666664,18.881834,954.81775,39.516,262.0,81.01024
41.229166666666664,37.729166666666664,16.822332,1001.9555,40.252,623.0,77.17365
45.104166666666664,32.479166666666664,23.746166,938.7664,39.936,133.0,91.984215
42.770833333333336,35.395833333333336,22.953167,944.7447,38.1,270.0,89.04799
43.520833333333336,36.270833333333336,20.329166,1004.6809,40.36,519.0,92.12584
43.8125,34.104166666666664,23.770834,914.3294,39.268,155.0,84.1033
44.0625,33.1875,22.579166,932.9242,39.76,134.0,86.759735
42.770833333333336,34.020833333333336,22.639833,979.47925,40.907997,135.0,81.9382
42.604166666666664,36.104166666666664,21.673,988.9705,39.404,386.0,91.52252
48.64583333333333,35.104166666666664,11.0130005,977.54694,43.676003,327.0,72.76624
42.5625,37.4375,14.531333,971.51953,37.58,779.0,78.29771
43.854166666666664,34.020833333333336,23.467001,903.8647,38.892002,151.0,83.73115
48.1875,30.229166666666668,25.492,903.65753,39.511997,149.0,96.00206
47.0625,31.145833333333336,24.102333,881.7883,39.232,130.0,97.01315
46.5625,34.020833333333336,14.215834,886.94214,38.064003,510.0,86.01232
44.645833333333336,31.229166666666668,24.224167,938.7687,38.288,90.0,91.05996
45.270833333333336,34.0625,22.974499,938.34296,39.3,271.0,97.67653
47.89583333333333,37.145833333333336,12.222,882.31866,37.908,292.0,61.298897
41.895833333333336,30.645833333333336,23.039833,936.1741,39.9,75.0,80.66849
46.104166666666664,31.145833333333336,24.157,889.30206,37.764,112.0,90.34353
45.77083333333333,28.770833333333336,25.1585,918.24774,38.632,206.0,82.0109
45.5625,31.6875,24.675,924.49414,39.219997,121.0,94.50873
44.3125,32.729166666666664,23.299334,948.44073,39.36,121.0,93.24741
46.27083333333333,31.729166666666668,24.327333,911.9598,38.752,144.0,98.99984
42.104166666666664,30.604166666666668,23.086334,936.4692,39.976,77.0,80.992455
46.854166666666664,33.104166666666664,20.1195,931.88385,39.264,369.0,89.74117
46.6875,36.145833333333336,9.707666,957.14,39.816,472.0,76.384224
41.354166666666664,37.895833333333336,16.585667,991.39886,40.648,639.0,75.45179
41.854166666666664,37.979166666666664,17.024834,994.18994,39.892,650.0,73.509285
42.145833333333336,34.895833333333336,21.777332,974.9857,39.12,198.0,84.9839
46.27083333333333,37.395833333333336,12.6995,964.8936,37.388,323.0,70.51695
46.4375,31.104166666666668,24.065166,882.6871,37.84,109.0,90.14913
40.6875,32.479166666666664,19.837334,878.8256,38.140003,107.0,75.2729
41.9375,32.770833333333336,21.237167,934.5695,40.06,90.0,78.76045
45.8125,33.354166666666664,23.416834,929.85315,39.28,242.0,97.984695
39.4375,34.1875,18.326834,868.07697,36.843998,118.0,74.870514
40.1875,35.270833333333336,19.987,966.48676,38.808,152.0,80.65896
47.4375,36.5625,8.4955,955.64185,38.876,344.0,68.860916
40.270833333333336,33.645833333333336,19.293,872.62274,37.256,118.0,77.21344
45.979166666666664,36.8125,12.239834,949.9197,38.684002,433.0,75.60587
42.604166666666664,35.645833333333336,22.343334,967.99164,38.44,305.0,89.67489
49.104166666666664,31.895833333333336,25.047,949.77435,39.516003,399.0,107.724785
46.229166666666664,34.729166666666664,13.579667,945.96484,39.116,673.0,88.40117
47.854166666666664,36.604166666666664,11.570167,904.9073,38.455997,311.0,69.51275
40.770833333333336,33.354166666666664,19.724167,887.924,38.084003,118.0,78.80222
45.729166666666664,35.020833333333336,18.942167,968.7007,38.628002,693.0,93.922134
47.77083333333333,31.270833333333336,24.233166,893.58136,38.532,189.0,100.45362
46.729166666666664,37.0625,8.514833,976.944,38.952,355.0,71.710754
46.0625,31.854166666666668,24.503666,919.668,38.844,138.0,104.8358
46.5625,28.729166666666668,25.344166,871.2714,38.0,183.0,81.13769
39.9375,34.4375,19.206833,904.9354,37.54,121.0,76.796196
47.5625,35.520833333333336,10.5251665,978.56744,42.252,396.0,75.37262
41.979166666666664,35.729166666666664,21.803167,989.05774,38.484,287.0,88.268745
45.6875,32.9375,23.884167,939.18176,39.856,185.0,97.685196
45.9375,33.9375,19.332666,914.2526,37.392,427.0,93.50291
41.1875,34.8125,21.297333,960.67725,38.699997,151.0,83.08133
43.770833333333336,33.0625,23.047667,970.33734,41.26,116.0,87.06262
49.104166666666664,30.270833333333336,25.480833,867.2755,35.616,215.0,111.491806
41.145833333333336,37.520833333333336,15.277,996.634,40.288002,739.0,76.88954
46.27083333333333,33.604166666666664,18.333334,926.4163,37.32,430.0,88.76876
40.5625,37.729166666666664,15.874,1012.988,41.843998,569.0,76.6933
45.354166666666664,34.104166666666664,22.705334,938.99524,39.032,295.0,97.33475
45.104166666666664,32.229166666666664,23.805834,926.6001,39.4,122.0,88.80283
39.479166666666664,34.8125,19.494,919.71924,37.516,115.0,77.02206
43.604166666666664,31.229166666666668,23.147333,954.4377,39.656,79.0,91.612915
44.020833333333336,34.729166666666664,24.3545,899.83215,38.236,211.0,94.78571
42.8125,33.4375,22.659834,965.2435,41.2,106.0,81.6827
43.354166666666664,31.9375,23.005667,962.02673,40.368,71.0,86.188416
40.645833333333336,33.3125,19.5355,876.9263,37.924,118.0,78.30919
43.854166666666664,37.9375,3.6715,942.1782,36.036,585.0,56.78897
41.8125,32.020833333333336,21.843834,916.54736,39.244,72.0,76.56833
45.52083333333333,35.8125,15.0215,992.7818,39.608,831.0,95.02076
39.8125,35.479166666666664,19.238,952.1177,38.556,171.0,79.73105
48.64583333333333,30.104166666666668,25.706667,862.1447,37.18,167.0,103.20374
43.729166666666664,32.645833333333336,23.170834,948.83093,37.739998,95.0,84.53026
42.354166666666664,34.020833333333336,21.992332,1028.4264,40.888,135.0,80.370575
44.229166666666664,36.0625,19.1925,1016.3182,40.267998,687.0,97.66669
42.5625,32.9375,21.729834,957.39905,40.524002,95.0,82.19857
47.479166666666664,36.3125,8.471833,963.90326,39.544,357.0,72.79859
47.6875,34.1875,12.068334,901.0246,40.524,417.0,80.04751
43.729166666666664,30.8125,23.5685,948.42633,39.288,88.0,99.39453
45.0625,29.979166666666668,24.302666,912.70337,38.160004,108.0,87.69783
44.145833333333336,29.729166666666668,23.669834,932.798,39.064,110.0,83.86477
46.979166666666664,30.020833333333336,24.688,874.8212,38.22,112.0,91.65337
47.979166666666664,30.8125,24.703833,905.68097,39.024,176.0,99.15898
40.8125,36.354166666666664,18.520166,941.706,38.248,290.0,81.20031
41.520833333333336,34.645833333333336,20.8545,966.3754,39.116,177.0,83.53819
48.979166666666664,30.395833333333336,25.324219,870.4001,35.306248,209.0,109.12562
47.14583333333333,34.229166666666664,13.331167,920.18756,40.68,474.0,82.40809
42.520833333333336,36.395833333333336,20.6745,997.3846,38.516003,487.0,92.318375
49.479166666666664,32.6875,11.678833,927.5778,38.843998,321.0,85.098404
43.270833333333336,29.5625,23.311333,930.2987,39.312,106.0,83.728874
46.4375,36.770833333333336,12.510834,939.445,39.012,409.0,73.20134
49.479166666666664,31.020833333333336,26.1215,954.7683,39.032,298.0,115.656906
42.604166666666664,29.520833333333336,23.046333,923.5129,39.148,100.0,81.64019
44.604166666666664,32.3125,23.608,940.4992,39.412,104.0,88.587814
42.3125,34.604166666666664,21.866,985.9334,39.776,179.0,84.2685
45.8125,37.4375,12.5515,935.15466,35.148,312.0,67.77971
45.5625,28.5625,25.287,932.05756,39.067997,202.0,81.28937
47.8125,37.604166666666664,10.905666,881.80273,37.476,284.0,54.124645
44.0625,36.4375,19.103,1018.62946,40.736,727.0,97.469444
47.479166666666664,36.5625,9.6050005,949.40826,39.336,345.0,69.14194
45.8125,36.4375,11.646,974.33734,39.636,560.0,80.18734
44.8125,35.104166666666664,21.502167,985.07825,39.664,419.0,98.06745
40.1875,37.1875,17.509333,955.18915,41.068,435.0,79.09322
41.895833333333336,31.8125,22.214167,918.58746,39.64,69.0,78.16961
39.5625,36.895833333333336,18.145666,976.44684,40.476,390.0,81.05803
44.3125,29.895833333333336,23.7825,931.8004,38.819996,107.0,85.290825
45.479166666666664,31.895833333333336,24.356167,922.7338,38.979996,123.0,92.23013
41.020833333333336,32.6875,20.214333,893.612,38.579998,102.0,75.30681
40.270833333333336,36.145833333333336,18.576166,950.8444,39.544,277.0,80.38765
48.52083333333333,32.895833333333336,17.895666,900.9544,38.156,428.0,89.818245
41.604166666666664,36.0625,20.821833,993.61847,38.64,328.0,86.04994
47.39583333333333,34.520833333333336,13.194333,921.26154,40.24,456.0,80.936485
44.104166666666664,34.854166666666664,24.0145,914.13367,38.42,227.0,96.16218
40.270833333333336,35.3125,19.869333,954.2571,38.192,158.0,81.81336
47.39583333333333,34.104166666666664,13.1875,910.0797,39.756,450.0,82.02126
44.104166666666664,32.1875,23.927668,986.26465,40.399998,79.0,89.164406
43.5625,31.895833333333336,23.205,971.2683,40.384,72.0,85.71429
42.270833333333336,33.520833333333336,21.3415,986.5986,40.652,113.0,79.21212
40.104166666666664,33.770833333333336,18.977667,869.7513,37.268,126.0,76.75315
46.1875,36.229166666666664,10.187333,965.7187,40.151997,552.0,78.65803
47.479166666666664,31.895833333333336,24.249834,907.0255,38.812,233.0,101.769135
45.64583333333333,35.1875,18.460001,982.78973,39.247997,764.0,94.61485
47.02083333333333,35.770833333333336,9.554334,981.0487,41.312,456.0,76.32244
40.020833333333336,33.145833333333336,18.441833,840.307,37.244,125.0,77.75942
49.1875,32.020833333333336,24.612,952.7142,39.984,427.0,106.22906
44.729166666666664,33.479166666666664,23.042334,936.5337,40.3,179.0,93.742935
44.895833333333336,28.979166666666668,24.641832,926.49554,38.884,154.0,81.95026
40.3125,34.395833333333336,19.730333,915.1568,37.72,125.0,78.7399
44.104166666666664,37.145833333333336,13.2085,1014.9103,38.351997,740.0,84.92091
46.979166666666664,37.604166666666664,9.186,988.3778,39.475998,296.0,64.26335
45.52083333333333,31.3125,24.990166,907.4843,37.424,113.0,95.86536
39.395833333333336,34.145833333333336,18.243166,864.2681,36.74,119.0,75.07777
42.895833333333336,33.520833333333336,22.689667,963.6379,41.452,114.0,84.06298
48.5625,33.4375,15.333,877.705,39.480003,382.0,84.99028
45.104166666666664,28.770833333333336,24.924334,931.0029,39.092,171.0,82.43088
48.77083333333333,35.6875,9.691167,970.20215,41.656,300.0,73.526405
47.854166666666664,30.9375,24.522,901.8926,38.812,174.0,100.64591
44.854166666666664,37.395833333333336,8.917334,974.55927,37.916,486.0,67.933784
46.52083333333333,36.6875,12.283167,940.5852,39.143997,414.0,73.40177
40.229166666666664,37.729166666666664,15.558667,1038.9755,41.98,556.0,75.801605
40.020833333333336,36.479166666666664,17.912,957.16473,39.888,351.0,79.17746
45.020833333333336,35.0625,21.413666,983.73,39.988,446.0,98.48457
44.729166666666664,31.270833333333336,24.401833,935.3974,38.276,93.0,91.70413
47.27083333333333,31.9375,24.058334,899.337,37.824,214.0,100.128426
48.64583333333333,32.6875,21.990166,935.9762,39.456,432.0,98.004524
46.979166666666664,35.104166666666664,12.824833,974.25836,42.359997,504.0,80.70075
47.6875,37.6875,8.7213335,905.1389,37.336,293.0,61.146843
46.6875,37.104166666666664,8.698833,977.976,38.816,338.0,70.33828
43.1875,31.6875,22.91,955.4287,40.028,71.0,85.96766
46.02083333333333,31.020833333333336,24.385,884.98444,37.58,98.0,93.36195
45.104166666666664,34.3125,23.110834,940.1155,38.920002,264.0,97.83707
41.895833333333336,37.1875,18.6315,973.5464,38.8,591.0,82.162025
40.8125,37.979166666666664,15.818334,1011.26776,41.912,611.0,75.514275
46.479166666666664,36.020833333333336,10.711667,969.17316,40.656002,562.0,78.87448
47.52083333333333,37.520833333333336,10.873667,918.6281,38.26,275.0,59.438057
41.479166666666664,33.729166666666664,20.233166,953.8413,39.376,133.0,80.19542
40.729166666666664,37.354166666666664,15.732,992.4968,39.748,663.0,79.02299
43.6875,35.5625,22.193167,951.0842,39.468,349.0,88.612595
44.354166666666664,33.5625,22.604334,910.8446,38.739998,157.0,88.710045
47.8125,35.354166666666664,11.258833,968.5765,42.98,376.0,75.51982
40.8125,36.604166666666664,18.419,948.74927,39.924,328.0,79.068184
43.604166666666664,35.1875,24.284,873.79553,37.163998,259.0,91.88899
41.6875,37.104166666666664,19.286667,970.5715,39.468,517.0,82.83209
48.02083333333333,30.395833333333336,25.156666,906.59174,38.884,153.0,95.286354
42.395833333333336,30.729166666666668,23.393333,938.5862,39.659996,73.0,83.512085
49.3125,33.3125,7.4066668,936.682,38.968,327.0,78.05326
41.229166666666664,36.6875,19.516666,970.36115,39.699997,361.0,83.335724
47.27083333333333,35.6875,9.268,991.59985,41.492,420.0,76.20156
44.8125,30.604166666666668,24.3105,926.53284,38.052,94.0,92.706276
47.229166666666664,36.0625,9.778833,979.7964,41.096,403.0,73.622314
47.64583333333333,33.895833333333336,14.277833,891.0694,39.604,432.0,82.146965
48.27083333333333,36.520833333333336,10.261,921.84576,39.239998,301.0,70.246605
48.604166666666664,31.479166666666668,25.265833,944.1786,40.432,273.0,106.5661
45.979166666666664,32.1875,24.524,934.5095,39.668,138.0,90.090866
42.6875,31.895833333333336,22.617167,935.37994,39.828,69.0,82.87754
43.8125,35.9375,20.149666,1011.1092,40.428,463.0,91.53532
45.229166666666664,35.229166666666664,18.765333,993.9632,39.844,654.0,96.393715
46.27083333333333,34.645833333333336,14.953167,944.92566,39.888,653.0,88.60152
48.229166666666664,34.479166666666664,12.316333,875.72156,40.211998,351.0,77.772224
49.14583333333333,30.1875,25.060715,817.42096,31.785715,226.0,110.858376
42.520833333333336,31.270833333333336,23.11,934.8251,39.548,67.0,85.549736
46.27083333333333,30.479166666666668,24.4115,879.37244,37.579998,88.0,92.29203
45.979166666666664,31.1875,24.383,891.85205,37.68,112.0,92.48562
43.479166666666664,32.4375,23.381,972.9172,40.652,80.0,84.95725
40.979166666666664,31.5625,21.179667,918.13684,39.024,91.0,76.55197
39.979166666666664,35.1875,19.592001,969.6576,39.152,154.0,81.07604
47.14583333333333,34.979166666666664,11.617333,962.7242,41.784,477.0,79.71856
41.520833333333336,31.770833333333336,21.8075,919.0366,39.28,78.0,76.80488
46.9375,32.520833333333336,24.1245,935.0221,40.004,254.0,98.92759
46.8125,34.854166666666664,13.188833,976.81256,41.724003,562.0,82.63832
45.0625,37.520833333333336,10.668667,926.83514,37.323997,367.0,66.750114
43.9375,36.145833333333336,19.812334,1010.2254,40.728,530.0,93.704216
44.0625,34.395833333333336,24.251167,911.4976,38.964,184.0,92.56974
45.604166666666664,28.9375,25.0875,913.35486,38.464,180.0,83.25754
42.520833333333336,34.104166666666664,22.358833,1012.1572,41.156002,139.0,81.00564
46.729166666666664,35.4375,11.157333,976.68427,41.612,565.0,81.597145
48.89583333333333,35.270833333333336,10.746167,987.9592,43.244,302.0,73.59827
43.479166666666664,35.229166666666664,24.237833,868.8582,36.532,255.0,90.64289
44.9375,29.6875,24.429834,919.58905,38.756,118.0,84.49451
47.64583333333333,36.9375,11.915334,906.2718,37.579998,300.0,64.69193
42.645833333333336,32.0625,22.567167,934.26276,39.876,70.0,81.32003
48.104166666666664,32.4375,23.914667,936.89526,39.5,376.0,103.24637
40.1875,37.104166666666664,17.679,950.0612,40.784,413.0,79.09052
42.645833333333336,37.020833333333336,19.112,969.469,39.116,750.0,89.047615
44.145833333333336,33.6875,23.043,921.6287,39.588,153.0,87.44473
42.104166666666664,37.6875,13.564,949.745,36.475998,857.0,73.84301
42.8125,29.354166666666668,23.046501,924.7597,39.432,109.0,83.667595
43.6875,37.770833333333336,3.4968333,951.9488,36.576,630.0,59.73072
45.104166666666664,29.479166666666668,24.6725,916.3836,38.704,128.0,83.92947
45.4375,29.104166666666668,25.032667,914.5449,38.628,162.0,82.52318
41.229166666666664,32.645833333333336,20.548834,904.3429,38.907997,98.0,75.12574
40.8125,31.479166666666668,21.018167,913.8879,38.752003,94.0,75.53171
43.6875,32.395833333333336,23.898834,972.9823,40.584,77.0,84.19404
43.4375,35.4375,23.167833,918.27234,38.208,297.0,90.36763
45.979166666666664,33.8125,18.654167,916.65765,37.2,432.0,92.173294
41.145833333333336,35.854166666666664,19.857666,977.21686,38.704,284.0,83.394516
48.64583333333333,33.4375,13.840167,883.8726,39.440002,366.0,82.9328
46.3125,33.770833333333336,14.801833,910.2844,36.484,504.0,85.877785
42.145833333333336,34.395833333333336,21.888,991.4299,39.096,152.0,82.390335
45.270833333333336,36.604166666666664,11.020166,981.8569,38.588,577.0,80.95729
46.8125,36.4375,10.372499,963.32117,39.832,416.0,72.97884
40.8125,33.229166666666664,19.7355,887.4503,37.972,115.0,77.54716
48.104166666666664,31.1875,24.598167,913.1737,39.135998,210.0,102.288055
40.895833333333336,32.1875,20.511333,896.1753,38.384,96.0,75.508
44.8125,36.979166666666664,10.0475,1006.41327,38.412,575.0,78.01722
44.270833333333336,28.8125,24.365833,930.1132,39.388,147.0,84.2955
41.645833333333336,32.5625,21.1725,919.69666,39.08,89.0,75.90081
41.479166666666664,36.020833333333336,20.616333,989.091,38.612003,313.0,85.620125
47.5625,30.6875,23.922667,850.79895,35.28,139.0,95.81221
41.0625,33.979166666666664,20.007334,929.20746,38.784,130.0,80.560875
44.645833333333336,35.645833333333336,20.012667,1011.1306,40.564003,592.0,98.86825
42.645833333333336,35.8125,22.173334,976.0268,38.727997,330.0,90.13577
48.604166666666664,31.5625,24.986166,936.244,39.516,286.0,107.062515
44.645833333333336,33.145833333333336,22.903334,929.8531,39.52,151.0,92.403015
44.6875,28.895833333333336,24.737667,929.40753,39.004,152.0,82.21292
47.4375,30.145833333333336,24.635666,896.7631,38.472,119.0,92.22206
44.895833333333336,37.354166666666664,9.745,969.9586,38.384,462.0,68.956985
45.104166666666664,32.8125,23.307167,926.0101,38.992,150.0,93.77694
48.27083333333333,29.645833333333336,25.8485,861.6957,38.904003,119.0,96.18981
42.895833333333336,35.479166666666664,23.071833,942.342,38.247997,278.0,89.757355
44.770833333333336,30.1875,24.093834,922.61584,38.18,100.0,89.913376
42.770833333333336,30.729166666666668,23.504333,943.17035,39.936,75.0,86.66337
41.395833333333336,32.895833333333336,20.6045,917.944,39.048,99.0,76.60018
39.895833333333336,34.5625,19.2965,914.87396,37.531998,123.0,76.85163
41.3125,34.395833333333336,21.15,949.7237,38.4,149.0,82.96476
40.4375,37.729166666666664,15.807834,1016.80554,41.536,553.0,76.48945
42.1875,36.604166666666664,20.430834,988.6871,38.656,423.0,91.13797
47.354166666666664,30.0625,24.733833,894.21814,38.612,118.0,91.8731
40.145833333333336,36.270833333333336,17.875334,954.6957,39.724,332.0,79.09153
46.39583333333333,35.520833333333336,11.2915,978.08453,40.436,684.0,85.56501
43.145833333333336,29.354166666666668,23.277166,926.7622,39.156,111.0,82.796295
43.8125,34.1875,23.8295,898.1928,38.392,156.0,83.52174
48.64583333333333,34.6875,9.009833,919.2396,39.868,303.0,75.810745
42.5625,36.9375,19.866833,976.14716,39.044003,688.0,90.07999
43.229166666666664,36.9375,16.212334,986.3491,38.392,812.0,89.998955
44.854166666666664,33.020833333333336,23.179167,934.4591,39.568,156.0,94.41746
46.14583333333333,31.6875,24.343,904.5993,38.116,138.0,100.587364
40.979166666666664,32.270833333333336,20.580334,897.10065,38.368,94.0,75.839584
40.4375,36.729166666666664,18.021833,934.1941,39.772,349.0,79.07596
43.354166666666664,35.9375,21.2735,974.37103,38.899998,381.0,90.61812
45.104166666666664,31.104166666666668,24.817333,922.5869,37.9,106.0,96.94614
42.020833333333336,36.770833333333336,20.274,980.277,39.124,440.0,88.432
44.4375,31.479166666666668,24.194166,951.42285,39.676,81.0,85.258095
47.5625,29.3125,25.5395,913.1472,39.388,111.0,87.66927
45.020833333333336,35.104166666666664,20.985,986.8554,39.936,480.0,98.10271
47.64583333333333,37.645833333333336,9.4535,905.69,37.739998,280.0,60.126617
45.854166666666664,37.9375,12.639,999.98303,39.112,253.0,61.134617
42.979166666666664,34.854166666666664,24.314833,903.76105,37.932003,197.0,87.981995
40.354166666666664,36.479166666666664,18.0855,955.02014,39.516,340.0,79.10445
43.604166666666664,33.270833333333336,22.524,952.2668,40.048,123.0,85.7737
44.104166666666664,30.895833333333336,23.733833,947.9144,39.048,85.0,94.725075
45.270833333333336,35.479166666666664,18.351168,1009.7557,39.916,711.0,96.07318
44.5625,31.3125,24.140333,943.5216,38.724,86.0,89.19516
41.770833333333336,32.604166666666664,21.246666,924.2541,39.415997,87.0,75.98314
42.479166666666664,36.0625,21.775333,989.7666,39.239998,376.0,90.92165
46.604166666666664,35.520833333333336,11.381667,984.32794,41.808002,613.0,82.68557
47.229166666666664,34.520833333333336,10.298333,945.0439,39.595997,469.0,80.724976
47.1875,29.1875,25.229834,874.041,38.364002,140.0,87.22188
40.895833333333336,33.145833333333336,19.750334,889.9342,38.351997,116.0,76.40725
45.229166666666664,34.104166666666664,22.897333,939.8613,39.196,268.0,96.9976
40.0625,35.729166666666664,18.965332,961.34564,39.003998,212.0,81.31999
44.770833333333336,35.354166666666664,20.642666,996.94135,39.736,505.0,98.547104
42.8125,35.479166666666664,22.903166,949.1903,38.196003,281.0,89.82201
48.39583333333333,32.8125,21.985666,933.44025,39.584,447.0,96.88367
48.729166666666664,32.729166666666664,21.692333,935.1533,39.284,436.0,98.08729
48.02083333333333,33.020833333333336,19.975166,917.34534,39.475998,442.0,91.47078
44.854166666666664,35.895833333333336,20.302,1012.16956,39.991997,681.0,102.14215
41.770833333333336,32.270833333333336,21.497,915.7419,39.644,80.0,78.129005
45.4375,34.145833333333336,22.4375,935.26465,38.804,323.0,96.69179
44.645833333333336,32.854166666666664,23.338333,947.9517,40.66,138.0,92.70089
40.395833333333336,33.9375,19.479834,891.2956,37.831997,124.0,77.95757
41.6875,37.020833333333336,19.683167,973.0648,39.544,480.0,84.02173
43.9375,31.770833333333336,23.772999,974.6884,40.42,69.0,85.71785
41.1875,35.9375,19.948166,978.8903,38.652,287.0,83.14323
47.854166666666664,31.770833333333336,23.920166,882.28845,37.668,259.0,103.131325
46.8125,29.395833333333336,25.499332,849.9884,37.876,134.0,87.25383
44.9375,29.229166666666668,24.7255,923.92816,39.1,150.0,83.05791
46.604166666666664,37.8125,7.068333,975.1335,37.804,307.0,62.256943
45.89583333333333,29.645833333333336,24.898333,881.81744,37.772,123.0,86.35791
45.604166666666664,30.145833333333336,24.506,894.1668,37.635998,100.0,90.6071
45.9375,31.0625,24.529667,888.9144,37.416,101.0,93.07079
46.0625,35.270833333333336,18.192,971.1733,40.084,776.0,91.4751
45.5625,30.270833333333336,24.445168,895.5535,37.628,97.0,92.04454
45.0625,29.9375,24.287333,912.5007,38.095997,110.0,87.5589
47.729166666666664,30.395833333333336,24.7225,896.4858,38.112,140.0,92.14968
44.145833333333336,34.5625,24.326334,913.6434,39.152,196.0,94.55311
43.0625,35.854166666666664,21.871166,973.6277,39.472,353.0,90.45533
41.479166666666664,31.354166666666668,22.452833,929.5782,39.552002,77.0,78.715866
41.895833333333336,35.104166666666664,21.309334,979.6504,38.572,217.0,85.82778
48.64583333333333,31.354166666666668,25.2855,937.6873,39.056,253.0,105.8369
46.1875,32.8125,23.907333,937.7755,40.008,218.0,98.00905
40.3125,34.229166666666664,19.650167,905.3473,37.988,124.0,77.77578
47.89583333333333,33.895833333333336,14.877501,879.6086,39.892,420.0,83.0044
41.729166666666664,32.229166666666664,21.495333,914.2582,39.5,80.0,78.129005
47.0625,33.479166666666664,15.712334,915.66345,38.368,452.0,85.222435
46.52083333333333,30.9375,23.8425,853.1721,35.58,101.0,90.615005
48.3125,35.229166666666664,9.3795,966.02045,41.964,327.0,74.529495
40.395833333333336,35.145833333333336,19.971333,935.4368,37.519997,147.0,79.55506
41.770833333333336,30.9375,23.006666,939.00464,40.0,74.0,79.342896
45.77083333333333,31.020833333333336,24.7225,896.717,37.884003,100.0,95.21239
46.14583333333333,30.145833333333336,24.583666,872.97943,37.132,92.0,93.39396
47.729166666666664,36.4375,10.036333,951.59265,39.632,322.0,70.48501
42.6875,34.229166666666664,22.532833,980.6822,40.308,157.0,83.65769
47.0625,34.895833333333336,11.137333,963.9863,41.016,490.0,80.406334
46.27083333333333,32.979166666666664,23.744667,937.9425,39.62,240.0,96.78399
47.979166666666664,29.854166666666668,25.415833,901.0134,39.308002,125.0,95.18204
48.9375,30.770833333333336,25.528,928.7538,38.559998,239.0,108.95323
44.729166666666664,32.270833333333336,23.6105,932.3701,39.252,109.0,87.22542
39.395833333333336,34.5625,19.225834,901.6367,37.272003,114.0,74.82543
47.854166666666664,33.520833333333336,17.595833,893.9055,39.964,451.0,86.005905
42.8125,37.770833333333336,9.421667,958.17114,36.368,765.0,67.819916
47.3125,33.479166666666664,17.5925,910.509,39.708,442.0,86.96458
45.729166666666664,32.395833333333336,24.0455,933.7977,39.432,138.0,96.934845
45.145833333333336,28.979166666666668,24.849667,923.97205,39.0,162.0,81.78635
48.479166666666664,34.604166666666664,8.908667,903.49915,39.5,338.0,77.038315
42.3125,33.645833333333336,21.538166,994.5774,40.836,118.0,78.99857
43.604166666666664,29.645833333333336,23.547667,933.5118,39.356,104.0,83.49982
47.77083333333333,32.145833333333336,24.147667,929.73114,40.031998,300.0,102.48394
45.4375,35.229166666666664,18.7455,992.3141,39.128,687.0,95.34011
43.520833333333336,37.395833333333336,11.768333,1019.6706,37.992,775.0,77.04815
44.604166666666664,32.854166666666664,23.259666,948.51184,40.528,138.0,92.70089
40.520833333333336,35.3125,20.085167,967.63666,38.82,179.0,82.11175
45.020833333333336,35.770833333333336,17.067333,1007.4594,39.404,756.0,96.45483
41.854166666666664,31.895833333333336,22.037834,917.0061,39.688,69.0,78.16961
46.4375,32.979166666666664,23.529833,934.12006,39.364,260.0,94.68413
46.104166666666664,33.1875,23.318666,936.2002,39.528,258.0,97.142105
43.9375,29.9375,23.483667,934.81366,39.164,103.0,84.82607
48.52083333333333,31.729166666666668,24.622166,921.7318,38.795998,307.0,106.464485
46.39583333333333,32.270833333333336,24.417334,934.47406,39.716,172.0,95.17488
40.1875,33.4375,18.965334,857.1761,36.648,124.0,77.5023
43.3125,33.479166666666664,22.668833,933.3473,40.768,120.0,85.544174
45.5625,29.854166666666668,24.811167,895.15857,37.747997,110.0,86.852905
40.8125,36.1875,18.988167,955.64166,39.028,275.0,81.22225
44.229166666666664,31.9375,24.41,973.4393,40.444,64.0,84.71738
45.270833333333336,30.395833333333336,24.440666,908.67017,37.6,98.0,91.84313
45.229166666666664,30.354166666666668,24.478167,910.0676,37.736,98.0,91.84313
46.3125,32.479166666666664,24.2115,936.8003,39.584,183.0,94.50531
46.979166666666664,35.5625,9.703834,981.85785,41.272003,486.0,78.13866
42.229166666666664,35.520833333333336,22.126333,974.5252,38.412,270.0,88.64036
45.979166666666664,35.5625,13.269,973.5892,39.728,941.0,93.727684
41.645833333333336,36.729166666666664,20.358,989.6453,39.82,408.0,85.59299
43.0625,31.729166666666668,23.0165,951.1461,39.984,70.0,84.83522
45.270833333333336,35.604166666666664,19.000834,1013.62085,40.468002,700.0,95.47647
42.9375,30.770833333333336,23.378,943.4339,39.62,77.0,89.15174
42.395833333333336,36.8125,20.267334,980.74915,39.368,521.0,91.07116
40.104166666666664,36.4375,17.6215,956.223,39.276,367.0,78.76276
43.729166666666664,32.520833333333336,23.795666,970.2257,40.32,81.0,87.18905
43.479166666666664,30.354166666666668,23.338333,942.7413,39.416,94.0,93.20762
48.3125,35.854166666666664,11.5775,956.454,41.916,320.0,73.01389
43.895833333333336,31.854166666666668,23.640501,976.16644,40.348,70.0,87.32314
47.8125,30.895833333333336,24.473833,899.4832,38.86,169.0,98.80084
47.77083333333333,30.104166666666668,25.076666,907.308,39.096,132.0,92.86408
47.89583333333333,31.645833333333336,23.813833,880.16327,37.184,245.0,102.22974
40.4375,36.520833333333336,18.269,953.4171,39.952,333.0,78.984795
41.5625,36.229166666666664,20.333166,997.141,38.179996,376.0,85.996704
44.645833333333336,31.395833333333336,24.429667,938.46075,39.008,88.0,89.99394
47.729166666666664,35.1875,10.427334,947.7232,41.652,382.0,75.12004
42.0625,30.604166666666668,23.065,936.43744,39.936,76.0,82.91279
44.5625,37.8125,7.9125,968.0336,37.784,511.0,59.38613
45.395833333333336,35.354166666666664,18.135334,1002.232,39.996,746.0,95.45778
44.895833333333336,32.5625,23.561832,945.23834,40.076,132.0,91.148674
48.3125,32.020833333333336,24.148,919.94604,38.956,340.0,105.74012
41.1875,32.604166666666664,20.607166,902.8866,38.608,96.0,76.100235
46.0625,36.8125,12.835667,949.28265,38.711998,439.0,74.66039
43.5625,32.520833333333336,23.654167,970.317,41.208,81.0,84.72384
44.770833333333336,35.1875,22.1405,986.1788,39.952,388.0,98.94075
43.1875,37.145833333333336,14.827,991.483,38.624,817.0,83.59154
44.020833333333336,31.1875,23.669834,955.2638,39.436,81.0,92.413994
44.854166666666664,36.854166666666664,6.29,984.9887,37.644,625.0,78.76721
42.604166666666664,35.729166666666664,22.264668,973.1962,38.556,315.0,90.02733
46.5625,34.270833333333336,12.296667,917.5833,38.868,553.0,84.45933
42.270833333333336,34.0625,21.771833,1028.1886,40.964,136.0,80.513985
45.8125,34.520833333333336,20.040333,911.91016,37.82,504.0,93.38197
48.4375,32.3125,23.893333,933.31195,39.436,392.0,106.775566
48.9375,35.0625,11.387667,961.6723,42.552002,308.0,73.438286
45.4375,34.5625,22.045834,949.13934,38.947998,397.0,96.009514
45.854166666666664,32.6875,23.835,935.8144,39.496,164.0,96.919106
44.854166666666664,36.3125,15.853666,1006.58417,38.760002,784.0,93.7087
47.229166666666664,34.4375,9.531,931.6609,38.66,473.0,80.371414
45.8125,35.145833333333336,19.788334,953.1526,37.688,645.0,93.64628
48.6875,30.4375,25.682,904.9873,38.44,190.0,105.47565
43.6875,32.0625,23.487167,974.673,40.68,76.0,87.669556
44.770833333333336,28.979166666666668,24.656166,928.28766,39.112,150.0,81.358955
40.4375,33.104166666666664,19.303667,857.5905,37.4,115.0,75.63975
43.479166666666664,32.104166666666664,23.071667,966.48914,40.508,74.0,86.18639
44.020833333333336,36.645833333333336,19.062166,1022.857,40.688,761.0,96.929886
40.104166666666664,33.3125,18.654,848.06494,36.908,124.0,77.5023
48.3125,30.5625,25.211666,911.7688,38.460003,181.0,99.78023
46.479166666666664,34.5625,13.07,950.33203,40.232,602.0,86.36351
39.604166666666664,34.604166666666664,19.31,908.7304,37.424004,118.0,75.69367
40.3125,31.9375,20.129333,881.6032,38.135998,101.0,73.77677
42.770833333333336,31.979166666666668,22.6655,940.6941,40.072002,69.0,82.87754
45.8125,34.854166666666664,17.280666,948.317,38.412,716.0,92.95654
43.5625,32.145833333333336,23.218332,969.981,40.52,76.0,85.12598
43.229166666666664,29.979166666666668,23.406,933.6662,39.364,94.0,84.8313
45.89583333333333,34.895833333333336,18.160334,952.1204,39.288002,708.0,92.250206
41.104166666666664,35.354166666666664,20.788666,966.27997,38.508,187.0,85.180626
40.6875,36.4375,18.309334,957.1408,39.716,311.0,79.19911
40.520833333333336,32.5625,19.444834,868.4786,37.884003,111.0,75.01014
44.9375,31.854166666666668,23.896,914.7585,38.436,106.0,84.622406
45.6875,33.5625,23.236834,925.8585,39.188,265.0,98.89924
47.6875,29.270833333333336,25.81,925.89716,39.676003,112.0,90.154854
42.895833333333336,29.395833333333336,23.1515,924.58704,39.292,106.0,83.05242
41.5625,35.5625,20.9715,983.76843,38.476,249.0,87.083664
42.604166666666664,31.854166666666668,22.5295,931.003,39.607998,69.0,82.87754
46.02083333333333,31.895833333333336,24.546833,924.44507,39.276,137.0,101.78276
45.6875,30.5625,24.506666,894.0143,37.115997,94.0,95.67494
45.1875,35.479166666666664,18.932167,1009.5939,39.575996,661.0,97.24545
45.3125,34.1875,22.737,940.5639,39.143997,296.0,96.86036
46.64583333333333,29.479166666666668,24.979334,848.56165,37.548,140.0,86.96164
41.5625,37.604166666666664,15.006,985.55176,38.292,777.0,75.69119
40.354166666666664,33.145833333333336,18.981667,852.68866,37.172,118.0,75.18026
47.354166666666664,31.020833333333336,24.1495,888.1497,38.44,135.0,97.78123
43.520833333333336,29.479166666666668,23.494667,930.37506,39.4,109.0,83.98759
44.854166666666664,32.4375,23.578,933.29816,39.388,121.0,90.99806
41.479166666666664,37.145833333333336,18.602333,966.6387,38.140003,532.0,81.214676
40.8125,36.395833333333336,18.554834,942.1389,38.628,302.0,78.82477
39.895833333333336,33.354166666666664,18.497,844.4786,36.96,123.0,77.31754
40.645833333333336,35.020833333333336,20.419167,963.2944,39.008,152.0,82.86159
45.52083333333333,33.604166666666664,23.157333,932.58307,39.528,267.0,100.43683
42.354166666666664,29.9375,23.159,928.5649,39.592,89.0,81.91808
45.979166666666664,32.9375,23.796667,940.18634,39.836,218.0,97.93327
48.9375,34.020833333333336,11.718333,889.32465,39.444,288.0,78.84622
42.854166666666664,37.3125,13.361834,974.6901,37.084,800.0,78.60304
39.895833333333336,33.020833333333336,18.511667,838.014,36.904,124.0,79.66389
47.979166666666664,32.604166666666664,23.417833,939.2543,39.475998,381.0,100.01721
41.229166666666664,32.5625,20.639833,905.49347,38.656002,98.0,75.269615
42.270833333333336,35.354166666666664,22.198166,969.24615,38.404,248.0,88.239006
47.229166666666664,34.104166666666664,13.113167,893.52405,40.248,469.0,82.10797
44.4375,32.104166666666664,23.577333,946.77673,38.276,80.0,84.59237
47.14583333333333,32.0625,24.238667,918.51605,39.376,220.0,100.06213
47.89583333333333,34.479166666666664,12.5145,904.0589,40.812,394.0,78.49182
44.479166666666664,35.229166666666664,22.824333,973.74304,39.576,320.0,98.11025
48.479166666666664,32.6875,23.196333,926.0715,38.612,428.0,100.69331
47.64583333333333,30.270833333333336,24.692999,901.29614,38.46,140.0,94.87629
42.0625,36.604166666666664,20.494,992.5635,38.628,424.0,89.6338
47.64583333333333,34.645833333333336,10.0485,925.80035,40.14,421.0,78.54133
43.5625,33.8125,23.170166,917.4773,39.496,145.0,83.693924
40.145833333333336,32.770833333333336,18.815,844.1372,37.143997,118.0,75.79594
41.4375,31.520833333333336,22.199167,924.9094,39.399998,78.0,78.26399
40.520833333333336,36.604166666666664,18.218334,945.2147,39.884,334.0,78.73858
46.5625,34.3125,11.9185,929.12335,39.048,555.0,84.56043
42.3125,36.8125,20.182,978.7496,39.224,492.0,91.01571
43.020833333333336,31.4375,22.9815,947.75806,39.772,71.0,87.065865
42.270833333333336,34.104166666666664,21.786333,1028.5225,40.9,136.0,81.83921
46.64583333333333,34.604166666666664,14.618167,914.0346,40.176,571.0,85.49723
40.020833333333336,37.395833333333336,16.352,1002.7248,40.452,550.0,77.89583
43.895833333333336,30.6875,23.556166,945.8634,39.255997,90.0,99.51123
47.89583333333333,35.5625,10.752167,974.28357,42.16,360.0,74.682816
47.4375,35.5625,9.815166,985.7869,42.016,404.0,75.74602
47.8125,29.395833333333336,25.658333,901.5336,37.1,110.0,89.44709
45.0625,33.395833333333336,23.286333,939.5978,40.056,200.0,97.33495
44.145833333333336,37.979166666666664,7.6063333,986.37274,38.260002,500.0,56.553986
42.895833333333336,31.8125,22.868334,945.58014,39.944,71.0,83.04438
43.020833333333336,32.729166666666664,22.5675,960.35364,40.727997,86.0,82.36223
41.229166666666664,35.479166666666664,20.786833,976.9014,38.796,220.0,84.77175
44.3125,34.270833333333336,23.830833,921.59546,39.216,182.0,93.83966
46.229166666666664,33.5625,18.8605,928.6921,37.512,416.0,89.778015
44.5625,30.229166666666668,24.043333,929.8686,38.512,97.0,89.741295
47.6875,36.145833333333336,11.458333,963.1971,40.940002,346.0,72.83479
40.854166666666664,36.104166666666664,19.1535,965.1649,39.188,285.0,82.410645
47.4375,31.1875,24.099,887.4591,38.204002,155.0,98.641426
44.520833333333336,31.479166666666668,24.364166,945.5514,39.524002,82.0,87.5754
40.104166666666664,32.729166666666664,18.755167,844.0892,37.264,120.0,75.66386
46.729166666666664,31.854166666666668,24.23,917.888,39.248,179.0,100.1107
42.229166666666664,37.479166666666664,17.3925,961.95776,37.604,721.0,79.91385
43.229166666666664,32.854166666666664,22.8295,966.01733,41.064,95.0,84.800354
47.854166666666664,32.604166666666664,23.562334,941.689,40.272003,367.0,99.83737
46.27083333333333,31.479166666666668,24.118666,893.8501,37.64,135.0,96.909966
47.8125,37.479166666666664,11.787666,883.28314,37.456,290.0,54.79289
40.8125,35.020833333333336,20.499166,963.2606,38.968002,159.0,84.48255
45.104166666666664,30.145833333333336,24.3895,912.4215,37.916,102.0,89.824814
43.270833333333336,37.520833333333336,6.2514997,956.37036,36.272,723.0,65.661835
47.4375,33.354166666666664,18.097666,913.5013,39.767998,438.0,87.07688
48.52083333333333,35.0625,10.9075,967.47424,43.108,320.0,73.66167
43.770833333333336,32.395833333333336,23.73,981.30023,40.888,80.0,88.697975
47.0625,30.270833333333336,24.462667,881.89276,38.168,99.0,92.439476
42.270833333333336,31.145833333333336,23.244167,934.9342,39.763996,69.0,83.596664
41.770833333333336,36.604166666666664,20.435833,995.78973,38.772,423.0,87.13308
45.270833333333336,31.0625,25.004667,915.25714,38.04,108.0,97.23449
46.64583333333333,28.729166666666668,25.351334,866.823,37.992,180.0,80.70182
45.979166666666664,34.8125,17.497168,941.4185,39.196003,690.0,91.97471
48.9375,31.9375,25.107,936.00305,39.124,373.0,108.80685
45.5625,31.270833333333336,24.914333,904.80237,37.332,113.0,94.54534
48.1875,31.270833333333336,24.626833,917.21906,38.924,224.0,104.14611
40.729166666666664,36.6875,18.36,949.8326,40.144,343.0,79.0313
45.729166666666664,29.4375,25.046,892.75903,38.1,146.0,85.549736
46.4375,31.0625,23.992834,877.52686,37.384003,108.0,90.15139
45.270833333333336,28.645833333333336,25.077667,931.6026,39.064003,186.0,81.78246
43.895833333333336,32.5625,23.539667,974.4852,39.368,90.0,88.11043
48.5625,33.5625,13.356667,883.1077,39.468002,359.0,81.91377
42.520833333333336,33.5625,22.067167,985.2435,40.972,113.0,81.50583
43.1875,34.5625,24.388166,898.6212,38.376,179.0,87.85436
47.104166666666664,29.6875,24.969166,876.0384,38.620003,111.0,88.35746
45.854166666666664,34.0625,18.136667,912.02094,37.464,476.0,92.61141
41.020833333333336,37.3125,15.7265005,987.3629,39.316,690.0,78.084984
47.229166666666664,32.979166666666664,19.021166,919.82495,38.579998,400.0,88.79986
45.6875,30.3125,24.525667,892.00555,37.712,96.0,92.113235
40.354166666666664,35.1875,19.906166,939.90356,37.788002,147.0,79.55506
45.6875,29.104166666666668,25.2155,907.0738,38.699997,170.0,83.81827
48.4375,30.3125,25.535,901.9072,37.748,168.0,100.98505
40.645833333333336,36.5625,18.052668,933.12195,38.592,314.0,79.03922
41.729166666666664,36.895833333333336,19.942333,975.11426,39.184,450.0,85.2695
44.270833333333336,34.729166666666664,23.914333,925.2584,38.716,223.0,97.45905
46.14583333333333,29.145833333333336,25.0885,873.6663,37.904003,171.0,84.26003
46.8125,30.729166666666668,24.3715,871.25525,38.316,99.0,96.48859
43.395833333333336,35.770833333333336,21.586666,971.91547,39.14,367.0,90.62128
45.1875,36.520833333333336,7.865333,990.0351,37.848,629.0,81.18873
42.6875,36.145833333333336,21.502333,987.66956,39.503998,407.0,92.00779
45.145833333333336,29.8125,24.435999,910.5895,38.228,114.0,85.90647
39.520833333333336,33.354166666666664,18.102833,830.9399,36.556,118.0,76.20363
39.979166666666664,34.770833333333336,19.752834,935.9211,37.892002,122.0,79.6263
43.6875,36.520833333333336,19.55,1010.8954,41.164,662.0,95.323166
39.604166666666664,36.645833333333336,18.458334,967.03894,40.244,332.0,81.244194
45.4375,29.895833333333336,24.760834,900.9873,37.907997,109.0,88.3458
45.64583333333333,31.104166666666668,24.98,901.87396,38.056,106.0,94.788605
47.979166666666664,33.9375,14.080167,877.7297,40.012,409.0,82.06811
48.14583333333333,37.1875,10.0985,864.0396,36.284,277.0,57.792343
43.8125,29.895833333333336,23.6025,936.8577,39.135998,101.0,83.67396
42.1875,36.354166666666664,21.02,1003.0963,38.36,405.0,91.57909
45.395833333333336,36.854166666666664,10.454,965.745,38.239998,474.0,76.16576
45.0625,34.895833333333336,21.653833,972.9345,39.788,407.0,98.21691
47.8125,36.8125,9.930333,905.58826,37.416,299.0,67.12371
48.1875,34.895833333333336,9.110333,942.15906,40.884,349.0,76.01893
48.979166666666664,34.3125,10.815833,898.934,39.536,274.0,76.259056
46.14583333333333,31.1875,24.179333,890.4179,37.952,110.0,89.64353
47.77083333333333,33.520833333333336,17.3555,894.71094,40.092003,446.0,86.176094
40.104166666666664,34.604166666666664,19.712334,924.44324,37.808,124.0,79.575
45.395833333333336,33.5625,23.299833,932.9986,39.848,237.0,99.513855
48.3125,28.520833333333336,25.937334,854.5226,37.444,103.0,92.74193
44.145833333333336,33.854166666666664,23.155834,908.53687,39.212,157.0,87.722855
42.104166666666664,35.520833333333336,21.9575,978.04144,38.436,270.0,89.01101
46.8125,28.6875,25.398167,870.1715,38.056,174.0,82.96374
44.145833333333336,35.145833333333336,23.431,930.2047,38.668,265.0,95.02824
43.270833333333336,31.604166666666668,23.072334,956.1836,40.02,73.0,86.2865
45.604166666666664,37.979166666666664,12.648167,980.36017,38.795998,254.0,60.33635
42.145833333333336,30.5625,23.114166,936.3623,39.879997,78.0,81.69913
45.9375,37.3125,13.482834,957.26306,37.584,330.0,69.5426
48.6875,30.0625,25.667334,850.3021,36.503998,164.0,104.35214
43.229166666666664,37.645833333333336,8.221,979.59894,37.184,706.0,67.31732
39.5625,36.520833333333336,18.633333,970.06384,40.427998,305.0,80.2611
40.4375,35.395833333333336,19.851334,971.4595,39.024,174.0,83.236946
46.77083333333333,35.854166666666664,7.8791666,978.9646,39.748,493.0,77.52018
43.5625,35.104166666666664,24.867666,853.30444,36.412,238.0,91.36826
44.1875,35.8125,21.1485,1005.6412,40.348,455.0,91.51018
48.604166666666664,32.104166666666664,24.240667,917.8775,38.739998,374.0,106.94591
47.854166666666664,33.5625,18.1215,900.36664,40.288,452.0,85.940025
47.8125,28.520833333333336,25.534334,886.89435,38.404,118.0,88.08524
45.729166666666664,35.0625,18.801834,966.9591,38.356,706.0,93.80696
42.395833333333336,31.854166666666668,22.6405,921.2846,39.527996,64.0,83.91095
48.89583333333333,30.729166666666668,25.544666,925.87134,38.676,231.0,109.437454
46.0625,28.645833333333336,25.234,914.2237,38.576,215.0,80.59671
45.854166666666664,30.9375,24.661333,890.4794,37.928,95.0,93.27595
43.354166666666664,36.770833333333336,17.914833,997.76184,39.048,809.0,94.320755
40.4375,32.145833333333336,19.912334,879.38214,38.032,103.0,76.221115
49.4375,30.6875,26.046667,946.3927,38.920002,274.0,117.11185
47.77083333333333,35.854166666666664,10.913834,981.2638,41.736,355.0,73.42512
47.5625,36.354166666666664,9.1725,961.2876,39.792,345.0,72.33639
48.5625,34.1875,10.700334,883.7868,39.464,313.0,77.93638
47.6875,37.4375,12.097667,891.6871,37.671997,300.0,56.33604
39.729166666666664,34.4375,19.090166,898.45044,37.356,119.0,76.98406
47.604166666666664,32.645833333333336,23.298666,932.61316,39.848,348.0,97.63879
46.104166666666664,36.395833333333336,11.619833,958.5315,40.188,524.0,78.4328
46.52083333333333,32.895833333333336,23.7435,936.3727,39.54,253.0,95.34802
45.395833333333336,30.979166666666668,24.948166,910.7231,37.812,104.0,96.97623
43.020833333333336,36.395833333333336,20.773834,981.2635,38.564003,520.0,91.19101
46.604166666666664,35.6875,8.081333,982.02277,39.856,565.0,79.507935
44.479166666666664,34.6875,23.573833,926.7393,38.224,236.0,98.56841
42.6875,37.0625,17.870667,978.5476,38.036003,738.0,87.10954
42.854166666666664,32.020833333333336,22.767666,945.666,40.396004,68.0,84.691956
43.145833333333336,30.479166666666668,23.420834,942.6407,39.7,87.0,91.01922
43.604166666666664,35.9375,20.472666,1005.24615,40.38,427.0,90.44534
45.229166666666664,36.895833333333336,10.333166,974.7706,38.447998,485.0,75.959305
40.1875,34.479166666666664,19.607666,917.9896,37.752,126.0,77.466324
46.0625,30.020833333333336,24.531166,874.254,37.396,99.0,94.03485
40.354166666666664,32.979166666666664,19.098167,847.7456,37.1,116.0,74.28638
41.5625,36.145833333333336,20.591833,995.48645,38.368,346.0,85.992615
47.27083333333333,37.604166666666664,9.7475,956.2808,39.2,276.0,62.73944
44.395833333333336,31.645833333333336,24.300167,953.4626,40.012,83.0,87.59008
47.854166666666664,37.729166666666664,9.079333,886.0256,36.907997,289.0,56.82626
48.9375,31.770833333333336,25.323,940.80347,39.52,348.0,109.35994
44.979166666666664,36.979166666666664,8.647833,985.1246,37.592,562.0,75.75507
43.229166666666664,34.520833333333336,24.258,898.73926,38.26,182.0,87.430725
41.4375,31.0625,22.569834,938.95654,39.912003,77.0,79.758736
48.27083333333333,34.8125,9.1449995,939.02515,40.440002,338.0,75.72315
48.8125,30.979166666666668,25.499666,936.64185,39.348,241.0,108.33763
40.770833333333336,35.395833333333336,20.108833,968.25525,38.948,193.0,82.64986
48.8125,31.9375,24.9205,935.9163,39.388,366.0,107.872826
40.104166666666664,31.9375,19.8925,873.4958,37.956,102.0,73.135345
46.39583333333333,33.604166666666664,16.931334,935.2985,37.388,471.0,86.02632
45.77083333333333,33.145833333333336,23.648,933.0467,39.888,214.0,98.76244
45.6875,34.770833333333336,20.49,948.75604,38.96,545.0,94.17036
48.39583333333333,30.9375,24.817333,910.0834,37.808,209.0,102.95828
45.77083333333333,37.020833333333336,12.802834,931.6298,36.944,394.0,72.97597
47.27083333333333,36.5625,7.6913333,979.2235,39.532,368.0,71.64928
47.604166666666664,29.0625,25.529,911.546,39.508,115.0,87.48183
44.479166666666664,35.770833333333336,19.969667,1015.79395,40.236,603.0,98.1803
42.895833333333336,37.229166666666664,14.477667,975.8089,37.316,794.0,81.30384
47.52083333333333,36.520833333333336,10.310833,946.01855,39.724,336.0,69.72931
43.8125,29.020833333333336,23.7965,928.30115,39.304,130.0,83.95466
39.645833333333336,33.4375,18.175167,837.821,36.940002,121.0,76.215805
48.9375,34.5625,11.992333,895.26276,39.912,282.0,76.05231
45.77083333333333,32.895833333333336,23.814333,940.6849,40.02,189.0,98.49924
45.77083333333333,31.895833333333336,24.568832,928.72253,39.503998,129.0,96.50035
45.5625,30.979166666666668,25.135166,899.7997,37.728,97.0,93.58779
48.9375,31.270833333333336,25.7565,949.803,39.684002,276.0,109.63668
45.1875,37.104166666666664,9.673667,957.4615,37.896,473.0,73.1959
42.729166666666664,34.354166666666664,22.807,969.2579,39.968,156.0,83.4106
49.1875,33.395833333333336,11.973333,935.2463,39.872,304.0,83.045906
42.895833333333336,36.020833333333336,21.479334,982.2669,39.359997,393.0,91.37817
47.52083333333333,35.354166666666664,11.142667,972.6581,42.908,414.0,76.302536
47.02083333333333,30.020833333333336,24.705666,876.64923,38.212,109.0,90.4462
41.604166666666664,36.729166666666664,20.3085,991.07715,39.82,403.0,85.50665
43.9375,34.479166666666664,24.290833,899.3374,38.344,182.0,91.01724
41.520833333333336,37.3125,16.819666,984.6936,38.668,656.0,79.14701
44.3125,33.104166666666664,22.743334,937.1725,40.135998,142.0,90.252304
42.8125,29.854166666666668,23.521,929.3148,39.6,92.0,83.107994
46.979166666666664,34.9375,11.890166,963.62854,41.024002,510.0,81.02503
44.8125,29.479166666666668,24.585,922.6226,38.976,123.0,84.59317
40.979166666666664,32.895833333333336,20.126333,893.2749,38.668,104.0,75.80505
43.729166666666664,29.4375,23.663166,930.9809,39.348,113.0,82.32406
43.1875,37.020833333333336,15.9895,992.3278,38.836002,808.0,88.62002
47.64583333333333,30.4375,24.5205,894.37286,38.227997,140.0,92.884605
46.4375,31.645833333333336,24.358,911.5091,38.936,145.0,98.824875
44.9375,28.770833333333336,24.859833,933.84454,39.204,164.0,81.835396
42.395833333333336,35.354166666666664,22.3165,964.26605,38.267998,258.0,88.93938
40.9375,31.6875,20.9135,912.71765,38.896,93.0,76.14068
44.354166666666664,35.270833333333336,22.874834,961.6746,39.104004,300.0,96.11887
48.1875,35.4375,9.961833,970.0156,42.148,340.0,74.353905
46.27083333333333,36.770833333333336,12.406167,951.738,39.216,416.0,74.462
43.3125,35.770833333333336,21.914167,957.592,38.312,346.0,89.8155
46.27083333333333,35.9375,10.2039995,987.06616,40.476,638.0,82.16312
44.645833333333336,36.979166666666664,11.728833,1001.418,38.46,610.0,79.54474
45.3125,30.604166666666668,24.432833,908.9314,37.468,99.0,94.37321
45.354166666666664,33.8125,23.1185,935.5707,39.456,261.0,98.75447
42.520833333333336,32.4375,22.000166,941.1479,40.087997,78.0,78.881065
43.0625,32.604166666666664,22.605501,959.7367,40.456,84.0,84.27499
47.64583333333333,35.854166666666664,10.199667,984.8534,41.276,368.0,74.441765
43.354166666666664,29.770833333333336,23.42,932.7131,39.388,100.0,83.03441
40.729166666666664,37.145833333333336,17.744,964.6162,40.832,466.0,79.21312
39.4375,33.895833333333336,18.023834,852.3869,36.635998,120.0,73.44685
40.020833333333336,37.895833333333336,15.363,1035.9431,41.212,572.0,73.71444
42.8125,37.5625,8.674666,952.8027,35.652,776.0,69.7169
41.395833333333336,36.8125,19.662167,967.64594,39.1,395.0,83.7099
47.229166666666664,35.729166666666664,8.761,983.2906,40.664,422.0,76.34208
39.4375,34.104166666666664,18.2585,862.5588,36.64,118.0,74.870514
45.1875,34.020833333333336,23.077,940.4404,39.295998,254.0,98.45892
39.645833333333336,37.4375,16.166666,980.1551,39.320004,574.0,75.91536
43.895833333333336,33.604166666666664,23.118,941.57745,40.5,146.0,86.28216
44.770833333333336,33.9375,22.996166,908.9704,38.131996,198.0,94.79203
40.0625,36.3125,17.609833,955.3464,39.676,348.0,78.868256
44.645833333333336,29.5625,24.377167,926.20746,39.004,120.0,84.39469
42.6875,36.1875,21.401,988.6712,39.536,421.0,92.09373
43.3125,33.9375,22.716833,851.54047,33.468002,126.0,80.85299
45.104166666666664,35.5625,18.739166,1012.64294,39.824,671.0,97.70672
46.104166666666664,35.020833333333336,14.662,955.0682,38.196,755.0,91.008736
49.14583333333333,30.645833333333336,25.6785,928.40027,38.388,245.0,112.352974
47.354166666666664,33.145833333333336,20.649334,933.0104,40.04,395.0,91.02758
48.479166666666664,31.8125,24.443167,916.54456,38.448,316.0,106.872696
43.8125,33.979166666666664,23.459667,909.8899,39.196,156.0,82.85266
40.354166666666664,37.0625,17.442167,929.60486,40.32,410.0,79.23059
44.8125,36.229166666666664,18.83,1016.45087,39.948,763.0,100.347946
45.77083333333333,35.854166666666664,12.6895,987.69135,39.572,818.0,91.598885
46.6875,32.020833333333336,24.287666,925.5416,39.44,188.0,97.33167
46.979166666666664,28.979166666666668,25.393833,856.6778,38.020004,158.0,85.23011
44.020833333333336,37.770833333333336,6.299667,974.5501,37.34,555.0,61.914833
47.6875,35.0625,8.277,965.17487,40.964,400.0,76.833534
45.854166666666664,37.5625,12.167,979.887,38.384003,288.0,65.99174
43.729166666666664,29.020833333333336,23.627666,928.2817,39.2,131.0,84.10342
45.145833333333336,35.3125,19.883333,1003.6165,40.0,574.0,98.49434
43.4375,36.520833333333336,19.015501,1007.65674,39.455997,699.0,94.85425
43.770833333333336,35.104166666666664,24.204666,885.37,37.724,246.0,92.54635
47.4375,36.8125,8.6695,936.9245,38.284,315.0,67.77711
41.0625,31.645833333333336,21.207834,917.134,39.104,91.0,76.55197
44.0625,34.604166666666664,24.373167,904.38525,38.648003,198.0,94.94848
43.3125,34.854166666666664,24.962166,856.639,36.94,210.0,90.64042
41.520833333333336,34.729166666666664,20.811167,966.70154,39.268,178.0,83.91095
45.145833333333336,35.0625,21.394,983.5912,40.02,470.0,97.335014
42.229166666666664,36.229166666666664,21.417667,999.23236,39.064003,377.0,91.17432
42.5625,37.354166666666664,14.883,965.69147,36.78,787.0,79.250854
44.395833333333336,34.020833333333336,23.329332,914.3977,38.98,183.0,91.54463
42.3125,33.729166666666664,21.593666,1000.7588,41.031998,123.0,80.235344
45.64583333333333,30.0625,24.575832,892.26855,37.688,104.0,90.75763
42.479166666666664,33.1875,21.685167,967.7992,40.764,103.0,80.02234
40.104166666666664,32.979166666666664,18.920166,840.813,36.66,117.0,76.000626
43.0625,37.895833333333336,7.3553333,954.1083,36.392,689.0,63.295837
43.354166666666664,34.479166666666664,24.311167,892.8119,38.196,180.0,87.621666
47.77083333333333,28.854166666666668,25.607166,905.4367,39.108,113.0,88.21923
42.104166666666664,33.145833333333336,21.120167,960.96765,40.332,102.0,77.15672
44.604166666666664,33.229166666666664,22.929,935.88434,40.076,157.0,92.65256
43.145833333333336,32.9375,22.5315,965.4669,41.02,95.0,84.259285
45.0625,34.979166666666664,21.712833,978.0623,39.916,420.0,98.137825
47.89583333333333,35.229166666666664,10.957833,957.1247,42.688,369.0,74.7764
46.4375,32.8125,24.048,933.7509,39.616,225.0,95.53703
45.354166666666664,34.604166666666664,22.355667,941.1151,38.424,369.0,96.21074
40.3125,32.770833333333336,18.938,849.86884,37.464,117.0,75.27258
47.27083333333333,30.5625,24.382668,888.9227,38.124,108.0,96.9536
45.52083333333333,30.104166666666668,24.575832,897.93896,37.988,104.0,89.02601
42.4375,32.0625,22.425333,923.53973,39.672,68.0,81.491776
47.5625,31.354166666666668,23.857,868.1177,36.74,178.0,101.1184
41.770833333333336,34.729166666666664,21.1185,974.9352,39.239998,192.0,84.53935
42.9375,29.354166666666668,23.105999,924.6215,39.112,109.0,84.09398
47.77083333333333,29.520833333333336,25.528,928.3918,40.216,108.0,89.23921
39.979166666666664,36.104166666666664,18.667833,952.7495,39.608,258.0,80.436516
43.0625,37.770833333333336,7.156,970.4295,37.284,708.0,64.02335
42.645833333333336,34.104166666666664,22.388332,993.633,40.76,148.0,82.42765
40.770833333333336,31.854166666666668,20.492834,901.3349,38.7,96.0,74.61085
45.6875,34.3125,20.503,919.18945,38.088,443.0,94.6279
47.479166666666664,36.1875,10.469,976.5156,40.992,365.0,73.53541
45.9375,37.979166666666664,12.466,998.55206,38.82,255.0,60.027576
42.3125,37.0625,19.619333,972.0847,38.952,589.0,87.404655
40.354166666666664,33.729166666666664,19.169334,877.3795,37.716,123.0,77.96514
43.729166666666664,31.395833333333336,23.324,961.4185,39.7,76.0,88.246124
44.9375,28.979166666666668,24.702333,925.89417,39.0,156.0,82.06518
45.979166666666664,30.770833333333336,24.756666,879.75806,37.472,85.0,93.69128
44.479166666666664,32.229166666666664,23.928333,955.8057,39.94,90.0,86.96049
47.89583333333333,30.395833333333336,25.087166,902.656,38.044,144.0,93.11997
42.6875,31.5625,22.9985,937.3569,39.803997,70.0,82.97898
42.479166666666664,37.020833333333336,19.733667,972.05115,39.156,662.0,88.37043
41.354166666666664,34.1875,20.3585,947.8928,38.868,148.0,82.67543
42.604166666666664,33.229166666666664,21.985332,968.819,41.044,101.0,81.1865
47.229166666666664,29.895833333333336,24.798334,883.7347,38.416,113.0,90.2844
41.979166666666664,31.520833333333336,22.5735,924.3872,39.432003,69.0,82.15212
47.27083333333333,33.520833333333336,15.9735,905.4887,39.295998,451.0,84.754234
46.27083333333333,31.979166666666668,24.460333,925.07684,39.628,151.0,98.093254
45.979166666666664,32.604166666666664,24.1375,935.1503,39.508,168.0,95.72688
47.229166666666664,31.895833333333336,24.151333,901.5607,38.08,207.0,99.898445
47.729166666666664,37.1875,12.165167,895.8744,37.76,296.0,61.138103
46.604166666666664,33.645833333333336,15.744333,936.14606,37.536,473.0,85.00203
41.604166666666664,34.4375,21.421833,968.224,38.448,150.0,81.72599
45.8125,34.729166666666664,19.988667,936.1431,38.628,562.0,93.14429
43.229166666666664,32.645833333333336,22.896,965.6322,40.732002,86.0,84.647484
46.9375,30.645833333333336,24.359,882.4303,38.028,90.0,98.36665
40.5625,32.645833333333336,19.386833,867.8286,37.888,112.0,75.11225
41.520833333333336,31.9375,21.606833,915.86176,39.444,79.0,77.39544
42.3125,30.604166666666668,23.149334,937.1946,39.696003,77.0,81.60232
39.5625,33.979166666666664,18.298166,859.613,36.772,121.0,74.94287
45.0625,35.020833333333336,21.686,980.50616,39.968002,428.0,98.562164
43.645833333333336,36.104166666666664,20.129168,1000.33655,40.576,473.0,91.84354
46.854166666666664,35.854166666666664,9.2535,984.02094,40.736,490.0,77.108406
42.0625,30.270833333333336,23.161333,931.5291,39.524,79.0,80.4009
46.729166666666664,29.4375,25.139334,848.15344,37.732,137.0,86.226715
42.645833333333336,30.8125,23.409,939.8025,39.8,74.0,85.56807
48.3125,30.229166666666668,25.448334,891.86487,38.579998,155.0,98.21222
48.02083333333333,36.229166666666664,12.141334,942.44666,40.604004,322.0,72.826866
41.8125,32.354166666666664,21.4955,916.1956,39.668003,82.0,78.0962
45.52083333333333,36.395833333333336,9.9921665,980.53265,38.484,625.0,82.78907
40.895833333333336,35.645833333333336,19.916666,968.3648,38.812,227.0,82.43151
45.854166666666664,29.729166666666668,24.7475,882.5833,37.607998,117.0,88.88247
48.354166666666664,34.895833333333336,10.699333,922.29584,41.424,334.0,74.58786
46.02083333333333,36.645833333333336,12.007667,947.06244,39.184002,466.0,76.016754
47.9375,34.020833333333336,12.386167,890.6969,40.556,398.0,80.48257
43.145833333333336,32.354166666666664,22.629333,961.75366,40.4,76.0,84.1272
47.77083333333333,36.5625,11.563833,919.8301,38.736,317.0,69.47449
47.0625,34.604166666666664,9.290334,942.6514,39.024002,493.0,81.04873
45.52083333333333,32.5625,23.865166,929.0341,39.236,142.0,96.05921
45.6875,30.520833333333336,24.468666,893.10614,37.18,95.0,94.85615
40.854166666666664,31.604166666666668,20.895832,913.00555,38.92,93.0,76.14068
40.395833333333336,37.104166666666664,17.47,940.2066,40.684002,423.0,78.7328
42.5625,29.979166666666668,23.234333,929.2981,39.539997,89.0,82.2308
42.395833333333336,34.479166666666664,22.076166,991.04614,40.152,179.0,83.62732
41.020833333333336,34.3125,20.867167,931.8538,38.264,137.0,82.879295
43.0625,33.604166666666664,22.840666,962.848,41.956,130.0,86.618935
46.3125,34.895833333333336,13.906834,965.289,39.579998,707.0,88.659096
41.5625,31.395833333333336,22.432667,928.5914,39.471996,75.0,78.4952
40.979166666666664,37.645833333333336,15.689334,1014.05316,40.524002,679.0,77.15178
47.354166666666664,37.895833333333336,9.274834,950.06415,39.503998,264.0,63.060513
42.1875,29.9375,23.213667,925.93695,39.372,86.0,82.03057
42.895833333333336,33.645833333333336,22.713333,967.10144,41.316,115.0,83.78539
42.479166666666664,30.145833333333336,23.064167,931.27466,39.368,85.0,82.9811
44.3125,34.395833333333336,24.0915,927.3968,39.832,192.0,94.650894
46.9375,36.645833333333336,6.604167,973.42194,38.668,401.0,73.12319
47.77083333333333,29.4375,25.728947,917.61005,39.221054,106.0,89.90171
41.479166666666664,32.0625,21.3895,913.2038,39.228,81.0,76.658035
42.895833333333336,31.729166666666668,23.013834,945.12396,39.936,69.0,83.596664
45.479166666666664,35.645833333333336,15.909166,999.85156,39.692,846.0,96.34305
48.604166666666664,33.270833333333336,11.203333,907.0089,38.795998,364.0,82.287704
42.5625,31.6875,22.680668,931.7905,39.704002,67.0,83.313835
47.39583333333333,32.020833333333336,24.302334,918.6006,39.24,238.0,100.765366
46.104166666666664,33.520833333333336,20.811666,928.10504,38.292,352.0,94.02919
44.479166666666664,32.395833333333336,23.607166,948.4982,39.452,103.0,90.800415
48.89583333333333,31.8125,25.094,934.03046,39.06,354.0,108.611404
40.020833333333336,34.5625,19.536499,918.91125,37.744,124.0,78.319885
42.604166666666664,33.5625,22.322334,981.4518,41.115997,114.0,81.270065
44.1875,33.354166666666664,22.699,931.75024,40.148003,146.0,87.068665
40.145833333333336,36.3125,17.674833,954.85547,39.668,349.0,78.502235
49.39583333333333,32.9375,11.557834,917.7407,39.108,322.0,82.97957
45.89583333333333,32.854166666666664,23.911333,941.17975,39.96,201.0,99.4294
47.27083333333333,35.770833333333336,10.1455,983.2474,41.684002,416.0,75.557625
47.5625,31.020833333333336,24.230833,891.56,38.988,154.0,97.95276
48.479166666666664,30.6875,24.855333,885.78046,35.924,208.0,104.022766
46.9375,30.9375,23.943167,854.3379,36.32,107.0,95.80636
48.02083333333333,29.145833333333336,25.846167,935.25757,40.096,103.0,91.01819
41.020833333333336,36.5625,18.866499,965.45514,39.539997,341.0,81.73381
41.6875,33.020833333333336,20.853,935.94824,39.452,100.0,76.628876
47.3125,37.520833333333336,9.859333,954.6202,38.608,271.0,60.818085
41.9375,37.8125,17.142,986.83276,38.528,675.0,75.38425
48.6875,36.3125,9.8435,933.4351,39.568,298.0,71.20196
42.645833333333336,31.020833333333336,23.112833,938.7703,39.604004,72.0,86.146095
46.979166666666664,29.520833333333336,25.052166,861.8265,38.003998,126.0,87.78264
48.479166666666664,32.520833333333336,23.731667,946.07043,39.748,421.0,104.39589
47.604166666666664,35.020833333333336,10.121333,959.5834,41.932,405.0,77.55843
41.0625,35.395833333333336,20.72,970.01483,38.676,193.0,85.53913
40.895833333333336,36.770833333333336,18.665,961.05634,40.368,366.0,79.94019
39.8125,33.020833333333336,18.3925,835.74945,36.788002,127.0,80.68874
48.1875,34.1875,13.074833,863.2145,39.184,378.0,80.48802
44.729166666666664,37.520833333333336,7.101333,964.8271,37.152,546.0,65.52807
40.479166666666664,32.020833333333336,20.102833,884.7334,38.32,100.0,73.429756
46.9375,35.604166666666664,7.963,978.01904,40.248,488.0,77.84516
44.104166666666664,36.354166666666664,19.152,1014.2095,40.684002,703.0,97.301765
40.354166666666664,32.8125,18.8025,850.38214,37.384,119.0,75.88625
39.979166666666664,36.479166666666664,17.870167,957.7419,39.988003,351.0,79.31536
43.1875,33.479166666666664,22.674,939.21094,41.02,115.0,85.5113
46.854166666666664,34.4375,14.483334,910.9957,40.836,517.0,84.653175
45.89583333333333,30.604166666666668,24.631666,884.138,37.120003,92.0,96.328514
43.729166666666664,37.145833333333336,13.206,1014.8673,38.404,820.0,84.16621
46.8125,30.4375,24.363667,878.98126,37.899998,92.0,93.52346
39.895833333333336,33.1875,18.502,839.6841,37.0,122.0,77.20906
40.354166666666664,36.8125,17.872334,918.4523,39.5,348.0,78.80419
44.979166666666664,34.645833333333336,23.033667,953.96576,39.348,305.0,98.57426
41.9375,33.104166666666664,21.140667,950.8406,40.188004,99.0,77.9749
39.354166666666664,33.145833333333336,18.006166,819.92566,36.22,115.0,76.59939
46.9375,29.270833333333336,25.195333,850.07574,37.692,146.0,85.119576
47.4375,29.0625,25.454666,895.87354,38.944,131.0,88.985466
47.02083333333333,37.854166666666664,8.057667,955.2894,37.988,290.0,62.249092
44.520833333333336,30.145833333333336,23.992167,929.0958,38.843998,100.0,87.680374
47.39583333333333,37.979166666666664,8.619833,941.2128,39.18,268.0,60.8383
41.020833333333336,35.645833333333336,20.000666,972.45386,38.728,235.0,83.417244
44.729166666666664,29.270833333333336,24.596167,928.9003,39.196,134.0,83.51366
47.8125,36.895833333333336,11.780666,897.11127,37.988,294.0,65.80124
40.854166666666664,33.6875,19.675333,906.7729,38.315998,122.0,78.426994
49.354166666666664,31.4375,25.9985,959.4383,40.396,336.0,110.88231
45.0625,36.4375,9.515667,976.5656,37.576,678.0,82.75543
46.0625,37.4375,13.251833,973.9664,38.404,312.0,69.217926
45.64583333333333,32.270833333333336,24.167833,929.35535,39.436,135.0,93.86142
42.020833333333336,32.4375,21.779501,924.3551,39.948,78.0,78.881065
45.020833333333336,36.6875,9.5205,985.67596,38.2,606.0,81.37037
42.354166666666664,31.5625,22.840166,927.45856,39.676003,65.0,85.21913
47.729166666666664,36.854166666666664,10.124,910.5426,37.88,292.0,66.29471
43.1875,35.895833333333336,21.6285,981.3527,39.420002,373.0,90.65263
49.479166666666664,33.0625,4.1526666,925.87463,38.664,348.0,77.42053
43.895833333333336,36.645833333333336,18.898666,1020.9336,40.828,780.0,97.37561
41.854166666666664,30.479166666666668,23.009333,934.4975,39.7,77.0,80.37796
44.270833333333336,36.854166666666664,14.626167,1013.6352,38.868,729.0,90.74115
46.1875,35.229166666666664,10.9053335,958.09796,38.815998,722.0,86.23905
41.4375,31.104166666666668,22.527,937.63025,39.840004,77.0,79.758736
45.0625,31.895833333333336,23.953835,918.1526,39.02,117.0,86.73231
44.979166666666664,35.354166666666664,21.069668,1001.3133,40.088,507.0,99.25379
45.104166666666664,32.145833333333336,23.662,915.02484,38.644,121.0,88.6082
44.979166666666664,30.9375,24.506166,923.8781,38.079998,99.0,94.37321
48.4375,32.020833333333336,24.3855,921.7882,39.008,354.0,106.576866
41.520833333333336,32.520833333333336,20.991,914.8055,38.988,90.0,76.49115
40.4375,36.479166666666664,18.097334,955.15784,39.48,333.0,79.456825
43.6875,32.1875,23.581667,975.4087,40.748,77.0,87.0887
43.604166666666664,37.8125,4.1865,953.61115,36.476,611.0,59.376637
46.14583333333333,34.6875,15.262667,939.45605,39.188,665.0,90.357605
44.4375,34.979166666666664,23.238333,940.7905,38.904,265.0,99.56976
40.395833333333336,31.895833333333336,20.1795,886.97156,38.248,98.0,73.81826
47.5625,37.729166666666664,5.1858335,911.692,36.216,344.0,64.57231
44.270833333333336,30.770833333333336,23.814833,941.937,38.656,87.0,93.33762
45.479166666666664,37.270833333333336,11.6215,905.89636,33.096,342.0,69.793396
45.270833333333336,31.145833333333336,25.0995,914.90814,38.348,108.0,95.15537
45.8125,28.729166666666668,25.160334,919.81934,38.66,213.0,81.23889
47.729166666666664,32.729166666666664,22.8365,933.31067,40.024,379.0,96.489746
45.854166666666664,34.4375,19.665,894.14734,37.3,496.0,92.87637
46.52083333333333,33.645833333333336,12.464167,924.89105,37.46,494.0,83.79074
43.354166666666664,36.0625,20.868,976.7941,39.188,419.0,90.07418
45.020833333333336,35.395833333333336,20.627167,1004.7092,39.972,540.0,99.33185
42.770833333333336,32.979166666666664,22.184,961.09155,40.924,94.0,82.74554
41.1875,36.9375,19.2675,966.756,39.652,398.0,82.61216
42.479166666666664,31.354166666666668,23.118166,933.61273,39.631996,67.0,85.549736
46.39583333333333,33.395833333333336,18.529667,929.97424,37.704002,413.0,88.27935
48.89583333333333,35.229166666666664,10.647,976.6462,42.82,301.0,73.42735
45.104166666666664,36.645833333333336,10.708333,998.45483,38.512,596.0,80.98157
43.4375,31.229166666666668,23.224834,953.7217,39.719997,79.0,91.612915
47.0625,31.9375,24.287834,910.14386,38.548,198.0,98.35757
44.1875,34.854166666666664,24.017834,923.5406,38.772,227.0,96.16218
48.02083333333333,37.270833333333336,10.7465,860.4492,36.736,275.0,56.84114
44.229166666666664,28.895833333333336,24.297167,929.00073,39.428,142.0,83.18695
49.02083333333333,30.3125,25.480978,871.145,35.8,209.0,110.249664
48.14583333333333,32.979166666666664,20.171167,915.40247,38.684,451.0,92.25444
45.9375,29.604166666666668,24.878666,879.59845,37.804,127.0,85.578804
43.479166666666664,34.104166666666664,23.762667,916.334,39.5,156.0,85.82244
42.604166666666664,33.3125,22.020834,971.2488,41.092,105.0,82.99285
44.104166666666664,30.1875,23.6265,936.68384,38.784,98.0,90.05883
47.854166666666664,35.8125,11.166166,974.78516,41.564003,349.0,73.86085
40.145833333333336,35.729166666666664,19.117,962.0842,39.096,201.0,81.61063
44.5625,35.4375,21.3775,995.4116,39.9,456.0,97.31313
49.354166666666664,30.854166666666668,25.83,946.55304,38.708,280.0,114.5246
43.4375,29.1875,23.301,927.0462,39.14,125.0,83.218666
46.479166666666664,31.604166666666668,24.275333,909.46204,38.760002,144.0,98.40033
48.479166666666664,30.4375,25.192667,893.17596,36.48,177.0,102.48968
44.729166666666664,36.520833333333336,13.017,1010.27527,38.455997,726.0,87.413925
40.104166666666664,34.0625,19.428833,888.53094,37.904003,120.0,76.748344
47.604166666666664,32.854166666666664,20.8435,927.3298,39.656,401.0,92.00285
39.479166666666664,33.479166666666664,18.032166,832.2909,36.632,117.0,75.481316
45.6875,30.854166666666668,24.885166,886.1345,36.592003,93.0,91.96272
43.479166666666664,35.520833333333336,22.691,933.87274,38.691998,312.0,89.86556
46.27083333333333,29.020833333333336,25.316,870.3411,38.163998,173.0,83.501945
47.9375,33.8125,14.7074995,880.00037,39.371998,411.0,83.17715
46.52083333333333,30.895833333333336,23.855833,851.34265,35.404003,95.0,90.412575
46.77083333333333,32.3125,24.308332,926.1732,39.132,209.0,96.78567
44.1875,33.0625,22.681833,935.02954,39.612,133.0,87.75808
42.6875,35.9375,21.980999,982.266,39.12,352.0,91.10462
45.64583333333333,33.229166666666664,23.478666,934.55994,39.624,219.0,99.088905
48.229166666666664,28.520833333333336,25.909334,862.4298,37.792,103.0,91.56034
44.5625,35.854166666666664,20.783,1012.7187,40.064,561.0,98.29809
43.604166666666664,33.9375,23.451,924.04767,39.871998,141.0,83.95022
47.3125,28.729166666666668,25.398167,887.0124,38.5,149.0,85.30578
43.479166666666664,32.145833333333336,23.088167,967.20447,40.516,77.0,85.75002
45.8125,36.979166666666664,12.9713335,939.39813,37.576,402.0,73.98663
45.8125,36.604166666666664,10.642667,966.5648,38.848,510.0,78.1025
42.145833333333336,37.6875,12.241,937.6531,36.064,889.0,72.56176
42.770833333333336,31.1875,23.1775,940.00995,39.62,70.0,87.32314
46.89583333333333,36.3125,8.314834,968.21173,39.292,424.0,73.46223
43.1875,30.020833333333336,23.340666,935.1085,39.404003,93.0,84.9839
41.395833333333336,37.895833333333336,16.661667,991.76776,40.592,645.0,75.45321
41.729166666666664,37.145833333333336,18.970167,970.4345,39.384,546.0,81.908005
45.479166666666664,30.1875,24.6175,899.1663,37.72,100.0,89.44791
46.52083333333333,37.8125,6.26,963.70166,37.308,324.0,62.4002
44.145833333333336,36.729166666666664,15.7625,1007.2055,38.424004,767.0,94.42684
41.270833333333336,35.1875,21.2715,968.0496,38.412003,183.0,85.03266
47.479166666666664,37.5625,10.275667,924.2213,38.428,272.0,59.981422
39.395833333333336,32.9375,18.075167,823.3599,36.404,119.0,75.88625
40.0625,36.604166666666664,18.256334,955.9314,40.488003,334.0,79.31972
43.4375,36.270833333333336,20.277,1005.6413,40.436,522.0,91.74036
44.270833333333336,32.104166666666664,24.102333,977.9143,40.379997,80.0,87.99772
42.729166666666664,30.729166666666668,23.491167,942.49164,39.928,75.0,86.66337
46.27083333333333,34.0625,13.686833,897.06226,36.848,541.0,86.98874
39.895833333333336,33.770833333333336,18.766333,861.2728,36.84,124.0,75.933945
41.3125,37.520833333333336,15.651667,994.90546,39.920002,728.0,77.07964
47.39583333333333,33.895833333333336,11.7745,906.8308,38.832,452.0,81.65159
46.02083333333333,30.0625,24.5175,876.2161,37.399998,97.0,94.174614
45.3125,35.8125,16.6335,1009.67053,39.368,790.0,95.80486
44.5625,35.104166666666664,23.019333,967.1721,39.607998,308.0,98.97486
48.52083333333333,31.854166666666668,24.548334,917.23224,38.348,330.0,106.87234
47.729166666666664,35.979166666666664,11.6225,968.3589,41.576,354.0,73.25369
40.020833333333336,35.0625,19.852,965.85846,38.828,136.0,82.493835
39.9375,32.3125,19.238167,854.476,37.752,111.0,74.54729
41.854166666666664,30.729166666666668,23.034834,937.53015,39.9,74.0,80.00934
48.27083333333333,28.645833333333336,25.914167,857.0172,37.604,102.0,93.020065
45.104166666666664,30.229166666666668,24.409834,913.43536,37.888,101.0,90.38844
46.52083333333333,35.854166666666664,6.9935,974.1796,38.78,542.0,78.38116
48.6875,33.020833333333336,19.592833,918.05054,38.172,425.0,93.623825
48.104166666666664,35.1875,10.05,962.54553,42.399998,347.0,74.993645
39.895833333333336,35.9375,18.973667,958.1939,39.323997,222.0,80.44762
42.895833333333336,35.6875,22.3225,961.534,38.68,323.0,90.34278
44.354166666666664,33.520833333333336,22.6445,915.70514,39.112,157.0,88.710045
49.02083333333333,30.979166666666668,25.756834,945.9941,39.432,263.0,110.74384
48.854166666666664,34.020833333333336,10.548667,902.97375,39.652,300.0,77.930466
44.979166666666664,31.520833333333336,24.723,922.5367,38.631996,103.0,90.03408
43.5625,33.354166666666664,22.551,943.5434,39.600002,127.0,86.288414
40.8125,34.270833333333336,20.286,921.98724,38.120003,135.0,80.44592
40.0625,34.4375,19.337667,910.7557,37.579998,125.0,77.48986
39.770833333333336,35.0625,19.647,950.92896,38.356,133.0,79.806274
46.604166666666664,37.729166666666664,6.0975,970.8938,37.504,341.0,63.307144
40.6875,33.8125,19.641666,896.97925,38.02,123.0,77.96514
42.479166666666664,35.5625,22.386333,966.72046,38.332,277.0,89.747604
45.1875,33.6875,23.245667,933.4828,39.624,218.0,98.888824
46.89583333333333,36.979166666666664,6.959833,953.1417,37.772,361.0,70.51721
42.1875,37.979166666666664,14.0525,958.8134,37.48,820.0,72.05329
44.854166666666664,36.520833333333336,13.218833,1002.08014,38.86,704.0,86.72003
41.729166666666664,30.729166666666668,22.878666,938.1321,39.76,76.0,79.58382
48.9375,34.4375,11.477,884.08813,39.16,274.0,77.25986
39.9375,36.9375,18.182333,964.2261,40.796,389.0,79.95692
43.354166666666664,35.4375,23.229834,915.4756,37.776,295.0,90.517525
42.979166666666664,37.979166666666664,8.715167,965.8382,36.968,692.0,64.27056
42.270833333333336,36.604166666666664,20.488667,992.083,38.947998,423.0,91.75831
42.770833333333336,34.395833333333336,23.051666,960.26355,39.824,155.0,83.54332
43.020833333333336,35.9375,21.567333,979.49164,39.284,382.0,91.174995
48.9375,34.604166666666664,11.928833,901.4101,40.096,285.0,76.1782
42.895833333333336,33.8125,22.682833,970.6196,41.468,126.0,82.53585
47.604166666666664,35.354166666666664,11.189333,970.2509,42.988,402.0,76.43405
44.229166666666664,29.4375,24.095,930.4865,39.1,120.0,82.13895
45.395833333333336,36.145833333333336,10.8385,986.13354,38.688,699.0,86.826675
45.395833333333336,34.145833333333336,22.537167,937.9846,38.904,313.0,96.50807
39.9375,32.1875,19.286833,858.65894,37.663998,107.0,74.03461
46.104166666666664,30.395833333333336,24.463,877.18506,37.128,90.0,92.97434
46.979166666666664,37.4375,10.8735,979.166,39.851997,285.0,63.980152
46.77083333333333,29.0625,25.476833,833.41516,37.531998,160.0,85.15336
40.6875,34.645833333333336,20.4005,940.6721,38.067997,134.0,81.353134
40.520833333333336,32.6875,19.243166,863.9522,37.772,113.0,75.41941
47.979166666666664,36.979166666666664,11.894167,882.0062,37.871998,290.0,63.730247
46.14583333333333,30.854166666666668,24.371334,877.5969,37.7,88.0,93.419876
45.9375,37.520833333333336,12.664333,969.26776,38.068,299.0,68.934204
47.854166666666664,37.5625,11.468833,876.1278,37.116,298.0,52.71119
48.8125,35.270833333333336,10.953,984.60065,43.396,316.0,72.39052
46.604166666666664,31.4375,24.164333,899.4976,38.615997,137.0,96.3668
40.145833333333336,33.604166666666664,19.224667,864.7285,37.128,114.0,76.99789
40.6875,35.645833333333336,19.8265,963.3861,38.636,219.0,81.751625
46.77083333333333,34.104166666666664,13.954333,888.153,39.2,503.0,84.95031
43.1875,29.3125,23.284334,926.1262,39.052,113.0,82.932434
47.9375,37.395833333333336,10.5265,881.9389,36.844,272.0,55.336815
43.0625,33.1875,22.5975,963.5419,41.92,105.0,86.158844
44.4375,35.8125,20.675,1019.9824,40.315998,545.0,97.03476
46.479166666666664,37.520833333333336,7.801,1001.68646,38.672,336.0,69.58965
44.104166666666664,37.604166666666664,8.843833,1026.9893,39.668,655.0,66.020584
41.354166666666664,35.395833333333336,20.8975,977.8446,38.692,211.0,86.051506
40.645833333333336,37.020833333333336,17.773167,944.8608,39.988,425.0,79.985664
41.6875,31.854166666666668,21.835167,917.7049,39.356,75.0,78.053276
46.604166666666664,29.6875,24.7915,855.7363,37.496,126.0,89.87207
42.729166666666664,29.9375,23.397,928.44354,39.548,90.0,82.810036
42.604166666666664,37.645833333333336,14.1575,961.4587,37.916,784.0,75.8859
47.39583333333333,36.729166666666664,5.733333,943.548,37.64,361.0,70.24985
44.854166666666664,34.270833333333336,23.352833,939.66864,39.276,235.0,97.88015
43.104166666666664,29.979166666666668,23.372334,932.57874,39.328,93.0,84.9839
44.520833333333336,33.645833333333336,22.928833,925.82733,39.816,174.0,91.83897
44.854166666666664,31.520833333333336,24.704334,928.6878,38.896,95.0,86.93096
44.604166666666664,29.729166666666668,24.242,925.807,39.016,115.0,84.17199
42.354166666666664,35.1875,22.293,964.54736,38.407997,236.0,87.34894
44.0625,32.5625,24.0845,980.6545,40.012,94.0,88.59344
43.854166666666664,34.3125,24.041334,897.0326,38.440002,169.0,87.47446
47.39583333333333,37.0625,11.134666,933.6409,38.852,297.0,64.56261
43.3125,35.1875,24.113667,874.4144,36.739998,258.0,91.21207
45.229166666666664,33.270833333333336,23.4595,938.2438,39.940002,194.0,97.279594
48.104166666666664,29.020833333333336,25.898167,903.4694,38.648,95.0,92.661
41.770833333333336,36.3125,20.369333,1011.15564,37.343998,424.0,86.39455
45.979166666666664,33.979166666666664,18.145666,909.9518,37.208,465.0,91.99761
42.770833333333336,31.4375,23.1295,940.09125,39.744,69.0,86.41334
46.9375,35.645833333333336,8.250167,982.4809,40.368,474.0,77.87125
49.02083333333333,30.354166666666668,25.399166,869.77966,35.524,208.0,110.45429
39.9375,32.395833333333336,19.014166,850.47424,37.436,114.0,74.60471
42.854166666666664,31.1875,23.182667,942.01154,39.643997,72.0,88.27348
44.229166666666664,35.729166666666664,21.3735,1003.7705,40.755997,440.0,90.81984
45.6875,32.395833333333336,23.996666,931.8808,39.420002,136.0,96.206
44.979166666666664,33.0625,23.222834,943.0987,39.996,169.0,95.59419
43.1875,29.145833333333336,23.391,924.0125,38.98,118.0,83.387146
47.27083333333333,29.8125,24.823,884.8424,38.572,109.0,89.35215
47.39583333333333,33.9375,13.809334,898.6524,39.488,455.0,82.325165
48.64583333333333,30.770833333333336,25.098,905.8016,37.204002,219.0,105.02632
45.6875,34.229166666666664,19.508833,917.9577,37.624,464.0,93.893654
40.604166666666664,32.6875,19.327333,868.46954,37.904,112.0,75.11225
44.895833333333336,31.479166666666668,24.7555,924.2821,38.484,97.0,87.754845
47.8125,33.104166666666664,20.679333,924.7056,40.328,430.0,91.78963
42.895833333333336,31.395833333333336,22.914167,943.50946,39.624,74.0,85.980774
44.104166666666664,35.770833333333336,21.191668,998.3647,39.848,442.0,89.24257
44.479166666666664,33.270833333333336,22.9235,936.2344,39.38,158.0,91.23666
47.3125,37.4375,9.001333,953.98395,38.764,289.0,63.865665
40.729166666666664,35.479166666666664,20.017,968.13165,38.936,198.0,82.35855
42.770833333333336,37.979166666666664,8.044833,934.6149,35.66,740.0,64.570175
42.770833333333336,30.604166666666668,23.486834,942.98816,39.864002,79.0,86.828995
48.104166666666664,34.979166666666664,10.0395,937.53503,41.447998,352.0,75.53478
41.104166666666664,36.5625,19.083,969.1523,39.392,357.0,81.7563
45.729166666666664,36.395833333333336,11.160167,975.54346,39.399998,584.0,82.00762
40.020833333333336,35.145833333333336,19.7185,971.0739,39.124,146.0,81.01625
44.0625,35.354166666666664,22.639833,927.1831,37.988,291.0,91.06758
45.479166666666664,35.854166666666664,15.365833,999.08704,39.736,818.0,95.106186
45.354166666666664,30.8125,24.599167,909.2385,37.516003,102.0,96.527466
43.520833333333336,35.354166666666664,23.579666,898.71924,37.471996,287.0,90.835884
46.89583333333333,37.770833333333336,9.297334,981.02704,38.964,289.0,62.885307
46.104166666666664,32.5625,24.288834,938.24225,39.748,171.0,94.577
43.020833333333336,32.8125,22.493668,960.58386,40.828,90.0,83.4156
48.89583333333333,33.0625,14.375,903.4715,39.052,362.0,86.08191
43.6875,36.0625,20.030834,1003.9809,40.656002,476.0,91.81858
49.14583333333333,31.854166666666668,24.915667,952.48114,39.568,401.0,107.27706
44.6875,29.3125,24.637667,927.942,39.104,131.0,83.492256
46.39583333333333,33.520833333333336,17.566833,933.5596,37.384,440.0,88.0253
46.77083333333333,35.3125,9.650833,977.2199,40.58,540.0,81.229385
47.52083333333333,30.270833333333336,24.561,897.94635,38.440002,129.0,92.88442
43.770833333333336,30.4375,23.524334,943.508,39.192,92.0,96.20278
45.604166666666664,35.145833333333336,20.1865,985.24774,39.388,631.0,94.6784
43.145833333333336,33.270833333333336,22.611834,962.02496,41.947998,111.0,86.27642
43.145833333333336,35.895833333333336,21.5475,979.2944,39.22,379.0,90.660736
45.4375,34.645833333333336,22.142166,947.9098,38.947998,403.0,96.175125
47.854166666666664,30.395833333333336,25.028833,900.0875,37.864,144.0,93.11997
47.89583333333333,34.979166666666664,9.745167,949.7145,41.260002,374.0,76.59669
43.520833333333336,35.479166666666664,22.884834,927.42053,38.524,311.0,90.60832
43.854166666666664,29.354166666666668,23.807833,929.8179,39.348,119.0,82.25362
47.39583333333333,33.4375,17.275167,904.9719,39.556,443.0,86.00213
48.27083333333333,33.729166666666664,13.145333,876.181,38.760002,395.0,80.740036
49.27083333333333,31.770833333333336,25.51,960.0145,40.260002,386.0,108.746826
48.3125,29.645833333333336,25.899166,855.48517,38.79,122.0,97.341064
42.479166666666664,29.645833333333336,23.092167,923.7578,39.14,97.0,80.69034
45.479166666666664,30.479166666666668,24.413,901.3664,37.5,98.0,92.547226
41.979166666666664,34.354166666666664,21.713167,993.5606,39.132,161.0,82.99799
48.104166666666664,34.145833333333336,9.852167,891.3655,39.112,383.0,78.79014
41.604166666666664,34.979166666666664,21.207167,972.2681,39.156,189.0,85.085335
48.4375,30.5625,24.993166,896.7345,36.852,206.0,103.510544
41.1875,32.6875,20.452833,902.8572,38.784,100.0,75.944885
44.270833333333336,29.604166666666668,23.962667,932.42413,39.16,116.0,82.82992
45.020833333333336,34.104166666666664,23.083668,930.5919,38.452,234.0,97.50552
48.479166666666664,35.354166666666664,10.467,986.88715,43.704,328.0,73.362595
41.229166666666664,37.8125,16.146334,1003.107,41.296,665.0,76.33453
43.229166666666664,33.3125,22.752,956.632,42.14,112.0,87.66514
46.14583333333333,36.1875,11.1115,967.7689,40.696,583.0,79.78484
46.4375,34.9375,12.368334,976.94885,40.244,671.0,86.35752
42.729166666666664,37.354166666666664,16.031166,972.4317,37.148,773.0,82.55667
45.6875,37.229166666666664,12.893167,941.28284,36.568,361.0,67.33654
44.979166666666664,34.8125,22.302166,962.8341,39.228,360.0,98.681114
41.0625,37.020833333333336,18.758333,966.8539,40.064003,430.0,81.02592
46.89583333333333,36.770833333333336,5.9036665,968.8015,38.356,395.0,72.072495
43.270833333333336,34.979166666666664,24.772333,859.9411,36.972,221.0,91.08903
47.27083333333333,33.770833333333336,17.338667,911.33057,40.072,453.0,85.41418
41.979166666666664,36.020833333333336,21.382166,1000.03595,38.66,334.0,89.538574
45.5625,30.1875,24.486166,895.91455,37.608,99.0,91.04976
45.270833333333336,33.770833333333336,23.246666,935.53503,39.800003,242.0,99.301186
47.729166666666664,34.604166666666664,9.180834,929.1351,39.668,408.0,78.58678
46.854166666666664,37.4375,10.693334,988.5124,39.343998,291.0,65.34108
48.3125,33.020833333333336,16.909166,901.27954,38.68,424.0,87.89599
45.5625,31.895833333333336,24.436167,926.7178,39.08,125.0,93.92805
48.604166666666664,32.1875,24.231667,921.6618,38.972,392.0,106.32391
49.27083333333333,30.8125,25.787,943.82043,38.767998,270.0,113.71268
46.8125,29.104166666666668,25.414333,835.3573,37.5,157.0,85.177956
45.3125,36.3125,12.075334,983.6554,38.368,682.0,87.12811
40.645833333333336,33.145833333333336,19.4605,872.9812,37.94,116.0,75.77722
45.4375,36.895833333333336,11.571333,963.3008,37.992,443.0,75.90223
42.604166666666664,36.729166666666664,20.163666,986.6775,38.532,661.0,91.88454
45.9375,33.479166666666664,22.643667,926.874,38.688,293.0,97.07838
48.27083333333333,34.479166666666664,12.388,867.0336,39.876,351.0,78.24344
49.02083333333333,31.5625,25.669666,952.7245,40.476,328.0,109.81296
47.854166666666664,35.395833333333336,10.862166,969.12634,42.748,370.0,75.30734
49.02083333333333,32.6875,17.273167,907.0569,38.048,389.0,92.58324
44.5625,29.0625,24.614834,928.8672,39.052,141.0,82.87754
44.979166666666664,33.479166666666664,23.2235,934.8111,39.944,195.0,95.80377
49.14583333333333,31.270833333333336,25.817501,950.405,39.66,297.0,111.18326
41.4375,34.3125,20.7495,961.74304,39.236,148.0,82.613556
42.270833333333336,32.020833333333336,22.319334,913.5359,39.288,66.0,81.53978
39.229166666666664,34.104166666666664,17.971834,855.87024,36.492,113.0,73.96117
39.645833333333336,34.979166666666664,19.752167,937.6087,38.264,125.0,80.83786
49.14583333333333,32.395833333333336,23.480501,947.25104,39.604,432.0,104.19834
41.6875,37.1875,18.7145,972.7362,38.552002,561.0,81.5612
47.52083333333333,32.354166666666664,24.076,934.2841,40.092003,295.0,100.25899
47.14583333333333,36.3125,9.319167,966.0757,39.976,395.0,72.73829
46.39583333333333,30.6875,24.314167,877.7206,37.324,89.0,94.434326
45.77083333333333,30.479166666666668,24.4895,888.9717,37.26,92.0,93.65279
44.729166666666664,33.354166666666664,23.062834,942.8356,40.5,176.0,94.570496
44.395833333333336,35.5625,21.623167,1003.54694,40.332,426.0,94.45645
45.395833333333336,36.9375,11.889334,947.18005,37.54,443.0,74.57433
47.1875,34.5625,10.792167,946.7037,39.864,474.0,81.05182
47.729166666666664,34.145833333333336,12.547667,893.34863,40.22,421.0,80.56006
39.854166666666664,33.020833333333336,18.4975,837.10156,36.86,123.0,79.87645
46.729166666666664,32.104166666666664,24.262001,921.05725,38.788002,186.0,96.88357
43.729166666666664,35.354166666666664,22.905,884.46,36.568,281.0,89.48183
45.604166666666664,30.3125,24.408833,894.9203,37.652,97.0,92.04454
46.0625,30.8125,24.545,872.5697,37.428,85.0,93.69128
49.14583333333333,31.520833333333336,25.807667,955.7247,40.44,332.0,110.31535
41.8125,34.9375,21.0875,975.8231,39.02,199.0,86.12989
48.354166666666664,33.5625,17.526167,878.68823,39.96,434.0,85.79875
45.145833333333336,30.8125,24.436167,916.9741,37.688,102.0,95.58367
42.729166666666664,34.395833333333336,22.889,965.98456,39.916,156.0,83.4106
48.729166666666664,35.895833333333336,10.634334,944.8433,40.684,301.0,73.46374
43.5625,35.729166666666664,21.458166,970.7247,39.5,372.0,90.669075
43.395833333333336,32.395833333333336,23.212667,969.9568,40.624,77.0,84.19404
48.0625,32.895833333333336,21.359667,923.49524,38.856003,437.0,94.4528
48.27083333333333,30.395833333333336,25.355833,910.89795,38.164,167.0,98.753044
47.89583333333333,32.1875,24.117834,931.6498,40.143997,324.0,102.47404
46.14583333333333,34.520833333333336,11.1085,959.66156,38.996,629.0,86.83191
47.8125,31.6875,23.288166,851.51105,35.244,238.0,102.41477
47.52083333333333,37.729166666666664,4.8475,908.7414,35.98,353.0,65.26531
40.145833333333336,33.479166666666664,19.192333,857.2478,36.704,117.0,76.92656
44.479166666666664,32.354166666666664,23.6325,950.4095,39.648003,100.0,90.49185
40.8125,35.645833333333336,19.883167,967.32153,38.784,222.0,82.50168
40.9375,33.604166666666664,19.7435,910.06335,38.216,122.0,78.426994
43.520833333333336,29.729166666666668,23.5415,935.76117,39.519997,102.0,82.7018
40.4375,37.9375,15.878,1033.5759,42.328003,545.0,75.12902
48.229166666666664,34.1875,13.379666,848.34393,38.975998,373.0,80.45334
47.854166666666664,30.770833333333336,24.551,899.4607,39.052002,165.0,98.33696
41.354166666666664,35.895833333333336,20.320333,985.76013,38.671997,295.0,84.8137
39.520833333333336,32.770833333333336,18.335,828.6019,36.752003,119.0,77.67459
48.02083333333333,37.0625,12.160833,872.03436,37.72,288.0,62.01466
43.020833333333336,35.895833333333336,21.760334,975.6008,39.460003,363.0,90.4698
49.0625,30.270833333333336,25.497826,868.276,35.77826,216.0,110.149734
42.520833333333336,37.520833333333336,12.866166,962.37317,37.024,808.0,74.87332
48.229166666666664,34.6875,10.932333,905.1353,40.944,347.0,76.72096
46.89583333333333,31.3125,24.198666,892.87714,38.812,140.0,97.75882
41.1875,34.5625,21.1565,950.2055,39.136,146.0,82.87207
47.14583333333333,31.854166666666668,24.273834,902.30115,37.66,200.0,98.87879
48.02083333333333,31.854166666666668,24.295166,916.0957,39.864,285.0,104.93919
46.354166666666664,30.6875,24.289333,877.8116,37.36,90.0,92.97434
47.3125,37.9375,9.33,958.1495,39.696,268.0,60.947983
48.02083333333333,31.5625,24.177668,899.1892,37.920002,245.0,102.98308
46.27083333333333,32.520833333333336,24.248667,938.43243,39.736,181.0,95.01728
45.1875,32.0625,23.817667,912.7162,38.616,121.0,89.190926
45.3125,31.645833333333336,24.576334,917.4604,38.352,120.0,92.87138
41.395833333333336,32.354166666666664,20.9485,910.4097,39.280003,89.0,76.57412
43.895833333333336,29.979166666666668,23.493166,935.5049,39.116,101.0,85.13155
44.479166666666664,36.979166666666664,15.319833,1018.1382,40.211998,688.0,87.66609
43.479166666666664,34.770833333333336,24.997334,852.4162,36.552002,205.0,91.21631
42.0625,37.520833333333336,14.599334,949.8153,35.836002,806.0,76.554565
47.27083333333333,29.729166666666668,24.916166,885.0856,38.768,108.0,88.83079
45.5625,28.770833333333336,25.231167,921.7908,38.856003,188.0,81.52189
45.64583333333333,37.479166666666664,11.905666,945.2845,35.82,310.0,66.98343
45.020833333333336,37.645833333333336,10.587833,896.0097,36.58,351.0,66.71591
41.1875,35.854166666666664,19.9625,978.4731,38.636,283.0,83.319145
46.77083333333333,31.104166666666668,24.142166,885.5073,38.452,113.0,94.89914
40.270833333333336,34.145833333333336,19.556334,899.2355,37.912,123.0,77.31754
45.104166666666664,30.0625,24.408167,912.06506,38.107998,104.0,89.135216
47.104166666666664,35.645833333333336,10.0,988.4183,41.92,455.0,76.48947
41.479166666666664,31.270833333333336,22.464333,931.6905,39.544003,78.0,78.881065
49.27083333333333,33.4375,14.178333,920.12616,39.924,309.0,84.00257
46.9375,33.3125,17.077333,929.01074,38.399998,428.0,87.12022
47.479166666666664,36.020833333333336,11.119833,978.4615,41.412,384.0,73.61714
41.979166666666664,37.1875,18.923,966.3643,38.856,590.0,83.378654
43.1875,32.5625,22.76,963.65814,40.528,84.0,84.27499
42.8125,31.354166666666668,23.081667,940.83575,39.664,71.0,88.79474
47.4375,37.3125,10.381,930.42285,38.163998,277.0,62.78398
46.9375,34.4375,14.318,895.51715,40.56,504.0,84.019905
48.02083333333333,35.854166666666664,10.436,968.183,41.072002,339.0,73.702774
44.3125,29.354166666666668,24.230667,930.4774,38.996,120.0,83.58964
47.3125,35.145833333333336,10.0665,973.8257,41.996002,442.0,77.838715
39.520833333333336,33.979166666666664,18.235,858.183,36.728,123.0,75.34135
44.770833333333336,30.729166666666668,24.321667,928.00665,38.048,93.0,92.989914
43.270833333333336,29.229166666666668,23.248833,925.89777,39.016,121.0,83.00202
42.270833333333336,30.5625,23.1275,936.83453,39.732002,77.0,81.60232
46.14583333333333,33.8125,15.606667,911.8627,36.600002,495.0,87.7867
43.770833333333336,29.5625,23.584,930.6959,39.212,108.0,83.4484
47.1875,31.520833333333336,23.991333,896.14124,37.884003,171.0,98.6236
40.229166666666664,33.645833333333336,19.212667,870.2457,37.216,118.0,77.21344
44.229166666666664,37.604166666666664,8.445833,1013.5285,39.304,629.0,65.132256
42.479166666666664,35.354166666666664,22.4595,960.36884,38.296,260.0,88.78173
45.604166666666664,36.854166666666664,11.4485,955.1348,37.944,448.0,76.131775
40.854166666666664,37.9375,15.935333,1009.18585,42.04,610.0,75.976585
40.020833333333336,34.9375,19.978167,957.03064,38.699997,132.0,82.3426
49.39583333333333,32.6875,9.956333,935.57965,39.58,335.0,81.96182
40.854166666666664,31.729166666666668,20.845,908.6285,38.868,92.0,75.4759
46.52083333333333,29.479166666666668,24.927668,849.2507,37.440002,143.0,87.307014
47.354166666666664,31.895833333333336,23.976,893.3376,37.64,219.0,99.70594
45.77083333333333,31.104166666666668,24.775667,897.8554,37.795998,105.0,93.299515
43.0625,35.4375,23.110334,928.51984,38.059998,287.0,90.05879
39.5625,36.5625,18.6385,970.7435,40.468,311.0,80.65908
47.354166666666664,29.270833333333336,25.252834,891.00775,38.980003,120.0,86.50489
40.854166666666664,36.979166666666664,18.3575,956.3649,40.212,410.0,80.24468
45.8125,29.479166666666668,24.965834,887.2756,37.955997,140.0,86.11044
47.64583333333333,34.395833333333336,13.993167,901.85297,40.74,419.0,81.10784
42.1875,32.520833333333336,21.7885,930.9998,40.024,78.0,77.01502
47.0625,29.604166666666668,25.002167,869.99664,38.376,125.0,88.89213
43.3125,33.3125,22.686,943.7071,40.796,113.0,86.58969
43.8125,32.5625,23.588333,967.3584,39.368,85.0,83.48259
42.645833333333336,34.1875,22.336,987.8887,40.415997,156.0,82.234566
48.02083333333333,31.229166666666668,24.490168,905.6139,38.772,210.0,103.295845
45.229166666666664,31.895833333333336,24.199,921.7494,39.208,123.0,89.30207
48.979166666666664,33.6875,15.102667,885.0598,39.407997,335.0,83.47333
45.020833333333336,36.9375,9.130167,989.11566,38.192,538.0,75.67672
47.8125,37.3125,12.100667,888.5152,37.452,293.0,57.517986
43.4375,30.645833333333336,23.179667,944.63,39.372,89.0,98.68714
42.145833333333336,34.020833333333336,21.403168,1014.28735,40.772,140.0,80.81522
48.104166666666664,31.479166666666668,24.341167,909.86255,38.272,242.0,103.58174
44.3125,32.770833333333336,23.238333,946.40704,39.132004,125.0,91.13916
45.020833333333336,29.5625,24.56,919.0424,38.688,125.0,84.87836
45.9375,35.479166666666664,15.020166,978.0359,39.504,935.0,94.13563
42.229166666666664,31.979166666666668,22.317167,915.19836,39.324,64.0,83.64041
46.9375,28.9375,25.392834,854.49115,37.944,160.0,85.309105
43.645833333333336,30.270833333333336,23.390667,942.1404,39.264,94.0,91.69536
46.52083333333333,32.5625,24.158333,935.0193,39.452,213.0,96.647644
45.1875,31.645833333333336,24.501167,915.9912,37.868,112.0,89.20549
43.5625,29.229166666666668,23.515833,927.9245,39.232002,119.0,84.17866
44.0625,33.895833333333336,23.317167,918.95886,39.5,155.0,86.30689
43.770833333333336,30.520833333333336,23.5595,944.56885,39.14,91.0,98.790016
49.02083333333333,32.8125,16.367834,913.06305,38.404,377.0,89.88424
44.854166666666664,31.270833333333336,24.6055,929.5281,38.248,97.0,93.233925
43.3125,29.270833333333336,23.234,926.407,39.128,116.0,83.9795
47.979166666666664,32.0625,24.193167,931.1408,40.003998,313.0,103.95199
44.3125,32.6875,23.363667,949.13153,39.295998,118.0,94.039696
43.6875,33.520833333333336,22.888834,945.99896,40.676003,136.0,85.97051
47.52083333333333,32.145833333333336,24.214834,926.69055,39.516,271.0,101.59733
43.0625,36.4375,20.631666,985.7212,38.96,561.0,91.517586
42.6875,35.520833333333336,22.592,959.75586,38.292,287.0,89.209305
45.729166666666664,34.395833333333336,19.999166,915.0851,37.607998,486.0,94.35149
45.8125,37.9375,12.6885,1001.17633,39.368,251.0,60.483334
48.979166666666664,33.229166666666664,13.648833,910.125,39.0,345.0,84.382774
48.3125,32.979166666666664,15.482833,897.50684,38.02,409.0,86.33982
45.0625,36.6875,8.7615,979.82367,37.944,614.0,80.464836
42.895833333333336,35.270833333333336,23.480167,926.0381,37.972,251.0,89.71655
45.0625,34.354166666666664,23.111834,939.22327,38.904003,267.0,98.680046
48.8125,34.145833333333336,11.3125,871.9975,39.16,287.0,78.50528
44.0625,32.229166666666664,23.8335,986.8855,40.36,82.0,88.918495
46.5625,30.020833333333336,24.5865,865.5678,37.524,100.0,89.331154
46.1875,32.895833333333336,23.892666,937.7228,40.031998,216.0,96.788
46.77083333333333,37.770833333333336,8.973667,993.28436,38.92,300.0,62.168972
44.1875,35.6875,21.406334,1002.2785,40.36,420.0,90.801704
46.64583333333333,36.270833333333336,11.231833,958.0533,40.684,465.0,75.04453
41.104166666666664,35.1875,20.962,965.42053,38.704,178.0,84.298996
45.5625,35.020833333333336,20.138666,972.9145,39.048,613.0,95.5923
40.1875,37.895833333333336,15.669167,1051.8171,41.904,517.0,74.27452
47.64583333333333,36.395833333333336,10.019834,958.4416,40.1,343.0,71.37931
39.354166666666664,34.5625,19.222166,900.7072,37.196,107.0,74.40826
49.4375,32.729166666666664,14.745,922.48645,38.84,332.0,89.12691
45.9375,32.729166666666664,23.8555,936.0386,39.643997,174.0,97.514275
49.1875,30.145833333333336,25.032778,816.7164,31.919998,230.0,109.84305
45.729166666666664,29.020833333333336,25.126833,906.8641,38.376,178.0,82.911026
43.104166666666664,34.520833333333336,24.297667,908.99036,38.6,171.0,87.22343
41.3125,37.770833333333336,15.068666,1006.2518,39.871998,773.0,75.01487
45.604166666666664,37.020833333333336,12.612166,942.35547,37.379997,399.0,74.14747
48.229166666666664,33.604166666666664,15.483334,881.6274,38.724,420.0,84.154205
44.645833333333336,33.479166666666664,22.955166,935.0083,40.268,176.0,93.58624
49.3125,30.854166666666668,25.795666,946.11115,38.804,277.0,113.95441
44.6875,33.729166666666664,23.185167,927.02277,39.592,183.0,94.28648
39.854166666666664,33.0625,18.4375,837.56775,36.895996,123.0,79.87645
39.520833333333336,34.979166666666664,19.6215,931.2856,37.596,122.0,78.426994
45.104166666666664,34.645833333333336,22.670668,954.8079,39.216,336.0,98.66693
45.77083333333333,30.8125,24.784166,882.2621,36.491997,90.0,94.31797
47.9375,36.895833333333336,11.510167,883.10657,37.732,293.0,64.680954
47.979166666666664,33.0625,19.913,912.88824,39.94,444.0,90.36288
47.8125,35.3125,11.167334,965.5868,42.876,377.0,75.49919
42.3125,30.1875,23.1655,931.4344,39.531998,82.0,81.43938
46.104166666666664,34.270833333333336,13.7125,913.7461,37.236,593.0,88.01728
45.979166666666664,33.6875,19.581667,923.7425,37.696,395.0,92.68801
47.02083333333333,34.770833333333336,12.577833,951.2179,41.832,506.0,81.56303
49.354166666666664,30.8125,25.894833,948.22876,38.896,278.0,114.277115
41.895833333333336,32.229166666666664,21.829166,917.9032,39.856003,75.0,78.27455
42.5625,31.5625,22.791334,933.06946,39.58,70.0,82.97898
44.895833333333336,33.479166666666664,23.164833,939.068,40.3,194.0,96.1633
44.729166666666664,33.854166666666664,22.920834,905.47144,38.440002,191.0,93.88881
40.854166666666664,35.0625,20.5315,963.33154,38.876,164.0,84.62806
43.354166666666664,30.854166666666668,23.076,946.6271,39.600002,85.0,97.0467
48.64583333333333,29.979166666666668,25.491667,831.6436,35.84,163.0,103.8892
45.270833333333336,35.020833333333336,20.482,981.4288,39.884,526.0,96.827515
42.354166666666664,30.479166666666668,23.179,935.2946,39.64,77.0,81.60232
39.979166666666664,33.395833333333336,18.678333,848.527,36.976,121.0,77.5633
41.0625,31.770833333333336,20.929333,912.882,38.936,92.0,75.154495
41.020833333333336,34.770833333333336,20.872334,956.77496,39.036003,147.0,84.111015
42.979166666666664,31.9375,22.772,949.5158,40.172,70.0,84.83522
43.270833333333336,37.4375,8.011333,970.59296,36.388,734.0,69.96801
48.39583333333333,32.854166666666664,20.724333,919.50433,38.968,452.0,94.54432
41.145833333333336,31.604166666666668,21.486666,919.1224,39.128,86.0,76.35044
48.27083333333333,31.354166666666668,24.646667,919.34564,38.752,238.0,103.59417
45.5625,32.395833333333336,24.003,935.6804,39.716,137.0,93.95014
39.979166666666664,34.4375,19.1575,906.5852,37.54,122.0,76.73547
45.270833333333336,32.5625,23.798,937.021,39.86,141.0,93.28958
41.020833333333336,33.270833333333336,19.867332,900.6844,38.536,118.0,78.30919
43.354166666666664,32.645833333333336,23.284834,967.8292,41.315998,85.0,84.80539
46.1875,30.770833333333336,24.453667,872.866,36.804,86.0,93.08368
42.270833333333336,30.854166666666668,23.248333,938.69446,39.96,73.0,83.512085
44.6875,30.895833333333336,24.247168,932.87103,38.244,92.0,92.87414
43.270833333333336,35.8125,21.8985,971.38165,39.128,355.0,90.72621
44.645833333333336,35.604166666666664,20.129168,1009.76044,40.448,572.0,98.68979
41.104166666666664,37.1875,17.768833,977.5537,38.86,542.0,80.34816
42.3125,37.854166666666664,12.915833,945.5931,36.468,842.0,71.148285
45.3125,33.770833333333336,23.212,936.1001,39.728,243.0,99.40496
40.270833333333336,31.9375,20.0665,880.1121,38.1,102.0,73.135345
47.604166666666664,33.0625,21.137167,937.5514,39.328,404.0,92.702934
47.729166666666664,29.0625,25.623333,918.2002,39.6,109.0,89.35215
39.520833333333336,33.770833333333336,18.053833,848.53156,36.744,119.0,74.77233
43.145833333333336,36.229166666666664,20.909334,995.2084,39.116,444.0,91.60837
42.479166666666664,35.395833333333336,22.429832,961.4285,38.224,261.0,88.96719
39.6875,36.229166666666664,18.358833,960.09357,39.724,280.0,80.61375
41.5625,35.895833333333336,20.945168,992.24945,38.672,299.0,87.0049
43.395833333333336,32.6875,23.500334,964.1095,41.548,83.0,82.99845
43.145833333333336,37.5625,11.875167,996.7386,37.748,762.0,74.7716
48.27083333333333,29.854166666666668,25.778334,866.6457,38.012,129.0,94.70964
46.89583333333333,30.229166666666668,24.476833,875.94006,37.936,98.0,92.195854
44.229166666666664,35.8125,21.0825,1008.06995,40.416,469.0,92.38097
45.4375,36.354166666666664,13.053333,976.05725,38.368,670.0,86.34206
41.6875,35.270833333333336,21.174833,981.97955,38.596,221.0,86.08042
43.104166666666664,36.604166666666664,20.121834,993.94403,40.136,676.0,92.19271
47.27083333333333,30.104166666666668,24.647833,889.7164,38.572002,110.0,90.71637
40.5625,33.9375,19.713667,899.17773,37.876,124.0,78.4102
40.229166666666664,33.854166666666664,19.191,877.8974,37.556004,121.0,76.8925
42.770833333333336,34.229166666666664,22.799833,969.62897,40.248,145.0,82.027466
45.020833333333336,37.604166666666664,10.6553335,909.5427,37.04,355.0,66.638535
46.0625,31.6875,24.416834,908.82947,38.3,135.0,101.071465
44.104166666666664,30.9375,23.724167,948.48535,39.04,83.0,93.51687
42.104166666666664,37.229166666666664,19.2235,957.1499,38.852,614.0,84.20962
46.27083333333333,35.104166666666664,15.746667,962.0438,38.988003,749.0,89.97966
42.645833333333336,34.5625,22.865,963.3757,39.691998,169.0,85.01893
42.229166666666664,30.854166666666668,23.211,937.9933,39.972,73.0,83.512085
40.6875,34.104166666666664,19.935167,913.02856,38.104,130.0,79.83229
43.6875,33.6875,23.0665,935.7918,40.343998,139.0,84.81429
44.104166666666664,36.6875,18.498001,1019.59753,40.280003,786.0,97.12618
39.895833333333336,32.520833333333336,18.848167,844.9175,37.284,117.0,76.72176
43.770833333333336,29.104166666666668,23.716333,928.0993,39.339996,126.0,83.116806
46.479166666666664,31.270833333333336,24.087667,891.8004,38.06,121.0,92.290115
43.1875,30.895833333333336,23.13,944.4854,39.512,79.0,94.33342
45.64583333333333,36.1875,11.9285,973.52295,39.244,680.0,86.14321
41.6875,33.270833333333336,20.769667,948.32904,39.828,108.0,76.87061
46.02083333333333,29.604166666666668,24.840166,872.4846,37.488003,125.0,88.26219
45.854166666666664,28.520833333333336,25.323,933.64075,38.864,225.0,80.03219
43.854166666666664,30.0625,23.487167,937.17596,39.132,100.0,86.11917
46.3125,30.9375,24.159834,871.6418,37.16,96.0,89.14106
42.145833333333336,34.354166666666664,21.511667,970.4348,37.244,148.0,80.35433
44.770833333333336,36.479166666666664,13.5008335,1008.2418,38.396,739.0,88.64009
47.77083333333333,32.0625,24.294,925.2503,40.168,285.0,102.738205
40.729166666666664,36.479166666666664,18.278168,949.26196,39.204,304.0,78.76817
46.229166666666664,33.979166666666664,15.236667,899.6603,37.148,522.0,87.54611
44.9375,33.520833333333336,23.219833,937.5848,40.164,200.0,96.76472
49.104166666666664,31.6875,25.693666,956.97363,40.316,356.0,109.539215
43.4375,36.104166666666664,20.5845,998.0125,40.3,454.0,90.84383
46.479166666666664,32.354166666666664,24.42,935.3526,39.691998,185.0,94.59768
44.354166666666664,37.895833333333336,6.0765,952.5202,36.672,501.0,59.051956
46.6875,35.0625,14.015166,973.3659,41.107998,598.0,84.22894
41.229166666666664,32.604166666666664,20.645166,904.9959,38.848,97.0,75.02974
47.5625,30.020833333333336,24.811834,900.3906,38.804,114.0,89.47958
43.8125,34.604166666666664,24.622,883.73395,37.808,192.0,92.12462
42.8125,31.6875,23.0025,941.8724,39.879997,68.0,85.41343
46.1875,32.104166666666664,24.5485,933.98096,39.932,148.0,94.61645
39.895833333333336,36.645833333333336,18.232,953.3407,40.544,341.0,79.49229
41.5625,32.229166666666664,21.287167,912.8045,39.336,84.0,78.334946
49.104166666666664,31.5625,25.719166,955.9647,40.572,336.0,109.844086
41.645833333333336,35.229166666666664,21.124666,980.54974,38.631996,215.0,85.758484
45.52083333333333,34.3125,22.368166,938.34894,39.135998,357.0,95.741844
43.1875,31.520833333333336,23.063833,953.3666,39.824,74.0,87.40992
43.854166666666664,34.104166666666664,23.642668,903.77826,38.768,155.0,84.1033
45.229166666666664,29.020833333333336,24.916666,922.8851,38.728,166.0,83.00792
44.354166666666664,37.270833333333336,11.112,1000.26575,38.100002,671.0,76.684425
47.979166666666664,29.604166666666668,25.7185,908.86163,39.592003,106.0,91.559654
42.270833333333336,33.6875,21.446333,996.90656,40.876,121.0,79.35545
48.8125,34.8125,9.640166,934.8811,41.04,290.0,75.76871
44.479166666666664,33.645833333333336,22.9685,925.18115,39.784004,174.0,90.67798
47.52083333333333,36.895833333333336,11.451667,920.25977,38.463997,308.0,65.79928
44.5625,32.395833333333336,23.444666,936.2696,38.868,105.0,88.9979
46.1875,32.9375,23.8545,939.6454,39.884,232.0,96.88158
45.354166666666664,35.854166666666664,15.032667,993.45593,39.100002,807.0,94.558655
39.979166666666664,36.5625,18.198334,958.734,40.392002,337.0,79.08253
44.3125,32.0625,24.142834,976.035,40.068,77.0,85.16986
46.3125,28.895833333333336,25.2765,872.277,37.851997,186.0,81.45517
47.6875,34.395833333333336,13.587334,902.96606,40.292,411.0,80.921165
45.89583333333333,30.729166666666668,24.876833,886.09564,37.416,86.0,93.812996
48.3125,32.104166666666664,23.863667,916.61774,38.864002,351.0,106.0583
46.6875,31.020833333333336,23.874166,861.0776,36.652,107.0,92.86656
39.479166666666664,34.1875,18.411167,870.7029,36.856,118.0,74.870514
43.854166666666664,37.854166666666664,5.6525,956.4273,36.584,567.0,59.349304
48.979166666666664,30.270833333333336,24.983334,826.85657,32.1,232.0,104.33425
42.395833333333336,31.770833333333336,22.649334,923.5668,39.539997,64.0,81.44379
42.479166666666664,37.354166666666664,14.2145,961.3684,36.516,805.0,78.225174
47.52083333333333,35.229166666666664,10.810166,947.45135,42.06,409.0,76.6033
47.77083333333333,31.895833333333336,24.2835,915.76996,39.564,264.0,103.769806
40.145833333333336,36.395833333333336,17.3005,957.90857,39.392,386.0,77.59549
46.4375,33.8125,15.1915,920.191,37.548,498.0,85.947525
48.1875,35.0625,9.676666,957.5429,42.092,342.0,74.62528
40.1875,33.1875,18.7195,845.0121,36.956,123.0,76.38287
40.229166666666664,35.479166666666664,19.64,970.2875,38.964,178.0,82.6043
46.39583333333333,37.270833333333336,11.1206665,980.6795,38.864,334.0,70.73527
47.1875,37.479166666666664,9.669833,967.1241,39.22,279.0,64.080574
45.354166666666664,31.0625,25.181667,911.3451,38.404,102.0,95.8993
42.854166666666664,30.854166666666668,23.391832,944.4154,39.8,75.0,88.24549
45.8125,30.604166666666668,24.619167,889.9942,37.168,92.0,96.328514
44.395833333333336,37.3125,9.151,997.63184,37.643997,669.0,72.11618
47.9375,37.479166666666664,11.795167,866.5945,36.404,295.0,53.216496
40.4375,36.895833333333336,17.7015,923.9129,39.62,382.0,78.576675
45.979166666666664,37.604166666666664,10.149834,983.74005,38.176,314.0,67.689186
49.02083333333333,33.770833333333336,12.6171665,907.12854,40.2,305.0,79.80534
46.8125,34.645833333333336,12.388,954.13947,39.664,553.0,83.128174
42.4375,30.895833333333336,23.277,938.21387,39.716,72.0,83.743576
45.52083333333333,33.5625,23.206,932.9989,39.579998,259.0,99.36376
48.854166666666664,35.229166666666664,10.7578335,977.82764,42.848,304.0,73.65938
48.6875,35.8125,10.343166,956.6661,41.228,303.0,73.67492
45.604166666666664,31.270833333333336,24.850834,906.5019,37.556,113.0,94.54534
45.979166666666664,28.770833333333336,25.130001,908.01935,38.468002,210.0,80.98274
47.479166666666664,33.5625,16.289167,899.02106,39.788002,450.0,84.94521
44.104166666666664,31.854166666666668,23.9965,975.17206,40.44,70.0,88.650764
46.8125,33.6875,18.106333,926.226,39.039997,439.0,87.89981
43.020833333333336,30.770833333333336,23.374666,942.8582,39.552,77.0,90.98664
48.0625,30.0625,25.417334,893.4853,39.18,129.0,93.02609
46.229166666666664,36.8125,12.781167,949.6862,39.211998,418.0,74.48253
41.9375,30.395833333333336,23.060167,933.53143,39.623997,77.0,82.60876
48.02083333333333,33.270833333333336,18.958166,903.9336,39.648003,449.0,88.50645
41.3125,31.8125,21.450167,916.2716,39.292,82.0,77.52499
45.270833333333336,31.1875,25.134832,916.86145,38.188004,111.0,96.41231
43.6875,33.604166666666664,22.917,941.32697,40.628,137.0,86.49982
45.0625,29.520833333333336,24.612333,918.0357,38.66,130.0,84.49424
41.520833333333336,34.8125,20.942167,968.8676,39.292,178.0,84.342
49.0625,33.520833333333336,15.984834,891.639,39.224,349.0,86.12922
44.895833333333336,32.729166666666664,23.335001,942.8785,39.856,139.0,92.022
45.0625,33.479166666666664,23.196,933.8028,39.648,203.0,95.388535
40.1875,34.229166666666664,19.556501,899.7925,37.952003,122.0,76.925255
39.729166666666664,36.1875,18.4545,958.281,39.635998,272.0,80.82236
41.104166666666664,33.3125,19.993,909.19635,38.828,117.0,77.94247
45.9375,34.979166666666664,18.375666,956.1111,38.831997,717.0,92.168045
48.27083333333333,31.395833333333336,24.626167,919.7203,38.66,241.0,104.00345
40.354166666666664,35.770833333333336,19.191334,963.6476,39.004,221.0,80.88113
43.145833333333336,35.1875,24.077833,891.69806,37.58,246.0,90.461555
47.4375,32.8125,20.489834,931.1137,39.496,384.0,91.05589
45.52083333333333,28.854166666666668,25.1565,918.8397,38.691998,185.0,82.072685
42.020833333333336,33.020833333333336,21.294333,949.9972,40.5,94.0,76.90744
46.9375,32.5625,24.122667,934.86536,39.98,256.0,97.64019
47.52083333333333,33.354166666666664,17.665167,906.7622,39.983997,442.0,86.4004
42.145833333333336,32.104166666666664,22.179333,915.4282,39.652,69.0,79.93638
46.979166666666664,33.020833333333336,20.213333,930.5504,39.275997,370.0,90.042946
42.270833333333336,33.1875,21.230167,967.3588,40.384,105.0,78.003296
42.479166666666664,34.895833333333336,22.555166,960.4973,39.019997,198.0,85.47152
44.8125,33.145833333333336,23.1295,939.3502,40.148003,163.0,93.44846
45.395833333333336,37.104166666666664,11.1475,953.5708,37.956,398.0,73.35498
47.77083333333333,35.979166666666664,11.698667,967.4124,41.624,351.0,73.246216
47.77083333333333,36.645833333333336,12.152333,902.7918,38.08,319.0,68.516205
42.1875,33.895833333333336,21.5335,1012.35626,40.648,127.0,79.24839
48.1875,33.895833333333336,14.205333,844.976,39.204,400.0,81.528175
45.270833333333336,34.354166666666664,22.646667,926.0899,38.508,294.0,95.24723
47.479166666666664,35.354166666666664,11.007999,970.03546,42.784,419.0,76.539276
43.729166666666664,37.645833333333336,5.9225,966.8895,36.92,636.0,63.88218
48.354166666666664,30.0625,25.770334,881.16626,38.351997,146.0,98.486015
44.979166666666664,35.1875,21.258667,992.0937,40.2,468.0,98.7766
39.479166666666664,32.895833333333336,18.251333,825.54706,36.552,121.0,77.27653
44.6875,33.020833333333336,22.841333,921.3769,38.876,150.0,91.67899
45.6875,29.6875,24.810833,892.16724,37.864,120.0,87.88354
42.020833333333336,36.020833333333336,21.409334,999.8167,38.64,339.0,89.50981
49.479166666666664,30.895833333333336,26.121334,957.0656,39.264,291.0,116.15542
46.604166666666664,34.4375,14.3498335,919.9893,40.508,559.0,85.92645
40.1875,36.5625,18.259666,952.56287,40.288002,335.0,78.85193
42.6875,34.395833333333336,22.735666,970.8725,39.983997,158.0,83.78285
43.895833333333336,29.354166666666668,23.805334,929.8734,39.296,118.0,83.20115
42.229166666666664,32.645833333333336,21.660667,940.39246,40.42,83.0,77.20371
41.1875,34.479166666666664,21.052334,949.006,38.828003,144.0,82.65367
47.5625,32.854166666666664,20.427,926.4069,39.531998,403.0,90.98484
45.89583333333333,31.395833333333336,24.536167,905.0249,38.204002,119.0,96.18981
44.0625,34.270833333333336,23.995834,909.92285,39.087997,175.0,90.357216
44.604166666666664,32.8125,23.266666,945.7121,40.152,136.0,92.983826
40.520833333333336,35.270833333333336,20.1225,965.03204,38.748,179.0,81.629616
42.020833333333336,37.104166666666664,19.0925,972.0448,39.087997,574.0,84.35465
45.5625,35.520833333333336,15.591001,993.2878,39.708,883.0,96.128235
43.895833333333336,29.6875,23.686666,935.3596,39.199997,107.0,83.53865
39.6875,36.729166666666664,18.252333,957.509,40.315998,359.0,79.89175
48.104166666666664,29.354166666666668,25.969444,917.5279,37.800003,108.0,91.15421
47.1875,36.895833333333336,6.5186667,944.4404,37.792,363.0,69.06671
39.645833333333336,36.770833333333336,18.248167,960.8244,40.4,363.0,79.669136
42.854166666666664,33.895833333333336,22.800167,973.56964,41.264,126.0,82.868324
43.479166666666664,30.104166666666668,23.471333,940.81274,39.328,95.0,88.10679
47.604166666666664,34.479166666666664,14.017333,897.6634,40.836002,433.0,80.58331
41.4375,32.1875,21.0635,912.34576,39.148,84.0,77.239296
46.89583333333333,33.645833333333336,18.375668,929.1668,39.135998,431.0,88.03675
39.229166666666664,33.979166666666664,17.9455,850.0817,36.36,113.0,73.39259
39.895833333333336,36.604166666666664,18.268667,959.7118,40.643997,333.0,79.55366
39.729166666666664,36.520833333333336,18.408667,964.8592,40.248,319.0,80.406715
42.645833333333336,29.770833333333336,23.422167,927.08105,39.572,93.0,82.7182
42.9375,34.145833333333336,23.313833,954.2352,40.316,139.0,82.34127
40.8125,32.520833333333336,20.025667,884.46924,38.168,106.0,75.08581
43.645833333333336,35.6875,21.572834,969.54016,39.424,375.0,90.16152
48.979166666666664,32.145833333333336,24.831167,949.6236,40.371998,412.0,106.56316
40.895833333333336,33.395833333333336,19.892,898.36127,38.168,118.0,78.11111
46.3125,33.104166666666664,22.8305,934.63434,38.975998,284.0,96.066124
45.9375,34.354166666666664,17.665,904.1461,36.932,543.0,92.098625
43.770833333333336,35.3125,23.203833,891.79047,36.94,281.0,89.48183
48.0625,33.395833333333336,17.127,889.21436,39.432,443.0,85.766525
47.3125,29.729166666666668,24.9145,888.8235,38.879997,109.0,88.54799
44.8125,35.770833333333336,20.375166,1020.17346,40.52,631.0,100.486435
42.770833333333336,36.645833333333336,20.096333,991.0502,38.472,728.0,92.38802
40.5625,34.104166666666664,19.759666,909.26215,37.944,125.0,79.005196
46.0625,33.145833333333336,23.310165,936.7283,39.503998,258.0,97.89708
41.979166666666664,30.520833333333336,23.085667,935.0985,39.711998,76.0,82.50401
46.64583333333333,32.645833333333336,24.059,938.74994,39.980003,241.0,97.75937
47.354166666666664,35.729166666666664,10.045333,984.2899,41.708,409.0,75.72081
44.229166666666664,31.395833333333336,23.857166,960.51,39.36,77.0,87.844505
41.395833333333336,33.354166666666664,20.444332,933.9938,39.387997,115.0,77.44242
43.729166666666664,34.020833333333336,23.684166,920.9243,39.771996,155.0,84.60412
42.729166666666664,32.979166666666664,22.086666,960.1934,40.808,94.0,82.74554
46.39583333333333,29.229166666666668,25.119333,848.19244,37.559998,164.0,85.670334
47.729166666666664,28.770833333333336,25.392,896.8191,38.752,117.0,88.08231
42.645833333333336,36.3125,20.657166,994.2423,38.447998,500.0,92.11284
44.395833333333336,31.520833333333336,24.2395,954.9917,39.848,76.0,87.28306
47.6875,37.145833333333336,12.129167,901.3142,38.036,292.0,61.252663
43.5625,34.729166666666664,25.002167,857.629,36.62,201.0,91.226654
41.3125,36.395833333333336,19.325666,983.45056,38.6,380.0,83.32885
43.104166666666664,34.395833333333336,23.860834,911.2632,38.156,167.0,85.30091
49.1875,32.0625,25.000334,956.5841,39.94,420.0,107.49808
44.645833333333336,34.020833333333336,23.369167,929.967,39.528,202.0,95.63646
48.979166666666664,30.4375,25.1815,866.9877,35.136,212.0,109.5588
45.4375,36.020833333333336,15.0205,1003.3022,39.312,775.0,93.02497
47.479166666666664,37.604166666666664,9.753,922.05756,38.239998,271.0,60.38654
40.3125,37.9375,15.415833,1038.2714,42.04,552.0,74.77417
49.0625,32.8125,17.114166,916.26715,38.676003,378.0,91.38466
41.229166666666664,37.3125,16.7045,988.31494,39.22,633.0,78.95328
45.4375,37.479166666666664,11.430833,899.01105,33.012,308.0,67.46843
39.354166666666664,33.604166666666664,17.985332,833.6385,36.272003,112.0,73.50825
40.0625,32.8125,18.791,840.3557,37.008003,122.0,77.49182
41.1875,31.6875,21.431667,918.03296,39.204,86.0,76.884155
47.5625,29.229166666666668,25.442833,912.0236,39.592,113.0,86.97586
44.0625,33.520833333333336,22.900167,934.9976,40.504,146.0,86.70655
40.6875,32.020833333333336,20.354668,891.7386,38.483997,98.0,73.08178
46.0625,37.0625,12.908333,921.2274,36.984,374.0,72.749176
41.604166666666664,35.5625,21.006666,983.6675,38.332,259.0,87.31342
45.9375,37.854166666666664,12.791833,1003.2928,39.184002,258.0,62.178917
42.395833333333336,36.229166666666664,21.464832,995.1679,39.356,389.0,92.177864
42.6875,37.479166666666664,14.9825,972.3427,37.711998,774.0,78.93829
40.895833333333336,31.8125,20.791332,906.85284,38.736,95.0,74.462
42.104166666666664,31.104166666666668,23.152166,935.3091,40.028,69.0,83.596664
44.0625,36.5625,18.73,1019.60046,40.343998,775.0,97.878716
45.604166666666664,34.104166666666664,22.007668,927.9951,38.711998,348.0,96.07446
49.1875,30.770833333333336,25.731167,937.07904,38.516,257.0,112.79773
45.604166666666664,37.1875,12.282,922.8008,34.796,366.0,70.46163
45.52083333333333,32.6875,24.012001,937.5269,40.136,152.0,95.52193
41.979166666666664,33.3125,20.901167,966.4856,40.1,109.0,76.87283
42.8125,31.729166666666668,22.926832,942.109,39.856,70.0,82.97898
46.479166666666664,33.395833333333336,16.194334,930.2471,37.564,454.0,85.638084
40.979166666666664,33.645833333333336,19.781334,913.9213,38.339996,124.0,77.68472
46.0625,32.145833333333336,24.598,936.94543,39.696,140.0,90.16061
40.5625,36.8125,17.881666,934.77844,39.684002,374.0,79.11328
45.9375,36.9375,12.883167,941.21704,38.06,413.0,74.35795
40.604166666666664,36.145833333333336,18.982666,957.7144,39.56,262.0,81.18225
40.0625,34.020833333333336,19.342167,882.70166,37.752,123.0,76.47685
43.354166666666664,37.604166666666664,6.1741667,976.6975,37.32,679.0,64.701
41.604166666666664,34.104166666666664,20.525833,965.5066,39.504,145.0,81.897865
48.77083333333333,30.895833333333336,25.2215,911.19385,37.516,245.0,108.548706
46.8125,31.0625,24.144833,882.63586,38.544003,111.0,93.58876
47.729166666666664,32.145833333333336,24.251333,928.00397,39.944,293.0,102.69953
48.27083333333333,30.8125,24.980667,915.5337,38.824,193.0,100.29042
49.4375,31.520833333333336,25.6225,956.60974,39.84,355.0,109.80339
40.604166666666664,36.854166666666664,17.939,938.99554,39.904,379.0,79.70368
46.104166666666664,29.9375,24.576334,872.3245,37.384,105.0,89.85342
46.89583333333333,29.395833333333336,25.258833,854.5503,37.992,137.0,86.226715
44.395833333333336,31.229166666666668,24.021667,950.38873,38.816,83.0,89.39315
41.3125,32.354166666666664,20.952667,908.3344,38.764,91.0,75.4152
42.270833333333336,37.4375,18.644333,965.6946,38.696,692.0,82.4816
48.3125,35.8125,11.591833,958.12317,41.956,322.0,73.61219
46.8125,30.770833333333336,24.281166,867.37,38.38,93.0,95.50957
46.77083333333333,35.4375,10.241333,972.2178,41.124,541.0,80.76223
45.604166666666664,35.854166666666664,14.191667,990.71814,39.68,843.0,94.4031
42.9375,29.4375,23.2135,924.90576,39.156,106.0,83.05242
45.64583333333333,31.229166666666668,24.824833,903.1305,37.484,113.0,94.54534
43.9375,29.1875,23.889168,929.2927,39.5,125.0,82.4609
40.604166666666664,32.854166666666664,19.452,866.6507,37.904,110.0,74.41842
47.77083333333333,31.0625,24.413834,887.20544,38.892,190.0,100.1714
40.145833333333336,37.479166666666664,15.110167,1014.8274,40.096,658.0,76.26277
46.39583333333333,36.5625,10.696334,957.8526,39.635998,436.0,74.62802
42.3125,37.9375,13.308833,949.9725,36.984,831.0,71.749535
42.395833333333336,37.9375,11.296333,936.04285,36.284,855.0,69.52082
44.104166666666664,37.645833333333336,8.115334,1010.948,38.944,605.0,64.13842
46.479166666666664,30.145833333333336,24.632833,870.13513,37.66,95.0,89.90529
46.8125,32.479166666666664,24.235,932.54816,39.536003,231.0,97.86628
39.8125,35.395833333333336,19.229668,955.6657,39.084,165.0,80.69195
48.89583333333333,30.145833333333336,25.629667,854.71533,35.767998,188.0,107.18887
43.729166666666664,37.854166666666664,5.0581665,959.04584,36.772,581.0,59.070084
43.354166666666664,36.1875,20.651667,997.905,40.028,473.0,91.0585
42.520833333333336,31.145833333333336,22.994833,937.0574,39.584,70.0,85.748276
41.645833333333336,31.4375,22.463833,927.02045,39.504,73.0,80.19166
49.0625,30.729166666666668,25.538834,927.7919,38.164,242.0,111.141594
48.3125,36.6875,11.417167,870.859,37.568,290.0,67.68411
45.229166666666664,34.0625,22.960667,940.0295,39.328,263.0,97.511024
40.8125,35.8125,19.804333,965.999,38.699997,244.0,82.030235
41.270833333333336,35.770833333333336,20.437,979.3218,38.524002,265.0,85.282234
46.9375,37.729166666666664,8.9435,989.88275,39.112,290.0,63.68519
43.145833333333336,30.604166666666668,23.264,943.31604,39.688,85.0,91.892
45.854166666666664,30.270833333333336,24.424334,884.94275,37.496,96.0,90.76307
45.1875,28.520833333333336,25.184834,938.5779,39.372,187.0,82.6196
45.5625,37.145833333333336,12.218166,925.97815,35.164,370.0,71.00302
44.229166666666664,32.729166666666664,23.345167,950.65283,39.156002,115.0,91.38424
45.52083333333333,32.520833333333336,23.845333,931.11115,39.344,141.0,96.12389
45.020833333333336,36.729166666666664,6.3455,966.00006,37.288,634.0,79.673
45.604166666666664,32.395833333333336,23.969168,932.6837,39.484,136.0,94.57704
45.52083333333333,37.770833333333336,11.9785,964.47107,38.344,282.0,63.172474
44.020833333333336,28.854166666666668,24.121166,929.7911,39.164,142.0,84.110794
45.8125,32.395833333333336,24.283667,936.7606,39.724003,139.0,95.2111
41.104166666666664,36.979166666666664,19.065666,969.3942,40.04,415.0,81.621704
40.9375,37.5625,14.929833,1002.55133,39.760002,735.0,77.48819
48.479166666666664,30.895833333333336,25.003334,913.5948,38.135998,211.0,103.647514
44.645833333333336,31.4375,24.536,936.58716,39.084,86.0,89.19516
49.02083333333333,35.479166666666664,9.953167,982.4395,42.211998,291.0,73.35971
42.6875,32.229166666666664,22.371,940.7891,40.212,73.0,80.866646
42.9375,30.4375,23.501333,942.0666,39.531998,80.0,87.99772
42.770833333333336,37.5625,10.505334,956.8164,35.74,782.0,72.59797
44.8125,28.895833333333336,24.75,929.9917,39.072,155.0,81.495544
44.1875,34.5625,24.259,917.21985,39.196,196.0,94.55311
40.270833333333336,36.9375,17.6925,915.52026,39.772,366.0,79.23799
47.479166666666664,33.354166666666664,18.046,909.69867,39.9,440.0,87.07386
42.5625,31.395833333333336,22.897667,935.4269,39.604,69.0,84.781654
41.020833333333336,31.770833333333336,20.908834,912.05316,38.88,92.0,75.154495
43.9375,30.020833333333336,23.574333,935.44073,39.032,100.0,85.02155
42.979166666666664,33.5625,22.741167,958.74695,41.28,122.0,86.7261
46.479166666666664,35.3125,9.689167,965.00275,39.600002,616.0,82.980965
47.0625,37.895833333333336,9.349334,952.057,38.708,280.0,61.589848
44.729166666666664,34.145833333333336,23.481833,936.31195,39.812,216.0,96.96996
44.0625,35.1875,23.419666,921.73883,38.36,260.0,93.87711
45.9375,34.020833333333336,18.6115,909.3941,37.491997,459.0,92.82055
44.4375,29.354166666666668,24.35,930.1972,39.08,129.0,84.41694
43.354166666666664,35.354166666666664,23.819334,894.58325,36.948,269.0,90.32367
43.5625,34.229166666666664,24.029167,908.79694,39.1,165.0,85.32315
43.604166666666664,30.979166666666668,23.243,950.16064,39.632,86.0,96.534164
48.854166666666664,31.9375,24.889,934.5399,39.252,370.0,107.99933
47.9375,34.0625,12.1835,890.5742,40.396,398.0,80.48257
46.979166666666664,37.104166666666664,9.005834,954.8196,38.416,316.0,67.321655
47.479166666666664,37.895833333333336,8.977667,918.79724,38.788002,266.0,60.81816
47.14583333333333,33.354166666666664,19.789667,929.1271,39.7,408.0,89.30156
46.4375,32.229166666666664,24.443333,932.7937,39.724,172.0,95.17488
45.229166666666664,37.6875,11.2705,910.1824,36.184,310.0,65.61226
49.02083333333333,33.020833333333336,18.769667,910.2996,39.276,387.0,93.08855
43.5625,33.854166666666664,23.264666,918.82886,39.564,141.0,85.07512
44.229166666666664,36.854166666666664,15.171833,1013.46234,38.856,741.0,92.59032
45.77083333333333,36.854166666666664,12.866834,919.2733,37.18,443.0,75.71873
41.604166666666664,32.604166666666664,21.055,919.1132,38.796,90.0,76.49115
49.354166666666664,30.479166666666668,25.844,918.7014,37.796,250.0,115.866974
43.770833333333336,30.729166666666668,23.442833,947.04364,39.38,91.0,101.86481
43.229166666666664,35.5625,22.83,928.07605,37.616,306.0,89.23406
46.604166666666664,36.895833333333336,10.093833,967.74005,38.868,365.0,71.23225
39.395833333333336,34.270833333333336,18.358166,870.4013,36.896,120.0,75.06571
45.270833333333336,29.604166666666668,24.691668,909.9217,38.323997,124.0,84.82723
43.8125,30.770833333333336,23.466333,947.37396,39.219997,90.0,100.39243
40.229166666666664,31.9375,20.012167,878.74255,38.072,102.0,73.135345
41.3125,37.9375,16.267834,993.751,40.956,650.0,74.24518
44.895833333333336,29.0625,24.732166,927.22034,39.135998,157.0,81.99756
40.4375,32.479166666666664,19.351667,867.93884,37.899998,112.0,75.22552
45.979166666666664,34.6875,17.930334,930.04254,38.376,633.0,92.163895
42.8125,36.6875,20.031666,959.8483,36.288,790.0,91.959015
46.1875,33.854166666666664,15.890667,910.5143,36.808,495.0,87.73447
45.52083333333333,32.8125,23.903,936.1698,40.132,164.0,96.48207
41.979166666666664,31.395833333333336,22.814001,927.516,39.736,69.0,82.39464
45.270833333333336,34.8125,21.162333,963.4353,38.92,463.0,97.01877
46.9375,29.8125,24.899666,870.98315,38.416,115.0,90.84978
47.604166666666664,29.645833333333336,25.222666,912.05206,39.711998,107.0,87.11391
43.4375,33.270833333333336,22.334,919.28094,37.232,116.0,85.76817
47.854166666666664,36.395833333333336,11.531667,940.12726,39.38,317.0,71.10903
44.604166666666664,31.854166666666668,23.800667,929.73596,37.984,87.0,82.06777
46.89583333333333,36.8125,6.1278334,967.87885,38.264,388.0,71.93558
40.145833333333336,34.604166666666664,19.785168,925.73956,37.836,124.0,79.575
41.104166666666664,31.770833333333336,20.988667,914.1512,38.996002,89.0,76.069695
46.979166666666664,34.1875,14.034666,901.76685,40.776,493.0,83.8626
47.479166666666664,33.270833333333336,18.571167,915.0041,40.288002,433.0,88.46691
47.3125,29.8125,24.850334,888.0595,38.676,110.0,89.74159
46.479166666666664,37.1875,11.264167,978.166,38.796,343.0,71.58276
39.8125,36.604166666666664,18.34,962.7808,40.651997,337.0,80.0685
43.4375,29.4375,23.289667,930.07355,39.288002,112.0,83.4866
40.354166666666664,36.520833333333336,18.252666,953.3204,40.031998,338.0,79.14571
40.1875,35.1875,19.871,974.399,39.332,154.0,82.81525
42.895833333333336,35.1875,23.619667,921.9773,37.852,243.0,88.95181
45.104166666666664,33.4375,23.273832,938.02356,39.828,206.0,97.31063
42.395833333333336,34.770833333333336,22.312,969.84094,39.432,187.0,86.030174
45.64583333333333,31.270833333333336,24.813667,905.6068,37.696,114.0,96.57076
42.8125,35.5625,22.752666,953.9804,38.38,295.0,89.93253
47.6875,32.645833333333336,22.843666,936.4411,40.028,364.0,96.94923
43.9375,31.5625,23.784834,968.3912,40.084003,72.0,87.003296
45.979166666666664,31.0625,24.451,887.4608,37.44,101.0,93.07079
44.104166666666664,30.229166666666668,23.6105,937.3965,38.796,98.0,90.05883
43.0625,31.770833333333336,23.029333,951.5116,40.028,70.0,84.83522
41.770833333333336,35.020833333333336,21.280666,976.2316,38.996002,200.0,85.51525
46.9375,31.854166666666668,24.2645,911.05835,38.632,181.0,98.25402
48.77083333333333,32.354166666666664,23.933,947.6075,39.876,419.0,104.63142
44.854166666666664,36.104166666666664,19.026167,990.27783,38.18,743.0,102.64883
49.02083333333333,31.479166666666668,25.7085,950.3222,40.12,313.0,109.80795
45.854166666666664,29.979166666666668,24.551,883.462,37.708,103.0,89.70364
40.0625,34.3125,19.284666,902.0112,37.616,122.0,76.925255
43.854166666666664,31.854166666666668,23.584333,975.7548,40.368,70.0,87.32314
43.0625,32.4375,22.521334,957.81976,40.4,78.0,83.46051
43.604166666666664,33.770833333333336,23.105,924.1866,39.9,140.0,85.44991
40.6875,37.145833333333336,17.652834,961.98083,40.832,459.0,79.22427
48.229166666666664,31.9375,24.3595,925.65137,39.292,317.0,105.44249
44.229166666666664,36.895833333333336,15.767333,1018.7663,39.640003,758.0,93.58163
45.5625,31.354166666666668,24.880333,911.0668,37.859997,117.0,95.86566
40.354166666666664,36.854166666666664,17.817833,918.7404,39.572002,355.0,78.99823
43.1875,30.770833333333336,23.1975,944.60876,39.548,83.0,93.98103
45.3125,29.854166666666668,24.713667,906.3624,38.208,109.0,88.3458
41.5625,36.6875,20.291334,992.46136,39.676,385.0,86.39722
41.895833333333336,32.895833333333336,21.154333,938.64404,40.164,95.0,77.472275
41.520833333333336,35.854166666666664,20.872334,989.7554,38.644,292.0,86.6189
41.1875,33.729166666666664,19.987833,933.01117,38.895996,125.0,79.53312
48.9375,33.5625,14.426667,907.5994,39.388,340.0,83.4336
45.89583333333333,31.229166666666668,24.5185,896.7292,37.828,114.0,96.82658
43.6875,29.979166666666668,23.759666,938.78564,39.308,96.0,86.326706
47.479166666666664,31.5625,23.851,874.5714,36.872,199.0,100.0001
42.354166666666664,31.854166666666668,22.535168,920.5886,39.432,65.0,83.38578
48.1875,33.520833333333336,16.128,879.281,38.744,434.0,84.258514
45.3125,32.270833333333336,23.932167,925.0596,39.292,133.0,91.64514
41.854166666666664,33.9375,20.827333,985.46356,39.916,140.0,81.99846
40.8125,33.854166666666664,19.747833,909.1173,38.496,125.0,78.56254
40.979166666666664,33.104166666666664,20.085833,897.20337,38.628,110.0,76.51621
46.979166666666664,37.9375,9.714666,968.0899,39.196,277.0,60.39173
47.14583333333333,33.1875,14.2085,919.87585,37.66,438.0,82.93213
40.9375,36.770833333333336,18.739834,959.50464,40.192,367.0,79.957085
48.479166666666664,36.4375,9.836667,925.2982,39.32,298.0,70.29702
41.645833333333336,36.4375,19.774666,1003.9705,37.823997,438.0,85.20065
43.770833333333336,32.770833333333336,23.281,973.8021,40.424,100.0,86.72296
44.4375,33.520833333333336,22.953667,934.2037,40.336,166.0,90.211365
46.14583333333333,37.104166666666664,13.191167,941.6334,37.636,370.0,72.528076
45.979166666666664,37.520833333333336,12.674334,974.79175,38.064,301.0,69.443085
44.479166666666664,32.979166666666664,22.960333,939.4831,40.108,142.0,91.527664
40.9375,31.895833333333336,20.793167,905.39496,38.82,92.0,74.18193
47.64583333333333,35.729166666666664,11.0928335,979.62335,42.176,381.0,74.68159
45.395833333333336,37.145833333333336,11.161333,943.69366,36.552,381.0,72.31756
44.520833333333336,29.645833333333336,24.160833,928.1494,39.148,115.0,83.68847
46.6875,29.854166666666668,24.696001,861.8797,37.548,115.0,90.04214
47.1875,31.270833333333336,24.265,891.9857,39.916,149.0,95.84411
44.6875,28.854166666666668,24.768333,929.902,39.196,154.0,82.35505
48.89583333333333,31.395833333333336,25.4595,946.5991,39.668003,291.0,108.82903
42.354166666666664,34.104166666666664,21.989666,1030.2505,40.564003,139.0,80.721634
41.479166666666664,32.9375,20.685,923.7314,39.132004,102.0,77.28717
47.3125,34.4375,8.335667,934.5409,38.396,462.0,79.83537
41.6875,31.1875,22.645,933.31244,39.744,73.0,78.36325
44.979166666666664,36.4375,12.762667,995.01,38.603996,708.0,86.13473
46.77083333333333,29.479166666666668,25.096666,851.9108,37.8,137.0,86.226715
43.5625,29.4375,23.5725,930.5923,39.496,111.0,82.90074
47.479166666666664,36.729166666666664,6.4948335,943.9384,37.823997,343.0,70.04251
44.395833333333336,31.895833333333336,24.235666,957.3322,39.472,74.0,81.97618
43.770833333333336,29.770833333333336,23.637499,936.89844,39.227997,103.0,83.76926
39.729166666666664,33.479166666666664,18.265667,841.9593,37.036,124.0,76.39857
43.395833333333336,37.1875,14.3575,1003.9911,39.18,848.0,83.69626
47.5625,33.0625,20.807833,937.7889,39.28,402.0,92.477356
48.9375,31.895833333333336,25.165167,938.6263,39.323997,370.0,108.7196
45.354166666666664,32.729166666666664,23.730833,934.2901,39.568,151.0,94.459694
46.3125,37.104166666666664,12.5875,968.09314,38.7,353.0,72.687325
42.854166666666664,32.604166666666664,22.303333,953.7272,40.48,82.0,82.523674
41.145833333333336,32.770833333333336,20.300333,901.3789,38.404,103.0,75.43789
46.14583333333333,29.5625,24.787832,868.2498,37.46,134.0,86.68893
46.39583333333333,36.770833333333336,12.3845,939.3662,38.804,411.0,73.33235
43.1875,29.979166666666668,23.347334,932.9194,39.352,94.0,84.8313
43.729166666666664,30.604166666666668,23.515667,946.08246,39.424,93.0,100.35928
43.020833333333336,33.645833333333336,22.766666,964.67993,41.836,131.0,86.43085
47.1875,32.145833333333336,24.196333,924.38135,39.504,242.0,99.5257
49.27083333333333,32.9375,15.261333,915.6967,39.164,339.0,88.29068
44.520833333333336,28.770833333333336,24.619833,929.33673,39.416,154.0,81.95026
42.4375,37.645833333333336,12.943,959.16516,37.232002,829.0,73.74313
48.27083333333333,31.8125,24.548334,924.3062,39.424,301.0,105.8119
45.1875,28.604166666666668,25.086666,936.3016,39.252003,184.0,82.1551
40.520833333333336,35.395833333333336,19.9675,969.57904,38.912,183.0,82.52602
46.27083333333333,37.3125,12.583834,962.0567,37.28,329.0,71.56234
46.89583333333333,32.645833333333336,23.942833,935.17566,39.972,265.0,96.223625
44.9375,31.520833333333336,24.719,923.72974,38.808,99.0,88.56531
47.39583333333333,28.729166666666668,25.390667,889.7254,38.6,144.0,86.158844
45.979166666666664,33.270833333333336,23.377666,932.28894,39.616,258.0,97.621544
49.479166666666664,31.1875,25.791334,958.67505,40.052002,320.0,113.49976
43.5625,36.145833333333336,20.2165,984.6018,39.576,465.0,91.53993
44.979166666666664,32.479166666666664,23.597166,938.40497,39.691998,130.0,91.147545
47.229166666666664,33.770833333333336,17.136,911.4341,39.976,451.0,85.65728
44.5625,30.729166666666668,24.162167,934.78125,38.351997,90.0,92.43142
45.979166666666664,29.4375,24.887667,876.49695,37.616,144.0,86.656876
43.1875,33.395833333333336,22.78,955.19214,42.184,115.0,87.109924
42.604166666666664,33.979166666666664,22.446833,1002.17975,41.059998,130.0,80.48025
42.479166666666664,35.0625,22.5505,957.44037,38.576004,219.0,87.74385
44.145833333333336,31.479166666666668,23.8205,965.0945,39.648,74.0,86.39152
41.5625,33.8125,20.2465,962.21313,39.632,132.0,82.11227
47.729166666666664,30.6875,24.397667,884.5755,37.868,156.0,95.92824
46.14583333333333,30.020833333333336,24.525333,870.9697,37.164,100.0,91.75166
40.895833333333336,32.3125,20.459,892.9153,38.28,98.0,75.69959
46.1875,29.604166666666668,24.715834,865.673,37.412,132.0,87.97669
44.4375,31.270833333333336,24.040667,949.49536,38.864,83.0,89.39315
48.1875,35.354166666666664,9.656667,974.35,42.336,333.0,74.52848
41.8125,35.854166666666664,21.287666,995.17993,38.424,308.0,88.630684
40.395833333333336,32.1875,19.677166,875.4529,37.927998,105.0,74.875626
43.604166666666664,36.3125,20.09,1010.3387,40.832,556.0,93.32948
44.395833333333336,34.645833333333336,23.7825,930.6269,38.764,226.0,97.81166
41.5625,34.1875,20.683332,965.7048,39.368,146.0,82.42794
41.020833333333336,35.0625,20.982666,962.5127,38.98,162.0,84.13177
43.895833333333336,31.770833333333336,23.703835,974.57245,40.368004,69.0,85.71785
48.39583333333333,34.770833333333336,6.5295,943.9675,39.3,349.0,77.76945
47.1875,33.645833333333336,16.151667,909.30804,39.14,450.0,85.22633
40.9375,34.729166666666664,20.743668,951.1548,38.548,143.0,83.47844
42.5625,34.979166666666664,22.723167,951.8669,38.587997,220.0,87.371445
45.729166666666664,35.895833333333336,13.149834,988.0208,39.508,819.0,92.14787
42.9375,32.854166666666664,22.3125,960.7989,40.848,92.0,82.22955
48.4375,34.354166666666664,12.587167,867.95557,39.524002,327.0,79.22657
46.4375,36.479166666666664,11.491834,954.8305,40.116,461.0,74.84991
46.27083333333333,33.854166666666664,16.485666,902.4397,37.224003,487.0,87.81797
41.229166666666664,34.1875,20.567667,940.19916,38.72,138.0,81.47727
43.354166666666664,36.6875,19.375666,999.8878,40.12,739.0,93.67896
41.8125,37.395833333333336,17.898167,976.1206,38.331997,637.0,79.39724
45.6875,35.604166666666664,12.791667,976.28656,38.800003,861.0,92.73305
41.604166666666664,35.729166666666664,21.0375,986.86804,38.408,271.0,87.2839
40.8125,32.5625,20.0355,883.0823,38.076,102.0,75.03881
41.8125,32.1875,21.665833,915.2495,39.54,77.0,80.17208
45.8125,34.604166666666664,20.059166,922.20825,38.412,523.0,93.03538
45.729166666666664,31.354166666666668,24.810833,908.80524,38.564003,114.0,96.05708
45.854166666666664,28.645833333333336,25.178833,925.0422,38.72,212.0,80.67577
41.4375,30.854166666666668,22.722834,941.88385,39.884003,79.0,79.2124
47.5625,30.645833333333336,24.2195,871.98834,37.519997,135.0,94.50464
44.229166666666664,29.3125,24.074667,929.01465,39.044003,123.0,82.61713
44.604166666666664,33.5625,22.833834,922.419,39.552002,175.0,93.41286
42.395833333333336,35.104166666666664,22.397167,962.9264,38.624,223.0,87.32467
45.354166666666664,33.395833333333336,23.302166,938.84204,39.899998,231.0,98.8804
43.1875,30.9375,23.144667,944.5265,39.532,79.0,94.33342
42.479166666666664,36.729166666666664,20.292833,978.04,39.1,537.0,92.16745
48.77083333333333,31.770833333333336,24.8145,917.228,38.308002,332.0,108.21964
44.8125,31.395833333333336,24.662,928.7296,38.312,94.0,88.72485
46.604166666666664,32.770833333333336,23.889334,940.8298,39.940002,250.0,97.68498
46.854166666666664,32.5625,24.112999,935.20233,39.932,254.0,98.346115
48.6875,32.6875,21.534334,933.7121,39.420002,428.0,97.33334
45.854166666666664,31.395833333333336,24.617334,908.3182,38.312004,119.0,96.18981
46.77083333333333,33.0625,20.7445,940.3477,39.219997,344.0,90.59983
46.854166666666664,31.1875,24.272667,888.55316,39.7,128.0,94.83899
47.4375,35.145833333333336,10.763833,955.90295,42.24,426.0,77.0806
43.5625,29.104166666666668,23.3985,926.9812,39.244,128.0,82.969025
41.395833333333336,35.8125,20.5945,984.76587,38.455997,281.0,86.2893
42.979166666666664,30.145833333333336,23.433167,935.0731,39.308002,88.0,86.12887
44.479166666666664,31.1875,24.050667,945.625,38.584,87.0,89.98613
45.0625,30.770833333333336,24.432833,918.97784,37.8,100.0,93.776665
48.77083333333333,30.854166666666668,25.081833,899.5207,36.620003,235.0,108.36708
45.64583333333333,37.0625,12.807,940.4973,37.236,386.0,72.11967
48.77083333333333,32.1875,24.538668,935.35114,39.676003,397.0,107.17873
44.604166666666664,29.895833333333336,24.175667,926.948,38.868,107.0,85.39914
44.020833333333336,34.4375,24.2935,907.321,38.872,182.0,92.75851
41.3125,37.479166666666664,15.9678335,992.4386,40.072,702.0,77.35243
42.770833333333336,36.979166666666664,18.9195,977.3333,39.272003,778.0,89.616356
41.979166666666664,30.854166666666668,22.998667,937.59784,39.904,73.0,80.64228
43.270833333333336,37.104166666666664,15.613334,995.30493,39.376,837.0,86.5001
41.854166666666664,37.020833333333336,19.797,970.75104,39.276,499.0,84.856544
48.479166666666664,30.270833333333336,25.575167,893.14014,37.803997,167.0,101.607864
42.9375,33.479166666666664,22.693666,963.6907,41.736,111.0,83.52465
46.8125,29.895833333333336,24.7845,867.91284,38.26,104.0,87.92642
43.770833333333336,34.6875,24.695,872.37415,37.324,199.0,92.102005
45.52083333333333,37.9375,12.1744995,969.7666,38.255997,272.0,60.947773
44.5625,37.520833333333336,7.1925,976.7241,37.572,568.0,67.34523
48.77083333333333,35.479166666666664,10.0795,983.41205,42.792,308.0,73.66424
48.104166666666664,34.354166666666664,13.436,867.1015,40.095997,384.0,79.944885
43.104166666666664,29.5625,23.3645,928.9802,39.208,102.0,81.96774
41.979166666666664,33.104166666666664,21.176834,953.14606,40.28,100.0,76.90077
47.8125,32.5625,23.440166,936.94086,40.100002,360.0,99.51163
41.3125,35.729166666666664,20.6065,981.25336,38.556004,258.0,85.752754
47.02083333333333,35.9375,9.589,976.4283,40.932,446.0,76.19032
45.020833333333336,35.854166666666664,18.282833,1013.33435,39.603996,743.0,98.26172
48.104166666666664,30.3125,25.357334,908.328,39.368,151.0,94.40752
41.4375,36.3125,19.259333,989.3183,37.544,416.0,84.08099
46.14583333333333,33.729166666666664,17.953001,920.97626,37.14,449.0,89.62683
41.895833333333336,37.5625,18.078333,977.00226,38.236,645.0,78.97252
47.229166666666664,33.395833333333336,18.696,921.10406,39.396,425.0,88.63661
44.8125,30.6875,24.333166,926.50757,38.031998,93.0,92.477745
46.854166666666664,31.270833333333336,24.219,890.4755,38.872,135.0,96.5969
44.1875,30.4375,23.713,939.384,38.88,96.0,92.3566
44.395833333333336,31.770833333333336,24.337334,953.4842,39.744,80.0,83.30268
47.6875,33.645833333333336,13.958667,883.4233,39.108,440.0,82.18272
44.8125,29.020833333333336,24.703833,927.3453,39.052002,147.0,80.84636
42.8125,35.145833333333336,23.438334,928.0254,38.031998,237.0,88.67577
49.14583333333333,30.9375,25.8205,947.6319,39.379997,275.0,112.383446
43.895833333333336,34.520833333333336,24.393167,895.3374,38.219997,189.0,91.401085
42.104166666666664,31.145833333333336,23.139,934.2319,39.927998,69.0,83.596664
42.895833333333336,32.229166666666664,22.729334,949.0154,40.343998,72.0,82.62843
49.27083333333333,33.5625,11.226833,942.887,40.36,288.0,81.22695
40.104166666666664,32.9375,18.965166,840.89703,36.668003,121.0,76.796196
44.0625,34.229166666666664,23.8545,903.68054,38.783997,168.0,89.125946
44.104166666666664,37.479166666666664,5.6563334,960.97906,36.432,636.0,67.10945
46.604166666666664,30.895833333333336,23.868,850.63574,35.488003,100.0,90.72221
46.8125,36.395833333333336,10.184834,967.07776,39.952,415.0,73.893166
48.604166666666664,36.229166666666664,10.524167,914.0926,39.588,300.0,71.184555
47.979166666666664,37.479166666666664,10.806833,866.36334,36.06,275.0,53.38055
49.39583333333333,32.020833333333336,24.119333,948.9788,38.98,421.0,106.21922
40.395833333333336,37.770833333333336,15.725,1012.4947,41.136,541.0,76.40991
44.6875,33.354166666666664,23.048834,940.7185,40.492,167.0,93.78761
42.0625,36.895833333333336,19.975834,970.0496,39.204,479.0,87.95567
45.395833333333336,34.020833333333336,22.934,937.1982,39.032,285.0,97.64268
43.229166666666664,36.5625,20.111334,996.633,40.18,642.0,92.50228
44.520833333333336,33.0625,22.8255,934.72675,40.148003,148.0,90.58522
44.6875,35.4375,19.867834,998.81116,39.935997,551.0,97.9554
47.5625,36.5625,11.006,933.1867,39.572002,331.0,69.22676
47.854166666666664,36.479166666666664,11.7456665,925.56995,39.008003,317.0,70.6312
44.604166666666664,32.895833333333336,23.201166,948.1744,40.536,139.0,92.89138
45.8125,29.9375,24.588,885.7553,37.772003,104.0,89.57073
48.39583333333333,30.020833333333336,25.776167,871.83057,37.964,145.0,98.01545
42.729166666666664,36.645833333333336,20.158333,992.3122,38.808,714.0,92.08447
44.020833333333336,29.895833333333336,23.587168,933.86774,39.204,104.0,84.77175
47.354166666666664,35.229166666666664,10.762167,957.6417,42.192,434.0,77.10492
44.604166666666664,35.145833333333336,22.801,972.3499,39.572,328.0,98.48299
43.3125,30.9375,23.096,946.59973,39.56,82.0,94.88329
43.9375,36.229166666666664,19.71,1019.3524,41.151997,564.0,94.88995
47.1875,36.645833333333336,8.2785,976.84454,39.68,365.0,70.86927
43.3125,34.8125,24.892666,861.7659,37.1,204.0,89.61196
47.104166666666664,32.9375,21.238333,929.9724,39.544,358.0,91.78314
43.604166666666664,33.854166666666664,23.274334,925.28864,39.92,137.0,84.22023
43.9375,37.354166666666664,7.613,982.2813,36.6,704.0,69.04811
43.104166666666664,30.354166666666668,23.702,941.92505,39.652,83.0,88.578125
40.229166666666664,36.979166666666664,17.697334,920.0558,39.872,376.0,79.1297
43.479166666666664,29.395833333333336,23.442667,929.58984,39.312,112.0,83.4866
44.4375,31.020833333333336,24.139168,944.1386,38.760002,86.0,92.20089
42.5625,30.770833333333336,23.4205,942.3801,39.968002,74.0,84.52747
46.604166666666664,31.6875,24.237667,911.1301,38.899998,152.0,98.53175
48.1875,28.854166666666668,25.976334,879.5794,38.168003,97.0,93.469986
45.395833333333336,35.854166666666664,16.985834,1009.2984,39.844,787.0,95.22307
41.9375,35.5625,21.841667,982.2123,38.34,252.0,88.39499
48.27083333333333,35.770833333333336,11.334,962.7264,41.84,325.0,73.31348
48.14583333333333,33.4375,18.627666,896.9214,39.952,463.0,87.324715
42.604166666666664,34.020833333333336,22.415667,1003.3769,41.216,134.0,81.12634
43.0625,35.520833333333336,22.832832,940.8713,38.344,298.0,89.98092
47.14583333333333,30.520833333333336,24.319334,888.2199,38.140003,101.0,95.99888
45.354166666666664,29.354166666666668,24.785334,910.64435,38.536,139.0,82.758575
47.77083333333333,32.479166666666664,23.833,938.0691,40.288,341.0,100.20032
47.729166666666664,36.9375,12.178833,904.35156,38.168,296.0,64.67006
48.27083333333333,34.270833333333336,13.228167,849.72156,38.992,366.0,79.96311
44.8125,29.854166666666668,24.303,922.4557,38.8,111.0,85.7735
46.0625,34.6875,16.576834,933.2893,38.532,653.0,91.47501
39.854166666666664,36.854166666666664,18.243,958.8123,40.596,368.0,79.96096
42.354166666666664,34.354166666666664,21.949833,977.63745,38.036,150.0,79.87395
45.77083333333333,35.395833333333336,19.4105,985.2998,40.255997,727.0,93.15115
44.1875,32.854166666666664,23.319668,958.809,40.280003,123.0,90.34167
43.1875,31.604166666666668,23.024,953.7585,39.98,73.0,88.15611
48.0625,30.520833333333336,25.064667,906.94183,38.635998,162.0,96.03534
45.89583333333333,29.770833333333336,24.6735,881.05963,37.664,114.0,89.29509
39.8125,32.8125,18.5395,837.0714,36.916,122.0,80.62716
48.104166666666664,31.520833333333336,24.283667,907.69855,38.135998,247.0,103.19504
48.104166666666664,33.4375,18.3255,895.98987,39.848,457.0,87.03777
46.4375,35.020833333333336,7.9868336,964.5152,38.628,618.0,82.46661
47.229166666666664,35.895833333333336,10.6505,978.6046,41.719997,418.0,75.558395
40.479166666666664,33.9375,19.538166,894.30347,37.916,126.0,78.61143
48.979166666666664,31.229166666666668,25.7495,949.945,39.503998,277.0,109.621925
44.354166666666664,35.729166666666664,21.225666,1009.4054,40.516,477.0,94.95682
45.8125,30.895833333333336,24.5805,877.35284,36.144,94.0,92.95728
42.229166666666664,35.395833333333336,22.163834,970.5616,38.316,254.0,87.93749
47.854166666666664,36.979166666666664,11.511666,893.47003,37.864,287.0,63.051
41.229166666666664,32.354166666666664,20.906,906.4317,38.388,92.0,75.4759
42.1875,37.8125,15.96,975.51196,38.168,743.0,74.5295
47.64583333333333,30.729166666666668,24.241667,877.3305,37.432003,148.0,96.43651
42.895833333333336,31.3125,23.207832,943.2038,39.64,70.0,87.545815
44.4375,32.604166666666664,23.504833,951.64557,39.800003,117.0,92.3549
49.104166666666664,33.9375,9.980833,934.7106,40.468,290.0,78.229324
40.9375,34.1875,20.4555,925.8173,38.268,135.0,81.270065
47.14583333333333,31.145833333333336,24.197334,884.98566,39.128,136.0,97.92997
42.270833333333336,31.729166666666668,22.5195,921.2786,39.352,66.0,82.58857
46.354166666666664,29.770833333333336,24.646166,863.7328,37.46,117.0,89.85076
42.0625,36.3125,21.026167,1005.7432,38.3,412.0,89.493004
41.354166666666664,32.895833333333336,20.515833,915.87823,38.98,100.0,77.171715
39.9375,36.4375,17.75,956.9187,39.868,349.0,79.17752
43.354166666666664,29.270833333333336,23.278833,927.4862,39.196,117.0,83.403206
44.479166666666664,37.9375,7.0761666,951.61316,36.972,482.0,57.14568
45.729166666666664,34.3125,20.4685,916.4092,38.072002,445.0,94.36002
44.4375,31.645833333333336,24.377333,947.34906,39.744,81.0,85.78903
45.395833333333336,36.6875,9.5855,975.7384,38.216,541.0,78.999146
41.479166666666664,31.854166666666668,21.554832,916.5743,39.228,80.0,77.33311
41.6875,36.979166666666664,19.785166,974.3162,39.567997,467.0,84.00016
44.3125,30.770833333333336,23.8745,941.4997,38.596,88.0,93.27964
44.229166666666664,32.604166666666664,23.372334,948.5158,38.604,105.0,90.06602
42.4375,36.604166666666664,20.506834,994.6193,39.068,476.0,92.40938
44.479166666666664,33.229166666666664,22.760666,929.4545,39.3,153.0,91.15998
43.395833333333336,32.895833333333336,23.101667,964.90247,41.552002,99.0,85.26471
47.604166666666664,37.770833333333336,5.9936666,912.8482,36.532,307.0,61.19404
39.5625,33.645833333333336,18.142668,841.6632,36.804,121.0,75.435
43.395833333333336,29.854166666666668,23.449833,933.67114,39.312004,99.0,82.99142
42.979166666666664,29.354166666666668,23.1125,925.3562,39.036,108.0,83.88303
49.02083333333333,35.4375,10.2415,979.801,42.304,291.0,73.49564
40.520833333333336,33.479166666666664,19.186167,874.59106,36.88,124.0,77.59357
44.645833333333336,29.4375,24.581833,927.0574,39.143997,128.0,84.405594
45.479166666666664,35.1875,18.956833,988.67645,38.992,675.0,94.98576
40.770833333333336,32.354166666666664,20.116499,886.0875,38.184,104.0,75.41905
47.14583333333333,33.604166666666664,15.979667,910.69727,38.848003,452.0,84.85062
39.9375,33.729166666666664,18.8065,861.81335,37.163998,122.0,77.11457
47.89583333333333,36.770833333333336,8.8995,917.8,37.764,295.0,66.6365
39.770833333333336,35.270833333333336,19.227333,955.0942,38.752003,158.0,82.31015
47.354166666666664,29.1875,25.287666,890.7197,38.84,121.0,86.75129
43.645833333333336,34.479166666666664,24.458332,886.4193,37.848,179.0,89.111565
45.89583333333333,37.229166666666664,13.4626665,952.7721,37.436,335.0,70.61807
43.145833333333336,29.8125,23.536333,930.89545,39.42,97.0,83.90359
47.77083333333333,33.145833333333336,20.2635,921.1837,40.267998,432.0,91.1008
40.604166666666664,36.8125,18.032,941.35455,39.992,370.0,79.129585
45.020833333333336,34.1875,22.585001,886.4978,34.64,229.0,97.25973
45.6875,36.770833333333336,12.3905,941.5874,37.544,474.0,77.62888
48.9375,30.9375,25.657167,939.1605,39.172,249.0,109.71827
44.729166666666664,31.729166666666668,24.323833,934.20355,39.156,87.0,83.838936
44.0625,37.1875,13.772667,1011.55676,38.572,752.0,85.32907
45.979166666666664,31.9375,24.554333,926.95776,39.323997,136.0,98.962006
39.9375,37.729166666666664,13.7665,1018.87964,39.268,728.0,72.99863
48.1875,31.145833333333336,24.744,918.15,39.188004,217.0,103.20637
43.8125,30.520833333333336,23.499166,943.44495,38.988,93.0,98.327385
40.520833333333336,36.145833333333336,18.830833,955.12756,39.648,270.0,80.48374
42.395833333333336,34.3125,21.886333,979.652,38.088,143.0,79.94417
44.145833333333336,33.020833333333336,22.9235,945.0697,39.932,129.0,88.60321
43.395833333333336,31.479166666666668,23.026167,957.3443,39.892,75.0,88.83152
43.604166666666664,32.104166666666664,23.345833,971.29175,40.532,75.0,88.24549
43.6875,29.8125,23.602667,936.8682,39.412,101.0,82.68795
43.729166666666664,33.604166666666664,22.951334,941.7815,40.612,138.0,85.6547
40.9375,35.3125,20.649334,968.5537,38.828,183.0,84.70815
45.89583333333333,36.854166666666664,11.698167,949.96497,38.312,425.0,75.570076
46.0625,29.229166666666668,25.014833,878.0289,37.828,165.0,85.37211
40.854166666666664,32.229166666666664,20.509832,893.8778,38.324,97.0,75.760445
42.479166666666664,37.8125,7.6285,928.8917,35.124,828.0,66.47499
47.27083333333333,36.770833333333336,6.9154997,945.1573,37.644,348.0,69.70356
44.895833333333336,35.479166666666664,20.512001,1009.0685,40.384,551.0,99.14558
42.229166666666664,35.895833333333336,21.764,992.0842,38.336002,329.0,90.212585
47.104166666666664,36.395833333333336,9.784,960.5604,39.975998,391.0,72.198555
42.770833333333336,37.854166666666664,11.678833,971.93506,37.468,760.0,70.49506
45.270833333333336,29.729166666666668,24.583166,907.6233,38.12,117.0,86.09507
43.520833333333336,36.645833333333336,19.483667,997.76404,40.739998,695.0,94.22054
45.270833333333336,34.1875,22.876167,941.91376,39.22,283.0,97.03144
43.5625,33.645833333333336,22.960833,937.6172,40.615997,144.0,86.283615
40.8125,33.645833333333336,19.639,902.65967,38.036,122.0,78.426994
46.354166666666664,29.1875,25.154333,854.04095,37.684,165.0,85.76277
40.020833333333336,35.104166666666664,19.792833,969.1658,38.975998,142.0,79.86941
48.229166666666664,31.395833333333336,24.602667,918.35065,38.676,240.0,104.1897
47.229166666666664,28.729166666666668,25.382833,883.2181,38.448,153.0,84.99083
48.9375,35.229166666666664,11.121834,980.46027,43.216,300.0,73.2699
47.39583333333333,35.479166666666664,10.3635,982.46497,42.311996,424.0,76.15935
43.604166666666664,36.1875,20.164167,992.58527,39.692,487.0,92.375305
44.729166666666664,37.5625,8.210167,967.43414,37.652,525.0,64.68264
49.229166666666664,30.4375,24.960794,864.02716,34.336365,245.0,112.388245
46.3125,31.895833333333336,24.4025,921.90497,39.420002,148.0,98.690285
39.520833333333336,32.854166666666664,18.301666,827.19635,36.672,122.0,77.30343
43.9375,34.729166666666664,24.496666,889.4897,37.879997,202.0,93.94774
47.64583333333333,36.354166666666664,10.093,958.819,40.216,339.0,71.981476
42.6875,31.645833333333336,22.914167,936.9885,39.744,68.0,82.73726
43.520833333333336,36.5625,19.623667,994.25464,40.356,647.0,94.109215
44.8125,30.229166666666668,24.162666,921.7386,38.252003,99.0,89.87526
44.1875,30.854166666666668,23.797667,945.23175,38.924004,87.0,93.90829
46.39583333333333,37.354166666666664,11.2655,970.77594,38.056,328.0,69.60817
47.854166666666664,36.854166666666664,11.215667,895.5894,37.64,292.0,65.82296
44.854166666666664,37.6875,9.631667,950.1804,37.472,425.0,63.622444
45.604166666666664,35.8125,14.903167,988.8575,39.744,858.0,95.09424
42.729166666666664,29.520833333333336,23.1865,924.7764,39.136,101.0,82.19051
45.020833333333336,29.6875,24.494167,917.2246,38.7,118.0,84.49451
42.1875,37.9375,15.775333,979.3344,37.892,722.0,73.16654
40.604166666666664,35.604166666666664,19.752666,968.40125,38.896,208.0,81.91179
39.770833333333336,34.604166666666664,19.287666,912.93835,37.44,121.0,76.40976
43.1875,31.645833333333336,22.965166,954.7333,39.98,72.0,87.21628
41.854166666666664,31.729166666666668,22.275833,921.16,39.600002,68.0,78.160675
46.27083333333333,37.104166666666664,12.493667,966.3204,38.576,355.0,73.146614
42.104166666666664,30.270833333333336,23.196,931.3173,39.588,79.0,80.4009
46.979166666666664,34.6875,13.0625,947.5319,40.864,513.0,82.580284
39.9375,34.354166666666664,19.105,897.2336,37.472,123.0,76.664474
40.520833333333336,32.354166666666664,19.588833,875.7056,38.072002,106.0,76.20439
41.0625,34.979166666666664,21.070667,961.54333,38.848,156.0,84.57029
47.5625,31.4375,23.6995,861.1692,37.112,195.0,99.52629
42.395833333333336,37.770833333333336,11.152166,945.53644,36.144,860.0,71.44004
41.270833333333336,35.145833333333336,21.257,967.732,38.536,177.0,84.97355
45.3125,33.895833333333336,23.154333,935.9009,39.359997,263.0,98.341835
48.4375,33.520833333333336,17.020332,873.39056,39.792,415.0,85.68985
43.8125,36.895833333333336,14.6035,998.8703,38.072002,834.0,89.535515
48.729166666666664,30.229166666666668,25.52,862.7903,36.039997,179.0,105.99547
39.979166666666664,35.9375,18.945,959.5565,39.396004,228.0,81.01627
43.6875,30.229166666666668,23.419167,941.2946,39.28,94.0,91.05784
49.1875,30.729166666666668,25.665167,932.9359,38.208,254.0,113.68606
47.229166666666664,31.645833333333336,24.0325,899.75476,37.972,182.0,99.48903
39.520833333333336,37.104166666666664,17.655167,979.25073,39.716,459.0,80.4659
45.52083333333333,30.229166666666668,24.474833,897.40125,37.556,99.0,91.04976
40.395833333333336,36.5625,18.242334,944.04535,39.888,325.0,78.447945
46.27083333333333,28.8125,25.376833,882.42535,37.976,196.0,81.97157
43.604166666666664,29.1875,23.456333,928.55835,39.352,122.0,83.8192
48.89583333333333,34.1875,12.087333,844.2199,37.947998,284.0,78.04513
46.104166666666664,35.3125,14.582,965.29395,39.116,865.0,91.71507
45.0625,37.5625,10.913,918.0389,37.168,369.0,65.58892
45.4375,33.395833333333336,23.322,936.8976,39.808,228.0,99.49874
47.3125,36.479166666666664,6.6485,973.0401,38.884,377.0,72.37514
41.520833333333336,36.3125,19.1385,990.1103,37.104,431.0,83.988464
44.854166666666664,29.6875,24.327168,920.71497,38.679996,118.0,84.49451
44.729166666666664,28.8125,24.802334,930.0382,39.212,156.0,82.008644
47.02083333333333,35.6875,9.494833,990.11615,41.596,463.0,76.630424
43.520833333333336,30.0625,23.480833,940.68536,39.3,94.0,87.134834
41.604166666666664,33.520833333333336,20.483,954.84076,39.504,119.0,79.99687
43.895833333333336,32.6875,23.478834,969.63525,39.472,101.0,87.272316
40.395833333333336,35.354166666666664,19.874666,971.5539,38.964,169.0,82.44187
48.979166666666664,32.604166666666664,21.049667,929.0397,38.828,419.0,98.2828
43.6875,29.4375,23.626333,930.86304,39.359997,113.0,82.32406
46.9375,36.145833333333336,8.419167,986.8253,40.432,430.0,75.085365
44.020833333333336,35.145833333333336,23.6255,919.3536,38.528,253.0,94.34566
47.89583333333333,29.3125,26.049818,940.7921,39.239132,113.0,92.21256
42.6875,31.0625,23.107334,939.13715,39.600002,72.0,86.146095
47.6875,33.979166666666664,12.204,894.39923,39.844,426.0,80.88205
43.520833333333336,30.854166666666668,23.233,948.64923,39.323997,89.0,98.94688
39.6875,35.1875,19.305,950.3652,38.644,146.0,80.10496
42.354166666666664,34.6875,22.110167,976.4119,39.68,182.0,84.68225
41.4375,33.270833333333336,20.414833,933.0011,39.192,114.0,77.104904
46.729166666666664,33.229166666666664,18.061333,929.159,37.868,408.0,87.54749
47.9375,36.6875,7.561333,929.3774,37.836002,315.0,70.225586
47.3125,37.645833333333336,9.421833,948.91003,38.948,271.0,62.957413
46.8125,35.854166666666664,8.472,980.5338,40.152,490.0,77.350555
44.104166666666664,35.895833333333336,20.5835,1011.59235,40.808,491.0,91.87754
46.02083333333333,29.104166666666668,25.125834,886.3924,38.228,172.0,83.30268
44.1875,29.9375,23.684334,932.5249,38.932,104.0,84.541916
40.520833333333336,32.729166666666664,19.228167,862.5918,37.648,115.0,75.317154
45.854166666666664,36.979166666666664,13.133166,943.7541,38.012,407.0,73.368034
41.604166666666664,35.104166666666664,21.2375,978.6527,38.908,199.0,85.78782
42.6875,31.4375,23.037,938.18463,39.688,69.0,86.41334
45.270833333333336,29.645833333333336,24.662834,909.1324,38.267998,120.0,85.98219
43.5625,31.8125,23.211166,968.7252,40.26,70.0,84.37499
40.729166666666664,31.770833333333336,20.578001,902.98517,38.704002,94.0,73.815445
47.5625,32.395833333333336,24.0545,935.5995,40.1,304.0,100.31922
42.604166666666664,35.770833333333336,22.227667,974.3966,38.544,325.0,90.050156
40.604166666666664,35.4375,20.068,964.0031,38.872,189.0,81.86351
40.729166666666664,36.854166666666664,18.218166,951.8897,40.280003,387.0,79.706985
43.020833333333336,32.270833333333336,22.615833,952.8606,40.420002,75.0,83.82283
40.729166666666664,32.3125,20.171,885.67615,38.14,101.0,74.60588
47.52083333333333,36.979166666666664,11.7508335,915.22974,38.22,302.0,64.441475
41.604166666666664,35.145833333333336,21.120167,978.61774,38.624,208.0,85.71965
45.6875,33.229166666666664,23.529833,934.0138,39.772,219.0,99.088905
43.8125,35.270833333333336,23.3365,890.7911,37.103996,272.0,89.49432
46.14583333333333,36.6875,12.646333,937.67676,38.764,452.0,75.273796
44.604166666666664,33.3125,22.919167,936.0249,40.128,159.0,93.10425
48.6875,30.1875,25.708666,868.30524,36.904,175.0,104.81928
43.145833333333336,37.895833333333336,5.8059998,947.95544,36.292,677.0,62.23365
45.979166666666664,30.895833333333336,24.527166,883.49426,37.975998,90.0,93.64857
48.1875,34.770833333333336,10.266334,924.4991,40.991997,348.0,76.5282
41.479166666666664,37.770833333333336,16.453667,1002.6338,40.084,693.0,75.43369
47.1875,35.4375,9.5185,976.0734,41.232002,449.0,77.18231
47.39583333333333,34.145833333333336,14.694667,910.7384,40.668,443.0,83.009026
43.6875,30.645833333333336,23.4085,946.2714,39.496002,93.0,102.5826
43.145833333333336,33.479166666666664,22.761333,949.6924,41.528,119.0,86.76685
49.0625,33.3125,13.8765,921.17206,39.128,340.0,84.515625
43.9375,35.020833333333336,24.112167,896.66925,37.764,235.0,93.32393
47.27083333333333,29.4375,25.132833,884.072,38.896,125.0,88.34118
41.020833333333336,35.5625,20.161167,971.4032,38.696003,224.0,82.76893
42.9375,31.0625,23.307167,943.58746,39.708,74.0,88.81606
44.395833333333336,33.854166666666664,22.951166,902.68115,38.628,171.0,89.78514
43.854166666666664,33.3125,22.944834,948.62756,40.472,132.0,85.87047
39.479166666666664,33.0625,18.139166,825.1102,36.407997,119.0,76.68622
40.8125,36.479166666666664,18.362833,940.53174,38.876,299.0,79.23787
44.770833333333336,29.645833333333336,24.347334,923.1115,38.908,119.0,84.45008
47.1875,28.5625,25.450666,883.94116,38.300003,162.0,84.79725
47.3125,33.729166666666664,17.279333,911.74585,39.704,454.0,85.08724
41.6875,32.270833333333336,21.380667,914.2821,39.492,82.0,78.0962
39.520833333333336,33.729166666666664,18.079666,846.405,36.767998,119.0,74.77233
49.02083333333333,35.520833333333336,9.604834,985.6561,42.136,290.0,73.98596
41.395833333333336,37.1875,16.5975,978.2403,37.944,653.0,79.295746
41.520833333333336,37.354166666666664,16.954666,986.5791,38.947998,658.0,78.657196
45.479166666666664,31.3125,25.053,907.7593,37.32,112.0,95.564285
42.395833333333336,33.895833333333336,22.001,1017.4053,40.892002,124.0,80.722984
41.4375,33.770833333333336,20.157,951.5994,39.268,133.0,81.19846
47.1875,34.3125,14.5155,910.7496,41.407997,469.0,82.56839
46.729166666666664,29.354166666666668,25.335333,842.3615,37.64,142.0,86.632416
40.8125,36.5625,18.388834,947.5783,39.556,321.0,79.29603
43.8125,37.770833333333336,4.2491665,951.2792,36.688,631.0,60.44969
48.64583333333333,35.354166666666664,10.501166,980.7278,43.38,321.0,72.742584
46.479166666666664,32.9375,23.681334,935.589,39.472,255.0,95.53506
47.729166666666664,32.770833333333336,22.548666,930.0534,39.756,384.0,95.98328
45.145833333333336,34.895833333333336,21.017834,971.1713,39.579998,455.0,98.05223
43.8125,34.0625,23.698,916.4446,39.371998,156.0,84.84407
47.854166666666664,33.020833333333336,20.474333,921.80286,39.284,426.0,92.10089
44.8125,28.8125,24.816,931.1928,39.211998,158.0,81.92402
45.1875,29.8125,24.518,910.21533,38.284,114.0,85.90647
40.145833333333336,35.270833333333336,19.983334,975.6457,39.296,155.0,81.32257
41.0625,36.395833333333336,18.928833,966.129,39.148,337.0,81.84745
41.5625,31.1875,22.535334,933.7906,39.652,77.0,77.65899
40.4375,32.9375,19.152334,854.56964,37.36,117.0,74.85338
40.729166666666664,36.354166666666664,18.588167,956.5953,39.652,290.0,79.86356
46.5625,37.020833333333336,8.7543335,974.57794,38.844,365.0,71.2581
45.395833333333336,32.229166666666664,23.747,908.3192,37.86,127.0,91.398056
45.64583333333333,36.645833333333336,11.231,959.1495,38.404,513.0,78.517624
41.6875,32.354166666666664,21.346167,915.2707,39.436,82.0,76.75676
41.1875,35.020833333333336,21.1415,962.38245,39.092,169.0,83.93097
47.52083333333333,36.270833333333336,9.767333,974.1971,40.584,354.0,71.89366
44.020833333333336,33.6875,23.246,940.2771,40.376,155.0,87.06498
39.854166666666664,36.3125,17.91,958.15735,39.828003,318.0,79.35881
47.1875,37.604166666666664,9.855833,965.1214,39.064,273.0,61.54561
45.979166666666664,31.270833333333336,24.398333,900.6362,38.176,117.0,95.536865
43.104166666666664,34.3125,23.3075,875.54364,35.012,143.0,81.496735
41.0625,31.520833333333336,21.461332,921.34204,39.100002,87.0,76.68305
44.8125,37.1875,6.4806666,966.1787,36.628,570.0,73.575714
39.770833333333336,32.604166666666664,18.82,840.94037,37.096,116.0,76.40725
40.895833333333336,32.4375,20.266,890.3246,38.196003,103.0,75.30656
47.27083333333333,37.104166666666664,10.5825,940.7084,38.652,298.0,64.496185
44.145833333333336,32.979166666666664,23.130667,955.15485,40.48,129.0,90.66018
46.479166666666664,36.6875,11.8463335,942.4858,39.076,414.0,73.99882
47.0625,32.645833333333336,23.229668,933.5873,39.604004,293.0,96.01434
47.854166666666664,35.229166666666664,10.924334,955.93024,42.64,370.0,74.64928
45.1875,34.1875,22.9155,935.47797,38.62,265.0,97.858696
47.39583333333333,32.354166666666664,24.1495,930.0016,40.188004,282.0,99.10432
40.8125,31.854166666666668,20.578499,902.6987,38.764,96.0,74.911095
42.020833333333336,33.6875,20.877834,989.42,40.56,121.0,78.793915
43.4375,31.520833333333336,23.127167,959.66895,40.012,74.0,87.81397
45.64583333333333,37.8125,12.641666,973.9455,38.272,263.0,62.863308
43.6875,30.5625,23.541,945.7808,39.38,90.0,99.25802
45.77083333333333,33.9375,20.7645,916.6393,37.996,380.0,95.3264
44.020833333333336,36.354166666666664,19.407833,1013.1731,41.172,655.0,96.40181
43.979166666666664,33.270833333333336,22.747168,939.22955,40.087997,136.0,85.55239
45.229166666666664,33.020833333333336,23.599667,941.4647,40.208,175.0,96.526924
47.14583333333333,31.0625,24.051666,873.75507,38.536003,128.0,96.51439
42.770833333333336,35.229166666666664,23.184166,937.2198,38.1,247.0,88.450165
45.3125,31.854166666666668,24.329,922.8642,39.18,123.0,91.76166
47.1875,36.145833333333336,9.455334,977.8042,40.795998,409.0,73.894264
49.14583333333333,32.020833333333336,25.070333,952.66846,40.112,414.0,107.11299
41.645833333333336,33.979166666666664,20.413166,972.3035,39.852,139.0,80.792725
40.145833333333336,36.770833333333336,18.112333,923.1642,39.856,327.0,79.025024
42.5625,30.0625,23.114,929.7682,39.312,86.0,83.1856
44.6875,34.0625,23.367666,926.9787,39.312,203.0,95.59613
41.9375,37.0625,19.508833,964.8617,39.172,529.0,84.70367
43.520833333333336,37.229166666666664,13.812667,1008.84534,38.592,837.0,82.07207
42.8125,35.520833333333336,22.904167,951.6839,38.316,286.0,89.613594
47.4375,31.729166666666668,24.038334,898.36285,38.3,213.0,99.52128
39.354166666666664,34.020833333333336,18.136168,856.49506,36.488003,115.0,74.559
42.895833333333336,31.229166666666668,23.1435,943.35077,39.688,70.0,88.87011
45.9375,31.895833333333336,24.528667,923.63354,39.188,134.0,99.24053
39.895833333333336,35.604166666666664,19.517,943.7746,37.956,171.0,79.92692
48.479166666666664,31.354166666666668,24.7355,927.7851,38.851997,248.0,105.21629
44.520833333333336,35.604166666666664,20.742834,1007.30786,40.256,517.0,97.40315
44.145833333333336,29.145833333333336,24.185,929.0721,39.332,129.0,83.15955
46.52083333333333,31.479166666666668,24.239666,901.066,38.536,136.0,96.14386
39.854166666666664,35.5625,19.618166,942.5696,37.840004,173.0,79.03059
45.145833333333336,33.979166666666664,23.173166,933.75977,39.148,241.0,97.84302
41.3125,32.020833333333336,21.201834,912.20483,39.032,84.0,76.31424
47.14583333333333,33.6875,17.927166,911.57764,39.592,440.0,87.15477
47.9375,30.020833333333336,25.364285,904.6697,39.038097,125.0,92.73234
45.0625,34.729166666666664,22.310333,958.17267,39.204002,357.0,98.10271
45.64583333333333,29.270833333333336,25.0455,902.836,38.396,159.0,84.376495
40.395833333333336,34.9375,20.216167,959.2415,38.5,136.0,82.78312
39.645833333333336,36.854166666666664,18.212334,972.8705,40.595997,379.0,80.86623
47.479166666666664,34.9375,11.464,947.11523,42.596,424.0,78.14975
42.520833333333336,37.145833333333336,19.342833,961.69525,38.276,707.0,87.728806
46.8125,29.3125,25.419834,844.3508,37.744003,137.0,85.471176
46.1875,34.770833333333336,15.327666,940.9719,38.972,695.0,90.219086
39.479166666666664,32.770833333333336,18.278833,826.8101,36.624,118.0,76.91189
44.145833333333336,32.604166666666664,23.476,953.1605,38.72,98.0,88.48334
49.14583333333333,32.1875,24.801,954.9754,39.924,421.0,106.98555
44.020833333333336,35.270833333333336,23.041834,916.19775,37.804,272.0,92.20977
43.3125,35.8125,21.8125,963.0533,38.576,352.0,90.23286
44.8125,34.604166666666664,23.256332,954.028,39.616,275.0,99.08066
42.3125,36.4375,20.654833,999.3,38.604,432.0,91.7979
43.645833333333336,34.0625,23.741333,919.2538,39.644,155.0,85.70656
48.5625,33.6875,13.645833,878.03986,38.812,362.0,83.27461
44.895833333333336,32.0625,23.676666,918.0833,38.871998,109.0,85.04552
41.645833333333336,33.645833333333336,20.484499,962.6617,39.744,124.0,80.985596
42.979166666666664,36.5625,20.425833,988.9807,39.628,662.0,91.626816
43.4375,29.604166666666668,23.419834,930.9577,39.284,105.0,83.79556
48.89583333333333,33.645833333333336,15.6595,888.3091,39.632,355.0,84.78992
47.229166666666664,30.104166666666668,24.615,888.1772,38.512,109.0,90.74228
42.0625,36.479166666666664,20.447834,1006.4239,38.264,439.0,89.143074
47.3125,31.895833333333336,23.993666,894.0548,37.684,215.0,100.46477
44.270833333333336,33.9375,23.0315,892.448,38.272,166.0,89.844215
46.02083333333333,32.0625,24.600334,932.51416,39.708,138.0,94.38027
48.27083333333333,31.854166666666668,24.4785,922.23,39.224,305.0,106.0239
44.354166666666664,31.395833333333336,24.0115,956.2864,39.368,80.0,85.862686
47.27083333333333,37.145833333333336,10.805333,938.4056,38.548,294.0,64.83809
43.4375,36.979166666666664,13.654,990.3256,37.616,849.0,84.07885
43.729166666666664,37.770833333333336,3.9051666,951.3016,36.548,628.0,59.985794
41.395833333333336,34.979166666666664,21.321,968.8896,39.224,175.0,84.712
43.9375,36.4375,19.5715,1015.46246,41.204002,656.0,96.43981
44.6875,35.104166666666664,22.244333,976.5594,39.399998,362.0,98.807556
43.1875,30.979166666666668,23.231,946.1317,39.643997,79.0,94.33342
48.729166666666664,34.3125,12.354834,825.9466,37.888,294.0,78.154594
45.854166666666664,34.395833333333336,18.4195,908.0939,37.22,533.0,93.092
41.520833333333336,34.354166666666664,20.921667,968.3274,39.036,149.0,82.59872
41.645833333333336,32.3125,21.258333,914.4566,39.464,84.0,78.334946
45.604166666666664,28.645833333333336,25.165833,926.80853,38.904,203.0,81.038055
43.104166666666664,31.270833333333336,23.285667,948.75494,39.74,73.0,92.371506
46.6875,33.604166666666664,17.263666,935.1986,38.26,452.0,86.67974
44.729166666666664,33.1875,22.994,939.80597,40.288002,165.0,92.24168
46.9375,36.8125,6.4308333,961.3898,38.16,383.0,71.25222
46.979166666666664,32.354166666666664,24.2465,926.812,39.62,232.0,97.92003
41.145833333333336,34.145833333333336,20.506,935.16003,38.572002,134.0,81.95483
47.854166666666664,35.354166666666664,11.173166,965.656,42.936,374.0,75.26601
47.354166666666664,29.895833333333336,24.864,891.94257,38.719997,116.0,91.62361
42.770833333333336,35.4375,22.887833,947.6117,38.12,278.0,88.88602
44.729166666666664,30.5625,24.149666,928.1061,37.836,92.0,92.48235
46.02083333333333,37.4375,13.402333,974.59924,38.432,309.0,69.20938
42.3125,30.895833333333336,23.3025,939.7718,39.935997,73.0,83.512085
43.6875,35.854166666666664,20.430834,1004.2934,40.752,424.0,90.48258
42.3125,37.645833333333336,12.439334,957.5142,36.184002,845.0,73.70617
48.27083333333333,30.604166666666668,25.155832,914.24603,38.767998,181.0,99.78023
47.52083333333333,28.729166666666668,25.497,896.2377,38.856,133.0,85.67586
40.5625,34.354166666666664,19.902,921.0255,38.084,126.0,79.307884
42.729166666666664,35.479166666666664,22.718,953.3878,38.128,285.0,89.50658
43.5625,36.020833333333336,20.4595,1001.82837,40.432,440.0,91.382515
44.895833333333336,28.895833333333336,24.709333,928.0417,38.892,158.0,81.64709
46.0625,34.145833333333336,15.126833,902.45197,36.944,552.0,88.77953
48.229166666666664,34.895833333333336,10.110333,937.0746,41.484,341.0,75.534744
43.0625,37.6875,6.1116667,955.8079,36.692,726.0,64.08575
42.5625,32.8125,22.000166,953.8711,40.436,91.0,80.4809
40.020833333333336,35.229166666666664,19.6,972.94226,39.32,157.0,80.92853
48.479166666666664,31.1875,24.78,921.3888,38.216,233.0,105.01751
49.479166666666664,33.1875,9.3145,952.68866,40.156,295.0,80.90799
39.6875,37.104166666666664,17.7445,958.36566,39.86,444.0,81.157265
48.854166666666664,33.229166666666664,17.230999,894.45355,38.935997,390.0,88.18036
41.104166666666664,33.104166666666664,20.219334,906.4759,38.792,107.0,76.611916
44.395833333333336,32.5625,23.526167,951.64154,39.480003,112.0,91.83897
48.8125,33.0625,17.114334,914.78546,38.92,391.0,90.00833
41.770833333333336,31.4375,22.648167,926.80597,39.784,72.0,80.35173
43.6875,37.229166666666664,11.264667,1014.5356,38.32,779.0,77.34055
40.9375,33.104166666666664,20.0005,894.6464,38.536003,111.0,77.170784
44.520833333333336,30.5625,24.087166,933.2731,38.128,92.0,91.164246
43.0625,33.854166666666664,23.139166,948.4686,40.792,126.0,82.95123
43.1875,32.395833333333336,22.691,963.704,40.476,78.0,83.46051
40.9375,32.270833333333336,20.495667,895.37775,38.343998,97.0,75.760445
42.104166666666664,34.104166666666664,21.458166,1011.31683,40.559998,143.0,80.82537
42.1875,36.895833333333336,19.956667,974.9355,39.312,498.0,88.79324
47.6875,35.770833333333336,10.542666,986.744,42.028,373.0,74.49117
48.0625,28.5625,25.827833,875.5622,38.028,112.0,90.8135
47.354166666666664,37.645833333333336,9.277667,945.8564,38.824,272.0,62.93914
47.979166666666664,33.104166666666664,18.994167,906.6328,39.624,443.0,89.53948
48.77083333333333,33.604166666666664,11.08,902.4544,39.264,337.0,80.64363
39.729166666666664,33.9375,18.630167,861.5818,37.084,124.0,76.49115
43.104166666666664,33.1875,22.626,963.648,41.916,107.0,84.85617
46.979166666666664,31.3125,24.221832,889.70374,39.176,145.0,97.6898
44.1875,35.479166666666664,22.210667,967.73175,39.392,335.0,91.120155
45.145833333333336,31.979166666666668,23.936666,920.243,39.176,119.0,86.678894
44.270833333333336,33.854166666666664,23.068834,901.86475,38.688,160.0,88.91566
44.1875,32.3125,24.020834,983.0026,40.588,88.0,89.11688
46.4375,31.3125,24.056334,892.1701,37.94,124.0,92.643875
42.354166666666664,31.229166666666668,23.159834,933.2741,39.6,69.0,85.484764
44.895833333333336,31.145833333333336,24.592667,927.4836,38.012,100.0,94.662766
46.229166666666664,37.9375,10.443167,1007.9796,38.728,270.0,61.250263
44.020833333333336,31.0625,23.510834,950.5226,39.248,84.0,93.99589
43.4375,36.145833333333336,20.576166,999.30133,40.436,459.0,90.71784
49.229166666666664,30.8125,25.806667,942.15283,38.704002,268.0,113.5267
46.354166666666664,36.6875,11.551666,956.0045,39.512,415.0,74.367744
49.14583333333333,32.5625,19.689167,918.8755,38.440002,404.0,97.21962
49.479166666666664,32.1875,22.282,939.75134,39.528,410.0,103.12684
45.729166666666664,35.8125,13.0928335,973.9198,39.424,834.0,91.68732
47.64583333333333,35.395833333333336,11.263,973.6257,43.192,392.0,75.67857
45.479166666666664,30.104166666666668,24.566,898.8089,37.899998,104.0,89.02601
39.479166666666664,34.520833333333336,19.118834,898.3857,37.38,116.0,75.35428
43.104166666666664,30.6875,23.289167,943.1797,39.456,83.0,91.00131
44.145833333333336,31.0625,23.825834,950.6341,39.216,82.0,93.62582
44.020833333333336,34.145833333333336,23.715334,908.154,38.952,161.0,87.41277
48.6875,30.8125,25.224667,913.3795,37.851997,223.0,105.89847
48.52083333333333,31.4375,24.927166,931.83966,39.315998,261.0,106.0446
47.52083333333333,35.1875,10.707167,943.60956,41.896,410.0,76.75172
44.0625,37.0625,13.082666,1017.37714,38.508,755.0,85.85526
45.854166666666664,32.020833333333336,24.5005,925.1631,39.128,132.0,94.414734
45.9375,32.604166666666664,24.192501,937.0882,39.704002,162.0,96.97623
41.729166666666664,30.770833333333336,22.872667,937.91064,39.768,77.0,79.13466
41.5625,36.479166666666664,19.936167,997.6069,38.436,413.0,85.3151
47.9375,34.145833333333336,11.935166,886.59174,40.56,396.0,79.27796
45.89583333333333,29.5625,24.934166,881.9124,37.812,133.0,86.68732
44.8125,32.270833333333336,23.4265,921.3594,38.504,114.0,87.14534
40.604166666666664,33.104166666666664,19.506834,869.8316,37.772,116.0,75.77722
40.0625,35.895833333333336,18.961,961.51825,39.239998,229.0,81.3328
44.270833333333336,35.020833333333336,23.442167,932.5622,38.732,249.0,97.55413
42.854166666666664,33.8125,22.672167,975.36664,41.552,124.0,83.22684
48.1875,32.145833333333336,24.106333,928.10565,39.576,349.0,105.312584
45.479166666666664,36.770833333333336,9.679167,970.59814,38.292,497.0,77.838295
48.3125,33.9375,12.021667,872.3714,38.524002,370.0,80.48969
42.0625,36.229166666666664,21.247833,1003.45166,38.600002,378.0,89.61576
43.770833333333336,31.145833333333336,23.309834,953.7793,39.503998,82.0,93.30879
41.104166666666664,33.854166666666664,19.912167,930.4351,38.927998,131.0,79.726974
46.979166666666664,37.270833333333336,9.731833,958.8996,38.624,303.0,66.89879
45.5625,34.6875,21.635666,948.1532,39.211998,466.0,94.76376
47.14583333333333,30.020833333333336,24.755667,884.03033,38.516,112.0,91.4674
45.479166666666664,35.0625,18.568167,978.9886,39.296,688.0,95.0697
46.4375,34.354166666666664,13.6645,902.68396,38.968,569.0,87.03022
46.729166666666664,29.145833333333336,25.4465,826.8255,37.288,157.0,85.177956
47.89583333333333,34.729166666666664,11.491167,926.1502,41.604,381.0,77.58724
49.0625,31.645833333333336,25.6285,957.45215,40.460003,347.0,109.31629
47.979166666666664,29.8125,25.422333,904.5602,39.475998,126.0,95.43633
41.979166666666664,32.145833333333336,21.990833,916.12006,39.871998,71.0,78.817986
46.479166666666664,31.645833333333336,24.318167,911.27655,38.92,145.0,98.824875
47.604166666666664,36.5625,11.309667,930.7353,39.628,329.0,69.9071
47.229166666666664,33.270833333333336,20.5075,932.84375,39.72,398.0,90.8375
43.4375,37.5625,6.7965,978.1103,37.18,683.0,66.32005
45.1875,33.645833333333336,23.249,933.19775,39.58,219.0,98.64225
45.979166666666664,33.895833333333336,18.112999,913.87286,37.031998,451.0,91.22266
42.729166666666664,34.729166666666664,23.336834,942.023,38.916,191.0,86.23466
42.9375,36.1875,21.028334,990.07245,39.776,454.0,91.254326
43.0625,31.479166666666668,23.032,949.4041,39.796,71.0,87.065865
44.479166666666664,31.3125,24.038166,948.54175,38.907997,84.0,90.13878
41.979166666666664,32.1875,21.958334,916.96045,39.904,73.0,79.053856
44.979166666666664,30.145833333333336,24.2575,916.5985,38.024002,103.0,88.369545
45.3125,34.0625,22.870667,937.682,39.164,281.0,97.45936
43.8125,29.0625,23.779667,928.2566,39.336,129.0,83.317764
47.89583333333333,37.354166666666664,10.6588335,878.0654,37.016,275.0,57.25901
43.979166666666664,34.8125,24.275833,893.97577,37.772,217.0,93.99064
47.604166666666664,32.020833333333336,24.160334,923.6433,39.44,273.0,102.76264
48.6875,31.520833333333336,25.131334,938.3588,39.404,287.0,107.17855
41.4375,36.4375,19.754667,992.4481,38.804,391.0,84.64558
40.854166666666664,32.5625,20.107834,885.6602,38.112,102.0,75.03881
44.354166666666664,35.479166666666664,22.379333,991.5956,39.556,348.0,94.66581
41.520833333333336,30.8125,22.843666,939.58966,39.755997,77.0,78.715866
46.1875,30.520833333333336,24.508333,879.38135,37.368,87.0,93.05099
39.9375,37.354166666666664,16.588833,995.40643,40.064,547.0,78.17801
42.6875,30.1875,23.207666,932.4742,39.352,85.0,83.649086
42.854166666666664,33.1875,22.422333,964.3969,41.388,102.0,85.10293
43.104166666666664,37.104166666666664,17.366167,994.9511,39.664,795.0,89.034676
41.145833333333336,35.895833333333336,19.886333,977.4693,38.792,284.0,83.394516
44.895833333333336,34.020833333333336,22.844667,899.23706,37.588,210.0,95.99179
41.229166666666664,34.0625,20.348333,938.4478,38.96,140.0,81.30453
45.64583333333333,33.270833333333336,23.465834,933.7497,39.612,225.0,99.08174
48.5625,30.895833333333336,25.075,912.08905,38.196,218.0,104.62808
40.4375,34.395833333333336,19.801167,918.5045,37.94,124.0,79.752686
45.0625,32.479166666666664,23.704,939.2389,39.868,131.0,92.02697
42.979166666666664,31.270833333333336,23.186832,946.3936,39.724,71.0,90.069626
45.479166666666664,29.729166666666668,24.780167,899.7982,37.752,118.0,87.82103
47.5625,36.3125,9.799666,965.1014,40.248,349.0,72.26602
46.9375,34.6875,12.973666,944.8932,40.312,526.0,82.29922
40.5625,33.604166666666664,19.709167,887.7397,37.96,115.0,77.96468
44.979166666666664,34.020833333333336,22.862,901.79694,37.552002,218.0,96.40523
41.895833333333336,30.6875,23.042833,936.85144,39.896,76.0,79.58382
42.270833333333336,36.770833333333336,20.229666,968.28546,38.712,455.0,90.94431
45.0625,33.520833333333336,23.196167,932.83167,39.643997,206.0,96.7713
43.645833333333336,31.229166666666668,23.189167,955.0825,39.671997,78.0,93.333336
43.5625,31.854166666666668,23.183332,970.5144,40.324,71.0,85.74633
46.64583333333333,31.479166666666668,24.1175,902.5397,38.744,141.0,97.624794
42.1875,31.6875,22.558,922.47925,39.536,67.0,81.01625
45.395833333333336,28.979166666666668,24.891,916.3659,38.484,168.0,82.43761
40.020833333333336,33.395833333333336,18.638666,849.36237,36.899998,122.0,78.24085
47.1875,37.104166666666664,10.273,942.2806,38.408,302.0,65.56489
47.27083333333333,36.145833333333336,9.560833,978.11194,40.879997,393.0,73.98378
42.479166666666664,32.020833333333336,22.499334,925.28546,39.668,67.0,83.06169
39.895833333333336,37.145833333333336,17.723333,963.4519,40.704002,447.0,80.233795
47.89583333333333,30.520833333333336,24.7575,897.6994,38.108,157.0,95.23837
41.3125,34.145833333333336,20.388834,945.02734,38.96,141.0,81.7224
42.8125,34.104166666666664,22.761168,970.0359,40.492,139.0,82.201706
46.77083333333333,32.395833333333336,24.2675,926.36206,38.864,216.0,96.683876
45.9375,31.354166666666668,24.518167,904.9241,38.28,118.0,96.07689
46.354166666666664,37.145833333333336,11.8055,974.1195,38.716,343.0,71.684265
