lon,lat,year,coordinateUncertaintyInMeters,basisOfRecord,country,gbifID,datasetKey
47.54277,29.348688,2026,6.0,HUMAN_OBSERVATION,KW,6130998846,50c9509d-22c7-4a22-a47d-8c48425ef4a7
47.925175,29.281757,2025,7.0,HUMAN_OBSERVATION,KW,5087272211,50c9509d-22c7-4a22-a47d-8c48425ef4a7
47.815207,29.184687,2025,9.0,HUMAN_OBSERVATION,KW,5087348562,50c9509d-22c7-4a22-a47d-8c48425ef4a7
47.926467,29.281629,2025,6.0,HUMAN_OBSERVATION,KW,5087596437,50c9509d-22c7-4a22-a47d-8c48425ef4a7
47.902511,29.334683,2025,,HUMAN_OBSERVATION,KW,5087735922,50c9509d-22c7-4a22-a47d-8c48425ef4a7
47.901831,29.3345,2025,,HUMAN_OBSERVATION,KW,5087759459,50c9509d-22c7-4a22-a47d-8c48425ef4a7
47.9662,29.370889,2025,,HUMAN_OBSERVATION,KW,5087913420,50c9509d-22c7-4a22-a47d-8c48425ef4a7
44.425641,32.494926,2025,5.0,HUMAN_OBSERVATION,IQ,6188366614,50c9509d-22c7-4a22-a47d-8c48425ef4a7
48.60147,31.34969,2025,150.0,HUMAN_OBSERVATION,IR,5132535734,ba19fc1d-670c-426b-b99d-49f003792ac4
48.49077,32.62359,2025,150.0,HUMAN_OBSERVATION,IR,5132537608,ba19fc1d-670c-426b-b99d-49f003792ac4
47.30868,33.20568,2025,150.0,HUMAN_OBSERVATION,IR,5132539394,ba19fc1d-670c-426b-b99d-49f003792ac4
48.51048,31.54212,2025,150.0,HUMAN_OBSERVATION,IR,5132540594,ba19fc1d-670c-426b-b99d-49f003792ac4
48.510487,31.54238,2025,4.0,HUMAN_OBSERVATION,IR,5134268296,50c9509d-22c7-4a22-a47d-8c48425ef4a7
48.49012,32.623487,2025,38.0,HUMAN_OBSERVATION,IR,5134293333,50c9509d-22c7-4a22-a47d-8c48425ef4a7
48.67621,31.32782,2025,150.0,HUMAN_OBSERVATION,IR,5138031163,ba19fc1d-670c-426b-b99d-49f003792ac4
44.377967,33.275372,2025,53.0,HUMAN_OBSERVATION,IQ,5153735152,50c9509d-22c7-4a22-a47d-8c48425ef4a7
48.171916,28.924333,2025,782.0,HUMAN_OBSERVATION,KW,5188333578,50c9509d-22c7-4a22-a47d-8c48425ef4a7
48.083591,29.341263,2025,,HUMAN_OBSERVATION,KW,5280416229,6ff8b3b0-ef0f-4f79-a310-5a5615c6aa0b
47.985876,29.330064,2025,5.0,HUMAN_OBSERVATION,KW,5827890167,50c9509d-22c7-4a22-a47d-8c48425ef4a7
47.985884,29.330053,2025,2.0,HUMAN_OBSERVATION,KW,5828135229,50c9509d-22c7-4a22-a47d-8c48425ef4a7
43.57204,33.2434,2025,,HUMAN_OBSERVATION,IQ,5167715643,50c9509d-22c7-4a22-a47d-8c48425ef4a7
47.976575,29.329835,2025,3.0,HUMAN_OBSERVATION,KW,5167802117,50c9509d-22c7-4a22-a47d-8c48425ef4a7
43.57204,33.2434,2025,,HUMAN_OBSERVATION,IQ,5168213494,50c9509d-22c7-4a22-a47d-8c48425ef4a7
44.655339,33.763764,2025,24.0,HUMAN_OBSERVATION,IQ,5188324211,50c9509d-22c7-4a22-a47d-8c48425ef4a7
44.655304,33.763716,2025,19.0,HUMAN_OBSERVATION,IQ,5198939723,50c9509d-22c7-4a22-a47d-8c48425ef4a7
47.945587,29.295253,2025,4.0,HUMAN_OBSERVATION,KW,5828913958,50c9509d-22c7-4a22-a47d-8c48425ef4a7
44.655991,33.764187,2025,31.0,HUMAN_OBSERVATION,IQ,5903995695,50c9509d-22c7-4a22-a47d-8c48425ef4a7
42.078227,37.408579,2025,957.0,HUMAN_OBSERVATION,TR,5889919257,50c9509d-22c7-4a22-a47d-8c48425ef4a7
47.993721,29.368281,2025,31.0,HUMAN_OBSERVATION,KW,5840223209,50c9509d-22c7-4a22-a47d-8c48425ef4a7
47.993721,29.368281,2025,31.0,HUMAN_OBSERVATION,KW,5840515050,50c9509d-22c7-4a22-a47d-8c48425ef4a7
48.078143,29.328565,2025,32.0,HUMAN_OBSERVATION,KW,5868207551,50c9509d-22c7-4a22-a47d-8c48425ef4a7
47.810007,30.451305,2025,198.0,HUMAN_OBSERVATION,IQ,5889348657,50c9509d-22c7-4a22-a47d-8c48425ef4a7
48.508721,36.68298,2025,9597.0,HUMAN_OBSERVATION,IR,5908702284,50c9509d-22c7-4a22-a47d-8c48425ef4a7
48.067122,29.342605,2024,4.0,HUMAN_OBSERVATION,KW,4516911918,50c9509d-22c7-4a22-a47d-8c48425ef4a7
47.99427,29.373367,2024,,HUMAN_OBSERVATION,KW,5313232706,4fa7b334-ce0d-4e88-aaae-2e0c138d049e
48.07365,29.318,2024,,HUMAN_OBSERVATION,KW,5313443810,4fa7b334-ce0d-4e88-aaae-2e0c138d049e
47.946934,29.355097,2024,,HUMAN_OBSERVATION,KW,5316775607,4fa7b334-ce0d-4e88-aaae-2e0c138d049e
47.99427,29.373367,2024,,HUMAN_OBSERVATION,KW,5317446335,4fa7b334-ce0d-4e88-aaae-2e0c138d049e
47.810547,29.96825,2024,,HUMAN_OBSERVATION,KW,5318964261,4fa7b334-ce0d-4e88-aaae-2e0c138d049e
47.994106,29.370485,2024,,HUMAN_OBSERVATION,KW,5326266021,4fa7b334-ce0d-4e88-aaae-2e0c138d049e
47.90967,29.339186,2024,,HUMAN_OBSERVATION,KW,5328473323,4fa7b334-ce0d-4e88-aaae-2e0c138d049e
47.870865,29.322924,2024,,HUMAN_OBSERVATION,KW,5329193152,4fa7b334-ce0d-4e88-aaae-2e0c138d049e
40.30147,29.788765,2024,,HUMAN_OBSERVATION,SA,5329215122,4fa7b334-ce0d-4e88-aaae-2e0c138d049e
47.99427,29.373367,2024,,HUMAN_OBSERVATION,KW,5336250168,4fa7b334-ce0d-4e88-aaae-2e0c138d049e
48.120678,29.133404,2024,,HUMAN_OBSERVATION,KW,5337757965,4fa7b334-ce0d-4e88-aaae-2e0c138d049e
48.122173,29.165966,2024,,HUMAN_OBSERVATION,KW,5340722621,4fa7b334-ce0d-4e88-aaae-2e0c138d049e
47.995106,29.371916,2024,,HUMAN_OBSERVATION,KW,5345565005,4fa7b334-ce0d-4e88-aaae-2e0c138d049e
47.9096,29.338469,2024,,HUMAN_OBSERVATION,KW,5348297309,4fa7b334-ce0d-4e88-aaae-2e0c138d049e
47.75559,29.26832,2024,,HUMAN_OBSERVATION,KW,5348753517,4fa7b334-ce0d-4e88-aaae-2e0c138d049e
48.070763,29.275217,2024,,HUMAN_OBSERVATION,KW,5349571156,4fa7b334-ce0d-4e88-aaae-2e0c138d049e
47.674255,29.351254,2024,,HUMAN_OBSERVATION,KW,5351161581,4fa7b334-ce0d-4e88-aaae-2e0c138d049e
48.03752,29.331877,2024,,HUMAN_OBSERVATION,KW,5351477299,4fa7b334-ce0d-4e88-aaae-2e0c138d049e
47.90282,29.334694,2024,,HUMAN_OBSERVATION,KW,5387490379,4fa7b334-ce0d-4e88-aaae-2e0c138d049e
48.11621,29.1906,2024,,HUMAN_OBSERVATION,KW,5396541965,4fa7b334-ce0d-4e88-aaae-2e0c138d049e
47.90719,29.342167,2024,,HUMAN_OBSERVATION,KW,5400180500,4fa7b334-ce0d-4e88-aaae-2e0c138d049e
48.120678,29.133404,2024,,HUMAN_OBSERVATION,KW,5400413937,4fa7b334-ce0d-4e88-aaae-2e0c138d049e
47.75465,29.257349,2024,,HUMAN_OBSERVATION,KW,5400703843,4fa7b334-ce0d-4e88-aaae-2e0c138d049e
47.810547,29.96825,2024,,HUMAN_OBSERVATION,KW,5403066882,4fa7b334-ce0d-4e88-aaae-2e0c138d049e
40.156498,29.902292,2024,,HUMAN_OBSERVATION,SA,5410583708,4fa7b334-ce0d-4e88-aaae-2e0c138d049e
48.122143,29.166296,2024,,HUMAN_OBSERVATION,KW,5412978022,4fa7b334-ce0d-4e88-aaae-2e0c138d049e
47.75559,29.26832,2024,,HUMAN_OBSERVATION,KW,5415801442,4fa7b334-ce0d-4e88-aaae-2e0c138d049e
47.90282,29.334694,2024,,HUMAN_OBSERVATION,KW,5422245684,4fa7b334-ce0d-4e88-aaae-2e0c138d049e
48.119457,29.133131,2024,,HUMAN_OBSERVATION,KW,5422502739,4fa7b334-ce0d-4e88-aaae-2e0c138d049e
47.810547,29.96825,2024,,HUMAN_OBSERVATION,KW,5424198955,4fa7b334-ce0d-4e88-aaae-2e0c138d049e
47.99427,29.373367,2024,,HUMAN_OBSERVATION,KW,5426644178,4fa7b334-ce0d-4e88-aaae-2e0c138d049e
48.122143,29.166296,2024,,HUMAN_OBSERVATION,KW,5431508588,4fa7b334-ce0d-4e88-aaae-2e0c138d049e
47.75465,29.257349,2024,,HUMAN_OBSERVATION,KW,5435434036,4fa7b334-ce0d-4e88-aaae-2e0c138d049e
47.99427,29.373367,2024,,HUMAN_OBSERVATION,KW,5436873470,4fa7b334-ce0d-4e88-aaae-2e0c138d049e
47.86107,29.319452,2024,,HUMAN_OBSERVATION,KW,5438543869,4fa7b334-ce0d-4e88-aaae-2e0c138d049e
47.810547,29.96825,2024,,HUMAN_OBSERVATION,KW,5443138864,4fa7b334-ce0d-4e88-aaae-2e0c138d049e
47.99427,29.373367,2024,,HUMAN_OBSERVATION,KW,5448144161,4fa7b334-ce0d-4e88-aaae-2e0c138d049e
48.07365,29.318,2024,,HUMAN_OBSERVATION,KW,5450325733,4fa7b334-ce0d-4e88-aaae-2e0c138d049e
47.674255,29.351254,2024,,HUMAN_OBSERVATION,KW,5451584794,4fa7b334-ce0d-4e88-aaae-2e0c138d049e
47.908882,29.338192,2024,,HUMAN_OBSERVATION,KW,5457793664,4fa7b334-ce0d-4e88-aaae-2e0c138d049e
47.810547,29.96825,2024,,HUMAN_OBSERVATION,KW,5458108567,4fa7b334-ce0d-4e88-aaae-2e0c138d049e
47.90282,29.334694,2024,,HUMAN_OBSERVATION,KW,5465230192,4fa7b334-ce0d-4e88-aaae-2e0c138d049e
47.707787,29.553898,2024,,HUMAN_OBSERVATION,KW,5467937602,4fa7b334-ce0d-4e88-aaae-2e0c138d049e
47.99427,29.373367,2024,,HUMAN_OBSERVATION,KW,5473501836,4fa7b334-ce0d-4e88-aaae-2e0c138d049e
47.99427,29.373367,2024,,HUMAN_OBSERVATION,KW,5473694189,4fa7b334-ce0d-4e88-aaae-2e0c138d049e
47.995106,29.371916,2024,,HUMAN_OBSERVATION,KW,5478299797,4fa7b334-ce0d-4e88-aaae-2e0c138d049e
47.90282,29.334694,2024,,HUMAN_OBSERVATION,KW,5478482543,4fa7b334-ce0d-4e88-aaae-2e0c138d049e
47.90282,29.334694,2024,,HUMAN_OBSERVATION,KW,5478616669,4fa7b334-ce0d-4e88-aaae-2e0c138d049e
48.14393,28.58613,2024,,HUMAN_OBSERVATION,KW,5481708615,4fa7b334-ce0d-4e88-aaae-2e0c138d049e
48.120678,29.133404,2024,,HUMAN_OBSERVATION,KW,5482648990,4fa7b334-ce0d-4e88-aaae-2e0c138d049e
47.870865,29.322924,2024,,HUMAN_OBSERVATION,KW,5483049665,4fa7b334-ce0d-4e88-aaae-2e0c138d049e
48.122143,29.166296,2024,,HUMAN_OBSERVATION,KW,5490332939,4fa7b334-ce0d-4e88-aaae-2e0c138d049e
47.75465,29.257349,2024,,HUMAN_OBSERVATION,KW,5495545140,4fa7b334-ce0d-4e88-aaae-2e0c138d049e
40.275505,29.882643,2024,,HUMAN_OBSERVATION,SA,5498727432,4fa7b334-ce0d-4e88-aaae-2e0c138d049e
47.90967,29.339186,2024,,HUMAN_OBSERVATION,KW,5506587234,4fa7b334-ce0d-4e88-aaae-2e0c138d049e
47.99427,29.373367,2024,,HUMAN_OBSERVATION,KW,5509700122,4fa7b334-ce0d-4e88-aaae-2e0c138d049e
47.86107,29.319452,2024,,HUMAN_OBSERVATION,KW,5516204398,4fa7b334-ce0d-4e88-aaae-2e0c138d049e
47.707787,29.553898,2024,,HUMAN_OBSERVATION,KW,5516767260,4fa7b334-ce0d-4e88-aaae-2e0c138d049e
48.120678,29.133404,2024,,HUMAN_OBSERVATION,KW,5518059536,4fa7b334-ce0d-4e88-aaae-2e0c138d049e
48.119457,29.133131,2024,,HUMAN_OBSERVATION,KW,5518083911,4fa7b334-ce0d-4e88-aaae-2e0c138d049e
48.119457,29.133131,2024,,HUMAN_OBSERVATION,KW,5520884630,4fa7b334-ce0d-4e88-aaae-2e0c138d049e
47.75465,29.257349,2024,,HUMAN_OBSERVATION,KW,5523245489,4fa7b334-ce0d-4e88-aaae-2e0c138d049e
47.674255,29.351254,2024,,HUMAN_OBSERVATION,KW,5526257632,4fa7b334-ce0d-4e88-aaae-2e0c138d049e
47.90719,29.342167,2024,,HUMAN_OBSERVATION,KW,5530444638,4fa7b334-ce0d-4e88-aaae-2e0c138d049e
47.674255,29.351254,2024,,HUMAN_OBSERVATION,KW,5531125731,4fa7b334-ce0d-4e88-aaae-2e0c138d049e
47.674255,29.351254,2024,,HUMAN_OBSERVATION,KW,5532363667,4fa7b334-ce0d-4e88-aaae-2e0c138d049e
47.674255,29.351254,2024,,HUMAN_OBSERVATION,KW,5533955049,4fa7b334-ce0d-4e88-aaae-2e0c138d049e
47.914944,29.338526,2024,,HUMAN_OBSERVATION,KW,5546427178,4fa7b334-ce0d-4e88-aaae-2e0c138d049e
47.90282,29.334694,2024,,HUMAN_OBSERVATION,KW,5547566323,4fa7b334-ce0d-4e88-aaae-2e0c138d049e
47.99427,29.373367,2024,,HUMAN_OBSERVATION,KW,5548154544,4fa7b334-ce0d-4e88-aaae-2e0c138d049e
48.120953,29.133938,2024,,HUMAN_OBSERVATION,KW,5549710889,4fa7b334-ce0d-4e88-aaae-2e0c138d049e
48.119457,29.133131,2024,,HUMAN_OBSERVATION,KW,5551995918,4fa7b334-ce0d-4e88-aaae-2e0c138d049e
47.9096,29.338469,2024,,HUMAN_OBSERVATION,KW,5556853000,4fa7b334-ce0d-4e88-aaae-2e0c138d049e
47.86107,29.319452,2024,,HUMAN_OBSERVATION,KW,5557584679,4fa7b334-ce0d-4e88-aaae-2e0c138d049e
47.90282,29.334694,2024,,HUMAN_OBSERVATION,KW,5563815883,4fa7b334-ce0d-4e88-aaae-2e0c138d049e
47.995106,29.371916,2024,,HUMAN_OBSERVATION,KW,5564805774,4fa7b334-ce0d-4e88-aaae-2e0c138d049e
47.75559,29.26832,2024,,HUMAN_OBSERVATION,KW,5573903095,4fa7b334-ce0d-4e88-aaae-2e0c138d049e
47.90268,29.33483,2024,,HUMAN_OBSERVATION,KW,5581359072,4fa7b334-ce0d-4e88-aaae-2e0c138d049e
48.11621,29.1906,2024,,HUMAN_OBSERVATION,KW,5587391003,4fa7b334-ce0d-4e88-aaae-2e0c138d049e
48.070103,29.089321,2024,,HUMAN_OBSERVATION,KW,5589689754,4fa7b334-ce0d-4e88-aaae-2e0c138d049e
47.75465,29.257349,2024,,HUMAN_OBSERVATION,KW,5600822652,4fa7b334-ce0d-4e88-aaae-2e0c138d049e
47.99427,29.373367,2024,,HUMAN_OBSERVATION,KW,5608007180,4fa7b334-ce0d-4e88-aaae-2e0c138d049e
47.99427,29.373367,2024,,HUMAN_OBSERVATION,KW,5614898865,4fa7b334-ce0d-4e88-aaae-2e0c138d049e
40.156498,29.902292,2024,,HUMAN_OBSERVATION,SA,5620285096,4fa7b334-ce0d-4e88-aaae-2e0c138d049e
47.707787,29.553898,2024,,HUMAN_OBSERVATION,KW,5621476024,4fa7b334-ce0d-4e88-aaae-2e0c138d049e
47.914944,29.338526,2024,,HUMAN_OBSERVATION,KW,5633022280,4fa7b334-ce0d-4e88-aaae-2e0c138d049e
48.122143,29.166296,2024,,HUMAN_OBSERVATION,KW,5633374769,4fa7b334-ce0d-4e88-aaae-2e0c138d049e
48.120678,29.133404,2024,,HUMAN_OBSERVATION,KW,5636755937,4fa7b334-ce0d-4e88-aaae-2e0c138d049e
47.99427,29.373367,2024,,HUMAN_OBSERVATION,KW,5639644336,4fa7b334-ce0d-4e88-aaae-2e0c138d049e
48.119457,29.133131,2024,,HUMAN_OBSERVATION,KW,5642865685,4fa7b334-ce0d-4e88-aaae-2e0c138d049e
48.119457,29.133131,2024,,HUMAN_OBSERVATION,KW,5643577155,4fa7b334-ce0d-4e88-aaae-2e0c138d049e
48.119457,29.133131,2024,,HUMAN_OBSERVATION,KW,5647353010,4fa7b334-ce0d-4e88-aaae-2e0c138d049e
47.914944,29.338526,2024,,HUMAN_OBSERVATION,KW,5650807836,4fa7b334-ce0d-4e88-aaae-2e0c138d049e
47.75465,29.257349,2024,,HUMAN_OBSERVATION,KW,5661729981,4fa7b334-ce0d-4e88-aaae-2e0c138d049e
47.99427,29.373367,2024,,HUMAN_OBSERVATION,KW,5667028167,4fa7b334-ce0d-4e88-aaae-2e0c138d049e
47.99427,29.373367,2024,,HUMAN_OBSERVATION,KW,5667610168,4fa7b334-ce0d-4e88-aaae-2e0c138d049e
48.115276,29.19111,2024,,HUMAN_OBSERVATION,KW,5672455606,4fa7b334-ce0d-4e88-aaae-2e0c138d049e
48.07365,29.318,2024,,HUMAN_OBSERVATION,KW,5673270816,4fa7b334-ce0d-4e88-aaae-2e0c138d049e
47.90282,29.334694,2024,,HUMAN_OBSERVATION,KW,5680130901,4fa7b334-ce0d-4e88-aaae-2e0c138d049e
47.674255,29.351254,2024,,HUMAN_OBSERVATION,KW,5681395586,4fa7b334-ce0d-4e88-aaae-2e0c138d049e
48.0888,29.3018,2024,,HUMAN_OBSERVATION,KW,5682423897,4fa7b334-ce0d-4e88-aaae-2e0c138d049e
47.90268,29.33483,2024,,HUMAN_OBSERVATION,KW,5682514536,4fa7b334-ce0d-4e88-aaae-2e0c138d049e
47.75559,29.26832,2024,,HUMAN_OBSERVATION,KW,5684362339,4fa7b334-ce0d-4e88-aaae-2e0c138d049e
47.90268,29.33483,2024,,HUMAN_OBSERVATION,KW,5689726509,4fa7b334-ce0d-4e88-aaae-2e0c138d049e
47.99427,29.373367,2024,,HUMAN_OBSERVATION,KW,5692461260,4fa7b334-ce0d-4e88-aaae-2e0c138d049e
48.119457,29.133131,2024,,HUMAN_OBSERVATION,KW,5693690150,4fa7b334-ce0d-4e88-aaae-2e0c138d049e
47.707787,29.553898,2024,,HUMAN_OBSERVATION,KW,5694198601,4fa7b334-ce0d-4e88-aaae-2e0c138d049e
47.810547,29.96825,2024,,HUMAN_OBSERVATION,KW,5694805983,4fa7b334-ce0d-4e88-aaae-2e0c138d049e
47.995106,29.371916,2024,,HUMAN_OBSERVATION,KW,5701126488,4fa7b334-ce0d-4e88-aaae-2e0c138d049e
47.674255,29.351254,2024,,HUMAN_OBSERVATION,KW,5704380803,4fa7b334-ce0d-4e88-aaae-2e0c138d049e
47.75559,29.26832,2024,,HUMAN_OBSERVATION,KW,5705012112,4fa7b334-ce0d-4e88-aaae-2e0c138d049e
48.122173,29.165966,2024,,HUMAN_OBSERVATION,KW,5705631453,4fa7b334-ce0d-4e88-aaae-2e0c138d049e
47.90268,29.33483,2024,,HUMAN_OBSERVATION,KW,5707095900,4fa7b334-ce0d-4e88-aaae-2e0c138d049e
47.914944,29.338526,2024,,HUMAN_OBSERVATION,KW,5708219899,4fa7b334-ce0d-4e88-aaae-2e0c138d049e
47.908882,29.338192,2024,,HUMAN_OBSERVATION,KW,5708482569,4fa7b334-ce0d-4e88-aaae-2e0c138d049e
47.75465,29.257349,2024,,HUMAN_OBSERVATION,KW,5708878539,4fa7b334-ce0d-4e88-aaae-2e0c138d049e
47.90719,29.342167,2024,,HUMAN_OBSERVATION,KW,5711007111,4fa7b334-ce0d-4e88-aaae-2e0c138d049e
48.11621,29.1906,2024,,HUMAN_OBSERVATION,KW,5713459407,4fa7b334-ce0d-4e88-aaae-2e0c138d049e
47.782401,29.937995,2024,,HUMAN_OBSERVATION,KW,5277694044,6ff8b3b0-ef0f-4f79-a310-5a5615c6aa0b
44.423916,32.54168,2024,,HUMAN_OBSERVATION,IQ,5299318011,4fa7b334-ce0d-4e88-aaae-2e0c138d049e
48.120678,29.133404,2024,,HUMAN_OBSERVATION,KW,5300337355,4fa7b334-ce0d-4e88-aaae-2e0c138d049e
48.120678,29.133404,2024,,HUMAN_OBSERVATION,KW,5300405574,4fa7b334-ce0d-4e88-aaae-2e0c138d049e
48.120678,29.133404,2024,,HUMAN_OBSERVATION,KW,5301921614,4fa7b334-ce0d-4e88-aaae-2e0c138d049e
47.86107,29.319452,2024,,HUMAN_OBSERVATION,KW,5302494413,4fa7b334-ce0d-4e88-aaae-2e0c138d049e
48.120678,29.133404,2024,,HUMAN_OBSERVATION,KW,5304942822,4fa7b334-ce0d-4e88-aaae-2e0c138d049e
46.960064,29.368664,2024,,HUMAN_OBSERVATION,KW,5306107722,4fa7b334-ce0d-4e88-aaae-2e0c138d049e
48.119457,29.133131,2024,,HUMAN_OBSERVATION,KW,5309013844,4fa7b334-ce0d-4e88-aaae-2e0c138d049e
48.52372,32.00779,2024,,HUMAN_OBSERVATION,IR,5320072001,4fa7b334-ce0d-4e88-aaae-2e0c138d049e
47.75559,29.26832,2024,,HUMAN_OBSERVATION,KW,5322974945,4fa7b334-ce0d-4e88-aaae-2e0c138d049e
47.880135,29.323654,2024,,HUMAN_OBSERVATION,KW,5323280185,4fa7b334-ce0d-4e88-aaae-2e0c138d049e
48.487343,32.625523,2024,,HUMAN_OBSERVATION,IR,5324250080,4fa7b334-ce0d-4e88-aaae-2e0c138d049e
47.90953,29.344698,2024,,HUMAN_OBSERVATION,KW,5324523389,4fa7b334-ce0d-4e88-aaae-2e0c138d049e
47.90953,29.344698,2024,,HUMAN_OBSERVATION,KW,5327106302,4fa7b334-ce0d-4e88-aaae-2e0c138d049e
48.490067,32.623497,2024,,HUMAN_OBSERVATION,IR,5333738396,4fa7b334-ce0d-4e88-aaae-2e0c138d049e
48.120678,29.133404,2024,,HUMAN_OBSERVATION,KW,5333854683,4fa7b334-ce0d-4e88-aaae-2e0c138d049e
47.870865,29.322924,2024,,HUMAN_OBSERVATION,KW,5334032126,4fa7b334-ce0d-4e88-aaae-2e0c138d049e
44.24568,33.242565,2024,,HUMAN_OBSERVATION,IQ,5336415755,4fa7b334-ce0d-4e88-aaae-2e0c138d049e
47.960464,29.367985,2024,,HUMAN_OBSERVATION,KW,5337659243,4fa7b334-ce0d-4e88-aaae-2e0c138d049e
47.904396,29.335884,2024,,HUMAN_OBSERVATION,KW,5341860077,4fa7b334-ce0d-4e88-aaae-2e0c138d049e
47.90953,29.344698,2024,,HUMAN_OBSERVATION,KW,5349310636,4fa7b334-ce0d-4e88-aaae-2e0c138d049e
47.810547,29.96825,2024,,HUMAN_OBSERVATION,KW,5351210166,4fa7b334-ce0d-4e88-aaae-2e0c138d049e
48.120678,29.133404,2024,,HUMAN_OBSERVATION,KW,5352484019,4fa7b334-ce0d-4e88-aaae-2e0c138d049e
47.674255,29.351254,2024,,HUMAN_OBSERVATION,KW,5355874211,4fa7b334-ce0d-4e88-aaae-2e0c138d049e
47.693195,29.36198,2024,,HUMAN_OBSERVATION,KW,5356160002,4fa7b334-ce0d-4e88-aaae-2e0c138d049e
47.674255,29.351254,2024,,HUMAN_OBSERVATION,KW,5357310059,4fa7b334-ce0d-4e88-aaae-2e0c138d049e
47.94909,29.35054,2024,,HUMAN_OBSERVATION,KW,5358372028,4fa7b334-ce0d-4e88-aaae-2e0c138d049e
47.99373,29.369339,2024,,HUMAN_OBSERVATION,KW,5358997260,4fa7b334-ce0d-4e88-aaae-2e0c138d049e
48.85825,32.043777,2024,,HUMAN_OBSERVATION,IR,5363020283,4fa7b334-ce0d-4e88-aaae-2e0c138d049e
48.487343,32.625523,2024,,HUMAN_OBSERVATION,IR,5366075668,4fa7b334-ce0d-4e88-aaae-2e0c138d049e
48.490067,32.623497,2024,,HUMAN_OBSERVATION,IR,5367109733,4fa7b334-ce0d-4e88-aaae-2e0c138d049e
46.960064,29.368664,2024,,HUMAN_OBSERVATION,KW,5374634394,4fa7b334-ce0d-4e88-aaae-2e0c138d049e
47.75559,29.26832,2024,,HUMAN_OBSERVATION,KW,5376327798,4fa7b334-ce0d-4e88-aaae-2e0c138d049e
47.90953,29.344698,2024,,HUMAN_OBSERVATION,KW,5382313610,4fa7b334-ce0d-4e88-aaae-2e0c138d049e
48.066986,29.32571,2024,,HUMAN_OBSERVATION,KW,5384409121,4fa7b334-ce0d-4e88-aaae-2e0c138d049e
48.10278,29.085577,2024,,HUMAN_OBSERVATION,KW,5387874198,4fa7b334-ce0d-4e88-aaae-2e0c138d049e
48.227123,32.06813,2024,,HUMAN_OBSERVATION,IR,5391772399,4fa7b334-ce0d-4e88-aaae-2e0c138d049e
47.960175,29.369497,2024,,HUMAN_OBSERVATION,KW,5393359913,4fa7b334-ce0d-4e88-aaae-2e0c138d049e
48.52372,32.00779,2024,,HUMAN_OBSERVATION,IR,5394265748,4fa7b334-ce0d-4e88-aaae-2e0c138d049e
47.840996,29.321728,2024,,HUMAN_OBSERVATION,KW,5398392234,4fa7b334-ce0d-4e88-aaae-2e0c138d049e
48.129047,29.129276,2024,,HUMAN_OBSERVATION,KW,5401624030,4fa7b334-ce0d-4e88-aaae-2e0c138d049e
47.75559,29.26832,2024,,HUMAN_OBSERVATION,KW,5403881840,4fa7b334-ce0d-4e88-aaae-2e0c138d049e
47.86107,29.319452,2024,,HUMAN_OBSERVATION,KW,5417953581,4fa7b334-ce0d-4e88-aaae-2e0c138d049e
48.227123,32.06813,2024,,HUMAN_OBSERVATION,IR,5418404493,4fa7b334-ce0d-4e88-aaae-2e0c138d049e
48.078854,29.15201,2024,,HUMAN_OBSERVATION,KW,5432786270,4fa7b334-ce0d-4e88-aaae-2e0c138d049e
48.11621,29.1906,2024,,HUMAN_OBSERVATION,KW,5436195665,4fa7b334-ce0d-4e88-aaae-2e0c138d049e
40.322334,30.156614,2024,,HUMAN_OBSERVATION,SA,5436802274,4fa7b334-ce0d-4e88-aaae-2e0c138d049e
47.971764,29.369728,2024,,HUMAN_OBSERVATION,KW,5439767427,4fa7b334-ce0d-4e88-aaae-2e0c138d049e
47.693195,29.36198,2024,,HUMAN_OBSERVATION,KW,5439939349,4fa7b334-ce0d-4e88-aaae-2e0c138d049e
47.95745,29.313326,2024,,HUMAN_OBSERVATION,KW,5440654374,4fa7b334-ce0d-4e88-aaae-2e0c138d049e
47.86107,29.319452,2024,,HUMAN_OBSERVATION,KW,5447144232,4fa7b334-ce0d-4e88-aaae-2e0c138d049e
47.693195,29.36198,2024,,HUMAN_OBSERVATION,KW,5447748844,4fa7b334-ce0d-4e88-aaae-2e0c138d049e
47.908707,29.3381,2024,,HUMAN_OBSERVATION,KW,5447891011,4fa7b334-ce0d-4e88-aaae-2e0c138d049e
47.674255,29.351254,2024,,HUMAN_OBSERVATION,KW,5454322818,4fa7b334-ce0d-4e88-aaae-2e0c138d049e
48.037445,29.331434,2024,,HUMAN_OBSERVATION,KW,5454495593,4fa7b334-ce0d-4e88-aaae-2e0c138d049e
47.90953,29.344698,2024,,HUMAN_OBSERVATION,KW,5456494903,4fa7b334-ce0d-4e88-aaae-2e0c138d049e
48.120678,29.133404,2024,,HUMAN_OBSERVATION,KW,5462511256,4fa7b334-ce0d-4e88-aaae-2e0c138d049e
48.23728,32.070675,2024,,HUMAN_OBSERVATION,IR,5465496862,4fa7b334-ce0d-4e88-aaae-2e0c138d049e
47.810547,29.96825,2024,,HUMAN_OBSERVATION,KW,5465567666,4fa7b334-ce0d-4e88-aaae-2e0c138d049e
48.490067,32.623497,2024,,HUMAN_OBSERVATION,IR,5465803887,4fa7b334-ce0d-4e88-aaae-2e0c138d049e
48.533695,32.0653,2024,,HUMAN_OBSERVATION,IR,5468444954,4fa7b334-ce0d-4e88-aaae-2e0c138d049e
40.275505,29.882643,2024,,HUMAN_OBSERVATION,SA,5468730023,4fa7b334-ce0d-4e88-aaae-2e0c138d049e
48.490067,32.623497,2024,,HUMAN_OBSERVATION,IR,5470183138,4fa7b334-ce0d-4e88-aaae-2e0c138d049e
47.90953,29.344698,2024,,HUMAN_OBSERVATION,KW,5470301439,4fa7b334-ce0d-4e88-aaae-2e0c138d049e
47.810547,29.96825,2024,,HUMAN_OBSERVATION,KW,5470849136,4fa7b334-ce0d-4e88-aaae-2e0c138d049e
48.11621,29.1906,2024,,HUMAN_OBSERVATION,KW,5471330574,4fa7b334-ce0d-4e88-aaae-2e0c138d049e
48.23815,32.07059,2024,,HUMAN_OBSERVATION,IR,5484972315,4fa7b334-ce0d-4e88-aaae-2e0c138d049e
47.693195,29.36198,2024,,HUMAN_OBSERVATION,KW,5485067728,4fa7b334-ce0d-4e88-aaae-2e0c138d049e
47.90953,29.344698,2024,,HUMAN_OBSERVATION,KW,5486739639,4fa7b334-ce0d-4e88-aaae-2e0c138d049e
47.90953,29.344698,2024,,HUMAN_OBSERVATION,KW,5492791922,4fa7b334-ce0d-4e88-aaae-2e0c138d049e
47.75559,29.26832,2024,,HUMAN_OBSERVATION,KW,5495365327,4fa7b334-ce0d-4e88-aaae-2e0c138d049e
47.756454,29.293419,2024,,HUMAN_OBSERVATION,KW,5497444130,4fa7b334-ce0d-4e88-aaae-2e0c138d049e
47.90953,29.344698,2024,,HUMAN_OBSERVATION,KW,5497882311,4fa7b334-ce0d-4e88-aaae-2e0c138d049e
47.674255,29.351254,2024,,HUMAN_OBSERVATION,KW,5506245303,4fa7b334-ce0d-4e88-aaae-2e0c138d049e
47.880135,29.323654,2024,,HUMAN_OBSERVATION,KW,5507295852,4fa7b334-ce0d-4e88-aaae-2e0c138d049e
40.094387,30.067635,2024,,HUMAN_OBSERVATION,SA,5512067135,4fa7b334-ce0d-4e88-aaae-2e0c138d049e
47.810547,29.96825,2024,,HUMAN_OBSERVATION,KW,5513117162,4fa7b334-ce0d-4e88-aaae-2e0c138d049e
47.86107,29.319452,2024,,HUMAN_OBSERVATION,KW,5514096075,4fa7b334-ce0d-4e88-aaae-2e0c138d049e
47.810547,29.96825,2024,,HUMAN_OBSERVATION,KW,5517554463,4fa7b334-ce0d-4e88-aaae-2e0c138d049e
47.75559,29.26832,2024,,HUMAN_OBSERVATION,KW,5519082185,4fa7b334-ce0d-4e88-aaae-2e0c138d049e
47.693195,29.36198,2024,,HUMAN_OBSERVATION,KW,5519808137,4fa7b334-ce0d-4e88-aaae-2e0c138d049e
47.994106,29.370485,2024,,HUMAN_OBSERVATION,KW,5522231548,4fa7b334-ce0d-4e88-aaae-2e0c138d049e
48.120678,29.133404,2024,,HUMAN_OBSERVATION,KW,5522677603,4fa7b334-ce0d-4e88-aaae-2e0c138d049e
47.94909,29.35054,2024,,HUMAN_OBSERVATION,KW,5531441193,4fa7b334-ce0d-4e88-aaae-2e0c138d049e
47.99427,29.373367,2024,,HUMAN_OBSERVATION,KW,5533574732,4fa7b334-ce0d-4e88-aaae-2e0c138d049e
48.120678,29.133404,2024,,HUMAN_OBSERVATION,KW,5535700470,4fa7b334-ce0d-4e88-aaae-2e0c138d049e
47.674255,29.351254,2024,,HUMAN_OBSERVATION,KW,5536634781,4fa7b334-ce0d-4e88-aaae-2e0c138d049e
47.674255,29.351254,2024,,HUMAN_OBSERVATION,KW,5551991396,4fa7b334-ce0d-4e88-aaae-2e0c138d049e
47.810547,29.96825,2024,,HUMAN_OBSERVATION,KW,5552655570,4fa7b334-ce0d-4e88-aaae-2e0c138d049e
47.86107,29.319452,2024,,HUMAN_OBSERVATION,KW,5554222518,4fa7b334-ce0d-4e88-aaae-2e0c138d049e
47.94909,29.35054,2024,,HUMAN_OBSERVATION,KW,5558007460,4fa7b334-ce0d-4e88-aaae-2e0c138d049e
47.674255,29.351254,2024,,HUMAN_OBSERVATION,KW,5560768227,4fa7b334-ce0d-4e88-aaae-2e0c138d049e
44.382046,32.785763,2024,,HUMAN_OBSERVATION,IQ,5563721849,4fa7b334-ce0d-4e88-aaae-2e0c138d049e
47.94909,29.35054,2024,,HUMAN_OBSERVATION,KW,5581006841,4fa7b334-ce0d-4e88-aaae-2e0c138d049e
48.52166,32.00908,2024,,HUMAN_OBSERVATION,IR,5581953427,4fa7b334-ce0d-4e88-aaae-2e0c138d049e
48.51458,32.02328,2024,,HUMAN_OBSERVATION,IR,5582226689,4fa7b334-ce0d-4e88-aaae-2e0c138d049e
48.120407,29.18252,2024,,HUMAN_OBSERVATION,KW,5583701650,4fa7b334-ce0d-4e88-aaae-2e0c138d049e
47.90953,29.344698,2024,,HUMAN_OBSERVATION,KW,5585159901,4fa7b334-ce0d-4e88-aaae-2e0c138d049e
47.90953,29.344698,2024,,HUMAN_OBSERVATION,KW,5587715910,4fa7b334-ce0d-4e88-aaae-2e0c138d049e
47.80602,29.348183,2024,,HUMAN_OBSERVATION,KW,5592557458,4fa7b334-ce0d-4e88-aaae-2e0c138d049e
47.870865,29.322924,2024,,HUMAN_OBSERVATION,KW,5593548333,4fa7b334-ce0d-4e88-aaae-2e0c138d049e
47.674255,29.351254,2024,,HUMAN_OBSERVATION,KW,5607345877,4fa7b334-ce0d-4e88-aaae-2e0c138d049e
47.90282,29.334694,2024,,HUMAN_OBSERVATION,KW,5608184358,4fa7b334-ce0d-4e88-aaae-2e0c138d049e
48.824944,32.15485,2024,,HUMAN_OBSERVATION,IR,5618098109,4fa7b334-ce0d-4e88-aaae-2e0c138d049e
48.119457,29.133131,2024,,HUMAN_OBSERVATION,KW,5619943634,4fa7b334-ce0d-4e88-aaae-2e0c138d049e
44.57646,33.07716,2024,,HUMAN_OBSERVATION,IQ,5624281871,4fa7b334-ce0d-4e88-aaae-2e0c138d049e
48.173923,32.292797,2024,,HUMAN_OBSERVATION,IR,5624919065,4fa7b334-ce0d-4e88-aaae-2e0c138d049e
48.120678,29.133404,2024,,HUMAN_OBSERVATION,KW,5640832992,4fa7b334-ce0d-4e88-aaae-2e0c138d049e
48.120678,29.133404,2024,,HUMAN_OBSERVATION,KW,5642650514,4fa7b334-ce0d-4e88-aaae-2e0c138d049e
48.395596,32.384872,2024,,HUMAN_OBSERVATION,IR,5645779968,4fa7b334-ce0d-4e88-aaae-2e0c138d049e
47.899635,29.3371,2024,,HUMAN_OBSERVATION,KW,5649187687,4fa7b334-ce0d-4e88-aaae-2e0c138d049e
48.094685,29.350965,2024,,HUMAN_OBSERVATION,KW,5657417033,4fa7b334-ce0d-4e88-aaae-2e0c138d049e
48.100555,29.34782,2024,,HUMAN_OBSERVATION,KW,5657753977,4fa7b334-ce0d-4e88-aaae-2e0c138d049e
47.90953,29.344698,2024,,HUMAN_OBSERVATION,KW,5659622278,4fa7b334-ce0d-4e88-aaae-2e0c138d049e
48.23728,32.070675,2024,,HUMAN_OBSERVATION,IR,5662278140,4fa7b334-ce0d-4e88-aaae-2e0c138d049e
47.870865,29.322924,2024,,HUMAN_OBSERVATION,KW,5680440032,4fa7b334-ce0d-4e88-aaae-2e0c138d049e
47.99427,29.373367,2024,,HUMAN_OBSERVATION,KW,5686051982,4fa7b334-ce0d-4e88-aaae-2e0c138d049e
48.173923,32.292797,2024,,HUMAN_OBSERVATION,IR,5686201703,4fa7b334-ce0d-4e88-aaae-2e0c138d049e
48.45803,32.632362,2024,,HUMAN_OBSERVATION,IR,5692518678,4fa7b334-ce0d-4e88-aaae-2e0c138d049e
48.120678,29.133404,2024,,HUMAN_OBSERVATION,KW,5697739552,4fa7b334-ce0d-4e88-aaae-2e0c138d049e
48.45803,32.632362,2024,,HUMAN_OBSERVATION,IR,5706399838,4fa7b334-ce0d-4e88-aaae-2e0c138d049e
48.898746,31.662354,2024,,HUMAN_OBSERVATION,IR,5707388655,4fa7b334-ce0d-4e88-aaae-2e0c138d049e
48.490574,32.62388,2024,,HUMAN_OBSERVATION,IR,5714156135,4fa7b334-ce0d-4e88-aaae-2e0c138d049e
48.076522,29.330595,2024,40.0,HUMAN_OBSERVATION,KW,4923722671,50c9509d-22c7-4a22-a47d-8c48425ef4a7
48.116626,29.161557,2024,4.0,HUMAN_OBSERVATION,KW,4935981997,50c9509d-22c7-4a22-a47d-8c48425ef4a7
47.858547,31.478123,2024,,HUMAN_OBSERVATION,IR,5298426568,4fa7b334-ce0d-4e88-aaae-2e0c138d049e
49.218285,30.55312,2024,,HUMAN_OBSERVATION,IR,5302806169,4fa7b334-ce0d-4e88-aaae-2e0c138d049e
47.737396,31.300776,2024,,HUMAN_OBSERVATION,IR,5303921662,4fa7b334-ce0d-4e88-aaae-2e0c138d049e
48.100964,29.135288,2024,,HUMAN_OBSERVATION,KW,5306919950,4fa7b334-ce0d-4e88-aaae-2e0c138d049e
47.870865,29.322924,2024,,HUMAN_OBSERVATION,KW,5318658887,4fa7b334-ce0d-4e88-aaae-2e0c138d049e
47.9753,29.237,2024,,HUMAN_OBSERVATION,KW,5321804225,4fa7b334-ce0d-4e88-aaae-2e0c138d049e
48.85825,32.043777,2024,,HUMAN_OBSERVATION,IR,5333182224,4fa7b334-ce0d-4e88-aaae-2e0c138d049e
48.119457,29.133131,2024,,HUMAN_OBSERVATION,KW,5340475030,4fa7b334-ce0d-4e88-aaae-2e0c138d049e
48.533695,32.0653,2024,,HUMAN_OBSERVATION,IR,5350072521,4fa7b334-ce0d-4e88-aaae-2e0c138d049e
47.674255,29.351254,2024,,HUMAN_OBSERVATION,KW,5367053315,4fa7b334-ce0d-4e88-aaae-2e0c138d049e
47.908684,29.339159,2024,,HUMAN_OBSERVATION,KW,5369222868,4fa7b334-ce0d-4e88-aaae-2e0c138d049e
48.067303,29.088282,2024,,HUMAN_OBSERVATION,KW,5373621528,4fa7b334-ce0d-4e88-aaae-2e0c138d049e
47.870865,29.322924,2024,,HUMAN_OBSERVATION,KW,5375759102,4fa7b334-ce0d-4e88-aaae-2e0c138d049e
47.99373,29.369339,2024,,HUMAN_OBSERVATION,KW,5377388949,4fa7b334-ce0d-4e88-aaae-2e0c138d049e
47.674255,29.351254,2024,,HUMAN_OBSERVATION,KW,5381885419,4fa7b334-ce0d-4e88-aaae-2e0c138d049e
48.52372,32.00779,2024,,HUMAN_OBSERVATION,IR,5383889838,4fa7b334-ce0d-4e88-aaae-2e0c138d049e
47.90506,29.333382,2024,,HUMAN_OBSERVATION,KW,5388463681,4fa7b334-ce0d-4e88-aaae-2e0c138d049e
47.99427,29.373367,2024,,HUMAN_OBSERVATION,KW,5420123978,4fa7b334-ce0d-4e88-aaae-2e0c138d049e
48.670647,31.309465,2024,,HUMAN_OBSERVATION,IR,5424092334,4fa7b334-ce0d-4e88-aaae-2e0c138d049e
48.068806,29.165064,2024,,HUMAN_OBSERVATION,KW,5444097568,4fa7b334-ce0d-4e88-aaae-2e0c138d049e
48.191063,32.216507,2024,,HUMAN_OBSERVATION,IR,5451044262,4fa7b334-ce0d-4e88-aaae-2e0c138d049e
48.119457,29.133131,2024,,HUMAN_OBSERVATION,KW,5452209167,4fa7b334-ce0d-4e88-aaae-2e0c138d049e
47.858547,31.478123,2024,,HUMAN_OBSERVATION,IR,5474774804,4fa7b334-ce0d-4e88-aaae-2e0c138d049e
48.120678,29.133404,2024,,HUMAN_OBSERVATION,KW,5475458221,4fa7b334-ce0d-4e88-aaae-2e0c138d049e
47.674255,29.351254,2024,,HUMAN_OBSERVATION,KW,5489770790,4fa7b334-ce0d-4e88-aaae-2e0c138d049e
47.99373,29.369339,2024,,HUMAN_OBSERVATION,KW,5511013259,4fa7b334-ce0d-4e88-aaae-2e0c138d049e
48.39369,28.55251,2024,,HUMAN_OBSERVATION,KW,5535798816,4fa7b334-ce0d-4e88-aaae-2e0c138d049e
47.81563,29.334995,2024,,HUMAN_OBSERVATION,KW,5555932402,4fa7b334-ce0d-4e88-aaae-2e0c138d049e
47.88523,31.26294,2024,,HUMAN_OBSERVATION,IR,5563545568,4fa7b334-ce0d-4e88-aaae-2e0c138d049e
48.100964,29.135288,2024,,HUMAN_OBSERVATION,KW,5569535709,4fa7b334-ce0d-4e88-aaae-2e0c138d049e
48.109257,30.45379,2024,,HUMAN_OBSERVATION,IR,5574592423,4fa7b334-ce0d-4e88-aaae-2e0c138d049e
48.17574,30.43202,2024,,HUMAN_OBSERVATION,IR,5582061388,4fa7b334-ce0d-4e88-aaae-2e0c138d049e
48.119457,29.133131,2024,,HUMAN_OBSERVATION,KW,5584376020,4fa7b334-ce0d-4e88-aaae-2e0c138d049e
48.519386,29.977045,2024,,HUMAN_OBSERVATION,IR,5614427779,4fa7b334-ce0d-4e88-aaae-2e0c138d049e
47.693195,29.36198,2024,,HUMAN_OBSERVATION,KW,5615794710,4fa7b334-ce0d-4e88-aaae-2e0c138d049e
48.120678,29.133404,2024,,HUMAN_OBSERVATION,KW,5652461678,4fa7b334-ce0d-4e88-aaae-2e0c138d049e
48.085983,29.193802,2024,,HUMAN_OBSERVATION,KW,5652738353,4fa7b334-ce0d-4e88-aaae-2e0c138d049e
47.674255,29.351254,2024,,HUMAN_OBSERVATION,KW,5658297510,4fa7b334-ce0d-4e88-aaae-2e0c138d049e
48.120678,29.133404,2024,,HUMAN_OBSERVATION,KW,5662123036,4fa7b334-ce0d-4e88-aaae-2e0c138d049e
48.51951,32.302612,2024,,HUMAN_OBSERVATION,IR,5676701778,4fa7b334-ce0d-4e88-aaae-2e0c138d049e
47.880135,29.323654,2024,,HUMAN_OBSERVATION,KW,5686223464,4fa7b334-ce0d-4e88-aaae-2e0c138d049e
47.86107,29.319452,2024,,HUMAN_OBSERVATION,KW,5691417460,4fa7b334-ce0d-4e88-aaae-2e0c138d049e
47.674255,29.351254,2024,,HUMAN_OBSERVATION,KW,5694034861,4fa7b334-ce0d-4e88-aaae-2e0c138d049e
48.119457,29.133131,2024,,HUMAN_OBSERVATION,KW,5707088012,4fa7b334-ce0d-4e88-aaae-2e0c138d049e
48.100964,29.135288,2024,,HUMAN_OBSERVATION,KW,5708420870,4fa7b334-ce0d-4e88-aaae-2e0c138d049e
47.61374,30.449314,2024,,HUMAN_OBSERVATION,IQ,5710239711,4fa7b334-ce0d-4e88-aaae-2e0c138d049e
47.75465,29.257349,2024,,HUMAN_OBSERVATION,KW,5310317969,4fa7b334-ce0d-4e88-aaae-2e0c138d049e
40.34568,29.808367,2024,,HUMAN_OBSERVATION,SA,5314354471,4fa7b334-ce0d-4e88-aaae-2e0c138d049e
47.909,29.572233,2024,,HUMAN_OBSERVATION,KW,5321407233,4fa7b334-ce0d-4e88-aaae-2e0c138d049e
48.10278,29.085577,2024,,HUMAN_OBSERVATION,KW,5328240762,4fa7b334-ce0d-4e88-aaae-2e0c138d049e
47.707787,29.553898,2024,,HUMAN_OBSERVATION,KW,5329549855,4fa7b334-ce0d-4e88-aaae-2e0c138d049e
47.99427,29.373367,2024,,HUMAN_OBSERVATION,KW,5334661212,4fa7b334-ce0d-4e88-aaae-2e0c138d049e
48.65547,31.296482,2024,,HUMAN_OBSERVATION,IR,5335257909,4fa7b334-ce0d-4e88-aaae-2e0c138d049e
47.90268,29.33483,2024,,HUMAN_OBSERVATION,KW,5342955074,4fa7b334-ce0d-4e88-aaae-2e0c138d049e
39.867016,29.800476,2024,,HUMAN_OBSERVATION,SA,5350010197,4fa7b334-ce0d-4e88-aaae-2e0c138d049e
47.870865,29.322924,2024,,HUMAN_OBSERVATION,KW,5350342659,4fa7b334-ce0d-4e88-aaae-2e0c138d049e
48.22895,28.90197,2024,,HUMAN_OBSERVATION,KW,5353621918,4fa7b334-ce0d-4e88-aaae-2e0c138d049e
39.867016,29.800476,2024,,HUMAN_OBSERVATION,SA,5358801935,4fa7b334-ce0d-4e88-aaae-2e0c138d049e
47.995106,29.371916,2024,,HUMAN_OBSERVATION,KW,5361593075,4fa7b334-ce0d-4e88-aaae-2e0c138d049e
47.909,29.572233,2024,,HUMAN_OBSERVATION,KW,5366280386,4fa7b334-ce0d-4e88-aaae-2e0c138d049e
47.99427,29.373367,2024,,HUMAN_OBSERVATION,KW,5370106914,4fa7b334-ce0d-4e88-aaae-2e0c138d049e
48.38606,28.64303,2024,,HUMAN_OBSERVATION,KW,5377960327,4fa7b334-ce0d-4e88-aaae-2e0c138d049e
47.99427,29.373367,2024,,HUMAN_OBSERVATION,KW,5381821852,4fa7b334-ce0d-4e88-aaae-2e0c138d049e
40.421448,29.847275,2024,,HUMAN_OBSERVATION,SA,5391142911,4fa7b334-ce0d-4e88-aaae-2e0c138d049e
47.909,29.572233,2024,,HUMAN_OBSERVATION,KW,5399600617,4fa7b334-ce0d-4e88-aaae-2e0c138d049e
47.674255,29.351254,2024,,HUMAN_OBSERVATION,KW,5402934751,4fa7b334-ce0d-4e88-aaae-2e0c138d049e
47.75465,29.257349,2024,,HUMAN_OBSERVATION,KW,5411267662,4fa7b334-ce0d-4e88-aaae-2e0c138d049e
47.99427,29.373367,2024,,HUMAN_OBSERVATION,KW,5414629035,4fa7b334-ce0d-4e88-aaae-2e0c138d049e
48.122173,29.165966,2024,,HUMAN_OBSERVATION,KW,5415946261,4fa7b334-ce0d-4e88-aaae-2e0c138d049e
48.122173,29.165966,2024,,HUMAN_OBSERVATION,KW,5420087383,4fa7b334-ce0d-4e88-aaae-2e0c138d049e
47.909,29.572233,2024,,HUMAN_OBSERVATION,KW,5423360174,4fa7b334-ce0d-4e88-aaae-2e0c138d049e
47.810547,29.96825,2024,,HUMAN_OBSERVATION,KW,5424100090,4fa7b334-ce0d-4e88-aaae-2e0c138d049e
48.172733,28.965132,2024,,HUMAN_OBSERVATION,KW,5424183009,4fa7b334-ce0d-4e88-aaae-2e0c138d049e
42.19408,37.3277,2024,,HUMAN_OBSERVATION,TR,5424993775,4fa7b334-ce0d-4e88-aaae-2e0c138d049e
40.275505,29.882643,2024,,HUMAN_OBSERVATION,SA,5427667218,4fa7b334-ce0d-4e88-aaae-2e0c138d049e
47.99427,29.373367,2024,,HUMAN_OBSERVATION,KW,5451963817,4fa7b334-ce0d-4e88-aaae-2e0c138d049e
48.122173,29.165966,2024,,HUMAN_OBSERVATION,KW,5452602011,4fa7b334-ce0d-4e88-aaae-2e0c138d049e
47.90268,29.33483,2024,,HUMAN_OBSERVATION,KW,5454847847,4fa7b334-ce0d-4e88-aaae-2e0c138d049e
47.99427,29.373367,2024,,HUMAN_OBSERVATION,KW,5459276981,4fa7b334-ce0d-4e88-aaae-2e0c138d049e
47.75465,29.257349,2024,,HUMAN_OBSERVATION,KW,5461841192,4fa7b334-ce0d-4e88-aaae-2e0c138d049e
48.10278,29.085577,2024,,HUMAN_OBSERVATION,KW,5463514941,4fa7b334-ce0d-4e88-aaae-2e0c138d049e
48.122173,29.165966,2024,,HUMAN_OBSERVATION,KW,5476513602,4fa7b334-ce0d-4e88-aaae-2e0c138d049e
47.90268,29.33483,2024,,HUMAN_OBSERVATION,KW,5479109556,4fa7b334-ce0d-4e88-aaae-2e0c138d049e
48.10278,29.085577,2024,,HUMAN_OBSERVATION,KW,5483208876,4fa7b334-ce0d-4e88-aaae-2e0c138d049e
47.707787,29.553898,2024,,HUMAN_OBSERVATION,KW,5484013960,4fa7b334-ce0d-4e88-aaae-2e0c138d049e
48.38606,28.64303,2024,,HUMAN_OBSERVATION,KW,5485746693,4fa7b334-ce0d-4e88-aaae-2e0c138d049e
47.909,29.572233,2024,,HUMAN_OBSERVATION,KW,5495981906,4fa7b334-ce0d-4e88-aaae-2e0c138d049e
47.75465,29.257349,2024,,HUMAN_OBSERVATION,KW,5499094983,4fa7b334-ce0d-4e88-aaae-2e0c138d049e
47.707787,29.553898,2024,,HUMAN_OBSERVATION,KW,5499864423,4fa7b334-ce0d-4e88-aaae-2e0c138d049e
48.085983,29.193802,2024,,HUMAN_OBSERVATION,KW,5500707385,4fa7b334-ce0d-4e88-aaae-2e0c138d049e
47.75465,29.257349,2024,,HUMAN_OBSERVATION,KW,5505541647,4fa7b334-ce0d-4e88-aaae-2e0c138d049e
48.658436,31.30255,2024,,HUMAN_OBSERVATION,IR,5506322891,4fa7b334-ce0d-4e88-aaae-2e0c138d049e
47.810547,29.96825,2024,,HUMAN_OBSERVATION,KW,5509268042,4fa7b334-ce0d-4e88-aaae-2e0c138d049e
48.477207,31.56715,2024,,HUMAN_OBSERVATION,IR,5515683798,4fa7b334-ce0d-4e88-aaae-2e0c138d049e
47.674255,29.351254,2024,,HUMAN_OBSERVATION,KW,5519372369,4fa7b334-ce0d-4e88-aaae-2e0c138d049e
48.39615,28.559195,2024,,HUMAN_OBSERVATION,KW,5519449423,4fa7b334-ce0d-4e88-aaae-2e0c138d049e
47.707787,29.553898,2024,,HUMAN_OBSERVATION,KW,5519747324,4fa7b334-ce0d-4e88-aaae-2e0c138d049e
47.810547,29.96825,2024,,HUMAN_OBSERVATION,KW,5522000268,4fa7b334-ce0d-4e88-aaae-2e0c138d049e
47.90268,29.33483,2024,,HUMAN_OBSERVATION,KW,5522273348,4fa7b334-ce0d-4e88-aaae-2e0c138d049e
47.674255,29.351254,2024,,HUMAN_OBSERVATION,KW,5529267281,4fa7b334-ce0d-4e88-aaae-2e0c138d049e
47.99427,29.373367,2024,,HUMAN_OBSERVATION,KW,5539834115,4fa7b334-ce0d-4e88-aaae-2e0c138d049e
47.699863,29.174362,2024,,HUMAN_OBSERVATION,KW,5543320660,4fa7b334-ce0d-4e88-aaae-2e0c138d049e
46.9602,29.366991,2024,,HUMAN_OBSERVATION,KW,5544310715,4fa7b334-ce0d-4e88-aaae-2e0c138d049e
47.99427,29.373367,2024,,HUMAN_OBSERVATION,KW,5546032877,4fa7b334-ce0d-4e88-aaae-2e0c138d049e
39.86725,29.81137,2024,,HUMAN_OBSERVATION,SA,5550858442,4fa7b334-ce0d-4e88-aaae-2e0c138d049e
47.810547,29.96825,2024,,HUMAN_OBSERVATION,KW,5558123124,4fa7b334-ce0d-4e88-aaae-2e0c138d049e
47.909,29.572233,2024,,HUMAN_OBSERVATION,KW,5561776113,4fa7b334-ce0d-4e88-aaae-2e0c138d049e
47.674255,29.351254,2024,,HUMAN_OBSERVATION,KW,5570680257,4fa7b334-ce0d-4e88-aaae-2e0c138d049e
46.9602,29.366991,2024,,HUMAN_OBSERVATION,KW,5596077351,4fa7b334-ce0d-4e88-aaae-2e0c138d049e
39.907654,29.80956,2024,,HUMAN_OBSERVATION,SA,5608776890,4fa7b334-ce0d-4e88-aaae-2e0c138d049e
47.707787,29.553898,2024,,HUMAN_OBSERVATION,KW,5610414197,4fa7b334-ce0d-4e88-aaae-2e0c138d049e
48.392178,28.591267,2024,,HUMAN_OBSERVATION,KW,5610909879,4fa7b334-ce0d-4e88-aaae-2e0c138d049e
47.810547,29.96825,2024,,HUMAN_OBSERVATION,KW,5625944357,4fa7b334-ce0d-4e88-aaae-2e0c138d049e
48.142067,28.586767,2024,,HUMAN_OBSERVATION,KW,5628787930,4fa7b334-ce0d-4e88-aaae-2e0c138d049e
48.068806,29.165064,2024,,HUMAN_OBSERVATION,KW,5634509972,4fa7b334-ce0d-4e88-aaae-2e0c138d049e
47.674255,29.351254,2024,,HUMAN_OBSERVATION,KW,5635131159,4fa7b334-ce0d-4e88-aaae-2e0c138d049e
48.658436,31.30255,2024,,HUMAN_OBSERVATION,IR,5642093011,4fa7b334-ce0d-4e88-aaae-2e0c138d049e
47.810547,29.96825,2024,,HUMAN_OBSERVATION,KW,5642632046,4fa7b334-ce0d-4e88-aaae-2e0c138d049e
47.707787,29.553898,2024,,HUMAN_OBSERVATION,KW,5643870771,4fa7b334-ce0d-4e88-aaae-2e0c138d049e
48.122173,29.165966,2024,,HUMAN_OBSERVATION,KW,5648334184,4fa7b334-ce0d-4e88-aaae-2e0c138d049e
47.968132,29.271156,2024,,HUMAN_OBSERVATION,KW,5649752228,4fa7b334-ce0d-4e88-aaae-2e0c138d049e
47.674255,29.351254,2024,,HUMAN_OBSERVATION,KW,5670273260,4fa7b334-ce0d-4e88-aaae-2e0c138d049e
47.90268,29.33483,2024,,HUMAN_OBSERVATION,KW,5672174658,4fa7b334-ce0d-4e88-aaae-2e0c138d049e
48.477207,31.56715,2024,,HUMAN_OBSERVATION,IR,5679370780,4fa7b334-ce0d-4e88-aaae-2e0c138d049e
48.122173,29.165966,2024,,HUMAN_OBSERVATION,KW,5682899986,4fa7b334-ce0d-4e88-aaae-2e0c138d049e
48.068806,29.165064,2024,,HUMAN_OBSERVATION,KW,5683044794,4fa7b334-ce0d-4e88-aaae-2e0c138d049e
48.119457,29.133131,2024,,HUMAN_OBSERVATION,KW,5695044162,4fa7b334-ce0d-4e88-aaae-2e0c138d049e
47.707787,29.553898,2024,,HUMAN_OBSERVATION,KW,5705955076,4fa7b334-ce0d-4e88-aaae-2e0c138d049e
47.90268,29.33483,2024,,HUMAN_OBSERVATION,KW,5708911903,4fa7b334-ce0d-4e88-aaae-2e0c138d049e
48.38606,28.64303,2024,,HUMAN_OBSERVATION,KW,5711618312,4fa7b334-ce0d-4e88-aaae-2e0c138d049e
47.75465,29.257349,2024,,HUMAN_OBSERVATION,KW,5714505720,4fa7b334-ce0d-4e88-aaae-2e0c138d049e
47.870865,29.322924,2024,,HUMAN_OBSERVATION,KW,5300989821,4fa7b334-ce0d-4e88-aaae-2e0c138d049e
48.38606,28.64303,2024,,HUMAN_OBSERVATION,KW,5315796377,4fa7b334-ce0d-4e88-aaae-2e0c138d049e
47.870865,29.322924,2024,,HUMAN_OBSERVATION,KW,5322566404,4fa7b334-ce0d-4e88-aaae-2e0c138d049e
48.119457,29.133131,2024,,HUMAN_OBSERVATION,KW,5322692066,4fa7b334-ce0d-4e88-aaae-2e0c138d049e
47.674255,29.351254,2024,,HUMAN_OBSERVATION,KW,5331186779,4fa7b334-ce0d-4e88-aaae-2e0c138d049e
48.40104,28.549696,2024,,HUMAN_OBSERVATION,KW,5333855641,4fa7b334-ce0d-4e88-aaae-2e0c138d049e
48.119457,29.133131,2024,,HUMAN_OBSERVATION,KW,5341566064,4fa7b334-ce0d-4e88-aaae-2e0c138d049e
48.119457,29.133131,2024,,HUMAN_OBSERVATION,KW,5342761753,4fa7b334-ce0d-4e88-aaae-2e0c138d049e
48.40104,28.549696,2024,,HUMAN_OBSERVATION,KW,5343542427,4fa7b334-ce0d-4e88-aaae-2e0c138d049e
48.40104,28.549696,2024,,HUMAN_OBSERVATION,KW,5344998431,4fa7b334-ce0d-4e88-aaae-2e0c138d049e
47.870865,29.322924,2024,,HUMAN_OBSERVATION,KW,5345698804,4fa7b334-ce0d-4e88-aaae-2e0c138d049e
48.23728,32.070675,2024,,HUMAN_OBSERVATION,IR,5349821542,4fa7b334-ce0d-4e88-aaae-2e0c138d049e
48.119457,29.133131,2024,,HUMAN_OBSERVATION,KW,5350567771,4fa7b334-ce0d-4e88-aaae-2e0c138d049e
47.99427,29.373367,2024,,HUMAN_OBSERVATION,KW,5355070538,4fa7b334-ce0d-4e88-aaae-2e0c138d049e
47.770287,30.030807,2024,,HUMAN_OBSERVATION,KW,5356577572,4fa7b334-ce0d-4e88-aaae-2e0c138d049e
48.119457,29.133131,2024,,HUMAN_OBSERVATION,KW,5357431737,4fa7b334-ce0d-4e88-aaae-2e0c138d049e
48.119457,29.133131,2024,,HUMAN_OBSERVATION,KW,5360977687,4fa7b334-ce0d-4e88-aaae-2e0c138d049e
49.331863,31.884361,2024,,HUMAN_OBSERVATION,IR,5366202644,4fa7b334-ce0d-4e88-aaae-2e0c138d049e
48.119457,29.133131,2024,,HUMAN_OBSERVATION,KW,5366876174,4fa7b334-ce0d-4e88-aaae-2e0c138d049e
48.392178,28.591267,2024,,HUMAN_OBSERVATION,KW,5368764886,4fa7b334-ce0d-4e88-aaae-2e0c138d049e
40.156498,29.902292,2024,,HUMAN_OBSERVATION,SA,5370832824,4fa7b334-ce0d-4e88-aaae-2e0c138d049e
48.082253,29.17463,2024,,HUMAN_OBSERVATION,KW,5372080273,4fa7b334-ce0d-4e88-aaae-2e0c138d049e
48.037254,29.33135,2024,,HUMAN_OBSERVATION,KW,5378183636,4fa7b334-ce0d-4e88-aaae-2e0c138d049e
48.037254,29.33135,2024,,HUMAN_OBSERVATION,KW,5382819256,4fa7b334-ce0d-4e88-aaae-2e0c138d049e
47.707787,29.553898,2024,,HUMAN_OBSERVATION,KW,5384733975,4fa7b334-ce0d-4e88-aaae-2e0c138d049e
40.156498,29.902292,2024,,HUMAN_OBSERVATION,SA,5398506441,4fa7b334-ce0d-4e88-aaae-2e0c138d049e
48.119457,29.133131,2024,,HUMAN_OBSERVATION,KW,5402691449,4fa7b334-ce0d-4e88-aaae-2e0c138d049e
48.14393,28.58613,2024,,HUMAN_OBSERVATION,KW,5411061814,4fa7b334-ce0d-4e88-aaae-2e0c138d049e
48.39615,28.559195,2024,,HUMAN_OBSERVATION,KW,5412237229,4fa7b334-ce0d-4e88-aaae-2e0c138d049e
48.119457,29.133131,2024,,HUMAN_OBSERVATION,KW,5412708392,4fa7b334-ce0d-4e88-aaae-2e0c138d049e
47.99111,28.559776,2024,,HUMAN_OBSERVATION,KW,5414669491,4fa7b334-ce0d-4e88-aaae-2e0c138d049e
47.694366,32.77084,2024,,HUMAN_OBSERVATION,IR,5428399181,4fa7b334-ce0d-4e88-aaae-2e0c138d049e
48.23728,32.070675,2024,,HUMAN_OBSERVATION,IR,5437273055,4fa7b334-ce0d-4e88-aaae-2e0c138d049e
48.40104,28.549696,2024,,HUMAN_OBSERVATION,KW,5437785810,4fa7b334-ce0d-4e88-aaae-2e0c138d049e
48.392178,28.591267,2024,,HUMAN_OBSERVATION,KW,5457830832,4fa7b334-ce0d-4e88-aaae-2e0c138d049e
48.392178,28.591267,2024,,HUMAN_OBSERVATION,KW,5475611124,4fa7b334-ce0d-4e88-aaae-2e0c138d049e
48.138203,29.090576,2024,,HUMAN_OBSERVATION,KW,5478703470,4fa7b334-ce0d-4e88-aaae-2e0c138d049e
48.119457,29.133131,2024,,HUMAN_OBSERVATION,KW,5487589948,4fa7b334-ce0d-4e88-aaae-2e0c138d049e
47.707787,29.553898,2024,,HUMAN_OBSERVATION,KW,5489642154,4fa7b334-ce0d-4e88-aaae-2e0c138d049e
48.66297,31.3028,2024,,HUMAN_OBSERVATION,IR,5512278159,4fa7b334-ce0d-4e88-aaae-2e0c138d049e
48.037254,29.33135,2024,,HUMAN_OBSERVATION,KW,5525363626,4fa7b334-ce0d-4e88-aaae-2e0c138d049e
47.90282,29.334694,2024,,HUMAN_OBSERVATION,KW,5525974323,4fa7b334-ce0d-4e88-aaae-2e0c138d049e
48.159016,28.60625,2024,,HUMAN_OBSERVATION,KW,5528448060,4fa7b334-ce0d-4e88-aaae-2e0c138d049e
48.10278,29.085577,2024,,HUMAN_OBSERVATION,KW,5534306777,4fa7b334-ce0d-4e88-aaae-2e0c138d049e
48.119457,29.133131,2024,,HUMAN_OBSERVATION,KW,5556797630,4fa7b334-ce0d-4e88-aaae-2e0c138d049e
48.35216,33.511574,2024,,HUMAN_OBSERVATION,IR,5557239406,4fa7b334-ce0d-4e88-aaae-2e0c138d049e
46.325417,35.22267,2024,,HUMAN_OBSERVATION,IR,5570210299,4fa7b334-ce0d-4e88-aaae-2e0c138d049e
48.119457,29.133131,2024,,HUMAN_OBSERVATION,KW,5573021814,4fa7b334-ce0d-4e88-aaae-2e0c138d049e
47.870865,29.322924,2024,,HUMAN_OBSERVATION,KW,5586311446,4fa7b334-ce0d-4e88-aaae-2e0c138d049e
44.418365,33.314846,2024,,HUMAN_OBSERVATION,IQ,5586453624,4fa7b334-ce0d-4e88-aaae-2e0c138d049e
48.119457,29.133131,2024,,HUMAN_OBSERVATION,KW,5586648016,4fa7b334-ce0d-4e88-aaae-2e0c138d049e
48.10278,29.085577,2024,,HUMAN_OBSERVATION,KW,5589998021,4fa7b334-ce0d-4e88-aaae-2e0c138d049e
48.122173,29.165966,2024,,HUMAN_OBSERVATION,KW,5592515392,4fa7b334-ce0d-4e88-aaae-2e0c138d049e
48.40104,28.549696,2024,,HUMAN_OBSERVATION,KW,5593162961,4fa7b334-ce0d-4e88-aaae-2e0c138d049e
48.533695,32.0653,2024,,HUMAN_OBSERVATION,IR,5597493530,4fa7b334-ce0d-4e88-aaae-2e0c138d049e
48.119457,29.133131,2024,,HUMAN_OBSERVATION,KW,5600277209,4fa7b334-ce0d-4e88-aaae-2e0c138d049e
48.39615,28.559195,2024,,HUMAN_OBSERVATION,KW,5600779865,4fa7b334-ce0d-4e88-aaae-2e0c138d049e
48.40104,28.549696,2024,,HUMAN_OBSERVATION,KW,5610590419,4fa7b334-ce0d-4e88-aaae-2e0c138d049e
48.090122,29.269028,2024,,HUMAN_OBSERVATION,KW,5611368744,4fa7b334-ce0d-4e88-aaae-2e0c138d049e
47.90282,29.334694,2024,,HUMAN_OBSERVATION,KW,5611538763,4fa7b334-ce0d-4e88-aaae-2e0c138d049e
48.39615,28.559195,2024,,HUMAN_OBSERVATION,KW,5612850664,4fa7b334-ce0d-4e88-aaae-2e0c138d049e
47.674255,29.351254,2024,,HUMAN_OBSERVATION,KW,5625528309,4fa7b334-ce0d-4e88-aaae-2e0c138d049e
48.6982,31.348217,2024,,HUMAN_OBSERVATION,IR,5632437605,4fa7b334-ce0d-4e88-aaae-2e0c138d049e
48.03714,29.33102,2024,,HUMAN_OBSERVATION,KW,5637348622,4fa7b334-ce0d-4e88-aaae-2e0c138d049e
48.533695,32.0653,2024,,HUMAN_OBSERVATION,IR,5653424990,4fa7b334-ce0d-4e88-aaae-2e0c138d049e
48.119457,29.133131,2024,,HUMAN_OBSERVATION,KW,5655715979,4fa7b334-ce0d-4e88-aaae-2e0c138d049e
48.65547,31.296482,2024,,HUMAN_OBSERVATION,IR,5668718092,4fa7b334-ce0d-4e88-aaae-2e0c138d049e
47.707787,29.553898,2024,,HUMAN_OBSERVATION,KW,5668718240,4fa7b334-ce0d-4e88-aaae-2e0c138d049e
48.119457,29.133131,2024,,HUMAN_OBSERVATION,KW,5670958905,4fa7b334-ce0d-4e88-aaae-2e0c138d049e
48.119457,29.133131,2024,,HUMAN_OBSERVATION,KW,5695335010,4fa7b334-ce0d-4e88-aaae-2e0c138d049e
47.674255,29.351254,2024,,HUMAN_OBSERVATION,KW,5698279790,4fa7b334-ce0d-4e88-aaae-2e0c138d049e
48.23728,32.070675,2024,,HUMAN_OBSERVATION,IR,5710359651,4fa7b334-ce0d-4e88-aaae-2e0c138d049e
48.238248,32.070688,2024,8.0,HUMAN_OBSERVATION,IR,4901424823,50c9509d-22c7-4a22-a47d-8c48425ef4a7
48.224873,32.069584,2024,31.0,HUMAN_OBSERVATION,IR,5007095889,50c9509d-22c7-4a22-a47d-8c48425ef4a7
48.22553,32.06897,2024,,HUMAN_OBSERVATION,IR,5306868124,4fa7b334-ce0d-4e88-aaae-2e0c138d049e
48.11621,29.1906,2024,,HUMAN_OBSERVATION,KW,5307465247,4fa7b334-ce0d-4e88-aaae-2e0c138d049e
48.119457,29.133131,2024,,HUMAN_OBSERVATION,KW,5309233204,4fa7b334-ce0d-4e88-aaae-2e0c138d049e
48.119457,29.133131,2024,,HUMAN_OBSERVATION,KW,5316312209,4fa7b334-ce0d-4e88-aaae-2e0c138d049e
48.119457,29.133131,2024,,HUMAN_OBSERVATION,KW,5319839444,4fa7b334-ce0d-4e88-aaae-2e0c138d049e
48.03714,29.33102,2024,,HUMAN_OBSERVATION,KW,5331261016,4fa7b334-ce0d-4e88-aaae-2e0c138d049e
48.476803,31.565968,2024,,HUMAN_OBSERVATION,IR,5345022987,4fa7b334-ce0d-4e88-aaae-2e0c138d049e
48.23728,32.070675,2024,,HUMAN_OBSERVATION,IR,5353778873,4fa7b334-ce0d-4e88-aaae-2e0c138d049e
48.476803,31.565968,2024,,HUMAN_OBSERVATION,IR,5368558840,4fa7b334-ce0d-4e88-aaae-2e0c138d049e
48.03714,29.33102,2024,,HUMAN_OBSERVATION,KW,5368976358,4fa7b334-ce0d-4e88-aaae-2e0c138d049e
47.870865,29.322924,2024,,HUMAN_OBSERVATION,KW,5375984361,4fa7b334-ce0d-4e88-aaae-2e0c138d049e
47.693195,29.36198,2024,,HUMAN_OBSERVATION,KW,5403227177,4fa7b334-ce0d-4e88-aaae-2e0c138d049e
48.119457,29.133131,2024,,HUMAN_OBSERVATION,KW,5411303820,4fa7b334-ce0d-4e88-aaae-2e0c138d049e
47.870865,29.322924,2024,,HUMAN_OBSERVATION,KW,5414176867,4fa7b334-ce0d-4e88-aaae-2e0c138d049e
48.119457,29.133131,2024,,HUMAN_OBSERVATION,KW,5416442352,4fa7b334-ce0d-4e88-aaae-2e0c138d049e
48.119457,29.133131,2024,,HUMAN_OBSERVATION,KW,5417877772,4fa7b334-ce0d-4e88-aaae-2e0c138d049e
48.119457,29.133131,2024,,HUMAN_OBSERVATION,KW,5429098431,4fa7b334-ce0d-4e88-aaae-2e0c138d049e
48.23728,32.070675,2024,,HUMAN_OBSERVATION,IR,5447765621,4fa7b334-ce0d-4e88-aaae-2e0c138d049e
48.23728,32.070675,2024,,HUMAN_OBSERVATION,IR,5456471127,4fa7b334-ce0d-4e88-aaae-2e0c138d049e
49.331863,31.884361,2024,,HUMAN_OBSERVATION,IR,5467529445,4fa7b334-ce0d-4e88-aaae-2e0c138d049e
48.119457,29.133131,2024,,HUMAN_OBSERVATION,KW,5468185878,4fa7b334-ce0d-4e88-aaae-2e0c138d049e
48.119457,29.133131,2024,,HUMAN_OBSERVATION,KW,5528169536,4fa7b334-ce0d-4e88-aaae-2e0c138d049e
48.119457,29.133131,2024,,HUMAN_OBSERVATION,KW,5536952020,4fa7b334-ce0d-4e88-aaae-2e0c138d049e
47.693195,29.36198,2024,,HUMAN_OBSERVATION,KW,5556926062,4fa7b334-ce0d-4e88-aaae-2e0c138d049e
48.24055,32.072483,2024,,HUMAN_OBSERVATION,IR,5559337261,4fa7b334-ce0d-4e88-aaae-2e0c138d049e
48.119457,29.133131,2024,,HUMAN_OBSERVATION,KW,5587839902,4fa7b334-ce0d-4e88-aaae-2e0c138d049e
48.03752,29.331877,2024,,HUMAN_OBSERVATION,KW,5597534848,4fa7b334-ce0d-4e88-aaae-2e0c138d049e
48.129047,29.129276,2024,,HUMAN_OBSERVATION,KW,5607241074,4fa7b334-ce0d-4e88-aaae-2e0c138d049e
48.119457,29.133131,2024,,HUMAN_OBSERVATION,KW,5636793727,4fa7b334-ce0d-4e88-aaae-2e0c138d049e
48.413094,28.54942,2024,,HUMAN_OBSERVATION,KW,5640462220,4fa7b334-ce0d-4e88-aaae-2e0c138d049e
48.085983,29.193802,2024,,HUMAN_OBSERVATION,KW,5647089628,4fa7b334-ce0d-4e88-aaae-2e0c138d049e
47.994106,29.370485,2024,,HUMAN_OBSERVATION,KW,5659608791,4fa7b334-ce0d-4e88-aaae-2e0c138d049e
48.03752,29.331877,2024,,HUMAN_OBSERVATION,KW,5666842573,4fa7b334-ce0d-4e88-aaae-2e0c138d049e
47.90282,29.334694,2024,,HUMAN_OBSERVATION,KW,5692680220,4fa7b334-ce0d-4e88-aaae-2e0c138d049e
48.65547,31.296482,2024,,HUMAN_OBSERVATION,IR,5310459423,4fa7b334-ce0d-4e88-aaae-2e0c138d049e
48.119457,29.133131,2024,,HUMAN_OBSERVATION,KW,5383097157,4fa7b334-ce0d-4e88-aaae-2e0c138d049e
48.14393,28.58613,2024,,HUMAN_OBSERVATION,KW,5383660922,4fa7b334-ce0d-4e88-aaae-2e0c138d049e
48.037193,29.331232,2024,,HUMAN_OBSERVATION,KW,5385739265,4fa7b334-ce0d-4e88-aaae-2e0c138d049e
48.03714,29.33102,2024,,HUMAN_OBSERVATION,KW,5421469920,4fa7b334-ce0d-4e88-aaae-2e0c138d049e
48.65547,31.296482,2024,,HUMAN_OBSERVATION,IR,5481667765,4fa7b334-ce0d-4e88-aaae-2e0c138d049e
48.119457,29.133131,2024,,HUMAN_OBSERVATION,KW,5548944526,4fa7b334-ce0d-4e88-aaae-2e0c138d049e
48.03752,29.331877,2024,,HUMAN_OBSERVATION,KW,5611253913,4fa7b334-ce0d-4e88-aaae-2e0c138d049e
40.094387,30.067635,2024,,HUMAN_OBSERVATION,SA,5655575650,4fa7b334-ce0d-4e88-aaae-2e0c138d049e
48.03714,29.33102,2024,,HUMAN_OBSERVATION,KW,5664354369,4fa7b334-ce0d-4e88-aaae-2e0c138d049e
48.02536,29.254654,2024,,HUMAN_OBSERVATION,KW,5299194015,4fa7b334-ce0d-4e88-aaae-2e0c138d049e
47.707787,29.553898,2024,,HUMAN_OBSERVATION,KW,5299630747,4fa7b334-ce0d-4e88-aaae-2e0c138d049e
47.674255,29.351254,2024,,HUMAN_OBSERVATION,KW,5299997940,4fa7b334-ce0d-4e88-aaae-2e0c138d049e
47.707787,29.553898,2024,,HUMAN_OBSERVATION,KW,5305752332,4fa7b334-ce0d-4e88-aaae-2e0c138d049e
47.707787,29.553898,2024,,HUMAN_OBSERVATION,KW,5307694138,4fa7b334-ce0d-4e88-aaae-2e0c138d049e
47.707787,29.553898,2024,,HUMAN_OBSERVATION,KW,5312858449,4fa7b334-ce0d-4e88-aaae-2e0c138d049e
48.119457,29.133131,2024,,HUMAN_OBSERVATION,KW,5315311890,4fa7b334-ce0d-4e88-aaae-2e0c138d049e
47.707787,29.553898,2024,,HUMAN_OBSERVATION,KW,5316552892,4fa7b334-ce0d-4e88-aaae-2e0c138d049e
47.707787,29.553898,2024,,HUMAN_OBSERVATION,KW,5318531154,4fa7b334-ce0d-4e88-aaae-2e0c138d049e
47.707787,29.553898,2024,,HUMAN_OBSERVATION,KW,5320827085,4fa7b334-ce0d-4e88-aaae-2e0c138d049e
47.70753,29.380829,2024,,HUMAN_OBSERVATION,KW,5328653940,4fa7b334-ce0d-4e88-aaae-2e0c138d049e
47.707787,29.553898,2024,,HUMAN_OBSERVATION,KW,5336008902,4fa7b334-ce0d-4e88-aaae-2e0c138d049e
48.142036,28.584686,2024,,HUMAN_OBSERVATION,KW,5337473114,4fa7b334-ce0d-4e88-aaae-2e0c138d049e
48.085983,29.193802,2024,,HUMAN_OBSERVATION,KW,5349622827,4fa7b334-ce0d-4e88-aaae-2e0c138d049e
47.70753,29.380829,2024,,HUMAN_OBSERVATION,KW,5352947000,4fa7b334-ce0d-4e88-aaae-2e0c138d049e
47.674255,29.351254,2024,,HUMAN_OBSERVATION,KW,5356716069,4fa7b334-ce0d-4e88-aaae-2e0c138d049e
47.674255,29.351254,2024,,HUMAN_OBSERVATION,KW,5361472812,4fa7b334-ce0d-4e88-aaae-2e0c138d049e
47.707787,29.553898,2024,,HUMAN_OBSERVATION,KW,5362810171,4fa7b334-ce0d-4e88-aaae-2e0c138d049e
48.658436,31.30255,2024,,HUMAN_OBSERVATION,IR,5370009045,4fa7b334-ce0d-4e88-aaae-2e0c138d049e
47.870865,29.322924,2024,,HUMAN_OBSERVATION,KW,5375394819,4fa7b334-ce0d-4e88-aaae-2e0c138d049e
48.100964,29.135288,2024,,HUMAN_OBSERVATION,KW,5377312899,4fa7b334-ce0d-4e88-aaae-2e0c138d049e
47.880135,29.323654,2024,,HUMAN_OBSERVATION,KW,5379714146,4fa7b334-ce0d-4e88-aaae-2e0c138d049e
47.87452,29.320478,2024,,HUMAN_OBSERVATION,KW,5381400443,4fa7b334-ce0d-4e88-aaae-2e0c138d049e
48.119457,29.133131,2024,,HUMAN_OBSERVATION,KW,5396954754,4fa7b334-ce0d-4e88-aaae-2e0c138d049e
47.70753,29.380829,2024,,HUMAN_OBSERVATION,KW,5399686311,4fa7b334-ce0d-4e88-aaae-2e0c138d049e
48.13222,29.142567,2024,,HUMAN_OBSERVATION,KW,5401315464,4fa7b334-ce0d-4e88-aaae-2e0c138d049e
48.097927,29.160282,2024,,HUMAN_OBSERVATION,KW,5408152073,4fa7b334-ce0d-4e88-aaae-2e0c138d049e
47.90282,29.334694,2024,,HUMAN_OBSERVATION,KW,5416676736,4fa7b334-ce0d-4e88-aaae-2e0c138d049e
47.674255,29.351254,2024,,HUMAN_OBSERVATION,KW,5424873611,4fa7b334-ce0d-4e88-aaae-2e0c138d049e
47.870865,29.322924,2024,,HUMAN_OBSERVATION,KW,5439841110,4fa7b334-ce0d-4e88-aaae-2e0c138d049e
48.119457,29.133131,2024,,HUMAN_OBSERVATION,KW,5441267519,4fa7b334-ce0d-4e88-aaae-2e0c138d049e
47.707787,29.553898,2024,,HUMAN_OBSERVATION,KW,5444147882,4fa7b334-ce0d-4e88-aaae-2e0c138d049e
48.119457,29.133131,2024,,HUMAN_OBSERVATION,KW,5444258442,4fa7b334-ce0d-4e88-aaae-2e0c138d049e
47.707787,29.553898,2024,,HUMAN_OBSERVATION,KW,5454381654,4fa7b334-ce0d-4e88-aaae-2e0c138d049e
48.119457,29.133131,2024,,HUMAN_OBSERVATION,KW,5458321747,4fa7b334-ce0d-4e88-aaae-2e0c138d049e
48.119457,29.133131,2024,,HUMAN_OBSERVATION,KW,5462582150,4fa7b334-ce0d-4e88-aaae-2e0c138d049e
47.99427,29.373367,2024,,HUMAN_OBSERVATION,KW,5464052517,4fa7b334-ce0d-4e88-aaae-2e0c138d049e
48.03714,29.33102,2024,,HUMAN_OBSERVATION,KW,5465158036,4fa7b334-ce0d-4e88-aaae-2e0c138d049e
47.90282,29.334694,2024,,HUMAN_OBSERVATION,KW,5472521651,4fa7b334-ce0d-4e88-aaae-2e0c138d049e
47.707787,29.553898,2024,,HUMAN_OBSERVATION,KW,5476215893,4fa7b334-ce0d-4e88-aaae-2e0c138d049e
47.90282,29.334694,2024,,HUMAN_OBSERVATION,KW,5482886256,4fa7b334-ce0d-4e88-aaae-2e0c138d049e
48.11621,29.1906,2024,,HUMAN_OBSERVATION,KW,5485082891,4fa7b334-ce0d-4e88-aaae-2e0c138d049e
48.328293,32.796196,2024,,HUMAN_OBSERVATION,IR,5485851700,4fa7b334-ce0d-4e88-aaae-2e0c138d049e
48.100964,29.135288,2024,,HUMAN_OBSERVATION,KW,5494838302,4fa7b334-ce0d-4e88-aaae-2e0c138d049e
48.09665,29.352262,2024,,HUMAN_OBSERVATION,KW,5497830743,4fa7b334-ce0d-4e88-aaae-2e0c138d049e
48.119457,29.133131,2024,,HUMAN_OBSERVATION,KW,5498019634,4fa7b334-ce0d-4e88-aaae-2e0c138d049e
48.119457,29.133131,2024,,HUMAN_OBSERVATION,KW,5501104930,4fa7b334-ce0d-4e88-aaae-2e0c138d049e
47.674255,29.351254,2024,,HUMAN_OBSERVATION,KW,5504494365,4fa7b334-ce0d-4e88-aaae-2e0c138d049e
47.70753,29.380829,2024,,HUMAN_OBSERVATION,KW,5522877124,4fa7b334-ce0d-4e88-aaae-2e0c138d049e
48.100964,29.135288,2024,,HUMAN_OBSERVATION,KW,5523824396,4fa7b334-ce0d-4e88-aaae-2e0c138d049e
48.11621,29.1906,2024,,HUMAN_OBSERVATION,KW,5526853197,4fa7b334-ce0d-4e88-aaae-2e0c138d049e
47.674255,29.351254,2024,,HUMAN_OBSERVATION,KW,5535325311,4fa7b334-ce0d-4e88-aaae-2e0c138d049e
47.99427,29.373367,2024,,HUMAN_OBSERVATION,KW,5538170186,4fa7b334-ce0d-4e88-aaae-2e0c138d049e
48.267605,31.587168,2024,,HUMAN_OBSERVATION,IR,5538312307,4fa7b334-ce0d-4e88-aaae-2e0c138d049e
47.880135,29.323654,2024,,HUMAN_OBSERVATION,KW,5542939437,4fa7b334-ce0d-4e88-aaae-2e0c138d049e
47.90268,29.33483,2024,,HUMAN_OBSERVATION,KW,5549379905,4fa7b334-ce0d-4e88-aaae-2e0c138d049e
47.70753,29.380829,2024,,HUMAN_OBSERVATION,KW,5550303285,4fa7b334-ce0d-4e88-aaae-2e0c138d049e
47.707787,29.553898,2024,,HUMAN_OBSERVATION,KW,5555018407,4fa7b334-ce0d-4e88-aaae-2e0c138d049e
48.037254,29.33135,2024,,HUMAN_OBSERVATION,KW,5555176521,4fa7b334-ce0d-4e88-aaae-2e0c138d049e
48.12293,29.154793,2024,,HUMAN_OBSERVATION,KW,5565140586,4fa7b334-ce0d-4e88-aaae-2e0c138d049e
47.90282,29.334694,2024,,HUMAN_OBSERVATION,KW,5566195370,4fa7b334-ce0d-4e88-aaae-2e0c138d049e
48.38333,28.664413,2024,,HUMAN_OBSERVATION,KW,5567308038,4fa7b334-ce0d-4e88-aaae-2e0c138d049e
48.097927,29.160282,2024,,HUMAN_OBSERVATION,KW,5568030135,4fa7b334-ce0d-4e88-aaae-2e0c138d049e
48.38512,28.741928,2024,,HUMAN_OBSERVATION,KW,5573029086,4fa7b334-ce0d-4e88-aaae-2e0c138d049e
47.674255,29.351254,2024,,HUMAN_OBSERVATION,KW,5579619692,4fa7b334-ce0d-4e88-aaae-2e0c138d049e
47.70753,29.380829,2024,,HUMAN_OBSERVATION,KW,5586181652,4fa7b334-ce0d-4e88-aaae-2e0c138d049e
47.880135,29.323654,2024,,HUMAN_OBSERVATION,KW,5589205500,4fa7b334-ce0d-4e88-aaae-2e0c138d049e
47.75465,29.257349,2024,,HUMAN_OBSERVATION,KW,5589345873,4fa7b334-ce0d-4e88-aaae-2e0c138d049e
47.90282,29.334694,2024,,HUMAN_OBSERVATION,KW,5590185933,4fa7b334-ce0d-4e88-aaae-2e0c138d049e
47.90282,29.334694,2024,,HUMAN_OBSERVATION,KW,5594012390,4fa7b334-ce0d-4e88-aaae-2e0c138d049e
48.119457,29.133131,2024,,HUMAN_OBSERVATION,KW,5600929125,4fa7b334-ce0d-4e88-aaae-2e0c138d049e
48.11621,29.1906,2024,,HUMAN_OBSERVATION,KW,5601980927,4fa7b334-ce0d-4e88-aaae-2e0c138d049e
48.119457,29.133131,2024,,HUMAN_OBSERVATION,KW,5602363447,4fa7b334-ce0d-4e88-aaae-2e0c138d049e
48.119457,29.133131,2024,,HUMAN_OBSERVATION,KW,5611025319,4fa7b334-ce0d-4e88-aaae-2e0c138d049e
48.097927,29.160282,2024,,HUMAN_OBSERVATION,KW,5611620621,4fa7b334-ce0d-4e88-aaae-2e0c138d049e
47.707787,29.553898,2024,,HUMAN_OBSERVATION,KW,5633211733,4fa7b334-ce0d-4e88-aaae-2e0c138d049e
48.38512,28.741928,2024,,HUMAN_OBSERVATION,KW,5635388412,4fa7b334-ce0d-4e88-aaae-2e0c138d049e
48.658436,31.30255,2024,,HUMAN_OBSERVATION,IR,5635661825,4fa7b334-ce0d-4e88-aaae-2e0c138d049e
47.674255,29.351254,2024,,HUMAN_OBSERVATION,KW,5636714003,4fa7b334-ce0d-4e88-aaae-2e0c138d049e
40.159885,29.903646,2024,,HUMAN_OBSERVATION,SA,5638010899,4fa7b334-ce0d-4e88-aaae-2e0c138d049e
48.07411,29.330418,2024,,HUMAN_OBSERVATION,KW,5644695592,4fa7b334-ce0d-4e88-aaae-2e0c138d049e
48.119457,29.133131,2024,,HUMAN_OBSERVATION,KW,5648671260,4fa7b334-ce0d-4e88-aaae-2e0c138d049e
48.119457,29.133131,2024,,HUMAN_OBSERVATION,KW,5655321868,4fa7b334-ce0d-4e88-aaae-2e0c138d049e
47.674255,29.351254,2024,,HUMAN_OBSERVATION,KW,5657785022,4fa7b334-ce0d-4e88-aaae-2e0c138d049e
48.085983,29.193802,2024,,HUMAN_OBSERVATION,KW,5670787368,4fa7b334-ce0d-4e88-aaae-2e0c138d049e
48.119457,29.133131,2024,,HUMAN_OBSERVATION,KW,5677811618,4fa7b334-ce0d-4e88-aaae-2e0c138d049e
47.707787,29.553898,2024,,HUMAN_OBSERVATION,KW,5691585338,4fa7b334-ce0d-4e88-aaae-2e0c138d049e
47.707787,29.553898,2024,,HUMAN_OBSERVATION,KW,5709468302,4fa7b334-ce0d-4e88-aaae-2e0c138d049e
47.99427,29.373367,2024,,HUMAN_OBSERVATION,KW,5710187574,4fa7b334-ce0d-4e88-aaae-2e0c138d049e
47.707787,29.553898,2024,,HUMAN_OBSERVATION,KW,5320447919,4fa7b334-ce0d-4e88-aaae-2e0c138d049e
47.99427,29.373367,2024,,HUMAN_OBSERVATION,KW,5324895460,4fa7b334-ce0d-4e88-aaae-2e0c138d049e
47.707787,29.553898,2024,,HUMAN_OBSERVATION,KW,5324975550,4fa7b334-ce0d-4e88-aaae-2e0c138d049e
47.707787,29.553898,2024,,HUMAN_OBSERVATION,KW,5325741768,4fa7b334-ce0d-4e88-aaae-2e0c138d049e
47.614403,29.590475,2024,,HUMAN_OBSERVATION,KW,5327665951,4fa7b334-ce0d-4e88-aaae-2e0c138d049e
47.70753,29.380829,2024,,HUMAN_OBSERVATION,KW,5337694106,4fa7b334-ce0d-4e88-aaae-2e0c138d049e
47.693195,29.36198,2024,,HUMAN_OBSERVATION,KW,5337772245,4fa7b334-ce0d-4e88-aaae-2e0c138d049e
48.14393,28.58613,2024,,HUMAN_OBSERVATION,KW,5338450334,4fa7b334-ce0d-4e88-aaae-2e0c138d049e
48.65746,31.29423,2024,,HUMAN_OBSERVATION,IR,5338811039,4fa7b334-ce0d-4e88-aaae-2e0c138d049e
47.707787,29.553898,2024,,HUMAN_OBSERVATION,KW,5345052824,4fa7b334-ce0d-4e88-aaae-2e0c138d049e
48.119457,29.133131,2024,,HUMAN_OBSERVATION,KW,5345853570,4fa7b334-ce0d-4e88-aaae-2e0c138d049e
48.037254,29.33135,2024,,HUMAN_OBSERVATION,KW,5346156495,4fa7b334-ce0d-4e88-aaae-2e0c138d049e
47.90282,29.334694,2024,,HUMAN_OBSERVATION,KW,5350068671,4fa7b334-ce0d-4e88-aaae-2e0c138d049e
47.902294,29.334618,2024,,HUMAN_OBSERVATION,KW,5358732680,4fa7b334-ce0d-4e88-aaae-2e0c138d049e
47.694283,29.36288,2024,,HUMAN_OBSERVATION,KW,5358879341,4fa7b334-ce0d-4e88-aaae-2e0c138d049e
47.707787,29.553898,2024,,HUMAN_OBSERVATION,KW,5361641650,4fa7b334-ce0d-4e88-aaae-2e0c138d049e
47.870865,29.322924,2024,,HUMAN_OBSERVATION,KW,5362048393,4fa7b334-ce0d-4e88-aaae-2e0c138d049e
48.65547,31.296482,2024,,HUMAN_OBSERVATION,IR,5362166334,4fa7b334-ce0d-4e88-aaae-2e0c138d049e
47.99427,29.373367,2024,,HUMAN_OBSERVATION,KW,5371894612,4fa7b334-ce0d-4e88-aaae-2e0c138d049e
47.614403,29.590475,2024,,HUMAN_OBSERVATION,KW,5394466484,4fa7b334-ce0d-4e88-aaae-2e0c138d049e
48.40104,28.549696,2024,,HUMAN_OBSERVATION,KW,5407506916,4fa7b334-ce0d-4e88-aaae-2e0c138d049e
38.86391,30.672773,2024,,HUMAN_OBSERVATION,SA,5411273493,4fa7b334-ce0d-4e88-aaae-2e0c138d049e
47.870865,29.322924,2024,,HUMAN_OBSERVATION,KW,5417068171,4fa7b334-ce0d-4e88-aaae-2e0c138d049e
47.70753,29.380829,2024,,HUMAN_OBSERVATION,KW,5428572600,4fa7b334-ce0d-4e88-aaae-2e0c138d049e
47.870865,29.322924,2024,,HUMAN_OBSERVATION,KW,5429083900,4fa7b334-ce0d-4e88-aaae-2e0c138d049e
47.707787,29.553898,2024,,HUMAN_OBSERVATION,KW,5429889481,4fa7b334-ce0d-4e88-aaae-2e0c138d049e
47.707787,29.553898,2024,,HUMAN_OBSERVATION,KW,5435848012,4fa7b334-ce0d-4e88-aaae-2e0c138d049e
48.65547,31.296482,2024,,HUMAN_OBSERVATION,IR,5441900415,4fa7b334-ce0d-4e88-aaae-2e0c138d049e
48.67674,31.333212,2024,,HUMAN_OBSERVATION,IR,5444297538,4fa7b334-ce0d-4e88-aaae-2e0c138d049e
47.614403,29.590475,2024,,HUMAN_OBSERVATION,KW,5449904498,4fa7b334-ce0d-4e88-aaae-2e0c138d049e
47.88033,29.318949,2024,,HUMAN_OBSERVATION,KW,5454950425,4fa7b334-ce0d-4e88-aaae-2e0c138d049e
47.674255,29.351254,2024,,HUMAN_OBSERVATION,KW,5458607728,4fa7b334-ce0d-4e88-aaae-2e0c138d049e
48.11621,29.1906,2024,,HUMAN_OBSERVATION,KW,5463941253,4fa7b334-ce0d-4e88-aaae-2e0c138d049e
48.119457,29.133131,2024,,HUMAN_OBSERVATION,KW,5468513826,4fa7b334-ce0d-4e88-aaae-2e0c138d049e
47.707787,29.553898,2024,,HUMAN_OBSERVATION,KW,5489269902,4fa7b334-ce0d-4e88-aaae-2e0c138d049e
47.70753,29.380829,2024,,HUMAN_OBSERVATION,KW,5489428233,4fa7b334-ce0d-4e88-aaae-2e0c138d049e
48.40104,28.549696,2024,,HUMAN_OBSERVATION,KW,5496412469,4fa7b334-ce0d-4e88-aaae-2e0c138d049e
47.70753,29.380829,2024,,HUMAN_OBSERVATION,KW,5504113447,4fa7b334-ce0d-4e88-aaae-2e0c138d049e
49.322453,30.481573,2024,,HUMAN_OBSERVATION,IR,5513486941,4fa7b334-ce0d-4e88-aaae-2e0c138d049e
47.707787,29.553898,2024,,HUMAN_OBSERVATION,KW,5519968423,4fa7b334-ce0d-4e88-aaae-2e0c138d049e
47.870865,29.322924,2024,,HUMAN_OBSERVATION,KW,5520784954,4fa7b334-ce0d-4e88-aaae-2e0c138d049e
47.870865,29.322924,2024,,HUMAN_OBSERVATION,KW,5527222491,4fa7b334-ce0d-4e88-aaae-2e0c138d049e
47.88523,31.26294,2024,,HUMAN_OBSERVATION,IR,5535952463,4fa7b334-ce0d-4e88-aaae-2e0c138d049e
47.870865,29.322924,2024,,HUMAN_OBSERVATION,KW,5537419385,4fa7b334-ce0d-4e88-aaae-2e0c138d049e
47.70753,29.380829,2024,,HUMAN_OBSERVATION,KW,5538998532,4fa7b334-ce0d-4e88-aaae-2e0c138d049e
47.90282,29.334694,2024,,HUMAN_OBSERVATION,KW,5548125398,4fa7b334-ce0d-4e88-aaae-2e0c138d049e
48.11621,29.1906,2024,,HUMAN_OBSERVATION,KW,5549321836,4fa7b334-ce0d-4e88-aaae-2e0c138d049e
47.99427,29.373367,2024,,HUMAN_OBSERVATION,KW,5557226707,4fa7b334-ce0d-4e88-aaae-2e0c138d049e
47.614403,29.590475,2024,,HUMAN_OBSERVATION,KW,5558934502,4fa7b334-ce0d-4e88-aaae-2e0c138d049e
48.119457,29.133131,2024,,HUMAN_OBSERVATION,KW,5559154871,4fa7b334-ce0d-4e88-aaae-2e0c138d049e
47.870865,29.322924,2024,,HUMAN_OBSERVATION,KW,5566441357,4fa7b334-ce0d-4e88-aaae-2e0c138d049e
47.70753,29.380829,2024,,HUMAN_OBSERVATION,KW,5573796605,4fa7b334-ce0d-4e88-aaae-2e0c138d049e
48.022804,29.259974,2024,,HUMAN_OBSERVATION,KW,5573893812,4fa7b334-ce0d-4e88-aaae-2e0c138d049e
47.870865,29.322924,2024,,HUMAN_OBSERVATION,KW,5576167342,4fa7b334-ce0d-4e88-aaae-2e0c138d049e
48.11621,29.1906,2024,,HUMAN_OBSERVATION,KW,5576352981,4fa7b334-ce0d-4e88-aaae-2e0c138d049e
47.88523,31.26294,2024,,HUMAN_OBSERVATION,IR,5598386945,4fa7b334-ce0d-4e88-aaae-2e0c138d049e
47.707787,29.553898,2024,,HUMAN_OBSERVATION,KW,5601912695,4fa7b334-ce0d-4e88-aaae-2e0c138d049e
48.40104,28.549696,2024,,HUMAN_OBSERVATION,KW,5605039982,4fa7b334-ce0d-4e88-aaae-2e0c138d049e
47.707787,29.553898,2024,,HUMAN_OBSERVATION,KW,5607165966,4fa7b334-ce0d-4e88-aaae-2e0c138d049e
48.12089,29.133806,2024,,HUMAN_OBSERVATION,KW,5617512796,4fa7b334-ce0d-4e88-aaae-2e0c138d049e
48.11621,29.1906,2024,,HUMAN_OBSERVATION,KW,5635188882,4fa7b334-ce0d-4e88-aaae-2e0c138d049e
48.109592,29.208654,2024,,HUMAN_OBSERVATION,KW,5645195789,4fa7b334-ce0d-4e88-aaae-2e0c138d049e
47.99427,29.373367,2024,,HUMAN_OBSERVATION,KW,5647341260,4fa7b334-ce0d-4e88-aaae-2e0c138d049e
47.90282,29.334694,2024,,HUMAN_OBSERVATION,KW,5650059566,4fa7b334-ce0d-4e88-aaae-2e0c138d049e
47.69162,29.356522,2024,,HUMAN_OBSERVATION,KW,5656265540,4fa7b334-ce0d-4e88-aaae-2e0c138d049e
48.89489,32.65307,2024,,HUMAN_OBSERVATION,IR,5660309513,4fa7b334-ce0d-4e88-aaae-2e0c138d049e
47.707787,29.553898,2024,,HUMAN_OBSERVATION,KW,5666517046,4fa7b334-ce0d-4e88-aaae-2e0c138d049e
47.90282,29.334694,2024,,HUMAN_OBSERVATION,KW,5713803393,4fa7b334-ce0d-4e88-aaae-2e0c138d049e
47.994685,29.370188,2024,336.0,HUMAN_OBSERVATION,KW,4974056499,50c9509d-22c7-4a22-a47d-8c48425ef4a7
48.03582,29.336205,2024,,HUMAN_OBSERVATION,KW,5295844531,4fa7b334-ce0d-4e88-aaae-2e0c138d049e
47.90282,29.334694,2024,,HUMAN_OBSERVATION,KW,5300602294,4fa7b334-ce0d-4e88-aaae-2e0c138d049e
48.66344,31.302982,2024,,HUMAN_OBSERVATION,IR,5305120403,4fa7b334-ce0d-4e88-aaae-2e0c138d049e
47.674255,29.351254,2024,,HUMAN_OBSERVATION,KW,5309954015,4fa7b334-ce0d-4e88-aaae-2e0c138d049e
48.035633,29.336807,2024,,HUMAN_OBSERVATION,KW,5311097597,4fa7b334-ce0d-4e88-aaae-2e0c138d049e
47.810547,29.96825,2024,,HUMAN_OBSERVATION,KW,5315596333,4fa7b334-ce0d-4e88-aaae-2e0c138d049e
47.880135,29.323654,2024,,HUMAN_OBSERVATION,KW,5316806612,4fa7b334-ce0d-4e88-aaae-2e0c138d049e
47.707787,29.553898,2024,,HUMAN_OBSERVATION,KW,5317141101,4fa7b334-ce0d-4e88-aaae-2e0c138d049e
47.770287,30.030807,2024,,HUMAN_OBSERVATION,KW,5323656969,4fa7b334-ce0d-4e88-aaae-2e0c138d049e
47.693195,29.36198,2024,,HUMAN_OBSERVATION,KW,5324585145,4fa7b334-ce0d-4e88-aaae-2e0c138d049e
47.707787,29.553898,2024,,HUMAN_OBSERVATION,KW,5326316399,4fa7b334-ce0d-4e88-aaae-2e0c138d049e
48.046864,31.306786,2024,,HUMAN_OBSERVATION,IR,5343105666,4fa7b334-ce0d-4e88-aaae-2e0c138d049e
48.03582,29.336205,2024,,HUMAN_OBSERVATION,KW,5346574491,4fa7b334-ce0d-4e88-aaae-2e0c138d049e
48.658436,31.30255,2024,,HUMAN_OBSERVATION,IR,5353424138,4fa7b334-ce0d-4e88-aaae-2e0c138d049e
47.770287,30.030807,2024,,HUMAN_OBSERVATION,KW,5355038959,4fa7b334-ce0d-4e88-aaae-2e0c138d049e
47.99427,29.373367,2024,,HUMAN_OBSERVATION,KW,5356581574,4fa7b334-ce0d-4e88-aaae-2e0c138d049e
47.90282,29.334694,2024,,HUMAN_OBSERVATION,KW,5358201859,4fa7b334-ce0d-4e88-aaae-2e0c138d049e
47.730595,29.357735,2024,,HUMAN_OBSERVATION,KW,5360594588,4fa7b334-ce0d-4e88-aaae-2e0c138d049e
47.674255,29.351254,2024,,HUMAN_OBSERVATION,KW,5364911084,4fa7b334-ce0d-4e88-aaae-2e0c138d049e
47.90268,29.33483,2024,,HUMAN_OBSERVATION,KW,5369594452,4fa7b334-ce0d-4e88-aaae-2e0c138d049e
48.21049,28.883745,2024,,HUMAN_OBSERVATION,KW,5382424756,4fa7b334-ce0d-4e88-aaae-2e0c138d049e
47.903603,29.334665,2024,,HUMAN_OBSERVATION,KW,5382512493,4fa7b334-ce0d-4e88-aaae-2e0c138d049e
47.75465,29.257349,2024,,HUMAN_OBSERVATION,KW,5382808088,4fa7b334-ce0d-4e88-aaae-2e0c138d049e
47.99427,29.373367,2024,,HUMAN_OBSERVATION,KW,5390574518,4fa7b334-ce0d-4e88-aaae-2e0c138d049e
47.99427,29.373367,2024,,HUMAN_OBSERVATION,KW,5391252524,4fa7b334-ce0d-4e88-aaae-2e0c138d049e
47.707787,29.553898,2024,,HUMAN_OBSERVATION,KW,5392588642,4fa7b334-ce0d-4e88-aaae-2e0c138d049e
47.903603,29.334665,2024,,HUMAN_OBSERVATION,KW,5393263470,4fa7b334-ce0d-4e88-aaae-2e0c138d049e
47.90282,29.334694,2024,,HUMAN_OBSERVATION,KW,5393698699,4fa7b334-ce0d-4e88-aaae-2e0c138d049e
48.658436,31.30255,2024,,HUMAN_OBSERVATION,IR,5395492815,4fa7b334-ce0d-4e88-aaae-2e0c138d049e
47.674255,29.351254,2024,,HUMAN_OBSERVATION,KW,5397261055,4fa7b334-ce0d-4e88-aaae-2e0c138d049e
48.65547,31.296482,2024,,HUMAN_OBSERVATION,IR,5400615389,4fa7b334-ce0d-4e88-aaae-2e0c138d049e
47.880135,29.323654,2024,,HUMAN_OBSERVATION,KW,5402870185,4fa7b334-ce0d-4e88-aaae-2e0c138d049e
48.52372,32.00779,2024,,HUMAN_OBSERVATION,IR,5409577568,4fa7b334-ce0d-4e88-aaae-2e0c138d049e
47.674255,29.351254,2024,,HUMAN_OBSERVATION,KW,5418597297,4fa7b334-ce0d-4e88-aaae-2e0c138d049e
47.880135,29.323654,2024,,HUMAN_OBSERVATION,KW,5425284984,4fa7b334-ce0d-4e88-aaae-2e0c138d049e
47.870865,29.322924,2024,,HUMAN_OBSERVATION,KW,5431536619,4fa7b334-ce0d-4e88-aaae-2e0c138d049e
48.035633,29.336807,2024,,HUMAN_OBSERVATION,KW,5432808010,4fa7b334-ce0d-4e88-aaae-2e0c138d049e
47.909,29.572233,2024,,HUMAN_OBSERVATION,KW,5434213476,4fa7b334-ce0d-4e88-aaae-2e0c138d049e
48.318825,32.745,2024,,HUMAN_OBSERVATION,IR,5434371789,4fa7b334-ce0d-4e88-aaae-2e0c138d049e
47.707787,29.553898,2024,,HUMAN_OBSERVATION,KW,5435594242,4fa7b334-ce0d-4e88-aaae-2e0c138d049e
48.65547,31.296482,2024,,HUMAN_OBSERVATION,IR,5436179037,4fa7b334-ce0d-4e88-aaae-2e0c138d049e
48.119457,29.133131,2024,,HUMAN_OBSERVATION,KW,5436636242,4fa7b334-ce0d-4e88-aaae-2e0c138d049e
47.75465,29.257349,2024,,HUMAN_OBSERVATION,KW,5439483171,4fa7b334-ce0d-4e88-aaae-2e0c138d049e
47.69856,29.353527,2024,,HUMAN_OBSERVATION,KW,5440968409,4fa7b334-ce0d-4e88-aaae-2e0c138d049e
47.75465,29.257349,2024,,HUMAN_OBSERVATION,KW,5442047388,4fa7b334-ce0d-4e88-aaae-2e0c138d049e
48.65547,31.296482,2024,,HUMAN_OBSERVATION,IR,5450894558,4fa7b334-ce0d-4e88-aaae-2e0c138d049e
48.248863,32.192253,2024,,HUMAN_OBSERVATION,IR,5452328924,4fa7b334-ce0d-4e88-aaae-2e0c138d049e
48.84104,32.032093,2024,,HUMAN_OBSERVATION,IR,5456127923,4fa7b334-ce0d-4e88-aaae-2e0c138d049e
47.707787,29.553898,2024,,HUMAN_OBSERVATION,KW,5456815406,4fa7b334-ce0d-4e88-aaae-2e0c138d049e
47.976803,29.386856,2024,,HUMAN_OBSERVATION,KW,5457406710,4fa7b334-ce0d-4e88-aaae-2e0c138d049e
47.674255,29.351254,2024,,HUMAN_OBSERVATION,KW,5461906433,4fa7b334-ce0d-4e88-aaae-2e0c138d049e
47.870865,29.322924,2024,,HUMAN_OBSERVATION,KW,5464093020,4fa7b334-ce0d-4e88-aaae-2e0c138d049e
47.90282,29.334694,2024,,HUMAN_OBSERVATION,KW,5468597125,4fa7b334-ce0d-4e88-aaae-2e0c138d049e
40.236996,29.949541,2024,,HUMAN_OBSERVATION,SA,5470991986,4fa7b334-ce0d-4e88-aaae-2e0c138d049e
47.674255,29.351254,2024,,HUMAN_OBSERVATION,KW,5475235706,4fa7b334-ce0d-4e88-aaae-2e0c138d049e
47.674255,29.351254,2024,,HUMAN_OBSERVATION,KW,5475361265,4fa7b334-ce0d-4e88-aaae-2e0c138d049e
48.119457,29.133131,2024,,HUMAN_OBSERVATION,KW,5478254774,4fa7b334-ce0d-4e88-aaae-2e0c138d049e
48.035633,29.336807,2024,,HUMAN_OBSERVATION,KW,5479586725,4fa7b334-ce0d-4e88-aaae-2e0c138d049e
47.707787,29.553898,2024,,HUMAN_OBSERVATION,KW,5481738359,4fa7b334-ce0d-4e88-aaae-2e0c138d049e
48.65547,31.296482,2024,,HUMAN_OBSERVATION,IR,5487088477,4fa7b334-ce0d-4e88-aaae-2e0c138d049e
47.99427,29.373367,2024,,HUMAN_OBSERVATION,KW,5487571136,4fa7b334-ce0d-4e88-aaae-2e0c138d049e
48.375065,28.735575,2024,,HUMAN_OBSERVATION,KW,5489869027,4fa7b334-ce0d-4e88-aaae-2e0c138d049e
48.119457,29.133131,2024,,HUMAN_OBSERVATION,KW,5492023127,4fa7b334-ce0d-4e88-aaae-2e0c138d049e
47.770287,30.030807,2024,,HUMAN_OBSERVATION,KW,5494922468,4fa7b334-ce0d-4e88-aaae-2e0c138d049e
47.99427,29.373367,2024,,HUMAN_OBSERVATION,KW,5505045557,4fa7b334-ce0d-4e88-aaae-2e0c138d049e
48.020424,29.32242,2024,,HUMAN_OBSERVATION,KW,5509349297,4fa7b334-ce0d-4e88-aaae-2e0c138d049e
47.707787,29.553898,2024,,HUMAN_OBSERVATION,KW,5511982190,4fa7b334-ce0d-4e88-aaae-2e0c138d049e
47.707787,29.553898,2024,,HUMAN_OBSERVATION,KW,5514509705,4fa7b334-ce0d-4e88-aaae-2e0c138d049e
47.8153,29.27114,2024,,HUMAN_OBSERVATION,KW,5521754716,4fa7b334-ce0d-4e88-aaae-2e0c138d049e
48.036327,29.335262,2024,,HUMAN_OBSERVATION,KW,5524851901,4fa7b334-ce0d-4e88-aaae-2e0c138d049e
47.88523,31.26294,2024,,HUMAN_OBSERVATION,IR,5532848767,4fa7b334-ce0d-4e88-aaae-2e0c138d049e
47.870865,29.322924,2024,,HUMAN_OBSERVATION,KW,5535822870,4fa7b334-ce0d-4e88-aaae-2e0c138d049e
47.90282,29.334694,2024,,HUMAN_OBSERVATION,KW,5538152006,4fa7b334-ce0d-4e88-aaae-2e0c138d049e
47.707787,29.553898,2024,,HUMAN_OBSERVATION,KW,5542981666,4fa7b334-ce0d-4e88-aaae-2e0c138d049e
47.674255,29.351254,2024,,HUMAN_OBSERVATION,KW,5545891762,4fa7b334-ce0d-4e88-aaae-2e0c138d049e
47.870865,29.322924,2024,,HUMAN_OBSERVATION,KW,5546617561,4fa7b334-ce0d-4e88-aaae-2e0c138d049e
48.036327,29.335262,2024,,HUMAN_OBSERVATION,KW,5551708610,4fa7b334-ce0d-4e88-aaae-2e0c138d049e
47.674255,29.351254,2024,,HUMAN_OBSERVATION,KW,5552010918,4fa7b334-ce0d-4e88-aaae-2e0c138d049e
47.879566,29.32497,2024,,HUMAN_OBSERVATION,KW,5555044616,4fa7b334-ce0d-4e88-aaae-2e0c138d049e
47.99427,29.373367,2024,,HUMAN_OBSERVATION,KW,5557931179,4fa7b334-ce0d-4e88-aaae-2e0c138d049e
47.99427,29.373367,2024,,HUMAN_OBSERVATION,KW,5560496701,4fa7b334-ce0d-4e88-aaae-2e0c138d049e
48.036327,29.335262,2024,,HUMAN_OBSERVATION,KW,5561419175,4fa7b334-ce0d-4e88-aaae-2e0c138d049e
40.275505,29.882643,2024,,HUMAN_OBSERVATION,SA,5561764363,4fa7b334-ce0d-4e88-aaae-2e0c138d049e
47.674255,29.351254,2024,,HUMAN_OBSERVATION,KW,5562449557,4fa7b334-ce0d-4e88-aaae-2e0c138d049e
47.770287,30.030807,2024,,HUMAN_OBSERVATION,KW,5564427950,4fa7b334-ce0d-4e88-aaae-2e0c138d049e
47.707787,29.553898,2024,,HUMAN_OBSERVATION,KW,5565095313,4fa7b334-ce0d-4e88-aaae-2e0c138d049e
48.23728,32.070675,2024,,HUMAN_OBSERVATION,IR,5570709831,4fa7b334-ce0d-4e88-aaae-2e0c138d049e
48.035633,29.336807,2024,,HUMAN_OBSERVATION,KW,5577776621,4fa7b334-ce0d-4e88-aaae-2e0c138d049e
48.40851,32.40536,2024,,HUMAN_OBSERVATION,IR,5581761183,4fa7b334-ce0d-4e88-aaae-2e0c138d049e
48.658436,31.30255,2024,,HUMAN_OBSERVATION,IR,5583001061,4fa7b334-ce0d-4e88-aaae-2e0c138d049e
47.880135,29.323654,2024,,HUMAN_OBSERVATION,KW,5593688970,4fa7b334-ce0d-4e88-aaae-2e0c138d049e
48.120953,29.133938,2024,,HUMAN_OBSERVATION,KW,5595256489,4fa7b334-ce0d-4e88-aaae-2e0c138d049e
47.8153,29.27114,2024,,HUMAN_OBSERVATION,KW,5595718755,4fa7b334-ce0d-4e88-aaae-2e0c138d049e
47.707787,29.553898,2024,,HUMAN_OBSERVATION,KW,5600598490,4fa7b334-ce0d-4e88-aaae-2e0c138d049e
48.658436,31.30255,2024,,HUMAN_OBSERVATION,IR,5602130558,4fa7b334-ce0d-4e88-aaae-2e0c138d049e
48.658436,31.30255,2024,,HUMAN_OBSERVATION,IR,5604214324,4fa7b334-ce0d-4e88-aaae-2e0c138d049e
47.90863,29.357641,2024,,HUMAN_OBSERVATION,KW,5615339454,4fa7b334-ce0d-4e88-aaae-2e0c138d049e
48.036327,29.335262,2024,,HUMAN_OBSERVATION,KW,5615603850,4fa7b334-ce0d-4e88-aaae-2e0c138d049e
47.707787,29.553898,2024,,HUMAN_OBSERVATION,KW,5620446856,4fa7b334-ce0d-4e88-aaae-2e0c138d049e
47.8153,29.27114,2024,,HUMAN_OBSERVATION,KW,5630145037,4fa7b334-ce0d-4e88-aaae-2e0c138d049e
47.90282,29.334694,2024,,HUMAN_OBSERVATION,KW,5630768826,4fa7b334-ce0d-4e88-aaae-2e0c138d049e
48.662796,31.306692,2024,,HUMAN_OBSERVATION,IR,5633158926,4fa7b334-ce0d-4e88-aaae-2e0c138d049e
47.90268,29.33483,2024,,HUMAN_OBSERVATION,KW,5634440882,4fa7b334-ce0d-4e88-aaae-2e0c138d049e
42.941135,36.880764,2024,,HUMAN_OBSERVATION,IQ,5636116341,4fa7b334-ce0d-4e88-aaae-2e0c138d049e
48.119457,29.133131,2024,,HUMAN_OBSERVATION,KW,5641502204,4fa7b334-ce0d-4e88-aaae-2e0c138d049e
48.14393,28.58613,2024,,HUMAN_OBSERVATION,KW,5648161198,4fa7b334-ce0d-4e88-aaae-2e0c138d049e
47.90282,29.334694,2024,,HUMAN_OBSERVATION,KW,5648876615,4fa7b334-ce0d-4e88-aaae-2e0c138d049e
47.674255,29.351254,2024,,HUMAN_OBSERVATION,KW,5652606699,4fa7b334-ce0d-4e88-aaae-2e0c138d049e
47.870865,29.322924,2024,,HUMAN_OBSERVATION,KW,5657785087,4fa7b334-ce0d-4e88-aaae-2e0c138d049e
47.90268,29.33483,2024,,HUMAN_OBSERVATION,KW,5662875978,4fa7b334-ce0d-4e88-aaae-2e0c138d049e
47.674255,29.351254,2024,,HUMAN_OBSERVATION,KW,5665954844,4fa7b334-ce0d-4e88-aaae-2e0c138d049e
48.658436,31.30255,2024,,HUMAN_OBSERVATION,IR,5677309490,4fa7b334-ce0d-4e88-aaae-2e0c138d049e
48.119457,29.133131,2024,,HUMAN_OBSERVATION,KW,5682279509,4fa7b334-ce0d-4e88-aaae-2e0c138d049e
47.99427,29.373367,2024,,HUMAN_OBSERVATION,KW,5702085455,4fa7b334-ce0d-4e88-aaae-2e0c138d049e
47.86107,29.319452,2024,,HUMAN_OBSERVATION,KW,5297456898,4fa7b334-ce0d-4e88-aaae-2e0c138d049e
42.96748,36.86967,2024,,HUMAN_OBSERVATION,IQ,5310559709,4fa7b334-ce0d-4e88-aaae-2e0c138d049e
48.11621,29.1906,2024,,HUMAN_OBSERVATION,KW,5310952839,4fa7b334-ce0d-4e88-aaae-2e0c138d049e
48.60681,31.121664,2024,,HUMAN_OBSERVATION,IR,5311664596,4fa7b334-ce0d-4e88-aaae-2e0c138d049e
47.99427,29.373367,2024,,HUMAN_OBSERVATION,KW,5314254648,4fa7b334-ce0d-4e88-aaae-2e0c138d049e
48.119457,29.133131,2024,,HUMAN_OBSERVATION,KW,5314869573,4fa7b334-ce0d-4e88-aaae-2e0c138d049e
48.38512,28.741928,2024,,HUMAN_OBSERVATION,KW,5320516060,4fa7b334-ce0d-4e88-aaae-2e0c138d049e
47.86107,29.319452,2024,,HUMAN_OBSERVATION,KW,5321060429,4fa7b334-ce0d-4e88-aaae-2e0c138d049e
47.674255,29.351254,2024,,HUMAN_OBSERVATION,KW,5321154270,4fa7b334-ce0d-4e88-aaae-2e0c138d049e
48.283993,28.878042,2024,,HUMAN_OBSERVATION,KW,5322272741,4fa7b334-ce0d-4e88-aaae-2e0c138d049e
47.88523,31.26294,2024,,HUMAN_OBSERVATION,IR,5323459814,4fa7b334-ce0d-4e88-aaae-2e0c138d049e
48.322334,29.440195,2024,,HUMAN_OBSERVATION,KW,5327986292,4fa7b334-ce0d-4e88-aaae-2e0c138d049e
48.322334,29.440195,2024,,HUMAN_OBSERVATION,KW,5333309196,4fa7b334-ce0d-4e88-aaae-2e0c138d049e
47.674255,29.351254,2024,,HUMAN_OBSERVATION,KW,5334646879,4fa7b334-ce0d-4e88-aaae-2e0c138d049e
48.284237,28.877739,2024,,HUMAN_OBSERVATION,KW,5339785690,4fa7b334-ce0d-4e88-aaae-2e0c138d049e
48.28485,28.876228,2024,,HUMAN_OBSERVATION,KW,5340357249,4fa7b334-ce0d-4e88-aaae-2e0c138d049e
47.693195,29.36198,2024,,HUMAN_OBSERVATION,KW,5341398117,4fa7b334-ce0d-4e88-aaae-2e0c138d049e
47.99427,29.373367,2024,,HUMAN_OBSERVATION,KW,5342341200,4fa7b334-ce0d-4e88-aaae-2e0c138d049e
47.707787,29.553898,2024,,HUMAN_OBSERVATION,KW,5343855554,4fa7b334-ce0d-4e88-aaae-2e0c138d049e
47.909885,29.338802,2024,,HUMAN_OBSERVATION,KW,5343986934,4fa7b334-ce0d-4e88-aaae-2e0c138d049e
48.283993,28.878042,2024,,HUMAN_OBSERVATION,KW,5344374284,4fa7b334-ce0d-4e88-aaae-2e0c138d049e
46.9602,29.366991,2024,,HUMAN_OBSERVATION,KW,5344591452,4fa7b334-ce0d-4e88-aaae-2e0c138d049e
48.142067,28.586767,2024,,HUMAN_OBSERVATION,KW,5344612284,4fa7b334-ce0d-4e88-aaae-2e0c138d049e
47.90881,29.338165,2024,,HUMAN_OBSERVATION,KW,5345997077,4fa7b334-ce0d-4e88-aaae-2e0c138d049e
47.674255,29.351254,2024,,HUMAN_OBSERVATION,KW,5346045650,4fa7b334-ce0d-4e88-aaae-2e0c138d049e
47.707787,29.553898,2024,,HUMAN_OBSERVATION,KW,5348256532,4fa7b334-ce0d-4e88-aaae-2e0c138d049e
47.909885,29.338802,2024,,HUMAN_OBSERVATION,KW,5348594693,4fa7b334-ce0d-4e88-aaae-2e0c138d049e
47.90268,29.33483,2024,,HUMAN_OBSERVATION,KW,5352897058,4fa7b334-ce0d-4e88-aaae-2e0c138d049e
47.99427,29.373367,2024,,HUMAN_OBSERVATION,KW,5361948434,4fa7b334-ce0d-4e88-aaae-2e0c138d049e
47.707787,29.553898,2024,,HUMAN_OBSERVATION,KW,5365213407,4fa7b334-ce0d-4e88-aaae-2e0c138d049e
47.99427,29.373367,2024,,HUMAN_OBSERVATION,KW,5378935903,4fa7b334-ce0d-4e88-aaae-2e0c138d049e
47.99427,29.373367,2024,,HUMAN_OBSERVATION,KW,5381421197,4fa7b334-ce0d-4e88-aaae-2e0c138d049e
39.892223,29.821308,2024,,HUMAN_OBSERVATION,SA,5385068478,4fa7b334-ce0d-4e88-aaae-2e0c138d049e
47.707787,29.553898,2024,,HUMAN_OBSERVATION,KW,5385504473,4fa7b334-ce0d-4e88-aaae-2e0c138d049e
47.86107,29.319452,2024,,HUMAN_OBSERVATION,KW,5395637062,4fa7b334-ce0d-4e88-aaae-2e0c138d049e
48.11621,29.1906,2024,,HUMAN_OBSERVATION,KW,5395709550,4fa7b334-ce0d-4e88-aaae-2e0c138d049e
47.90282,29.334694,2024,,HUMAN_OBSERVATION,KW,5400793581,4fa7b334-ce0d-4e88-aaae-2e0c138d049e
47.707787,29.553898,2024,,HUMAN_OBSERVATION,KW,5401688993,4fa7b334-ce0d-4e88-aaae-2e0c138d049e
47.75465,29.257349,2024,,HUMAN_OBSERVATION,KW,5405717520,4fa7b334-ce0d-4e88-aaae-2e0c138d049e
48.658436,31.30255,2024,,HUMAN_OBSERVATION,IR,5411916058,4fa7b334-ce0d-4e88-aaae-2e0c138d049e
47.90881,29.338165,2024,,HUMAN_OBSERVATION,KW,5417502750,4fa7b334-ce0d-4e88-aaae-2e0c138d049e
48.28485,28.876228,2024,,HUMAN_OBSERVATION,KW,5419673945,4fa7b334-ce0d-4e88-aaae-2e0c138d049e
47.90282,29.334694,2024,,HUMAN_OBSERVATION,KW,5420585842,4fa7b334-ce0d-4e88-aaae-2e0c138d049e
47.810547,29.96825,2024,,HUMAN_OBSERVATION,KW,5421693759,4fa7b334-ce0d-4e88-aaae-2e0c138d049e
48.67674,31.333212,2024,,HUMAN_OBSERVATION,IR,5426146373,4fa7b334-ce0d-4e88-aaae-2e0c138d049e
48.11621,29.1906,2024,,HUMAN_OBSERVATION,KW,5426283760,4fa7b334-ce0d-4e88-aaae-2e0c138d049e
48.115276,29.19111,2024,,HUMAN_OBSERVATION,KW,5428252368,4fa7b334-ce0d-4e88-aaae-2e0c138d049e
47.99427,29.373367,2024,,HUMAN_OBSERVATION,KW,5430760577,4fa7b334-ce0d-4e88-aaae-2e0c138d049e
48.07511,29.091267,2024,,HUMAN_OBSERVATION,KW,5437563748,4fa7b334-ce0d-4e88-aaae-2e0c138d049e
48.11621,29.1906,2024,,HUMAN_OBSERVATION,KW,5458108492,4fa7b334-ce0d-4e88-aaae-2e0c138d049e
48.65547,31.296482,2024,,HUMAN_OBSERVATION,IR,5461415306,4fa7b334-ce0d-4e88-aaae-2e0c138d049e
48.39615,28.559195,2024,,HUMAN_OBSERVATION,KW,5464453399,4fa7b334-ce0d-4e88-aaae-2e0c138d049e
48.11621,29.1906,2024,,HUMAN_OBSERVATION,KW,5472943376,4fa7b334-ce0d-4e88-aaae-2e0c138d049e
47.707787,29.553898,2024,,HUMAN_OBSERVATION,KW,5473294897,4fa7b334-ce0d-4e88-aaae-2e0c138d049e
48.142067,28.586767,2024,,HUMAN_OBSERVATION,KW,5476583381,4fa7b334-ce0d-4e88-aaae-2e0c138d049e
47.911392,29.336807,2024,,HUMAN_OBSERVATION,KW,5478125924,4fa7b334-ce0d-4e88-aaae-2e0c138d049e
47.910843,29.33725,2024,,HUMAN_OBSERVATION,KW,5481815204,4fa7b334-ce0d-4e88-aaae-2e0c138d049e
47.86107,29.319452,2024,,HUMAN_OBSERVATION,KW,5483954230,4fa7b334-ce0d-4e88-aaae-2e0c138d049e
48.283596,28.878119,2024,,HUMAN_OBSERVATION,KW,5485388050,4fa7b334-ce0d-4e88-aaae-2e0c138d049e
48.142067,28.586767,2024,,HUMAN_OBSERVATION,KW,5488952290,4fa7b334-ce0d-4e88-aaae-2e0c138d049e
47.90268,29.33483,2024,,HUMAN_OBSERVATION,KW,5491333476,4fa7b334-ce0d-4e88-aaae-2e0c138d049e
47.99427,29.373367,2024,,HUMAN_OBSERVATION,KW,5492292793,4fa7b334-ce0d-4e88-aaae-2e0c138d049e
48.115276,29.19111,2024,,HUMAN_OBSERVATION,KW,5493451616,4fa7b334-ce0d-4e88-aaae-2e0c138d049e
47.707787,29.553898,2024,,HUMAN_OBSERVATION,KW,5495072269,4fa7b334-ce0d-4e88-aaae-2e0c138d049e
47.86107,29.319452,2024,,HUMAN_OBSERVATION,KW,5495920344,4fa7b334-ce0d-4e88-aaae-2e0c138d049e
42.965664,36.874023,2024,,HUMAN_OBSERVATION,IQ,5497338332,4fa7b334-ce0d-4e88-aaae-2e0c138d049e
47.707787,29.553898,2024,,HUMAN_OBSERVATION,KW,5498510818,4fa7b334-ce0d-4e88-aaae-2e0c138d049e
48.09665,29.352262,2024,,HUMAN_OBSERVATION,KW,5501127615,4fa7b334-ce0d-4e88-aaae-2e0c138d049e
47.674255,29.351254,2024,,HUMAN_OBSERVATION,KW,5504671998,4fa7b334-ce0d-4e88-aaae-2e0c138d049e
48.658436,31.30255,2024,,HUMAN_OBSERVATION,IR,5508224435,4fa7b334-ce0d-4e88-aaae-2e0c138d049e
48.120678,29.133404,2024,,HUMAN_OBSERVATION,KW,5514744749,4fa7b334-ce0d-4e88-aaae-2e0c138d049e
48.071224,29.07838,2024,,HUMAN_OBSERVATION,KW,5527359264,4fa7b334-ce0d-4e88-aaae-2e0c138d049e
47.99427,29.373367,2024,,HUMAN_OBSERVATION,KW,5527613289,4fa7b334-ce0d-4e88-aaae-2e0c138d049e
47.909,29.572233,2024,,HUMAN_OBSERVATION,KW,5546047258,4fa7b334-ce0d-4e88-aaae-2e0c138d049e
48.119457,29.133131,2024,,HUMAN_OBSERVATION,KW,5549668411,4fa7b334-ce0d-4e88-aaae-2e0c138d049e
48.283993,28.878042,2024,,HUMAN_OBSERVATION,KW,5564572450,4fa7b334-ce0d-4e88-aaae-2e0c138d049e
47.90282,29.334694,2024,,HUMAN_OBSERVATION,KW,5565202492,4fa7b334-ce0d-4e88-aaae-2e0c138d049e
47.909885,29.338802,2024,,HUMAN_OBSERVATION,KW,5565907968,4fa7b334-ce0d-4e88-aaae-2e0c138d049e
47.99427,29.373367,2024,,HUMAN_OBSERVATION,KW,5569402975,4fa7b334-ce0d-4e88-aaae-2e0c138d049e
47.75465,29.257349,2024,,HUMAN_OBSERVATION,KW,5572069481,4fa7b334-ce0d-4e88-aaae-2e0c138d049e
47.909885,29.338802,2024,,HUMAN_OBSERVATION,KW,5578778279,4fa7b334-ce0d-4e88-aaae-2e0c138d049e
48.0824,29.102577,2024,,HUMAN_OBSERVATION,KW,5580489806,4fa7b334-ce0d-4e88-aaae-2e0c138d049e
47.99427,29.373367,2024,,HUMAN_OBSERVATION,KW,5584698957,4fa7b334-ce0d-4e88-aaae-2e0c138d049e
39.892223,29.821308,2024,,HUMAN_OBSERVATION,SA,5592213051,4fa7b334-ce0d-4e88-aaae-2e0c138d049e
48.122143,29.166296,2024,,HUMAN_OBSERVATION,KW,5593610163,4fa7b334-ce0d-4e88-aaae-2e0c138d049e
47.707787,29.553898,2024,,HUMAN_OBSERVATION,KW,5594474244,4fa7b334-ce0d-4e88-aaae-2e0c138d049e
47.95879,29.363575,2024,,HUMAN_OBSERVATION,KW,5603245650,4fa7b334-ce0d-4e88-aaae-2e0c138d049e
47.90282,29.334694,2024,,HUMAN_OBSERVATION,KW,5606418081,4fa7b334-ce0d-4e88-aaae-2e0c138d049e
48.283993,28.878042,2024,,HUMAN_OBSERVATION,KW,5613415559,4fa7b334-ce0d-4e88-aaae-2e0c138d049e
48.115276,29.19111,2024,,HUMAN_OBSERVATION,KW,5616120896,4fa7b334-ce0d-4e88-aaae-2e0c138d049e
47.674255,29.351254,2024,,HUMAN_OBSERVATION,KW,5625995686,4fa7b334-ce0d-4e88-aaae-2e0c138d049e
48.115276,29.19111,2024,,HUMAN_OBSERVATION,KW,5627476313,4fa7b334-ce0d-4e88-aaae-2e0c138d049e
48.085983,29.193802,2024,,HUMAN_OBSERVATION,KW,5632632881,4fa7b334-ce0d-4e88-aaae-2e0c138d049e
47.909,29.572233,2024,,HUMAN_OBSERVATION,KW,5636733332,4fa7b334-ce0d-4e88-aaae-2e0c138d049e
47.707787,29.553898,2024,,HUMAN_OBSERVATION,KW,5639923221,4fa7b334-ce0d-4e88-aaae-2e0c138d049e
48.100555,29.34782,2024,,HUMAN_OBSERVATION,KW,5643548955,4fa7b334-ce0d-4e88-aaae-2e0c138d049e
48.119457,29.133131,2024,,HUMAN_OBSERVATION,KW,5648337710,4fa7b334-ce0d-4e88-aaae-2e0c138d049e
49.33887,31.884844,2024,,HUMAN_OBSERVATION,IR,5662452805,4fa7b334-ce0d-4e88-aaae-2e0c138d049e
47.770287,30.030807,2024,,HUMAN_OBSERVATION,KW,5663107526,4fa7b334-ce0d-4e88-aaae-2e0c138d049e
48.142067,28.586767,2024,,HUMAN_OBSERVATION,KW,5666084695,4fa7b334-ce0d-4e88-aaae-2e0c138d049e
48.11621,29.1906,2024,,HUMAN_OBSERVATION,KW,5669052971,4fa7b334-ce0d-4e88-aaae-2e0c138d049e
47.707787,29.553898,2024,,HUMAN_OBSERVATION,KW,5681643874,4fa7b334-ce0d-4e88-aaae-2e0c138d049e
48.09665,29.352262,2024,,HUMAN_OBSERVATION,KW,5683023867,4fa7b334-ce0d-4e88-aaae-2e0c138d049e
48.09665,29.352262,2024,,HUMAN_OBSERVATION,KW,5688296426,4fa7b334-ce0d-4e88-aaae-2e0c138d049e
47.976803,29.386856,2024,,HUMAN_OBSERVATION,KW,5695604410,4fa7b334-ce0d-4e88-aaae-2e0c138d049e
47.86107,29.319452,2024,,HUMAN_OBSERVATION,KW,5707382898,4fa7b334-ce0d-4e88-aaae-2e0c138d049e
48.096731,29.35163,2024,4.0,HUMAN_OBSERVATION,KW,5008423001,50c9509d-22c7-4a22-a47d-8c48425ef4a7
47.693195,29.36198,2024,,HUMAN_OBSERVATION,KW,5307310581,4fa7b334-ce0d-4e88-aaae-2e0c138d049e
48.085983,29.193802,2024,,HUMAN_OBSERVATION,KW,5309734734,4fa7b334-ce0d-4e88-aaae-2e0c138d049e
48.40104,28.549696,2024,,HUMAN_OBSERVATION,KW,5327132275,4fa7b334-ce0d-4e88-aaae-2e0c138d049e
47.856106,29.25322,2024,,HUMAN_OBSERVATION,KW,5339713566,4fa7b334-ce0d-4e88-aaae-2e0c138d049e
46.9602,29.366991,2024,,HUMAN_OBSERVATION,KW,5341808015,4fa7b334-ce0d-4e88-aaae-2e0c138d049e
48.02536,29.254654,2024,,HUMAN_OBSERVATION,KW,5360686595,4fa7b334-ce0d-4e88-aaae-2e0c138d049e
48.38606,28.64303,2024,,HUMAN_OBSERVATION,KW,5362012594,4fa7b334-ce0d-4e88-aaae-2e0c138d049e
47.707787,29.553898,2024,,HUMAN_OBSERVATION,KW,5368257355,4fa7b334-ce0d-4e88-aaae-2e0c138d049e
48.65746,31.29423,2024,,HUMAN_OBSERVATION,IR,5370262860,4fa7b334-ce0d-4e88-aaae-2e0c138d049e
48.40104,28.549696,2024,,HUMAN_OBSERVATION,KW,5371854803,4fa7b334-ce0d-4e88-aaae-2e0c138d049e
48.28168,28.87618,2024,,HUMAN_OBSERVATION,KW,5376816783,4fa7b334-ce0d-4e88-aaae-2e0c138d049e
48.143425,29.08011,2024,,HUMAN_OBSERVATION,KW,5380058139,4fa7b334-ce0d-4e88-aaae-2e0c138d049e
47.95077,29.352049,2024,,HUMAN_OBSERVATION,KW,5390696331,4fa7b334-ce0d-4e88-aaae-2e0c138d049e
47.98448,28.550373,2024,,HUMAN_OBSERVATION,KW,5392230385,4fa7b334-ce0d-4e88-aaae-2e0c138d049e
48.65547,31.296482,2024,,HUMAN_OBSERVATION,IR,5394741465,4fa7b334-ce0d-4e88-aaae-2e0c138d049e
48.07765,29.327742,2024,,HUMAN_OBSERVATION,KW,5416237094,4fa7b334-ce0d-4e88-aaae-2e0c138d049e
48.115276,29.19111,2024,,HUMAN_OBSERVATION,KW,5425248374,4fa7b334-ce0d-4e88-aaae-2e0c138d049e
47.707787,29.553898,2024,,HUMAN_OBSERVATION,KW,5427113544,4fa7b334-ce0d-4e88-aaae-2e0c138d049e
47.90282,29.334694,2024,,HUMAN_OBSERVATION,KW,5443115457,4fa7b334-ce0d-4e88-aaae-2e0c138d049e
47.75465,29.257349,2024,,HUMAN_OBSERVATION,KW,5450829029,4fa7b334-ce0d-4e88-aaae-2e0c138d049e
47.707787,29.553898,2024,,HUMAN_OBSERVATION,KW,5451177519,4fa7b334-ce0d-4e88-aaae-2e0c138d049e
47.99427,29.373367,2024,,HUMAN_OBSERVATION,KW,5453515992,4fa7b334-ce0d-4e88-aaae-2e0c138d049e
47.810547,29.96825,2024,,HUMAN_OBSERVATION,KW,5464019087,4fa7b334-ce0d-4e88-aaae-2e0c138d049e
47.978683,29.365828,2024,,HUMAN_OBSERVATION,KW,5482689155,4fa7b334-ce0d-4e88-aaae-2e0c138d049e
47.95077,29.352049,2024,,HUMAN_OBSERVATION,KW,5488095406,4fa7b334-ce0d-4e88-aaae-2e0c138d049e
47.707787,29.553898,2024,,HUMAN_OBSERVATION,KW,5494405320,4fa7b334-ce0d-4e88-aaae-2e0c138d049e
48.02536,29.254654,2024,,HUMAN_OBSERVATION,KW,5514202541,4fa7b334-ce0d-4e88-aaae-2e0c138d049e
47.707787,29.553898,2024,,HUMAN_OBSERVATION,KW,5516203351,4fa7b334-ce0d-4e88-aaae-2e0c138d049e
47.707787,29.553898,2024,,HUMAN_OBSERVATION,KW,5532335214,4fa7b334-ce0d-4e88-aaae-2e0c138d049e
47.699863,29.174362,2024,,HUMAN_OBSERVATION,KW,5545821255,4fa7b334-ce0d-4e88-aaae-2e0c138d049e
48.12875,28.589039,2024,,HUMAN_OBSERVATION,KW,5554505563,4fa7b334-ce0d-4e88-aaae-2e0c138d049e
48.172794,28.877954,2024,,HUMAN_OBSERVATION,KW,5556068711,4fa7b334-ce0d-4e88-aaae-2e0c138d049e
47.69856,29.353527,2024,,HUMAN_OBSERVATION,KW,5565832963,4fa7b334-ce0d-4e88-aaae-2e0c138d049e
48.173416,28.594448,2024,,HUMAN_OBSERVATION,KW,5570471717,4fa7b334-ce0d-4e88-aaae-2e0c138d049e
47.90282,29.334694,2024,,HUMAN_OBSERVATION,KW,5571000756,4fa7b334-ce0d-4e88-aaae-2e0c138d049e
47.86107,29.319452,2024,,HUMAN_OBSERVATION,KW,5572849766,4fa7b334-ce0d-4e88-aaae-2e0c138d049e
47.75465,29.257349,2024,,HUMAN_OBSERVATION,KW,5578239013,4fa7b334-ce0d-4e88-aaae-2e0c138d049e
47.707787,29.553898,2024,,HUMAN_OBSERVATION,KW,5589963871,4fa7b334-ce0d-4e88-aaae-2e0c138d049e
48.40104,28.549696,2024,,HUMAN_OBSERVATION,KW,5598905765,4fa7b334-ce0d-4e88-aaae-2e0c138d049e
48.40104,28.549696,2024,,HUMAN_OBSERVATION,KW,5605413608,4fa7b334-ce0d-4e88-aaae-2e0c138d049e
47.902237,29.334848,2024,,HUMAN_OBSERVATION,KW,5609623544,4fa7b334-ce0d-4e88-aaae-2e0c138d049e
47.880135,29.323654,2024,,HUMAN_OBSERVATION,KW,5611334699,4fa7b334-ce0d-4e88-aaae-2e0c138d049e
47.75465,29.257349,2024,,HUMAN_OBSERVATION,KW,5615244770,4fa7b334-ce0d-4e88-aaae-2e0c138d049e
48.1572,28.604994,2024,,HUMAN_OBSERVATION,KW,5628785118,4fa7b334-ce0d-4e88-aaae-2e0c138d049e
47.75465,29.257349,2024,,HUMAN_OBSERVATION,KW,5635956826,4fa7b334-ce0d-4e88-aaae-2e0c138d049e
47.674255,29.351254,2024,,HUMAN_OBSERVATION,KW,5664607530,4fa7b334-ce0d-4e88-aaae-2e0c138d049e
47.707787,29.553898,2024,,HUMAN_OBSERVATION,KW,5667223743,4fa7b334-ce0d-4e88-aaae-2e0c138d049e
48.07701,29.341022,2024,,HUMAN_OBSERVATION,KW,5667235361,4fa7b334-ce0d-4e88-aaae-2e0c138d049e
48.17418,28.593235,2024,,HUMAN_OBSERVATION,KW,5670447294,4fa7b334-ce0d-4e88-aaae-2e0c138d049e
44.377167,33.346306,2024,,HUMAN_OBSERVATION,IQ,5696701540,4fa7b334-ce0d-4e88-aaae-2e0c138d049e
47.75465,29.257349,2024,,HUMAN_OBSERVATION,KW,5709081941,4fa7b334-ce0d-4e88-aaae-2e0c138d049e
47.994085,29.389463,2023,5.0,HUMAN_OBSERVATION,KW,4029008462,50c9509d-22c7-4a22-a47d-8c48425ef4a7
47.707787,29.553898,2023,,HUMAN_OBSERVATION,KW,4609053075,4fa7b334-ce0d-4e88-aaae-2e0c138d049e
48.119457,29.133131,2023,,HUMAN_OBSERVATION,KW,4609291619,4fa7b334-ce0d-4e88-aaae-2e0c138d049e
47.75465,29.257349,2023,,HUMAN_OBSERVATION,KW,4614192357,4fa7b334-ce0d-4e88-aaae-2e0c138d049e
47.707787,29.553898,2023,,HUMAN_OBSERVATION,KW,4618597001,4fa7b334-ce0d-4e88-aaae-2e0c138d049e
47.99427,29.373367,2023,,HUMAN_OBSERVATION,KW,4621010386,4fa7b334-ce0d-4e88-aaae-2e0c138d049e
48.03714,29.33102,2023,,HUMAN_OBSERVATION,KW,4624695727,4fa7b334-ce0d-4e88-aaae-2e0c138d049e
48.392727,28.590336,2023,,HUMAN_OBSERVATION,KW,4627763640,4fa7b334-ce0d-4e88-aaae-2e0c138d049e
48.06333,29.339722,2023,,HUMAN_OBSERVATION,KW,4643331198,4fa7b334-ce0d-4e88-aaae-2e0c138d049e
44.43227,32.54165,2023,,HUMAN_OBSERVATION,IQ,4645265745,4fa7b334-ce0d-4e88-aaae-2e0c138d049e
48.06333,29.339722,2023,,HUMAN_OBSERVATION,KW,4649520213,4fa7b334-ce0d-4e88-aaae-2e0c138d049e
47.674255,29.351254,2023,,HUMAN_OBSERVATION,KW,4650071282,4fa7b334-ce0d-4e88-aaae-2e0c138d049e
47.773666,29.26367,2023,,HUMAN_OBSERVATION,KW,4650100383,4fa7b334-ce0d-4e88-aaae-2e0c138d049e
47.880135,29.323654,2023,,HUMAN_OBSERVATION,KW,4657294753,4fa7b334-ce0d-4e88-aaae-2e0c138d049e
47.707787,29.553898,2023,,HUMAN_OBSERVATION,KW,4657933753,4fa7b334-ce0d-4e88-aaae-2e0c138d049e
47.707787,29.553898,2023,,HUMAN_OBSERVATION,KW,4661484917,4fa7b334-ce0d-4e88-aaae-2e0c138d049e
47.880135,29.323654,2023,,HUMAN_OBSERVATION,KW,4663420482,4fa7b334-ce0d-4e88-aaae-2e0c138d049e
47.693195,29.36198,2023,,HUMAN_OBSERVATION,KW,4664903654,4fa7b334-ce0d-4e88-aaae-2e0c138d049e
47.707787,29.553898,2023,,HUMAN_OBSERVATION,KW,4674374976,4fa7b334-ce0d-4e88-aaae-2e0c138d049e
48.120678,29.133404,2023,,HUMAN_OBSERVATION,KW,4676502269,4fa7b334-ce0d-4e88-aaae-2e0c138d049e
48.076653,29.328024,2023,,HUMAN_OBSERVATION,KW,4677022192,4fa7b334-ce0d-4e88-aaae-2e0c138d049e
48.129047,29.129276,2023,,HUMAN_OBSERVATION,KW,4677302770,4fa7b334-ce0d-4e88-aaae-2e0c138d049e
48.122173,29.165966,2023,,HUMAN_OBSERVATION,KW,4681348911,4fa7b334-ce0d-4e88-aaae-2e0c138d049e
47.90282,29.334694,2023,,HUMAN_OBSERVATION,KW,4685984555,4fa7b334-ce0d-4e88-aaae-2e0c138d049e
47.950382,29.351929,2023,,HUMAN_OBSERVATION,KW,4687994754,4fa7b334-ce0d-4e88-aaae-2e0c138d049e
47.693195,29.36198,2023,,HUMAN_OBSERVATION,KW,4691304001,4fa7b334-ce0d-4e88-aaae-2e0c138d049e
48.392178,28.591267,2023,,HUMAN_OBSERVATION,KW,4692867883,4fa7b334-ce0d-4e88-aaae-2e0c138d049e
47.674255,29.351254,2023,,HUMAN_OBSERVATION,KW,4695137952,4fa7b334-ce0d-4e88-aaae-2e0c138d049e
48.093,29.24543,2023,,HUMAN_OBSERVATION,KW,4697833782,4fa7b334-ce0d-4e88-aaae-2e0c138d049e
48.06333,29.339722,2023,,HUMAN_OBSERVATION,KW,4699114598,4fa7b334-ce0d-4e88-aaae-2e0c138d049e
48.129047,29.129276,2023,,HUMAN_OBSERVATION,KW,4751515773,4fa7b334-ce0d-4e88-aaae-2e0c138d049e
47.674255,29.351254,2023,,HUMAN_OBSERVATION,KW,4759368005,4fa7b334-ce0d-4e88-aaae-2e0c138d049e
47.707787,29.553898,2023,,HUMAN_OBSERVATION,KW,4765190965,4fa7b334-ce0d-4e88-aaae-2e0c138d049e
48.06333,29.339722,2023,,HUMAN_OBSERVATION,KW,4766509565,4fa7b334-ce0d-4e88-aaae-2e0c138d049e
47.707787,29.553898,2023,,HUMAN_OBSERVATION,KW,4767023752,4fa7b334-ce0d-4e88-aaae-2e0c138d049e
47.707787,29.553898,2023,,HUMAN_OBSERVATION,KW,4767336019,4fa7b334-ce0d-4e88-aaae-2e0c138d049e
47.707787,29.553898,2023,,HUMAN_OBSERVATION,KW,4768344402,4fa7b334-ce0d-4e88-aaae-2e0c138d049e
47.9753,29.237,2023,,HUMAN_OBSERVATION,KW,4769937015,4fa7b334-ce0d-4e88-aaae-2e0c138d049e
47.707787,29.553898,2023,,HUMAN_OBSERVATION,KW,4771850166,4fa7b334-ce0d-4e88-aaae-2e0c138d049e
48.06333,29.339722,2023,,HUMAN_OBSERVATION,KW,4773635065,4fa7b334-ce0d-4e88-aaae-2e0c138d049e
47.99427,29.373367,2023,,HUMAN_OBSERVATION,KW,4781538137,4fa7b334-ce0d-4e88-aaae-2e0c138d049e
47.707787,29.553898,2023,,HUMAN_OBSERVATION,KW,4782941659,4fa7b334-ce0d-4e88-aaae-2e0c138d049e
47.909,29.572233,2023,,HUMAN_OBSERVATION,KW,4785307549,4fa7b334-ce0d-4e88-aaae-2e0c138d049e
47.707787,29.553898,2023,,HUMAN_OBSERVATION,KW,4791403274,4fa7b334-ce0d-4e88-aaae-2e0c138d049e
47.880135,29.323654,2023,,HUMAN_OBSERVATION,KW,4806924537,4fa7b334-ce0d-4e88-aaae-2e0c138d049e
48.09629,29.35121,2023,,HUMAN_OBSERVATION,KW,4610099864,4fa7b334-ce0d-4e88-aaae-2e0c138d049e
47.693195,29.36198,2023,,HUMAN_OBSERVATION,KW,4610714662,4fa7b334-ce0d-4e88-aaae-2e0c138d049e
47.90282,29.334694,2023,,HUMAN_OBSERVATION,KW,4620433116,4fa7b334-ce0d-4e88-aaae-2e0c138d049e
48.201244,28.92512,2023,,HUMAN_OBSERVATION,KW,4620951492,4fa7b334-ce0d-4e88-aaae-2e0c138d049e
47.674255,29.351254,2023,,HUMAN_OBSERVATION,KW,4622811942,4fa7b334-ce0d-4e88-aaae-2e0c138d049e
48.416862,28.549974,2023,,HUMAN_OBSERVATION,KW,4630442093,4fa7b334-ce0d-4e88-aaae-2e0c138d049e
48.122173,29.165966,2023,,HUMAN_OBSERVATION,KW,4631463131,4fa7b334-ce0d-4e88-aaae-2e0c138d049e
48.100964,29.135288,2023,,HUMAN_OBSERVATION,KW,4631514123,4fa7b334-ce0d-4e88-aaae-2e0c138d049e
48.240067,32.072495,2023,,HUMAN_OBSERVATION,IR,4631761701,4fa7b334-ce0d-4e88-aaae-2e0c138d049e
46.9602,29.366991,2023,,HUMAN_OBSERVATION,KW,4632472410,4fa7b334-ce0d-4e88-aaae-2e0c138d049e
47.674255,29.351254,2023,,HUMAN_OBSERVATION,KW,4637116611,4fa7b334-ce0d-4e88-aaae-2e0c138d049e
48.100555,29.34782,2023,,HUMAN_OBSERVATION,KW,4639424030,4fa7b334-ce0d-4e88-aaae-2e0c138d049e
46.9602,29.366991,2023,,HUMAN_OBSERVATION,KW,4639966560,4fa7b334-ce0d-4e88-aaae-2e0c138d049e
47.90268,29.33483,2023,,HUMAN_OBSERVATION,KW,4642879946,4fa7b334-ce0d-4e88-aaae-2e0c138d049e
48.11621,29.1906,2023,,HUMAN_OBSERVATION,KW,4651915166,4fa7b334-ce0d-4e88-aaae-2e0c138d049e
46.9602,29.366991,2023,,HUMAN_OBSERVATION,KW,4652499850,4fa7b334-ce0d-4e88-aaae-2e0c138d049e
47.950382,29.351929,2023,,HUMAN_OBSERVATION,KW,4653069136,4fa7b334-ce0d-4e88-aaae-2e0c138d049e
46.9602,29.366991,2023,,HUMAN_OBSERVATION,KW,4657677895,4fa7b334-ce0d-4e88-aaae-2e0c138d049e
48.068447,29.094673,2023,,HUMAN_OBSERVATION,KW,4661109254,4fa7b334-ce0d-4e88-aaae-2e0c138d049e
48.063004,29.108223,2023,,HUMAN_OBSERVATION,KW,4667008561,4fa7b334-ce0d-4e88-aaae-2e0c138d049e
44.41618,33.313526,2023,,HUMAN_OBSERVATION,IQ,4669084761,4fa7b334-ce0d-4e88-aaae-2e0c138d049e
40.3439,29.952332,2023,,HUMAN_OBSERVATION,SA,4676929300,4fa7b334-ce0d-4e88-aaae-2e0c138d049e
47.75465,29.257349,2023,,HUMAN_OBSERVATION,KW,4680261674,4fa7b334-ce0d-4e88-aaae-2e0c138d049e
48.392178,28.591267,2023,,HUMAN_OBSERVATION,KW,4680412874,4fa7b334-ce0d-4e88-aaae-2e0c138d049e
48.119457,29.133131,2023,,HUMAN_OBSERVATION,KW,4693155872,4fa7b334-ce0d-4e88-aaae-2e0c138d049e
47.99427,29.373367,2023,,HUMAN_OBSERVATION,KW,4695543112,4fa7b334-ce0d-4e88-aaae-2e0c138d049e
46.9602,29.366991,2023,,HUMAN_OBSERVATION,KW,4695925742,4fa7b334-ce0d-4e88-aaae-2e0c138d049e
48.383587,28.61766,2023,,HUMAN_OBSERVATION,KW,4699699115,4fa7b334-ce0d-4e88-aaae-2e0c138d049e
48.06333,29.339722,2023,,HUMAN_OBSERVATION,KW,4702303378,4fa7b334-ce0d-4e88-aaae-2e0c138d049e
47.90282,29.334694,2023,,HUMAN_OBSERVATION,KW,4702386900,4fa7b334-ce0d-4e88-aaae-2e0c138d049e
47.90282,29.334694,2023,,HUMAN_OBSERVATION,KW,4706386592,4fa7b334-ce0d-4e88-aaae-2e0c138d049e
48.09665,29.352262,2023,,HUMAN_OBSERVATION,KW,4706983044,4fa7b334-ce0d-4e88-aaae-2e0c138d049e
47.90282,29.334694,2023,,HUMAN_OBSERVATION,KW,4707616274,4fa7b334-ce0d-4e88-aaae-2e0c138d049e
48.100555,29.34782,2023,,HUMAN_OBSERVATION,KW,4707736739,4fa7b334-ce0d-4e88-aaae-2e0c138d049e
47.905277,29.339333,2023,,HUMAN_OBSERVATION,KW,4708033327,4fa7b334-ce0d-4e88-aaae-2e0c138d049e
48.398457,28.57787,2023,,HUMAN_OBSERVATION,KW,4708190399,4fa7b334-ce0d-4e88-aaae-2e0c138d049e
47.90282,29.334694,2023,,HUMAN_OBSERVATION,KW,4708571944,4fa7b334-ce0d-4e88-aaae-2e0c138d049e
47.90282,29.334694,2023,,HUMAN_OBSERVATION,KW,4708664684,4fa7b334-ce0d-4e88-aaae-2e0c138d049e
48.119457,29.133131,2023,,HUMAN_OBSERVATION,KW,4708750303,4fa7b334-ce0d-4e88-aaae-2e0c138d049e
46.9602,29.366991,2023,,HUMAN_OBSERVATION,KW,4709655867,4fa7b334-ce0d-4e88-aaae-2e0c138d049e
47.810547,29.96825,2023,,HUMAN_OBSERVATION,KW,4711420900,4fa7b334-ce0d-4e88-aaae-2e0c138d049e
48.068333,29.344845,2023,,HUMAN_OBSERVATION,KW,4713938926,4fa7b334-ce0d-4e88-aaae-2e0c138d049e
48.09665,29.352262,2023,,HUMAN_OBSERVATION,KW,4714013277,4fa7b334-ce0d-4e88-aaae-2e0c138d049e
48.100555,29.34782,2023,,HUMAN_OBSERVATION,KW,4732483140,4fa7b334-ce0d-4e88-aaae-2e0c138d049e
47.90282,29.334694,2023,,HUMAN_OBSERVATION,KW,4753363288,4fa7b334-ce0d-4e88-aaae-2e0c138d049e
48.122173,29.165966,2023,,HUMAN_OBSERVATION,KW,4757321247,4fa7b334-ce0d-4e88-aaae-2e0c138d049e
48.09665,29.352262,2023,,HUMAN_OBSERVATION,KW,4761879543,4fa7b334-ce0d-4e88-aaae-2e0c138d049e
47.812935,29.982445,2023,,HUMAN_OBSERVATION,KW,4763083248,4fa7b334-ce0d-4e88-aaae-2e0c138d049e
48.392178,28.591267,2023,,HUMAN_OBSERVATION,KW,4770952794,4fa7b334-ce0d-4e88-aaae-2e0c138d049e
47.90282,29.334694,2023,,HUMAN_OBSERVATION,KW,4775320457,4fa7b334-ce0d-4e88-aaae-2e0c138d049e
47.730534,29.356573,2023,,HUMAN_OBSERVATION,KW,4775390809,4fa7b334-ce0d-4e88-aaae-2e0c138d049e
46.9602,29.366991,2023,,HUMAN_OBSERVATION,KW,4776950194,4fa7b334-ce0d-4e88-aaae-2e0c138d049e
47.90282,29.334694,2023,,HUMAN_OBSERVATION,KW,4780123986,4fa7b334-ce0d-4e88-aaae-2e0c138d049e
47.90282,29.334694,2023,,HUMAN_OBSERVATION,KW,4780873172,4fa7b334-ce0d-4e88-aaae-2e0c138d049e
47.614403,29.590475,2023,,HUMAN_OBSERVATION,KW,4785097007,4fa7b334-ce0d-4e88-aaae-2e0c138d049e
47.730534,29.356573,2023,,HUMAN_OBSERVATION,KW,4785408856,4fa7b334-ce0d-4e88-aaae-2e0c138d049e
48.201244,28.92512,2023,,HUMAN_OBSERVATION,KW,4785546804,4fa7b334-ce0d-4e88-aaae-2e0c138d049e
48.09665,29.352262,2023,,HUMAN_OBSERVATION,KW,4786681239,4fa7b334-ce0d-4e88-aaae-2e0c138d049e
47.90282,29.334694,2023,,HUMAN_OBSERVATION,KW,4789039126,4fa7b334-ce0d-4e88-aaae-2e0c138d049e
47.90282,29.334694,2023,,HUMAN_OBSERVATION,KW,4789714011,4fa7b334-ce0d-4e88-aaae-2e0c138d049e
48.119457,29.133131,2023,,HUMAN_OBSERVATION,KW,4794043297,4fa7b334-ce0d-4e88-aaae-2e0c138d049e
47.810547,29.96825,2023,,HUMAN_OBSERVATION,KW,4795951189,4fa7b334-ce0d-4e88-aaae-2e0c138d049e
47.810547,29.96825,2023,,HUMAN_OBSERVATION,KW,4826320770,4fa7b334-ce0d-4e88-aaae-2e0c138d049e
47.730534,29.356573,2023,,HUMAN_OBSERVATION,KW,4834710466,4fa7b334-ce0d-4e88-aaae-2e0c138d049e
48.240067,32.072495,2023,,HUMAN_OBSERVATION,IR,5391390370,4fa7b334-ce0d-4e88-aaae-2e0c138d049e
48.119457,29.133131,2023,,HUMAN_OBSERVATION,KW,4610899699,4fa7b334-ce0d-4e88-aaae-2e0c138d049e
48.17574,30.43202,2023,,HUMAN_OBSERVATION,IR,4611213579,4fa7b334-ce0d-4e88-aaae-2e0c138d049e
48.8407,32.033817,2023,,HUMAN_OBSERVATION,IR,4612081558,4fa7b334-ce0d-4e88-aaae-2e0c138d049e
48.852478,32.047432,2023,,HUMAN_OBSERVATION,IR,4618541899,4fa7b334-ce0d-4e88-aaae-2e0c138d049e
48.245934,32.191578,2023,,HUMAN_OBSERVATION,IR,4624329841,4fa7b334-ce0d-4e88-aaae-2e0c138d049e
48.119457,29.133131,2023,,HUMAN_OBSERVATION,KW,4631036329,4fa7b334-ce0d-4e88-aaae-2e0c138d049e
47.870865,29.322924,2023,,HUMAN_OBSERVATION,KW,4631837271,4fa7b334-ce0d-4e88-aaae-2e0c138d049e
48.109257,30.45379,2023,,HUMAN_OBSERVATION,IR,4637960344,4fa7b334-ce0d-4e88-aaae-2e0c138d049e
48.129047,29.129276,2023,,HUMAN_OBSERVATION,KW,4640448097,4fa7b334-ce0d-4e88-aaae-2e0c138d049e
48.03714,29.33102,2023,,HUMAN_OBSERVATION,KW,4641040663,4fa7b334-ce0d-4e88-aaae-2e0c138d049e
43.973347,36.22715,2023,,HUMAN_OBSERVATION,IQ,4643495719,4fa7b334-ce0d-4e88-aaae-2e0c138d049e
47.693195,29.36198,2023,,HUMAN_OBSERVATION,KW,4646815159,4fa7b334-ce0d-4e88-aaae-2e0c138d049e
47.707787,29.553898,2023,,HUMAN_OBSERVATION,KW,4648171160,4fa7b334-ce0d-4e88-aaae-2e0c138d049e
48.119457,29.133131,2023,,HUMAN_OBSERVATION,KW,4648943714,4fa7b334-ce0d-4e88-aaae-2e0c138d049e
47.99427,29.373367,2023,,HUMAN_OBSERVATION,KW,4655150803,4fa7b334-ce0d-4e88-aaae-2e0c138d049e
47.707787,29.553898,2023,,HUMAN_OBSERVATION,KW,4663795572,4fa7b334-ce0d-4e88-aaae-2e0c138d049e
40.215614,29.963411,2023,,HUMAN_OBSERVATION,SA,4664170325,4fa7b334-ce0d-4e88-aaae-2e0c138d049e
47.707787,29.553898,2023,,HUMAN_OBSERVATION,KW,4664561842,4fa7b334-ce0d-4e88-aaae-2e0c138d049e
47.90506,29.333382,2023,,HUMAN_OBSERVATION,KW,4665327266,4fa7b334-ce0d-4e88-aaae-2e0c138d049e
47.99427,29.373367,2023,,HUMAN_OBSERVATION,KW,4667059526,4fa7b334-ce0d-4e88-aaae-2e0c138d049e
47.614403,29.590475,2023,,HUMAN_OBSERVATION,KW,4667389977,4fa7b334-ce0d-4e88-aaae-2e0c138d049e
48.03714,29.33102,2023,,HUMAN_OBSERVATION,KW,4669447601,4fa7b334-ce0d-4e88-aaae-2e0c138d049e
46.9602,29.366991,2023,,HUMAN_OBSERVATION,KW,4670659773,4fa7b334-ce0d-4e88-aaae-2e0c138d049e
47.99427,29.373367,2023,,HUMAN_OBSERVATION,KW,4671674079,4fa7b334-ce0d-4e88-aaae-2e0c138d049e
47.99427,29.373367,2023,,HUMAN_OBSERVATION,KW,4672694882,4fa7b334-ce0d-4e88-aaae-2e0c138d049e
48.03714,29.33102,2023,,HUMAN_OBSERVATION,KW,4681177829,4fa7b334-ce0d-4e88-aaae-2e0c138d049e
48.03714,29.33102,2023,,HUMAN_OBSERVATION,KW,4681427919,4fa7b334-ce0d-4e88-aaae-2e0c138d049e
48.84097,32.033787,2023,,HUMAN_OBSERVATION,IR,4682164412,4fa7b334-ce0d-4e88-aaae-2e0c138d049e
46.9602,29.366991,2023,,HUMAN_OBSERVATION,KW,4682408549,4fa7b334-ce0d-4e88-aaae-2e0c138d049e
47.707787,29.553898,2023,,HUMAN_OBSERVATION,KW,4682409579,4fa7b334-ce0d-4e88-aaae-2e0c138d049e
48.49744,30.032965,2023,,HUMAN_OBSERVATION,IR,4683292109,4fa7b334-ce0d-4e88-aaae-2e0c138d049e
47.99427,29.373367,2023,,HUMAN_OBSERVATION,KW,4683515037,4fa7b334-ce0d-4e88-aaae-2e0c138d049e
48.49744,30.032965,2023,,HUMAN_OBSERVATION,IR,4683821389,4fa7b334-ce0d-4e88-aaae-2e0c138d049e
48.119457,29.133131,2023,,HUMAN_OBSERVATION,KW,4687945063,4fa7b334-ce0d-4e88-aaae-2e0c138d049e
40.15773,30.068405,2023,,HUMAN_OBSERVATION,SA,4695557113,4fa7b334-ce0d-4e88-aaae-2e0c138d049e
48.119457,29.133131,2023,,HUMAN_OBSERVATION,KW,4702109077,4fa7b334-ce0d-4e88-aaae-2e0c138d049e
48.119457,29.133131,2023,,HUMAN_OBSERVATION,KW,4706349936,4fa7b334-ce0d-4e88-aaae-2e0c138d049e
48.119457,29.133131,2023,,HUMAN_OBSERVATION,KW,4709127741,4fa7b334-ce0d-4e88-aaae-2e0c138d049e
48.119457,29.133131,2023,,HUMAN_OBSERVATION,KW,4709458750,4fa7b334-ce0d-4e88-aaae-2e0c138d049e
47.99427,29.373367,2023,,HUMAN_OBSERVATION,KW,4709509520,4fa7b334-ce0d-4e88-aaae-2e0c138d049e
48.03714,29.33102,2023,,HUMAN_OBSERVATION,KW,4710073346,4fa7b334-ce0d-4e88-aaae-2e0c138d049e
47.99427,29.373367,2023,,HUMAN_OBSERVATION,KW,4710269548,4fa7b334-ce0d-4e88-aaae-2e0c138d049e
48.119457,29.133131,2023,,HUMAN_OBSERVATION,KW,4713126510,4fa7b334-ce0d-4e88-aaae-2e0c138d049e
48.119457,29.133131,2023,,HUMAN_OBSERVATION,KW,4715142942,4fa7b334-ce0d-4e88-aaae-2e0c138d049e
47.99427,29.373367,2023,,HUMAN_OBSERVATION,KW,4717844816,4fa7b334-ce0d-4e88-aaae-2e0c138d049e
47.870865,29.322924,2023,,HUMAN_OBSERVATION,KW,4719190486,4fa7b334-ce0d-4e88-aaae-2e0c138d049e
47.99427,29.373367,2023,,HUMAN_OBSERVATION,KW,4778207621,4fa7b334-ce0d-4e88-aaae-2e0c138d049e
47.730534,29.356573,2023,,HUMAN_OBSERVATION,KW,4778677155,4fa7b334-ce0d-4e88-aaae-2e0c138d049e
48.119457,29.133131,2023,,HUMAN_OBSERVATION,KW,4779058333,4fa7b334-ce0d-4e88-aaae-2e0c138d049e
48.191063,32.216507,2023,,HUMAN_OBSERVATION,IR,4780602851,4fa7b334-ce0d-4e88-aaae-2e0c138d049e
47.70714,30.010023,2023,,HUMAN_OBSERVATION,KW,4783913053,4fa7b334-ce0d-4e88-aaae-2e0c138d049e
48.65547,31.296482,2023,,HUMAN_OBSERVATION,IR,4787003353,4fa7b334-ce0d-4e88-aaae-2e0c138d049e
46.962208,29.366179,2023,,HUMAN_OBSERVATION,KW,4788638584,4fa7b334-ce0d-4e88-aaae-2e0c138d049e
48.119457,29.133131,2023,,HUMAN_OBSERVATION,KW,4789267749,4fa7b334-ce0d-4e88-aaae-2e0c138d049e
48.508057,32.611668,2023,,HUMAN_OBSERVATION,IR,4792361643,4fa7b334-ce0d-4e88-aaae-2e0c138d049e
40.421448,29.847275,2023,,HUMAN_OBSERVATION,SA,4793804448,4fa7b334-ce0d-4e88-aaae-2e0c138d049e
40.393497,29.891088,2023,,HUMAN_OBSERVATION,SA,4795693562,4fa7b334-ce0d-4e88-aaae-2e0c138d049e
46.9602,29.366991,2023,,HUMAN_OBSERVATION,KW,4800205400,4fa7b334-ce0d-4e88-aaae-2e0c138d049e
48.119457,29.133131,2023,,HUMAN_OBSERVATION,KW,4802429758,4fa7b334-ce0d-4e88-aaae-2e0c138d049e
48.119457,29.133131,2023,,HUMAN_OBSERVATION,KW,4802494484,4fa7b334-ce0d-4e88-aaae-2e0c138d049e
48.07078,29.0927,2023,,HUMAN_OBSERVATION,KW,4802731759,4fa7b334-ce0d-4e88-aaae-2e0c138d049e
48.45803,32.632362,2023,,HUMAN_OBSERVATION,IR,4807714450,4fa7b334-ce0d-4e88-aaae-2e0c138d049e
47.690083,29.317495,2023,,HUMAN_OBSERVATION,KW,4809561357,4fa7b334-ce0d-4e88-aaae-2e0c138d049e
48.119457,29.133131,2023,,HUMAN_OBSERVATION,KW,4816181818,4fa7b334-ce0d-4e88-aaae-2e0c138d049e
47.995065,29.373744,2023,,HUMAN_OBSERVATION,KW,4439046409,50c9509d-22c7-4a22-a47d-8c48425ef4a7
47.675121,29.351435,2023,,HUMAN_OBSERVATION,KW,4440814805,50c9509d-22c7-4a22-a47d-8c48425ef4a7
47.994119,29.369686,2023,,HUMAN_OBSERVATION,KW,4440977023,50c9509d-22c7-4a22-a47d-8c48425ef4a7
48.096178,29.351275,2023,,HUMAN_OBSERVATION,KW,4458389498,50c9509d-22c7-4a22-a47d-8c48425ef4a7
48.122396,29.164919,2023,,HUMAN_OBSERVATION,KW,4458394479,50c9509d-22c7-4a22-a47d-8c48425ef4a7
47.706321,29.554501,2023,,HUMAN_OBSERVATION,KW,4510463426,50c9509d-22c7-4a22-a47d-8c48425ef4a7
47.707787,29.553898,2023,,HUMAN_OBSERVATION,KW,4610958053,4fa7b334-ce0d-4e88-aaae-2e0c138d049e
47.995106,29.371916,2023,,HUMAN_OBSERVATION,KW,4614969076,4fa7b334-ce0d-4e88-aaae-2e0c138d049e
48.119457,29.133131,2023,,HUMAN_OBSERVATION,KW,4615180349,4fa7b334-ce0d-4e88-aaae-2e0c138d049e
47.90915,29.338533,2023,,HUMAN_OBSERVATION,KW,4615221654,4fa7b334-ce0d-4e88-aaae-2e0c138d049e
48.122143,29.166296,2023,,HUMAN_OBSERVATION,KW,4620009666,4fa7b334-ce0d-4e88-aaae-2e0c138d049e
47.810547,29.96825,2023,,HUMAN_OBSERVATION,KW,4620299492,4fa7b334-ce0d-4e88-aaae-2e0c138d049e
48.037254,29.33135,2023,,HUMAN_OBSERVATION,KW,4620654765,4fa7b334-ce0d-4e88-aaae-2e0c138d049e
48.325047,28.744308,2023,,HUMAN_OBSERVATION,KW,4622129113,4fa7b334-ce0d-4e88-aaae-2e0c138d049e
48.09665,29.352262,2023,,HUMAN_OBSERVATION,KW,4627308595,4fa7b334-ce0d-4e88-aaae-2e0c138d049e
47.707787,29.553898,2023,,HUMAN_OBSERVATION,KW,4627653416,4fa7b334-ce0d-4e88-aaae-2e0c138d049e
47.91663,29.34554,2023,,HUMAN_OBSERVATION,KW,4634154949,4fa7b334-ce0d-4e88-aaae-2e0c138d049e
48.39615,28.559195,2023,,HUMAN_OBSERVATION,KW,4640049889,4fa7b334-ce0d-4e88-aaae-2e0c138d049e
47.99427,29.373367,2023,,HUMAN_OBSERVATION,KW,4644096581,4fa7b334-ce0d-4e88-aaae-2e0c138d049e
48.119457,29.133131,2023,,HUMAN_OBSERVATION,KW,4649099711,4fa7b334-ce0d-4e88-aaae-2e0c138d049e
48.392178,28.591267,2023,,HUMAN_OBSERVATION,KW,4652118092,4fa7b334-ce0d-4e88-aaae-2e0c138d049e
47.674255,29.351254,2023,,HUMAN_OBSERVATION,KW,4652714776,4fa7b334-ce0d-4e88-aaae-2e0c138d049e
47.90282,29.334694,2023,,HUMAN_OBSERVATION,KW,4655699502,4fa7b334-ce0d-4e88-aaae-2e0c138d049e
48.37549,28.661634,2023,,HUMAN_OBSERVATION,KW,4656587397,4fa7b334-ce0d-4e88-aaae-2e0c138d049e
48.122173,29.165966,2023,,HUMAN_OBSERVATION,KW,4666274307,4fa7b334-ce0d-4e88-aaae-2e0c138d049e
48.09665,29.352262,2023,,HUMAN_OBSERVATION,KW,4668283008,4fa7b334-ce0d-4e88-aaae-2e0c138d049e
48.37549,28.661634,2023,,HUMAN_OBSERVATION,KW,4670397273,4fa7b334-ce0d-4e88-aaae-2e0c138d049e
47.950382,29.351929,2023,,HUMAN_OBSERVATION,KW,4672050717,4fa7b334-ce0d-4e88-aaae-2e0c138d049e
47.674255,29.351254,2023,,HUMAN_OBSERVATION,KW,4677132418,4fa7b334-ce0d-4e88-aaae-2e0c138d049e
47.715393,29.122004,2023,,HUMAN_OBSERVATION,KW,4681558628,4fa7b334-ce0d-4e88-aaae-2e0c138d049e
48.39615,28.559195,2023,,HUMAN_OBSERVATION,KW,4688269532,4fa7b334-ce0d-4e88-aaae-2e0c138d049e
47.707787,29.553898,2023,,HUMAN_OBSERVATION,KW,4694599755,4fa7b334-ce0d-4e88-aaae-2e0c138d049e
47.814674,29.979643,2023,,HUMAN_OBSERVATION,KW,4694600091,4fa7b334-ce0d-4e88-aaae-2e0c138d049e
47.995106,29.371916,2023,,HUMAN_OBSERVATION,KW,4709467934,4fa7b334-ce0d-4e88-aaae-2e0c138d049e
48.392178,28.591267,2023,,HUMAN_OBSERVATION,KW,4712944889,4fa7b334-ce0d-4e88-aaae-2e0c138d049e
47.26168,30.958958,2023,,HUMAN_OBSERVATION,IQ,4713509856,4fa7b334-ce0d-4e88-aaae-2e0c138d049e
47.26168,30.958958,2023,,HUMAN_OBSERVATION,IQ,4715228841,4fa7b334-ce0d-4e88-aaae-2e0c138d049e
47.880135,29.323654,2023,,HUMAN_OBSERVATION,KW,4717989941,4fa7b334-ce0d-4e88-aaae-2e0c138d049e
47.950382,29.351929,2023,,HUMAN_OBSERVATION,KW,4721276200,4fa7b334-ce0d-4e88-aaae-2e0c138d049e
48.03714,29.33102,2023,,HUMAN_OBSERVATION,KW,4722943543,4fa7b334-ce0d-4e88-aaae-2e0c138d049e
48.119457,29.133131,2023,,HUMAN_OBSERVATION,KW,4723296155,4fa7b334-ce0d-4e88-aaae-2e0c138d049e
47.810547,29.96825,2023,,HUMAN_OBSERVATION,KW,4723338547,4fa7b334-ce0d-4e88-aaae-2e0c138d049e
48.119457,29.133131,2023,,HUMAN_OBSERVATION,KW,4723788746,4fa7b334-ce0d-4e88-aaae-2e0c138d049e
48.119457,29.133131,2023,,HUMAN_OBSERVATION,KW,4724931338,4fa7b334-ce0d-4e88-aaae-2e0c138d049e
48.06563,29.112123,2023,,HUMAN_OBSERVATION,KW,4726418621,4fa7b334-ce0d-4e88-aaae-2e0c138d049e
48.119457,29.133131,2023,,HUMAN_OBSERVATION,KW,4726968378,4fa7b334-ce0d-4e88-aaae-2e0c138d049e
47.707787,29.553898,2023,,HUMAN_OBSERVATION,KW,4727203325,4fa7b334-ce0d-4e88-aaae-2e0c138d049e
48.03714,29.33102,2023,,HUMAN_OBSERVATION,KW,4728568757,4fa7b334-ce0d-4e88-aaae-2e0c138d049e
47.90282,29.334694,2023,,HUMAN_OBSERVATION,KW,4730511531,4fa7b334-ce0d-4e88-aaae-2e0c138d049e
48.119457,29.133131,2023,,HUMAN_OBSERVATION,KW,4731821768,4fa7b334-ce0d-4e88-aaae-2e0c138d049e
48.392178,28.591267,2023,,HUMAN_OBSERVATION,KW,4731996087,4fa7b334-ce0d-4e88-aaae-2e0c138d049e
47.99427,29.373367,2023,,HUMAN_OBSERVATION,KW,4732003255,4fa7b334-ce0d-4e88-aaae-2e0c138d049e
47.814674,29.979643,2023,,HUMAN_OBSERVATION,KW,4732319199,4fa7b334-ce0d-4e88-aaae-2e0c138d049e
48.03714,29.33102,2023,,HUMAN_OBSERVATION,KW,4732770428,4fa7b334-ce0d-4e88-aaae-2e0c138d049e
46.97922,29.375544,2023,,HUMAN_OBSERVATION,KW,4733660951,4fa7b334-ce0d-4e88-aaae-2e0c138d049e
48.39615,28.559195,2023,,HUMAN_OBSERVATION,KW,4734801866,4fa7b334-ce0d-4e88-aaae-2e0c138d049e
47.674255,29.351254,2023,,HUMAN_OBSERVATION,KW,4735579843,4fa7b334-ce0d-4e88-aaae-2e0c138d049e
48.392178,28.591267,2023,,HUMAN_OBSERVATION,KW,4737254478,4fa7b334-ce0d-4e88-aaae-2e0c138d049e
47.880135,29.323654,2023,,HUMAN_OBSERVATION,KW,4737555456,4fa7b334-ce0d-4e88-aaae-2e0c138d049e
48.122143,29.166296,2023,,HUMAN_OBSERVATION,KW,4738614780,4fa7b334-ce0d-4e88-aaae-2e0c138d049e
47.90915,29.338533,2023,,HUMAN_OBSERVATION,KW,4738700809,4fa7b334-ce0d-4e88-aaae-2e0c138d049e
48.122173,29.165966,2023,,HUMAN_OBSERVATION,KW,4744394152,4fa7b334-ce0d-4e88-aaae-2e0c138d049e
47.99427,29.373367,2023,,HUMAN_OBSERVATION,KW,4747935127,4fa7b334-ce0d-4e88-aaae-2e0c138d049e
48.3802,28.73336,2023,,HUMAN_OBSERVATION,KW,4748043135,4fa7b334-ce0d-4e88-aaae-2e0c138d049e
47.810547,29.96825,2023,,HUMAN_OBSERVATION,KW,4748787264,4fa7b334-ce0d-4e88-aaae-2e0c138d049e
48.392178,28.591267,2023,,HUMAN_OBSERVATION,KW,4753757580,4fa7b334-ce0d-4e88-aaae-2e0c138d049e
47.99427,29.373367,2023,,HUMAN_OBSERVATION,KW,4761365546,4fa7b334-ce0d-4e88-aaae-2e0c138d049e
46.97922,29.375544,2023,,HUMAN_OBSERVATION,KW,4780563143,4fa7b334-ce0d-4e88-aaae-2e0c138d049e
47.810547,29.96825,2023,,HUMAN_OBSERVATION,KW,4785764068,4fa7b334-ce0d-4e88-aaae-2e0c138d049e
47.880135,29.323654,2023,,HUMAN_OBSERVATION,KW,4794015162,4fa7b334-ce0d-4e88-aaae-2e0c138d049e
47.707787,29.553898,2023,,HUMAN_OBSERVATION,KW,4794683974,4fa7b334-ce0d-4e88-aaae-2e0c138d049e
48.392178,28.591267,2023,,HUMAN_OBSERVATION,KW,4796343334,4fa7b334-ce0d-4e88-aaae-2e0c138d049e
47.90282,29.334694,2023,,HUMAN_OBSERVATION,KW,4799170128,4fa7b334-ce0d-4e88-aaae-2e0c138d049e
47.995106,29.371916,2023,,HUMAN_OBSERVATION,KW,4799993583,4fa7b334-ce0d-4e88-aaae-2e0c138d049e
48.03714,29.33102,2023,,HUMAN_OBSERVATION,KW,4803063029,4fa7b334-ce0d-4e88-aaae-2e0c138d049e
48.119457,29.133131,2023,,HUMAN_OBSERVATION,KW,4803659793,4fa7b334-ce0d-4e88-aaae-2e0c138d049e
48.403442,28.562927,2023,,HUMAN_OBSERVATION,KW,4804038162,4fa7b334-ce0d-4e88-aaae-2e0c138d049e
48.122143,29.166296,2023,,HUMAN_OBSERVATION,KW,4806858932,4fa7b334-ce0d-4e88-aaae-2e0c138d049e
47.99427,29.373367,2023,,HUMAN_OBSERVATION,KW,4808942526,4fa7b334-ce0d-4e88-aaae-2e0c138d049e
47.94909,29.35054,2023,,HUMAN_OBSERVATION,KW,4809247638,4fa7b334-ce0d-4e88-aaae-2e0c138d049e
47.707787,29.553898,2023,,HUMAN_OBSERVATION,KW,4814589752,4fa7b334-ce0d-4e88-aaae-2e0c138d049e
48.119457,29.133131,2023,,HUMAN_OBSERVATION,KW,4817288235,4fa7b334-ce0d-4e88-aaae-2e0c138d049e
47.995106,29.371916,2023,,HUMAN_OBSERVATION,KW,4819392053,4fa7b334-ce0d-4e88-aaae-2e0c138d049e
47.94909,29.35054,2023,,HUMAN_OBSERVATION,KW,4820161354,4fa7b334-ce0d-4e88-aaae-2e0c138d049e
47.90282,29.334694,2023,,HUMAN_OBSERVATION,KW,4821020543,4fa7b334-ce0d-4e88-aaae-2e0c138d049e
48.119457,29.133131,2023,,HUMAN_OBSERVATION,KW,4825725111,4fa7b334-ce0d-4e88-aaae-2e0c138d049e
47.674255,29.351254,2023,,HUMAN_OBSERVATION,KW,4826420442,4fa7b334-ce0d-4e88-aaae-2e0c138d049e
47.880135,29.323654,2023,,HUMAN_OBSERVATION,KW,4840293794,4fa7b334-ce0d-4e88-aaae-2e0c138d049e
48.119457,29.133131,2023,,HUMAN_OBSERVATION,KW,4840906752,4fa7b334-ce0d-4e88-aaae-2e0c138d049e
47.995106,29.371916,2023,,HUMAN_OBSERVATION,KW,4842105317,4fa7b334-ce0d-4e88-aaae-2e0c138d049e
47.674255,29.351254,2023,,HUMAN_OBSERVATION,KW,4613252698,4fa7b334-ce0d-4e88-aaae-2e0c138d049e
48.03714,29.33102,2023,,HUMAN_OBSERVATION,KW,4619369636,4fa7b334-ce0d-4e88-aaae-2e0c138d049e
47.674255,29.351254,2023,,HUMAN_OBSERVATION,KW,4624067117,4fa7b334-ce0d-4e88-aaae-2e0c138d049e
47.690083,29.317495,2023,,HUMAN_OBSERVATION,KW,4624194854,4fa7b334-ce0d-4e88-aaae-2e0c138d049e
48.115276,29.19111,2023,,HUMAN_OBSERVATION,KW,4624512939,4fa7b334-ce0d-4e88-aaae-2e0c138d049e
48.40104,28.549696,2023,,HUMAN_OBSERVATION,KW,4636797796,4fa7b334-ce0d-4e88-aaae-2e0c138d049e
49.313473,34.73002,2023,,HUMAN_OBSERVATION,IR,4640016203,4fa7b334-ce0d-4e88-aaae-2e0c138d049e
48.018497,29.32206,2023,,HUMAN_OBSERVATION,KW,4641420906,4fa7b334-ce0d-4e88-aaae-2e0c138d049e
48.100964,29.135288,2023,,HUMAN_OBSERVATION,KW,4645209255,4fa7b334-ce0d-4e88-aaae-2e0c138d049e
48.115276,29.19111,2023,,HUMAN_OBSERVATION,KW,4647995683,4fa7b334-ce0d-4e88-aaae-2e0c138d049e
47.674255,29.351254,2023,,HUMAN_OBSERVATION,KW,4649494576,4fa7b334-ce0d-4e88-aaae-2e0c138d049e
48.115276,29.19111,2023,,HUMAN_OBSERVATION,KW,4651591965,4fa7b334-ce0d-4e88-aaae-2e0c138d049e
47.707787,29.553898,2023,,HUMAN_OBSERVATION,KW,4654753599,4fa7b334-ce0d-4e88-aaae-2e0c138d049e
48.15124,28.96854,2023,,HUMAN_OBSERVATION,KW,4658363345,4fa7b334-ce0d-4e88-aaae-2e0c138d049e
44.38379,33.355423,2023,,HUMAN_OBSERVATION,IQ,4665101173,4fa7b334-ce0d-4e88-aaae-2e0c138d049e
48.115276,29.19111,2023,,HUMAN_OBSERVATION,KW,4666165894,4fa7b334-ce0d-4e88-aaae-2e0c138d049e
48.082645,29.317635,2023,,HUMAN_OBSERVATION,KW,4668226283,4fa7b334-ce0d-4e88-aaae-2e0c138d049e
47.707787,29.553898,2023,,HUMAN_OBSERVATION,KW,4668451531,4fa7b334-ce0d-4e88-aaae-2e0c138d049e
44.387066,32.20583,2023,,HUMAN_OBSERVATION,IQ,4671180100,4fa7b334-ce0d-4e88-aaae-2e0c138d049e
47.78487,31.238157,2023,,HUMAN_OBSERVATION,IR,4673892668,4fa7b334-ce0d-4e88-aaae-2e0c138d049e
47.870865,29.322924,2023,,HUMAN_OBSERVATION,KW,4674490253,4fa7b334-ce0d-4e88-aaae-2e0c138d049e
48.115276,29.19111,2023,,HUMAN_OBSERVATION,KW,4678048057,4fa7b334-ce0d-4e88-aaae-2e0c138d049e
47.86107,29.319452,2023,,HUMAN_OBSERVATION,KW,4680739476,4fa7b334-ce0d-4e88-aaae-2e0c138d049e
47.870865,29.322924,2023,,HUMAN_OBSERVATION,KW,4680830640,4fa7b334-ce0d-4e88-aaae-2e0c138d049e
47.617363,31.08932,2023,,HUMAN_OBSERVATION,IQ,4683536960,4fa7b334-ce0d-4e88-aaae-2e0c138d049e
48.377754,28.71107,2023,,HUMAN_OBSERVATION,KW,4713270825,4fa7b334-ce0d-4e88-aaae-2e0c138d049e
44.360813,33.351887,2023,,HUMAN_OBSERVATION,IQ,4713858526,4fa7b334-ce0d-4e88-aaae-2e0c138d049e
44.311604,32.78467,2023,,HUMAN_OBSERVATION,IQ,4720963984,4fa7b334-ce0d-4e88-aaae-2e0c138d049e
48.082645,29.317635,2023,,HUMAN_OBSERVATION,KW,4731432740,4fa7b334-ce0d-4e88-aaae-2e0c138d049e
47.90282,29.334694,2023,,HUMAN_OBSERVATION,KW,4734158445,4fa7b334-ce0d-4e88-aaae-2e0c138d049e
48.115276,29.19111,2023,,HUMAN_OBSERVATION,KW,4741618368,4fa7b334-ce0d-4e88-aaae-2e0c138d049e
48.03714,29.33102,2023,,HUMAN_OBSERVATION,KW,4742343237,4fa7b334-ce0d-4e88-aaae-2e0c138d049e
48.119457,29.133131,2023,,HUMAN_OBSERVATION,KW,4742578049,4fa7b334-ce0d-4e88-aaae-2e0c138d049e
48.100964,29.135288,2023,,HUMAN_OBSERVATION,KW,4743813095,4fa7b334-ce0d-4e88-aaae-2e0c138d049e
48.201244,28.92512,2023,,HUMAN_OBSERVATION,KW,4743980633,4fa7b334-ce0d-4e88-aaae-2e0c138d049e
47.90282,29.334694,2023,,HUMAN_OBSERVATION,KW,4744296347,4fa7b334-ce0d-4e88-aaae-2e0c138d049e
47.840725,30.510822,2023,,HUMAN_OBSERVATION,IQ,4744843044,4fa7b334-ce0d-4e88-aaae-2e0c138d049e
48.14393,28.58613,2023,,HUMAN_OBSERVATION,KW,4746405731,4fa7b334-ce0d-4e88-aaae-2e0c138d049e
48.03714,29.33102,2023,,HUMAN_OBSERVATION,KW,4746414726,4fa7b334-ce0d-4e88-aaae-2e0c138d049e
47.870865,29.322924,2023,,HUMAN_OBSERVATION,KW,4746457019,4fa7b334-ce0d-4e88-aaae-2e0c138d049e
48.40104,28.549696,2023,,HUMAN_OBSERVATION,KW,4748033608,4fa7b334-ce0d-4e88-aaae-2e0c138d049e
49.313473,34.73002,2023,,HUMAN_OBSERVATION,IR,4748393456,4fa7b334-ce0d-4e88-aaae-2e0c138d049e
44.360813,33.351887,2023,,HUMAN_OBSERVATION,IQ,4751236226,4fa7b334-ce0d-4e88-aaae-2e0c138d049e
48.03714,29.33102,2023,,HUMAN_OBSERVATION,KW,4753201349,4fa7b334-ce0d-4e88-aaae-2e0c138d049e
47.90282,29.334694,2023,,HUMAN_OBSERVATION,KW,4755005113,4fa7b334-ce0d-4e88-aaae-2e0c138d049e
48.119457,29.133131,2023,,HUMAN_OBSERVATION,KW,4757702784,4fa7b334-ce0d-4e88-aaae-2e0c138d049e
48.119457,29.133131,2023,,HUMAN_OBSERVATION,KW,4758216979,4fa7b334-ce0d-4e88-aaae-2e0c138d049e
48.03714,29.33102,2023,,HUMAN_OBSERVATION,KW,4780208456,4fa7b334-ce0d-4e88-aaae-2e0c138d049e
48.15124,28.96854,2023,,HUMAN_OBSERVATION,KW,4790702726,4fa7b334-ce0d-4e88-aaae-2e0c138d049e
48.03714,29.33102,2023,,HUMAN_OBSERVATION,KW,4799546286,4fa7b334-ce0d-4e88-aaae-2e0c138d049e
48.115276,29.19111,2023,,HUMAN_OBSERVATION,KW,4802109985,4fa7b334-ce0d-4e88-aaae-2e0c138d049e
48.240067,32.072495,2023,,HUMAN_OBSERVATION,IR,4804687826,4fa7b334-ce0d-4e88-aaae-2e0c138d049e
48.119457,29.133131,2023,,HUMAN_OBSERVATION,KW,4808142551,4fa7b334-ce0d-4e88-aaae-2e0c138d049e
48.018497,29.32206,2023,,HUMAN_OBSERVATION,KW,4809525914,4fa7b334-ce0d-4e88-aaae-2e0c138d049e
48.40104,28.549696,2023,,HUMAN_OBSERVATION,KW,4813469274,4fa7b334-ce0d-4e88-aaae-2e0c138d049e
47.674255,29.351254,2023,,HUMAN_OBSERVATION,KW,4817158318,4fa7b334-ce0d-4e88-aaae-2e0c138d049e
47.78487,31.238157,2023,,HUMAN_OBSERVATION,IR,4824481697,4fa7b334-ce0d-4e88-aaae-2e0c138d049e
48.1572,28.604994,2023,,HUMAN_OBSERVATION,KW,4825176918,4fa7b334-ce0d-4e88-aaae-2e0c138d049e
48.201244,28.92512,2023,,HUMAN_OBSERVATION,KW,4826441672,4fa7b334-ce0d-4e88-aaae-2e0c138d049e
48.119457,29.133131,2023,,HUMAN_OBSERVATION,KW,4828296150,4fa7b334-ce0d-4e88-aaae-2e0c138d049e
48.127712,29.111746,2023,,HUMAN_OBSERVATION,KW,4829428028,4fa7b334-ce0d-4e88-aaae-2e0c138d049e
47.707787,29.553898,2023,,HUMAN_OBSERVATION,KW,4830250233,4fa7b334-ce0d-4e88-aaae-2e0c138d049e
44.360813,33.351887,2023,,HUMAN_OBSERVATION,IQ,4832024736,4fa7b334-ce0d-4e88-aaae-2e0c138d049e
48.119457,29.133131,2023,,HUMAN_OBSERVATION,KW,4836973097,4fa7b334-ce0d-4e88-aaae-2e0c138d049e
48.03714,29.33102,2023,,HUMAN_OBSERVATION,KW,4840592930,4fa7b334-ce0d-4e88-aaae-2e0c138d049e
48.115276,29.19111,2023,,HUMAN_OBSERVATION,KW,4843112882,4fa7b334-ce0d-4e88-aaae-2e0c138d049e
48.122005,29.127281,2023,,HUMAN_OBSERVATION,KW,4843316041,4fa7b334-ce0d-4e88-aaae-2e0c138d049e
47.90282,29.334694,2023,,HUMAN_OBSERVATION,KW,4613539009,4fa7b334-ce0d-4e88-aaae-2e0c138d049e
47.72905,29.442474,2023,,HUMAN_OBSERVATION,KW,4648498665,4fa7b334-ce0d-4e88-aaae-2e0c138d049e
48.119457,29.133131,2023,,HUMAN_OBSERVATION,KW,4654616474,4fa7b334-ce0d-4e88-aaae-2e0c138d049e
47.90282,29.334694,2023,,HUMAN_OBSERVATION,KW,4678989804,4fa7b334-ce0d-4e88-aaae-2e0c138d049e
48.119457,29.133131,2023,,HUMAN_OBSERVATION,KW,4687658452,4fa7b334-ce0d-4e88-aaae-2e0c138d049e
47.90282,29.334694,2023,,HUMAN_OBSERVATION,KW,4695177666,4fa7b334-ce0d-4e88-aaae-2e0c138d049e
47.99427,29.373367,2023,,HUMAN_OBSERVATION,KW,4708228661,4fa7b334-ce0d-4e88-aaae-2e0c138d049e
48.022804,29.259974,2023,,HUMAN_OBSERVATION,KW,4744660850,4fa7b334-ce0d-4e88-aaae-2e0c138d049e
48.11324,29.137228,2023,,HUMAN_OBSERVATION,KW,4762807004,4fa7b334-ce0d-4e88-aaae-2e0c138d049e
48.143425,29.08011,2023,,HUMAN_OBSERVATION,KW,4769597527,4fa7b334-ce0d-4e88-aaae-2e0c138d049e
47.72905,29.442474,2023,,HUMAN_OBSERVATION,KW,4772098997,4fa7b334-ce0d-4e88-aaae-2e0c138d049e
47.9753,29.237,2023,,HUMAN_OBSERVATION,KW,4833089680,4fa7b334-ce0d-4e88-aaae-2e0c138d049e
47.72905,29.442474,2023,,HUMAN_OBSERVATION,KW,4836500680,4fa7b334-ce0d-4e88-aaae-2e0c138d049e
47.99427,29.373367,2023,,HUMAN_OBSERVATION,KW,4837950059,4fa7b334-ce0d-4e88-aaae-2e0c138d049e
48.143425,29.08011,2023,,HUMAN_OBSERVATION,KW,4837979232,4fa7b334-ce0d-4e88-aaae-2e0c138d049e
39.497128,29.890392,2023,,HUMAN_OBSERVATION,SA,4838976485,4fa7b334-ce0d-4e88-aaae-2e0c138d049e
48.03714,29.33102,2023,,HUMAN_OBSERVATION,KW,4845654671,4fa7b334-ce0d-4e88-aaae-2e0c138d049e
47.86107,29.319452,2023,,HUMAN_OBSERVATION,KW,4609054518,4fa7b334-ce0d-4e88-aaae-2e0c138d049e
47.675415,29.351688,2023,,HUMAN_OBSERVATION,KW,4624502565,4fa7b334-ce0d-4e88-aaae-2e0c138d049e
48.11621,29.1906,2023,,HUMAN_OBSERVATION,KW,4626976922,4fa7b334-ce0d-4e88-aaae-2e0c138d049e
48.119457,29.133131,2023,,HUMAN_OBSERVATION,KW,4627861347,4fa7b334-ce0d-4e88-aaae-2e0c138d049e
47.994106,29.370485,2023,,HUMAN_OBSERVATION,KW,4646921062,4fa7b334-ce0d-4e88-aaae-2e0c138d049e
47.83968,29.321053,2023,,HUMAN_OBSERVATION,KW,4660182454,4fa7b334-ce0d-4e88-aaae-2e0c138d049e
48.03752,29.331877,2023,,HUMAN_OBSERVATION,KW,4691734769,4fa7b334-ce0d-4e88-aaae-2e0c138d049e
48.119457,29.133131,2023,,HUMAN_OBSERVATION,KW,4693756668,4fa7b334-ce0d-4e88-aaae-2e0c138d049e
48.119457,29.133131,2023,,HUMAN_OBSERVATION,KW,4699018343,4fa7b334-ce0d-4e88-aaae-2e0c138d049e
48.119457,29.133131,2023,,HUMAN_OBSERVATION,KW,4702643519,4fa7b334-ce0d-4e88-aaae-2e0c138d049e
48.119457,29.133131,2023,,HUMAN_OBSERVATION,KW,4702775755,4fa7b334-ce0d-4e88-aaae-2e0c138d049e
42.320815,34.068543,2023,163020.0,HUMAN_OBSERVATION,IQ,4987779715,50c9509d-22c7-4a22-a47d-8c48425ef4a7
48.034979,29.326393,2023,13.0,HUMAN_OBSERVATION,KW,4177298359,50c9509d-22c7-4a22-a47d-8c48425ef4a7
48.025603,29.260234,2023,4.0,HUMAN_OBSERVATION,KW,4399934052,50c9509d-22c7-4a22-a47d-8c48425ef4a7
48.025551,29.260226,2023,3.0,HUMAN_OBSERVATION,KW,4400082838,50c9509d-22c7-4a22-a47d-8c48425ef4a7
48.025656,29.260253,2023,3.0,HUMAN_OBSERVATION,KW,4400215019,50c9509d-22c7-4a22-a47d-8c48425ef4a7
48.025332,29.26016,2023,8.0,HUMAN_OBSERVATION,KW,4405425051,50c9509d-22c7-4a22-a47d-8c48425ef4a7
40.421448,29.847275,2023,,HUMAN_OBSERVATION,SA,4672729678,4fa7b334-ce0d-4e88-aaae-2e0c138d049e
47.273716,30.957256,2023,,HUMAN_OBSERVATION,IQ,4711907459,4fa7b334-ce0d-4e88-aaae-2e0c138d049e
48.037193,29.331232,2023,,HUMAN_OBSERVATION,KW,4765471406,4fa7b334-ce0d-4e88-aaae-2e0c138d049e
48.119457,29.133131,2023,,HUMAN_OBSERVATION,KW,4771192883,4fa7b334-ce0d-4e88-aaae-2e0c138d049e
48.119457,29.133131,2023,,HUMAN_OBSERVATION,KW,4771193068,4fa7b334-ce0d-4e88-aaae-2e0c138d049e
48.119457,29.133131,2023,,HUMAN_OBSERVATION,KW,4776769926,4fa7b334-ce0d-4e88-aaae-2e0c138d049e
48.119457,29.133131,2023,,HUMAN_OBSERVATION,KW,4777822972,4fa7b334-ce0d-4e88-aaae-2e0c138d049e
48.037193,29.331232,2023,,HUMAN_OBSERVATION,KW,4790693045,4fa7b334-ce0d-4e88-aaae-2e0c138d049e
48.119457,29.133131,2023,,HUMAN_OBSERVATION,KW,4833160926,4fa7b334-ce0d-4e88-aaae-2e0c138d049e
48.025681,29.260224,2023,6.0,HUMAN_OBSERVATION,KW,4407091817,50c9509d-22c7-4a22-a47d-8c48425ef4a7
48.025624,29.260252,2023,4.0,HUMAN_OBSERVATION,KW,4407110070,50c9509d-22c7-4a22-a47d-8c48425ef4a7
48.02585,29.260259,2023,5.0,HUMAN_OBSERVATION,KW,4407152899,50c9509d-22c7-4a22-a47d-8c48425ef4a7
48.195713,28.936308,2023,,HUMAN_OBSERVATION,KW,4424482236,50c9509d-22c7-4a22-a47d-8c48425ef4a7
48.120678,29.133404,2023,,HUMAN_OBSERVATION,KW,4632159764,4fa7b334-ce0d-4e88-aaae-2e0c138d049e
48.120678,29.133404,2023,,HUMAN_OBSERVATION,KW,4632832959,4fa7b334-ce0d-4e88-aaae-2e0c138d049e
47.88523,31.26294,2023,,HUMAN_OBSERVATION,IR,4652926929,4fa7b334-ce0d-4e88-aaae-2e0c138d049e
48.129047,29.129276,2023,,HUMAN_OBSERVATION,KW,4658129181,4fa7b334-ce0d-4e88-aaae-2e0c138d049e
48.119457,29.133131,2023,,HUMAN_OBSERVATION,KW,4660345922,4fa7b334-ce0d-4e88-aaae-2e0c138d049e
47.467827,29.436234,2023,,HUMAN_OBSERVATION,KW,4662733892,4fa7b334-ce0d-4e88-aaae-2e0c138d049e
47.707787,29.553898,2023,,HUMAN_OBSERVATION,KW,4662967701,4fa7b334-ce0d-4e88-aaae-2e0c138d049e
47.693195,29.36198,2023,,HUMAN_OBSERVATION,KW,4665580510,4fa7b334-ce0d-4e88-aaae-2e0c138d049e
43.77962,36.35335,2023,,HUMAN_OBSERVATION,IQ,4668458742,4fa7b334-ce0d-4e88-aaae-2e0c138d049e
43.77962,36.35335,2023,,HUMAN_OBSERVATION,IQ,4677384507,4fa7b334-ce0d-4e88-aaae-2e0c138d049e
48.119457,29.133131,2023,,HUMAN_OBSERVATION,KW,4681661906,4fa7b334-ce0d-4e88-aaae-2e0c138d049e
48.120678,29.133404,2023,,HUMAN_OBSERVATION,KW,4699418294,4fa7b334-ce0d-4e88-aaae-2e0c138d049e
40.322334,30.156614,2023,,HUMAN_OBSERVATION,SA,4699953696,4fa7b334-ce0d-4e88-aaae-2e0c138d049e
39.907654,29.80956,2023,,HUMAN_OBSERVATION,SA,4701183561,4fa7b334-ce0d-4e88-aaae-2e0c138d049e
48.119457,29.133131,2023,,HUMAN_OBSERVATION,KW,4716396790,4fa7b334-ce0d-4e88-aaae-2e0c138d049e
48.119457,29.133131,2023,,HUMAN_OBSERVATION,KW,4720121284,4fa7b334-ce0d-4e88-aaae-2e0c138d049e
43.990395,36.231567,2023,,HUMAN_OBSERVATION,IQ,4723472713,4fa7b334-ce0d-4e88-aaae-2e0c138d049e
40.275505,29.882643,2023,,HUMAN_OBSERVATION,SA,4780668536,4fa7b334-ce0d-4e88-aaae-2e0c138d049e
39.87958,29.81082,2023,,HUMAN_OBSERVATION,SA,4783023023,4fa7b334-ce0d-4e88-aaae-2e0c138d049e
48.120678,29.133404,2023,,HUMAN_OBSERVATION,KW,4784112782,4fa7b334-ce0d-4e88-aaae-2e0c138d049e
48.119457,29.133131,2023,,HUMAN_OBSERVATION,KW,4792162300,4fa7b334-ce0d-4e88-aaae-2e0c138d049e
47.707787,29.553898,2023,,HUMAN_OBSERVATION,KW,4795553123,4fa7b334-ce0d-4e88-aaae-2e0c138d049e
48.119457,29.133131,2023,,HUMAN_OBSERVATION,KW,4796379480,4fa7b334-ce0d-4e88-aaae-2e0c138d049e
40.275505,29.882643,2023,,HUMAN_OBSERVATION,SA,4798585484,4fa7b334-ce0d-4e88-aaae-2e0c138d049e
48.119457,29.133131,2023,,HUMAN_OBSERVATION,KW,4798729058,4fa7b334-ce0d-4e88-aaae-2e0c138d049e
40.47552,29.730913,2023,,HUMAN_OBSERVATION,SA,4816888046,4fa7b334-ce0d-4e88-aaae-2e0c138d049e
47.674255,29.351254,2023,,HUMAN_OBSERVATION,KW,4830525050,4fa7b334-ce0d-4e88-aaae-2e0c138d049e
47.467827,29.436234,2023,,HUMAN_OBSERVATION,KW,5300213052,4fa7b334-ce0d-4e88-aaae-2e0c138d049e
47.707787,29.553898,2023,,HUMAN_OBSERVATION,KW,5572108581,4fa7b334-ce0d-4e88-aaae-2e0c138d049e
48.11621,29.1906,2023,,HUMAN_OBSERVATION,KW,4612177945,4fa7b334-ce0d-4e88-aaae-2e0c138d049e
47.707787,29.553898,2023,,HUMAN_OBSERVATION,KW,4620317760,4fa7b334-ce0d-4e88-aaae-2e0c138d049e
48.129047,29.129276,2023,,HUMAN_OBSERVATION,KW,4620792431,4fa7b334-ce0d-4e88-aaae-2e0c138d049e
47.909,29.572233,2023,,HUMAN_OBSERVATION,KW,4625132682,4fa7b334-ce0d-4e88-aaae-2e0c138d049e
47.99427,29.373367,2023,,HUMAN_OBSERVATION,KW,4627358506,4fa7b334-ce0d-4e88-aaae-2e0c138d049e
47.903263,29.334623,2023,,HUMAN_OBSERVATION,KW,4647370503,4fa7b334-ce0d-4e88-aaae-2e0c138d049e
47.707787,29.553898,2023,,HUMAN_OBSERVATION,KW,4649586591,4fa7b334-ce0d-4e88-aaae-2e0c138d049e
47.810547,29.96825,2023,,HUMAN_OBSERVATION,KW,4671125313,4fa7b334-ce0d-4e88-aaae-2e0c138d049e
48.122143,29.166296,2023,,HUMAN_OBSERVATION,KW,4672195580,4fa7b334-ce0d-4e88-aaae-2e0c138d049e
47.90268,29.33483,2023,,HUMAN_OBSERVATION,KW,4674138104,4fa7b334-ce0d-4e88-aaae-2e0c138d049e
48.122005,29.127281,2023,,HUMAN_OBSERVATION,KW,4687867358,4fa7b334-ce0d-4e88-aaae-2e0c138d049e
47.86107,29.319452,2023,,HUMAN_OBSERVATION,KW,4704991217,4fa7b334-ce0d-4e88-aaae-2e0c138d049e
46.999268,35.29374,2023,,HUMAN_OBSERVATION,IR,4712038356,4fa7b334-ce0d-4e88-aaae-2e0c138d049e
48.1554,28.88062,2023,,HUMAN_OBSERVATION,KW,4715141024,4fa7b334-ce0d-4e88-aaae-2e0c138d049e
47.810547,29.96825,2023,,HUMAN_OBSERVATION,KW,4716877941,4fa7b334-ce0d-4e88-aaae-2e0c138d049e
48.037445,29.331434,2023,,HUMAN_OBSERVATION,KW,4717286389,4fa7b334-ce0d-4e88-aaae-2e0c138d049e
48.119457,29.133131,2023,,HUMAN_OBSERVATION,KW,4718176873,4fa7b334-ce0d-4e88-aaae-2e0c138d049e
47.674255,29.351254,2023,,HUMAN_OBSERVATION,KW,4722942323,4fa7b334-ce0d-4e88-aaae-2e0c138d049e
47.909,29.572233,2023,,HUMAN_OBSERVATION,KW,4723477164,4fa7b334-ce0d-4e88-aaae-2e0c138d049e
47.86107,29.319452,2023,,HUMAN_OBSERVATION,KW,4724437243,4fa7b334-ce0d-4e88-aaae-2e0c138d049e
47.674255,29.351254,2023,,HUMAN_OBSERVATION,KW,4724578323,4fa7b334-ce0d-4e88-aaae-2e0c138d049e
48.120678,29.133404,2023,,HUMAN_OBSERVATION,KW,4724890804,4fa7b334-ce0d-4e88-aaae-2e0c138d049e
48.119457,29.133131,2023,,HUMAN_OBSERVATION,KW,4725434368,4fa7b334-ce0d-4e88-aaae-2e0c138d049e
48.122143,29.166296,2023,,HUMAN_OBSERVATION,KW,4727248320,4fa7b334-ce0d-4e88-aaae-2e0c138d049e
48.72501,33.90669,2023,,HUMAN_OBSERVATION,IR,4729839147,4fa7b334-ce0d-4e88-aaae-2e0c138d049e
47.694283,29.36288,2023,,HUMAN_OBSERVATION,KW,4730290118,4fa7b334-ce0d-4e88-aaae-2e0c138d049e
46.999268,35.29374,2023,,HUMAN_OBSERVATION,IR,4730694782,4fa7b334-ce0d-4e88-aaae-2e0c138d049e
48.637424,31.193157,2023,,HUMAN_OBSERVATION,IR,4733991868,4fa7b334-ce0d-4e88-aaae-2e0c138d049e
47.903263,29.334623,2023,,HUMAN_OBSERVATION,KW,4734275349,4fa7b334-ce0d-4e88-aaae-2e0c138d049e
48.383617,28.60236,2023,,HUMAN_OBSERVATION,KW,4735981217,4fa7b334-ce0d-4e88-aaae-2e0c138d049e
47.674255,29.351254,2023,,HUMAN_OBSERVATION,KW,4782480166,4fa7b334-ce0d-4e88-aaae-2e0c138d049e
47.99427,29.373367,2023,,HUMAN_OBSERVATION,KW,4786951082,4fa7b334-ce0d-4e88-aaae-2e0c138d049e
48.120678,29.133404,2023,,HUMAN_OBSERVATION,KW,4789473321,4fa7b334-ce0d-4e88-aaae-2e0c138d049e
47.707787,29.553898,2023,,HUMAN_OBSERVATION,KW,4789788083,4fa7b334-ce0d-4e88-aaae-2e0c138d049e
48.120678,29.133404,2023,,HUMAN_OBSERVATION,KW,4794447585,4fa7b334-ce0d-4e88-aaae-2e0c138d049e
48.122143,29.166296,2023,,HUMAN_OBSERVATION,KW,4795463320,4fa7b334-ce0d-4e88-aaae-2e0c138d049e
47.86107,29.319452,2023,,HUMAN_OBSERVATION,KW,4796911151,4fa7b334-ce0d-4e88-aaae-2e0c138d049e
47.99427,29.373367,2023,,HUMAN_OBSERVATION,KW,4798530074,4fa7b334-ce0d-4e88-aaae-2e0c138d049e
47.707787,29.553898,2023,,HUMAN_OBSERVATION,KW,4801288941,4fa7b334-ce0d-4e88-aaae-2e0c138d049e
47.86107,29.319452,2023,,HUMAN_OBSERVATION,KW,4802645670,4fa7b334-ce0d-4e88-aaae-2e0c138d049e
48.14393,28.58613,2023,,HUMAN_OBSERVATION,KW,4803655477,4fa7b334-ce0d-4e88-aaae-2e0c138d049e
48.122005,29.127281,2023,,HUMAN_OBSERVATION,KW,4805566114,4fa7b334-ce0d-4e88-aaae-2e0c138d049e
48.036327,29.335262,2023,,HUMAN_OBSERVATION,KW,4805976973,4fa7b334-ce0d-4e88-aaae-2e0c138d049e
48.119457,29.133131,2023,,HUMAN_OBSERVATION,KW,4806576371,4fa7b334-ce0d-4e88-aaae-2e0c138d049e
48.122143,29.166296,2023,,HUMAN_OBSERVATION,KW,4806664637,4fa7b334-ce0d-4e88-aaae-2e0c138d049e
47.707787,29.553898,2023,,HUMAN_OBSERVATION,KW,4809077232,4fa7b334-ce0d-4e88-aaae-2e0c138d049e
48.120678,29.133404,2023,,HUMAN_OBSERVATION,KW,4809319959,4fa7b334-ce0d-4e88-aaae-2e0c138d049e
48.69226,31.336382,2023,,HUMAN_OBSERVATION,IR,4814444580,4fa7b334-ce0d-4e88-aaae-2e0c138d049e
42.952324,36.88023,2023,,HUMAN_OBSERVATION,IQ,4815646822,4fa7b334-ce0d-4e88-aaae-2e0c138d049e
47.777065,31.382706,2023,,HUMAN_OBSERVATION,IR,4815918855,4fa7b334-ce0d-4e88-aaae-2e0c138d049e
47.90268,29.33483,2023,,HUMAN_OBSERVATION,KW,4817161555,4fa7b334-ce0d-4e88-aaae-2e0c138d049e
48.121112,29.133296,2023,,HUMAN_OBSERVATION,KW,5277630760,6ff8b3b0-ef0f-4f79-a310-5a5615c6aa0b
48.121091,29.133311,2023,,HUMAN_OBSERVATION,KW,5277646919,6ff8b3b0-ef0f-4f79-a310-5a5615c6aa0b
48.121062,29.133318,2023,,HUMAN_OBSERVATION,KW,5278322570,6ff8b3b0-ef0f-4f79-a310-5a5615c6aa0b
48.037136,29.33113,2023,,HUMAN_OBSERVATION,KW,5278706359,6ff8b3b0-ef0f-4f79-a310-5a5615c6aa0b
47.707787,29.553898,2023,,HUMAN_OBSERVATION,KW,5683240933,4fa7b334-ce0d-4e88-aaae-2e0c138d049e
48.026817,29.364449,2023,,HUMAN_OBSERVATION,KW,4623220715,4fa7b334-ce0d-4e88-aaae-2e0c138d049e
47.90967,29.339186,2023,,HUMAN_OBSERVATION,KW,4630017299,4fa7b334-ce0d-4e88-aaae-2e0c138d049e
48.115276,29.19111,2023,,HUMAN_OBSERVATION,KW,4630556136,4fa7b334-ce0d-4e88-aaae-2e0c138d049e
40.219658,29.812944,2023,,HUMAN_OBSERVATION,SA,4632839448,4fa7b334-ce0d-4e88-aaae-2e0c138d049e
48.122143,29.166296,2023,,HUMAN_OBSERVATION,KW,4637456816,4fa7b334-ce0d-4e88-aaae-2e0c138d049e
46.9602,29.366991,2023,,HUMAN_OBSERVATION,KW,4650120818,4fa7b334-ce0d-4e88-aaae-2e0c138d049e
47.614403,29.590475,2023,,HUMAN_OBSERVATION,KW,4653394248,4fa7b334-ce0d-4e88-aaae-2e0c138d049e
47.90268,29.33483,2023,,HUMAN_OBSERVATION,KW,4658747729,4fa7b334-ce0d-4e88-aaae-2e0c138d049e
48.40435,28.562433,2023,,HUMAN_OBSERVATION,KW,4667587612,4fa7b334-ce0d-4e88-aaae-2e0c138d049e
48.534935,30.67708,2023,,HUMAN_OBSERVATION,IR,4667706620,4fa7b334-ce0d-4e88-aaae-2e0c138d049e
48.40104,28.549696,2023,,HUMAN_OBSERVATION,KW,4673966728,4fa7b334-ce0d-4e88-aaae-2e0c138d049e
48.120678,29.133404,2023,,HUMAN_OBSERVATION,KW,4673966745,4fa7b334-ce0d-4e88-aaae-2e0c138d049e
47.814617,29.978117,2023,,HUMAN_OBSERVATION,KW,4674903126,4fa7b334-ce0d-4e88-aaae-2e0c138d049e
48.38679,28.59842,2023,,HUMAN_OBSERVATION,KW,4678066223,4fa7b334-ce0d-4e88-aaae-2e0c138d049e
47.810547,29.96825,2023,,HUMAN_OBSERVATION,KW,4686205982,4fa7b334-ce0d-4e88-aaae-2e0c138d049e
48.321823,32.811436,2023,,HUMAN_OBSERVATION,IR,4691814464,4fa7b334-ce0d-4e88-aaae-2e0c138d049e
48.120678,29.133404,2023,,HUMAN_OBSERVATION,KW,4693474974,4fa7b334-ce0d-4e88-aaae-2e0c138d049e
47.90282,29.334694,2023,,HUMAN_OBSERVATION,KW,4697462274,4fa7b334-ce0d-4e88-aaae-2e0c138d049e
47.999268,32.36626,2023,,HUMAN_OBSERVATION,IR,4704047939,4fa7b334-ce0d-4e88-aaae-2e0c138d049e
40.20166,29.993362,2023,,HUMAN_OBSERVATION,SA,4704445915,4fa7b334-ce0d-4e88-aaae-2e0c138d049e
47.909,29.572233,2023,,HUMAN_OBSERVATION,KW,4727354533,4fa7b334-ce0d-4e88-aaae-2e0c138d049e
48.115276,29.19111,2023,,HUMAN_OBSERVATION,KW,4727653378,4fa7b334-ce0d-4e88-aaae-2e0c138d049e
48.120678,29.133404,2023,,HUMAN_OBSERVATION,KW,4728394490,4fa7b334-ce0d-4e88-aaae-2e0c138d049e
47.75465,29.257349,2023,,HUMAN_OBSERVATION,KW,4729523640,4fa7b334-ce0d-4e88-aaae-2e0c138d049e
48.119457,29.133131,2023,,HUMAN_OBSERVATION,KW,4733741708,4fa7b334-ce0d-4e88-aaae-2e0c138d049e
47.82284,29.35523,2023,,HUMAN_OBSERVATION,KW,4736765732,4fa7b334-ce0d-4e88-aaae-2e0c138d049e
47.810547,29.96825,2023,,HUMAN_OBSERVATION,KW,4737569950,4fa7b334-ce0d-4e88-aaae-2e0c138d049e
48.120678,29.133404,2023,,HUMAN_OBSERVATION,KW,4738092815,4fa7b334-ce0d-4e88-aaae-2e0c138d049e
47.902138,29.334616,2023,,HUMAN_OBSERVATION,KW,4739173564,4fa7b334-ce0d-4e88-aaae-2e0c138d049e
48.111813,29.195171,2023,,HUMAN_OBSERVATION,KW,4739767091,4fa7b334-ce0d-4e88-aaae-2e0c138d049e
47.99427,29.373367,2023,,HUMAN_OBSERVATION,KW,4739854019,4fa7b334-ce0d-4e88-aaae-2e0c138d049e
48.120678,29.133404,2023,,HUMAN_OBSERVATION,KW,4740119088,4fa7b334-ce0d-4e88-aaae-2e0c138d049e
48.11621,29.1906,2023,,HUMAN_OBSERVATION,KW,4741854702,4fa7b334-ce0d-4e88-aaae-2e0c138d049e
48.261997,30.470867,2023,,HUMAN_OBSERVATION,IR,4743513054,4fa7b334-ce0d-4e88-aaae-2e0c138d049e
47.82284,29.35523,2023,,HUMAN_OBSERVATION,KW,4745780214,4fa7b334-ce0d-4e88-aaae-2e0c138d049e
48.037254,29.33135,2023,,HUMAN_OBSERVATION,KW,4750349515,4fa7b334-ce0d-4e88-aaae-2e0c138d049e
47.99427,29.373367,2023,,HUMAN_OBSERVATION,KW,4754448934,4fa7b334-ce0d-4e88-aaae-2e0c138d049e
48.119457,29.133131,2023,,HUMAN_OBSERVATION,KW,4773291671,4fa7b334-ce0d-4e88-aaae-2e0c138d049e
48.03752,29.331877,2023,,HUMAN_OBSERVATION,KW,4789447991,4fa7b334-ce0d-4e88-aaae-2e0c138d049e
47.9753,29.237,2023,,HUMAN_OBSERVATION,KW,4794803285,4fa7b334-ce0d-4e88-aaae-2e0c138d049e
48.119457,29.133131,2023,,HUMAN_OBSERVATION,KW,4798176154,4fa7b334-ce0d-4e88-aaae-2e0c138d049e
47.707787,29.553898,2023,,HUMAN_OBSERVATION,KW,4801694806,4fa7b334-ce0d-4e88-aaae-2e0c138d049e
47.90268,29.33483,2023,,HUMAN_OBSERVATION,KW,4803199514,4fa7b334-ce0d-4e88-aaae-2e0c138d049e
47.75465,29.257349,2023,,HUMAN_OBSERVATION,KW,4807687472,4fa7b334-ce0d-4e88-aaae-2e0c138d049e
47.674255,29.351254,2023,,HUMAN_OBSERVATION,KW,4808684215,4fa7b334-ce0d-4e88-aaae-2e0c138d049e
47.707787,29.553898,2023,,HUMAN_OBSERVATION,KW,4811303365,4fa7b334-ce0d-4e88-aaae-2e0c138d049e
47.674255,29.351254,2023,,HUMAN_OBSERVATION,KW,4813359093,4fa7b334-ce0d-4e88-aaae-2e0c138d049e
47.909,29.572233,2023,,HUMAN_OBSERVATION,KW,4813408359,4fa7b334-ce0d-4e88-aaae-2e0c138d049e
48.115276,29.19111,2023,,HUMAN_OBSERVATION,KW,4814108856,4fa7b334-ce0d-4e88-aaae-2e0c138d049e
47.674255,29.351254,2023,,HUMAN_OBSERVATION,KW,4815256666,4fa7b334-ce0d-4e88-aaae-2e0c138d049e
48.66297,31.3028,2023,,HUMAN_OBSERVATION,IR,4815671018,4fa7b334-ce0d-4e88-aaae-2e0c138d049e
48.115276,29.19111,2023,,HUMAN_OBSERVATION,KW,4816539608,4fa7b334-ce0d-4e88-aaae-2e0c138d049e
48.120678,29.133404,2023,,HUMAN_OBSERVATION,KW,4817538113,4fa7b334-ce0d-4e88-aaae-2e0c138d049e
48.06494,29.09497,2023,,HUMAN_OBSERVATION,KW,4817776641,4fa7b334-ce0d-4e88-aaae-2e0c138d049e
48.115276,29.19111,2023,,HUMAN_OBSERVATION,KW,4821780704,4fa7b334-ce0d-4e88-aaae-2e0c138d049e
46.9602,29.366991,2023,,HUMAN_OBSERVATION,KW,4823061468,4fa7b334-ce0d-4e88-aaae-2e0c138d049e
47.770287,30.030807,2023,,HUMAN_OBSERVATION,KW,4824439633,4fa7b334-ce0d-4e88-aaae-2e0c138d049e
40.35318,30.4088,2023,,HUMAN_OBSERVATION,SA,4827243307,4fa7b334-ce0d-4e88-aaae-2e0c138d049e
47.770287,30.030807,2023,,HUMAN_OBSERVATION,KW,4841607198,4fa7b334-ce0d-4e88-aaae-2e0c138d049e
47.707787,29.553898,2023,,HUMAN_OBSERVATION,KW,4842442294,4fa7b334-ce0d-4e88-aaae-2e0c138d049e
48.658436,31.30255,2023,,HUMAN_OBSERVATION,IR,4843178277,4fa7b334-ce0d-4e88-aaae-2e0c138d049e
48.120678,29.133404,2023,,HUMAN_OBSERVATION,KW,4843958681,4fa7b334-ce0d-4e88-aaae-2e0c138d049e
47.86107,29.319452,2023,,HUMAN_OBSERVATION,KW,4844084023,4fa7b334-ce0d-4e88-aaae-2e0c138d049e
47.902138,29.334616,2023,,HUMAN_OBSERVATION,KW,4844624579,4fa7b334-ce0d-4e88-aaae-2e0c138d049e
47.707787,29.553898,2023,,HUMAN_OBSERVATION,KW,5324697839,4fa7b334-ce0d-4e88-aaae-2e0c138d049e
42.969612,36.876812,2023,,HUMAN_OBSERVATION,IQ,5448481258,4fa7b334-ce0d-4e88-aaae-2e0c138d049e
48.40104,28.549696,2023,,HUMAN_OBSERVATION,KW,5486873006,4fa7b334-ce0d-4e88-aaae-2e0c138d049e
47.614403,29.590475,2023,,HUMAN_OBSERVATION,KW,5583407989,4fa7b334-ce0d-4e88-aaae-2e0c138d049e
48.119457,29.133131,2023,,HUMAN_OBSERVATION,KW,4614246959,4fa7b334-ce0d-4e88-aaae-2e0c138d049e
48.119457,29.133131,2023,,HUMAN_OBSERVATION,KW,4615855097,4fa7b334-ce0d-4e88-aaae-2e0c138d049e
48.026817,29.364449,2023,,HUMAN_OBSERVATION,KW,4619877555,4fa7b334-ce0d-4e88-aaae-2e0c138d049e
48.504047,34.77787,2023,,HUMAN_OBSERVATION,IR,4624445705,4fa7b334-ce0d-4e88-aaae-2e0c138d049e
47.810547,29.96825,2023,,HUMAN_OBSERVATION,KW,4624581414,4fa7b334-ce0d-4e88-aaae-2e0c138d049e
47.705685,29.425714,2023,,HUMAN_OBSERVATION,KW,4626660239,4fa7b334-ce0d-4e88-aaae-2e0c138d049e
47.90282,29.334694,2023,,HUMAN_OBSERVATION,KW,4633726307,4fa7b334-ce0d-4e88-aaae-2e0c138d049e
48.037254,29.33135,2023,,HUMAN_OBSERVATION,KW,4634217920,4fa7b334-ce0d-4e88-aaae-2e0c138d049e
47.90915,29.338533,2023,,HUMAN_OBSERVATION,KW,4647058442,4fa7b334-ce0d-4e88-aaae-2e0c138d049e
48.120678,29.133404,2023,,HUMAN_OBSERVATION,KW,4648731824,4fa7b334-ce0d-4e88-aaae-2e0c138d049e
47.99427,29.373367,2023,,HUMAN_OBSERVATION,KW,4653993659,4fa7b334-ce0d-4e88-aaae-2e0c138d049e
47.75465,29.257349,2023,,HUMAN_OBSERVATION,KW,4654241292,4fa7b334-ce0d-4e88-aaae-2e0c138d049e
47.707787,29.553898,2023,,HUMAN_OBSERVATION,KW,4656049042,4fa7b334-ce0d-4e88-aaae-2e0c138d049e
48.392178,28.591267,2023,,HUMAN_OBSERVATION,KW,4658306993,4fa7b334-ce0d-4e88-aaae-2e0c138d049e
47.674255,29.351254,2023,,HUMAN_OBSERVATION,KW,4662916613,4fa7b334-ce0d-4e88-aaae-2e0c138d049e
47.820904,29.322302,2023,,HUMAN_OBSERVATION,KW,4664020881,4fa7b334-ce0d-4e88-aaae-2e0c138d049e
48.658436,31.30255,2023,,HUMAN_OBSERVATION,IR,4665721246,4fa7b334-ce0d-4e88-aaae-2e0c138d049e
47.995106,29.371916,2023,,HUMAN_OBSERVATION,KW,4665903617,4fa7b334-ce0d-4e88-aaae-2e0c138d049e
48.392178,28.591267,2023,,HUMAN_OBSERVATION,KW,4668885819,4fa7b334-ce0d-4e88-aaae-2e0c138d049e
47.99427,29.373367,2023,,HUMAN_OBSERVATION,KW,4672224226,4fa7b334-ce0d-4e88-aaae-2e0c138d049e
48.122173,29.165966,2023,,HUMAN_OBSERVATION,KW,4672281924,4fa7b334-ce0d-4e88-aaae-2e0c138d049e
48.504047,34.77787,2023,,HUMAN_OBSERVATION,IR,4672950323,4fa7b334-ce0d-4e88-aaae-2e0c138d049e
47.674255,29.351254,2023,,HUMAN_OBSERVATION,KW,4673990262,4fa7b334-ce0d-4e88-aaae-2e0c138d049e
48.022804,29.259974,2023,,HUMAN_OBSERVATION,KW,4674281374,4fa7b334-ce0d-4e88-aaae-2e0c138d049e
48.119457,29.133131,2023,,HUMAN_OBSERVATION,KW,4675784991,4fa7b334-ce0d-4e88-aaae-2e0c138d049e
47.707787,29.553898,2023,,HUMAN_OBSERVATION,KW,4677534601,4fa7b334-ce0d-4e88-aaae-2e0c138d049e
48.119457,29.133131,2023,,HUMAN_OBSERVATION,KW,4679005175,4fa7b334-ce0d-4e88-aaae-2e0c138d049e
47.467827,29.436234,2023,,HUMAN_OBSERVATION,KW,4679213846,4fa7b334-ce0d-4e88-aaae-2e0c138d049e
47.90268,29.33483,2023,,HUMAN_OBSERVATION,KW,4688370334,4fa7b334-ce0d-4e88-aaae-2e0c138d049e
47.810547,29.96825,2023,,HUMAN_OBSERVATION,KW,4689619055,4fa7b334-ce0d-4e88-aaae-2e0c138d049e
47.812458,29.339611,2023,,HUMAN_OBSERVATION,KW,4714780985,4fa7b334-ce0d-4e88-aaae-2e0c138d049e
47.674255,29.351254,2023,,HUMAN_OBSERVATION,KW,4716463341,4fa7b334-ce0d-4e88-aaae-2e0c138d049e
47.90268,29.33483,2023,,HUMAN_OBSERVATION,KW,4723540525,4fa7b334-ce0d-4e88-aaae-2e0c138d049e
47.273716,30.957256,2023,,HUMAN_OBSERVATION,IQ,4732153427,4fa7b334-ce0d-4e88-aaae-2e0c138d049e
48.731373,31.345556,2023,,HUMAN_OBSERVATION,IR,4735073666,4fa7b334-ce0d-4e88-aaae-2e0c138d049e
47.99427,29.373367,2023,,HUMAN_OBSERVATION,KW,4737695587,4fa7b334-ce0d-4e88-aaae-2e0c138d049e
47.99427,29.373367,2023,,HUMAN_OBSERVATION,KW,4738534863,4fa7b334-ce0d-4e88-aaae-2e0c138d049e
47.810547,29.96825,2023,,HUMAN_OBSERVATION,KW,4739406685,4fa7b334-ce0d-4e88-aaae-2e0c138d049e
47.994106,29.370485,2023,,HUMAN_OBSERVATION,KW,4739636112,4fa7b334-ce0d-4e88-aaae-2e0c138d049e
47.870865,29.322924,2023,,HUMAN_OBSERVATION,KW,4743658503,4fa7b334-ce0d-4e88-aaae-2e0c138d049e
47.99427,29.373367,2023,,HUMAN_OBSERVATION,KW,4744849133,4fa7b334-ce0d-4e88-aaae-2e0c138d049e
47.90268,29.33483,2023,,HUMAN_OBSERVATION,KW,4744871517,4fa7b334-ce0d-4e88-aaae-2e0c138d049e
47.994106,29.370485,2023,,HUMAN_OBSERVATION,KW,4745527611,4fa7b334-ce0d-4e88-aaae-2e0c138d049e
48.119457,29.133131,2023,,HUMAN_OBSERVATION,KW,4746275634,4fa7b334-ce0d-4e88-aaae-2e0c138d049e
47.810547,29.96825,2023,,HUMAN_OBSERVATION,KW,4746892688,4fa7b334-ce0d-4e88-aaae-2e0c138d049e
47.99427,29.373367,2023,,HUMAN_OBSERVATION,KW,4747273343,4fa7b334-ce0d-4e88-aaae-2e0c138d049e
47.80282,29.978775,2023,,HUMAN_OBSERVATION,KW,4749353498,4fa7b334-ce0d-4e88-aaae-2e0c138d049e
47.75465,29.257349,2023,,HUMAN_OBSERVATION,KW,4753216576,4fa7b334-ce0d-4e88-aaae-2e0c138d049e
47.99373,29.369339,2023,,HUMAN_OBSERVATION,KW,4753491292,4fa7b334-ce0d-4e88-aaae-2e0c138d049e
47.820183,29.33255,2023,,HUMAN_OBSERVATION,KW,4754322385,4fa7b334-ce0d-4e88-aaae-2e0c138d049e
47.870865,29.322924,2023,,HUMAN_OBSERVATION,KW,4755076693,4fa7b334-ce0d-4e88-aaae-2e0c138d049e
48.110966,29.196405,2023,,HUMAN_OBSERVATION,KW,4755933478,4fa7b334-ce0d-4e88-aaae-2e0c138d049e
47.674255,29.351254,2023,,HUMAN_OBSERVATION,KW,4757048622,4fa7b334-ce0d-4e88-aaae-2e0c138d049e
48.119457,29.133131,2023,,HUMAN_OBSERVATION,KW,4760117383,4fa7b334-ce0d-4e88-aaae-2e0c138d049e
47.810547,29.96825,2023,,HUMAN_OBSERVATION,KW,4764317785,4fa7b334-ce0d-4e88-aaae-2e0c138d049e
47.75465,29.257349,2023,,HUMAN_OBSERVATION,KW,4766805919,4fa7b334-ce0d-4e88-aaae-2e0c138d049e
48.119457,29.133131,2023,,HUMAN_OBSERVATION,KW,4768127447,4fa7b334-ce0d-4e88-aaae-2e0c138d049e
47.90915,29.338533,2023,,HUMAN_OBSERVATION,KW,4783320989,4fa7b334-ce0d-4e88-aaae-2e0c138d049e
47.90268,29.33483,2023,,HUMAN_OBSERVATION,KW,4786119273,4fa7b334-ce0d-4e88-aaae-2e0c138d049e
40.275505,29.882643,2023,,HUMAN_OBSERVATION,SA,4787726419,4fa7b334-ce0d-4e88-aaae-2e0c138d049e
48.110966,29.196405,2023,,HUMAN_OBSERVATION,KW,4792588584,4fa7b334-ce0d-4e88-aaae-2e0c138d049e
47.707787,29.553898,2023,,HUMAN_OBSERVATION,KW,4794630697,4fa7b334-ce0d-4e88-aaae-2e0c138d049e
47.995106,29.371916,2023,,HUMAN_OBSERVATION,KW,4797484711,4fa7b334-ce0d-4e88-aaae-2e0c138d049e
47.705685,29.425714,2023,,HUMAN_OBSERVATION,KW,4799986887,4fa7b334-ce0d-4e88-aaae-2e0c138d049e
39.466747,29.858988,2023,,HUMAN_OBSERVATION,SA,4802816026,4fa7b334-ce0d-4e88-aaae-2e0c138d049e
48.119457,29.133131,2023,,HUMAN_OBSERVATION,KW,4802902861,4fa7b334-ce0d-4e88-aaae-2e0c138d049e
47.90281,29.335146,2023,,HUMAN_OBSERVATION,KW,4808541906,4fa7b334-ce0d-4e88-aaae-2e0c138d049e
47.90268,29.33483,2023,,HUMAN_OBSERVATION,KW,4810109365,4fa7b334-ce0d-4e88-aaae-2e0c138d049e
48.119457,29.133131,2023,,HUMAN_OBSERVATION,KW,4814908726,4fa7b334-ce0d-4e88-aaae-2e0c138d049e
47.674255,29.351254,2023,,HUMAN_OBSERVATION,KW,4818927193,4fa7b334-ce0d-4e88-aaae-2e0c138d049e
47.674255,29.351254,2023,,HUMAN_OBSERVATION,KW,4819394502,4fa7b334-ce0d-4e88-aaae-2e0c138d049e
47.99427,29.373367,2023,,HUMAN_OBSERVATION,KW,4822000394,4fa7b334-ce0d-4e88-aaae-2e0c138d049e
48.119457,29.133131,2023,,HUMAN_OBSERVATION,KW,4822231199,4fa7b334-ce0d-4e88-aaae-2e0c138d049e
47.99427,29.373367,2023,,HUMAN_OBSERVATION,KW,4822410571,4fa7b334-ce0d-4e88-aaae-2e0c138d049e
47.989,29.389936,2023,,HUMAN_OBSERVATION,KW,4822791730,4fa7b334-ce0d-4e88-aaae-2e0c138d049e
47.88523,31.26294,2023,,HUMAN_OBSERVATION,IR,4823301209,4fa7b334-ce0d-4e88-aaae-2e0c138d049e
48.119457,29.133131,2023,,HUMAN_OBSERVATION,KW,4823958455,4fa7b334-ce0d-4e88-aaae-2e0c138d049e
47.90282,29.334694,2023,,HUMAN_OBSERVATION,KW,4824075292,4fa7b334-ce0d-4e88-aaae-2e0c138d049e
47.86107,29.319452,2023,,HUMAN_OBSERVATION,KW,4824475926,4fa7b334-ce0d-4e88-aaae-2e0c138d049e
48.119457,29.133131,2023,,HUMAN_OBSERVATION,KW,4824999547,4fa7b334-ce0d-4e88-aaae-2e0c138d049e
47.674255,29.351254,2023,,HUMAN_OBSERVATION,KW,4826208637,4fa7b334-ce0d-4e88-aaae-2e0c138d049e
48.14135,29.076393,2023,,HUMAN_OBSERVATION,KW,4826248347,4fa7b334-ce0d-4e88-aaae-2e0c138d049e
48.037254,29.33135,2023,,HUMAN_OBSERVATION,KW,4827710508,4fa7b334-ce0d-4e88-aaae-2e0c138d049e
44.421112,32.5425,2023,,HUMAN_OBSERVATION,IQ,4828847080,4fa7b334-ce0d-4e88-aaae-2e0c138d049e
47.99427,29.373367,2023,,HUMAN_OBSERVATION,KW,4829332895,4fa7b334-ce0d-4e88-aaae-2e0c138d049e
47.90282,29.334694,2023,,HUMAN_OBSERVATION,KW,4830419291,4fa7b334-ce0d-4e88-aaae-2e0c138d049e
47.810547,29.96825,2023,,HUMAN_OBSERVATION,KW,4831389117,4fa7b334-ce0d-4e88-aaae-2e0c138d049e
47.674255,29.351254,2023,,HUMAN_OBSERVATION,KW,4831732702,4fa7b334-ce0d-4e88-aaae-2e0c138d049e
47.86107,29.319452,2023,,HUMAN_OBSERVATION,KW,4836996838,4fa7b334-ce0d-4e88-aaae-2e0c138d049e
47.75465,29.257349,2023,,HUMAN_OBSERVATION,KW,4837958712,4fa7b334-ce0d-4e88-aaae-2e0c138d049e
47.832508,29.96829,2023,,HUMAN_OBSERVATION,KW,4838099513,4fa7b334-ce0d-4e88-aaae-2e0c138d049e
47.810547,29.96825,2023,,HUMAN_OBSERVATION,KW,4840306542,4fa7b334-ce0d-4e88-aaae-2e0c138d049e
48.122173,29.165966,2023,,HUMAN_OBSERVATION,KW,4842559001,4fa7b334-ce0d-4e88-aaae-2e0c138d049e
47.674255,29.351254,2023,,HUMAN_OBSERVATION,KW,4843139928,4fa7b334-ce0d-4e88-aaae-2e0c138d049e
47.674255,29.351254,2023,,HUMAN_OBSERVATION,KW,4844905233,4fa7b334-ce0d-4e88-aaae-2e0c138d049e
47.820183,29.33255,2023,,HUMAN_OBSERVATION,KW,4845036287,4fa7b334-ce0d-4e88-aaae-2e0c138d049e
47.90282,29.334694,2023,,HUMAN_OBSERVATION,KW,4845218941,4fa7b334-ce0d-4e88-aaae-2e0c138d049e
47.707527,29.553263,2023,,HUMAN_OBSERVATION,KW,5349471012,4fa7b334-ce0d-4e88-aaae-2e0c138d049e
47.99373,29.369339,2023,,HUMAN_OBSERVATION,KW,5405114241,4fa7b334-ce0d-4e88-aaae-2e0c138d049e
47.67481,29.351528,2023,,HUMAN_OBSERVATION,KW,5470381791,4fa7b334-ce0d-4e88-aaae-2e0c138d049e
47.810097,29.968208,2023,,HUMAN_OBSERVATION,KW,5551768217,4fa7b334-ce0d-4e88-aaae-2e0c138d049e
48.037445,29.331434,2022,,HUMAN_OBSERVATION,KW,4181649992,4fa7b334-ce0d-4e88-aaae-2e0c138d049e
47.995087,29.39,2022,,HUMAN_OBSERVATION,KW,4183260052,4fa7b334-ce0d-4e88-aaae-2e0c138d049e
48.100964,29.135288,2022,,HUMAN_OBSERVATION,KW,4183693700,4fa7b334-ce0d-4e88-aaae-2e0c138d049e
48.201244,28.92512,2022,,HUMAN_OBSERVATION,KW,4183824840,4fa7b334-ce0d-4e88-aaae-2e0c138d049e
48.48312,32.625114,2022,,HUMAN_OBSERVATION,IR,4186293802,4fa7b334-ce0d-4e88-aaae-2e0c138d049e
48.743034,32.096928,2022,,HUMAN_OBSERVATION,IR,4186989238,4fa7b334-ce0d-4e88-aaae-2e0c138d049e
46.9602,29.366991,2022,,HUMAN_OBSERVATION,KW,4187812316,4fa7b334-ce0d-4e88-aaae-2e0c138d049e
44.40327,33.300884,2022,,HUMAN_OBSERVATION,IQ,4188166941,4fa7b334-ce0d-4e88-aaae-2e0c138d049e
48.458748,32.664562,2022,,HUMAN_OBSERVATION,IR,4188574761,4fa7b334-ce0d-4e88-aaae-2e0c138d049e
48.037193,29.331232,2022,,HUMAN_OBSERVATION,KW,4191769661,4fa7b334-ce0d-4e88-aaae-2e0c138d049e
47.877384,29.686853,2022,,HUMAN_OBSERVATION,KW,4191823874,4fa7b334-ce0d-4e88-aaae-2e0c138d049e
46.9602,29.366991,2022,,HUMAN_OBSERVATION,KW,4192836902,4fa7b334-ce0d-4e88-aaae-2e0c138d049e
48.458748,32.664562,2022,,HUMAN_OBSERVATION,IR,4194381666,4fa7b334-ce0d-4e88-aaae-2e0c138d049e
48.552757,32.643597,2022,,HUMAN_OBSERVATION,IR,4194850009,4fa7b334-ce0d-4e88-aaae-2e0c138d049e
48.66297,31.3028,2022,,HUMAN_OBSERVATION,IR,4195771017,4fa7b334-ce0d-4e88-aaae-2e0c138d049e
48.422417,32.408314,2022,,HUMAN_OBSERVATION,IR,4197586861,4fa7b334-ce0d-4e88-aaae-2e0c138d049e
48.037193,29.331232,2022,,HUMAN_OBSERVATION,KW,4201972445,4fa7b334-ce0d-4e88-aaae-2e0c138d049e
48.458748,32.664562,2022,,HUMAN_OBSERVATION,IR,4202509112,4fa7b334-ce0d-4e88-aaae-2e0c138d049e
48.552757,32.643597,2022,,HUMAN_OBSERVATION,IR,4202791937,4fa7b334-ce0d-4e88-aaae-2e0c138d049e
48.552757,32.643597,2022,,HUMAN_OBSERVATION,IR,4203816961,4fa7b334-ce0d-4e88-aaae-2e0c138d049e
48.48312,32.625114,2022,,HUMAN_OBSERVATION,IR,4203868563,4fa7b334-ce0d-4e88-aaae-2e0c138d049e
48.100964,29.135288,2022,,HUMAN_OBSERVATION,KW,4204339371,4fa7b334-ce0d-4e88-aaae-2e0c138d049e
48.512768,32.603615,2022,,HUMAN_OBSERVATION,IR,4205800041,4fa7b334-ce0d-4e88-aaae-2e0c138d049e
48.48312,32.625114,2022,,HUMAN_OBSERVATION,IR,4208390818,4fa7b334-ce0d-4e88-aaae-2e0c138d049e
48.324024,31.97594,2022,,HUMAN_OBSERVATION,IR,4210624221,4fa7b334-ce0d-4e88-aaae-2e0c138d049e
48.479004,32.643993,2022,,HUMAN_OBSERVATION,IR,4217650061,4fa7b334-ce0d-4e88-aaae-2e0c138d049e
48.100964,29.135288,2022,,HUMAN_OBSERVATION,KW,4221946934,4fa7b334-ce0d-4e88-aaae-2e0c138d049e
47.674255,29.351254,2022,,HUMAN_OBSERVATION,KW,4223336793,4fa7b334-ce0d-4e88-aaae-2e0c138d049e
48.09665,29.352262,2022,,HUMAN_OBSERVATION,KW,4226378900,4fa7b334-ce0d-4e88-aaae-2e0c138d049e
47.674255,29.351254,2022,,HUMAN_OBSERVATION,KW,4235613479,4fa7b334-ce0d-4e88-aaae-2e0c138d049e
48.552757,32.643597,2022,,HUMAN_OBSERVATION,IR,4238573043,4fa7b334-ce0d-4e88-aaae-2e0c138d049e
48.100964,29.135288,2022,,HUMAN_OBSERVATION,KW,4262280417,4fa7b334-ce0d-4e88-aaae-2e0c138d049e
48.240536,32.07302,2022,,HUMAN_OBSERVATION,IR,4270645141,4fa7b334-ce0d-4e88-aaae-2e0c138d049e
47.995087,29.39,2022,,HUMAN_OBSERVATION,KW,4279677362,4fa7b334-ce0d-4e88-aaae-2e0c138d049e
48.037193,29.331232,2022,,HUMAN_OBSERVATION,KW,4282875317,4fa7b334-ce0d-4e88-aaae-2e0c138d049e
48.037384,29.331251,2022,,HUMAN_OBSERVATION,KW,4283518644,4fa7b334-ce0d-4e88-aaae-2e0c138d049e
48.100964,29.135288,2022,,HUMAN_OBSERVATION,KW,4285093859,4fa7b334-ce0d-4e88-aaae-2e0c138d049e
47.946934,29.355097,2022,,HUMAN_OBSERVATION,KW,4287463732,4fa7b334-ce0d-4e88-aaae-2e0c138d049e
48.037193,29.331232,2022,,HUMAN_OBSERVATION,KW,4288308022,4fa7b334-ce0d-4e88-aaae-2e0c138d049e
48.074726,29.332048,2022,,HUMAN_OBSERVATION,KW,4291808709,4fa7b334-ce0d-4e88-aaae-2e0c138d049e
48.100964,29.135288,2022,,HUMAN_OBSERVATION,KW,4294356423,4fa7b334-ce0d-4e88-aaae-2e0c138d049e
47.777065,31.382706,2022,,HUMAN_OBSERVATION,IR,4294534372,4fa7b334-ce0d-4e88-aaae-2e0c138d049e
44.44623,33.334286,2022,,HUMAN_OBSERVATION,IQ,4294708026,4fa7b334-ce0d-4e88-aaae-2e0c138d049e
48.037445,29.331434,2022,,HUMAN_OBSERVATION,KW,4297102229,4fa7b334-ce0d-4e88-aaae-2e0c138d049e
47.946934,29.355097,2022,,HUMAN_OBSERVATION,KW,4306820332,4fa7b334-ce0d-4e88-aaae-2e0c138d049e
48.48312,32.625114,2022,,HUMAN_OBSERVATION,IR,4309633789,4fa7b334-ce0d-4e88-aaae-2e0c138d049e
47.877384,29.686853,2022,,HUMAN_OBSERVATION,KW,4309831032,4fa7b334-ce0d-4e88-aaae-2e0c138d049e
46.9602,29.366991,2022,,HUMAN_OBSERVATION,KW,4309967465,4fa7b334-ce0d-4e88-aaae-2e0c138d049e
48.552757,32.643597,2022,,HUMAN_OBSERVATION,IR,4310185549,4fa7b334-ce0d-4e88-aaae-2e0c138d049e
48.458748,32.664562,2022,,HUMAN_OBSERVATION,IR,4310268511,4fa7b334-ce0d-4e88-aaae-2e0c138d049e
47.54003,29.34662,2022,,HUMAN_OBSERVATION,KW,4310422146,4fa7b334-ce0d-4e88-aaae-2e0c138d049e
48.48312,32.625114,2022,,HUMAN_OBSERVATION,IR,4310498290,4fa7b334-ce0d-4e88-aaae-2e0c138d049e
46.9602,29.366991,2022,,HUMAN_OBSERVATION,KW,4313891927,4fa7b334-ce0d-4e88-aaae-2e0c138d049e
48.512768,32.603615,2022,,HUMAN_OBSERVATION,IR,4315547422,4fa7b334-ce0d-4e88-aaae-2e0c138d049e
48.422417,32.408314,2022,,HUMAN_OBSERVATION,IR,4315845055,4fa7b334-ce0d-4e88-aaae-2e0c138d049e
48.49007,32.62347,2022,,HUMAN_OBSERVATION,IR,4315877142,4fa7b334-ce0d-4e88-aaae-2e0c138d049e
48.512768,32.603615,2022,,HUMAN_OBSERVATION,IR,4321286873,4fa7b334-ce0d-4e88-aaae-2e0c138d049e
46.9602,29.366991,2022,,HUMAN_OBSERVATION,KW,4323608555,4fa7b334-ce0d-4e88-aaae-2e0c138d049e
48.512768,32.603615,2022,,HUMAN_OBSERVATION,IR,4326478693,4fa7b334-ce0d-4e88-aaae-2e0c138d049e
48.500874,32.62034,2022,,HUMAN_OBSERVATION,IR,4330066766,4fa7b334-ce0d-4e88-aaae-2e0c138d049e
48.512768,32.603615,2022,,HUMAN_OBSERVATION,IR,4333128333,4fa7b334-ce0d-4e88-aaae-2e0c138d049e
47.90282,29.334694,2022,,HUMAN_OBSERVATION,KW,4336771324,4fa7b334-ce0d-4e88-aaae-2e0c138d049e
47.9503,29.35078,2022,,HUMAN_OBSERVATION,KW,4340659859,4fa7b334-ce0d-4e88-aaae-2e0c138d049e
48.458748,32.664562,2022,,HUMAN_OBSERVATION,IR,4345932261,4fa7b334-ce0d-4e88-aaae-2e0c138d049e
48.100964,29.135288,2022,,HUMAN_OBSERVATION,KW,4361516291,4fa7b334-ce0d-4e88-aaae-2e0c138d049e
48.458748,32.664562,2022,,HUMAN_OBSERVATION,IR,4815649362,4fa7b334-ce0d-4e88-aaae-2e0c138d049e
48.552757,32.643597,2022,,HUMAN_OBSERVATION,IR,4817429738,4fa7b334-ce0d-4e88-aaae-2e0c138d049e
48.512768,32.603615,2022,,HUMAN_OBSERVATION,IR,4834818574,4fa7b334-ce0d-4e88-aaae-2e0c138d049e
48.48312,32.625114,2022,,HUMAN_OBSERVATION,IR,4842943699,4fa7b334-ce0d-4e88-aaae-2e0c138d049e
44.420793,33.285198,2022,977.0,HUMAN_OBSERVATION,IQ,3712488241,50c9509d-22c7-4a22-a47d-8c48425ef4a7
44.420793,33.285198,2022,977.0,HUMAN_OBSERVATION,IQ,3712552296,50c9509d-22c7-4a22-a47d-8c48425ef4a7
47.707787,29.553898,2022,,HUMAN_OBSERVATION,KW,4189795847,4fa7b334-ce0d-4e88-aaae-2e0c138d049e
48.26218,32.162186,2022,,HUMAN_OBSERVATION,IR,4193919889,4fa7b334-ce0d-4e88-aaae-2e0c138d049e
47.707787,29.553898,2022,,HUMAN_OBSERVATION,KW,4194069945,4fa7b334-ce0d-4e88-aaae-2e0c138d049e
48.14135,29.076393,2022,,HUMAN_OBSERVATION,KW,4194182983,4fa7b334-ce0d-4e88-aaae-2e0c138d049e
48.037445,29.331434,2022,,HUMAN_OBSERVATION,KW,4194280301,4fa7b334-ce0d-4e88-aaae-2e0c138d049e
47.99427,29.373367,2022,,HUMAN_OBSERVATION,KW,4196556413,4fa7b334-ce0d-4e88-aaae-2e0c138d049e
48.396095,32.394352,2022,,HUMAN_OBSERVATION,IR,4200718229,4fa7b334-ce0d-4e88-aaae-2e0c138d049e
47.707787,29.553898,2022,,HUMAN_OBSERVATION,KW,4201536687,4fa7b334-ce0d-4e88-aaae-2e0c138d049e
47.90282,29.334694,2022,,HUMAN_OBSERVATION,KW,4202667728,4fa7b334-ce0d-4e88-aaae-2e0c138d049e
47.75559,29.26832,2022,,HUMAN_OBSERVATION,KW,4204996090,4fa7b334-ce0d-4e88-aaae-2e0c138d049e
47.99427,29.373367,2022,,HUMAN_OBSERVATION,KW,4205199694,4fa7b334-ce0d-4e88-aaae-2e0c138d049e
48.490116,32.623653,2022,,HUMAN_OBSERVATION,IR,4205454137,4fa7b334-ce0d-4e88-aaae-2e0c138d049e
47.99427,29.373367,2022,,HUMAN_OBSERVATION,KW,4206324404,4fa7b334-ce0d-4e88-aaae-2e0c138d049e
48.37345,32.426235,2022,,HUMAN_OBSERVATION,IR,4209289787,4fa7b334-ce0d-4e88-aaae-2e0c138d049e
47.707787,29.553898,2022,,HUMAN_OBSERVATION,KW,4209350405,4fa7b334-ce0d-4e88-aaae-2e0c138d049e
47.90268,29.33483,2022,,HUMAN_OBSERVATION,KW,4212002597,4fa7b334-ce0d-4e88-aaae-2e0c138d049e
47.674255,29.351254,2022,,HUMAN_OBSERVATION,KW,4213245380,4fa7b334-ce0d-4e88-aaae-2e0c138d049e
46.9602,29.366991,2022,,HUMAN_OBSERVATION,KW,4213459410,4fa7b334-ce0d-4e88-aaae-2e0c138d049e
48.14135,29.076393,2022,,HUMAN_OBSERVATION,KW,4214557265,4fa7b334-ce0d-4e88-aaae-2e0c138d049e
48.026817,29.364449,2022,,HUMAN_OBSERVATION,KW,4215163148,4fa7b334-ce0d-4e88-aaae-2e0c138d049e
47.995087,29.39,2022,,HUMAN_OBSERVATION,KW,4215544308,4fa7b334-ce0d-4e88-aaae-2e0c138d049e
47.730595,29.357735,2022,,HUMAN_OBSERVATION,KW,4218159365,4fa7b334-ce0d-4e88-aaae-2e0c138d049e
48.382824,28.602972,2022,,HUMAN_OBSERVATION,KW,4221292824,4fa7b334-ce0d-4e88-aaae-2e0c138d049e
47.707787,29.553898,2022,,HUMAN_OBSERVATION,KW,4222264024,4fa7b334-ce0d-4e88-aaae-2e0c138d049e
48.14135,29.076393,2022,,HUMAN_OBSERVATION,KW,4223005275,4fa7b334-ce0d-4e88-aaae-2e0c138d049e
48.037193,29.331232,2022,,HUMAN_OBSERVATION,KW,4224144961,4fa7b334-ce0d-4e88-aaae-2e0c138d049e
49.202995,30.71947,2022,,HUMAN_OBSERVATION,IR,4226886404,4fa7b334-ce0d-4e88-aaae-2e0c138d049e
47.707787,29.553898,2022,,HUMAN_OBSERVATION,KW,4227174940,4fa7b334-ce0d-4e88-aaae-2e0c138d049e
47.707787,29.553898,2022,,HUMAN_OBSERVATION,KW,4229419170,4fa7b334-ce0d-4e88-aaae-2e0c138d049e
48.122143,29.166296,2022,,HUMAN_OBSERVATION,KW,4231371845,4fa7b334-ce0d-4e88-aaae-2e0c138d049e
47.902466,29.334688,2022,,HUMAN_OBSERVATION,KW,4231760656,4fa7b334-ce0d-4e88-aaae-2e0c138d049e
47.995087,29.39,2022,,HUMAN_OBSERVATION,KW,4239693362,4fa7b334-ce0d-4e88-aaae-2e0c138d049e
47.707787,29.553898,2022,,HUMAN_OBSERVATION,KW,4244388965,4fa7b334-ce0d-4e88-aaae-2e0c138d049e
48.480606,32.629112,2022,,HUMAN_OBSERVATION,IR,4250622492,4fa7b334-ce0d-4e88-aaae-2e0c138d049e
47.707787,29.553898,2022,,HUMAN_OBSERVATION,KW,4272311466,4fa7b334-ce0d-4e88-aaae-2e0c138d049e
48.899616,31.828596,2022,,HUMAN_OBSERVATION,IR,4295373295,4fa7b334-ce0d-4e88-aaae-2e0c138d049e
48.480606,32.629112,2022,,HUMAN_OBSERVATION,IR,4300816318,4fa7b334-ce0d-4e88-aaae-2e0c138d049e
47.674255,29.351254,2022,,HUMAN_OBSERVATION,KW,4302511831,4fa7b334-ce0d-4e88-aaae-2e0c138d049e
47.995087,29.39,2022,,HUMAN_OBSERVATION,KW,4303142473,4fa7b334-ce0d-4e88-aaae-2e0c138d049e
47.90509,29.351927,2022,,HUMAN_OBSERVATION,KW,4303234120,4fa7b334-ce0d-4e88-aaae-2e0c138d049e
47.69856,29.353527,2022,,HUMAN_OBSERVATION,KW,4304719241,4fa7b334-ce0d-4e88-aaae-2e0c138d049e
48.490116,32.623653,2022,,HUMAN_OBSERVATION,IR,4308710541,4fa7b334-ce0d-4e88-aaae-2e0c138d049e
39.497128,29.890392,2022,,HUMAN_OBSERVATION,SA,4311486679,4fa7b334-ce0d-4e88-aaae-2e0c138d049e
48.122173,29.165966,2022,,HUMAN_OBSERVATION,KW,4312264036,4fa7b334-ce0d-4e88-aaae-2e0c138d049e
47.707787,29.553898,2022,,HUMAN_OBSERVATION,KW,4313614931,4fa7b334-ce0d-4e88-aaae-2e0c138d049e
48.396095,32.394352,2022,,HUMAN_OBSERVATION,IR,4314692217,4fa7b334-ce0d-4e88-aaae-2e0c138d049e
47.21663,29.125298,2022,,HUMAN_OBSERVATION,KW,4317192267,4fa7b334-ce0d-4e88-aaae-2e0c138d049e
47.707787,29.553898,2022,,HUMAN_OBSERVATION,KW,4318261752,4fa7b334-ce0d-4e88-aaae-2e0c138d049e
47.707787,29.553898,2022,,HUMAN_OBSERVATION,KW,4322161481,4fa7b334-ce0d-4e88-aaae-2e0c138d049e
48.490116,32.623653,2022,,HUMAN_OBSERVATION,IR,4328181869,4fa7b334-ce0d-4e88-aaae-2e0c138d049e
47.707787,29.553898,2022,,HUMAN_OBSERVATION,KW,4331876601,4fa7b334-ce0d-4e88-aaae-2e0c138d049e
40.45308,29.919905,2022,,HUMAN_OBSERVATION,SA,4332678134,4fa7b334-ce0d-4e88-aaae-2e0c138d049e
47.707787,29.553898,2022,,HUMAN_OBSERVATION,KW,4333842761,4fa7b334-ce0d-4e88-aaae-2e0c138d049e
47.995007,29.38999,2022,,HUMAN_OBSERVATION,KW,4337052612,4fa7b334-ce0d-4e88-aaae-2e0c138d049e
48.490116,32.623653,2022,,HUMAN_OBSERVATION,IR,4337090285,4fa7b334-ce0d-4e88-aaae-2e0c138d049e
47.995087,29.39,2022,,HUMAN_OBSERVATION,KW,4340931927,4fa7b334-ce0d-4e88-aaae-2e0c138d049e
47.995087,29.39,2022,,HUMAN_OBSERVATION,KW,4341870642,4fa7b334-ce0d-4e88-aaae-2e0c138d049e
47.707787,29.553898,2022,,HUMAN_OBSERVATION,KW,4344170257,4fa7b334-ce0d-4e88-aaae-2e0c138d049e
47.707787,29.553898,2022,,HUMAN_OBSERVATION,KW,4349758290,4fa7b334-ce0d-4e88-aaae-2e0c138d049e
47.707787,29.553898,2022,,HUMAN_OBSERVATION,KW,4350765058,4fa7b334-ce0d-4e88-aaae-2e0c138d049e
48.14135,29.076393,2022,,HUMAN_OBSERVATION,KW,4352206515,4fa7b334-ce0d-4e88-aaae-2e0c138d049e
48.026817,29.364449,2022,,HUMAN_OBSERVATION,KW,4369570410,4fa7b334-ce0d-4e88-aaae-2e0c138d049e
47.707787,29.553898,2022,,HUMAN_OBSERVATION,KW,4373071946,4fa7b334-ce0d-4e88-aaae-2e0c138d049e
47.870865,29.322924,2022,,HUMAN_OBSERVATION,KW,4395037703,4fa7b334-ce0d-4e88-aaae-2e0c138d049e
44.36058,32.887481,2022,7.0,HUMAN_OBSERVATION,IQ,5104543902,50c9509d-22c7-4a22-a47d-8c48425ef4a7
48.490116,32.623653,2022,,HUMAN_OBSERVATION,IR,5590314680,4fa7b334-ce0d-4e88-aaae-2e0c138d049e
46.9602,29.366991,2022,,HUMAN_OBSERVATION,KW,4202031715,4fa7b334-ce0d-4e88-aaae-2e0c138d049e
48.090057,29.277107,2022,,HUMAN_OBSERVATION,KW,4203789487,4fa7b334-ce0d-4e88-aaae-2e0c138d049e
47.707787,29.553898,2022,,HUMAN_OBSERVATION,KW,4205710340,4fa7b334-ce0d-4e88-aaae-2e0c138d049e
47.707787,29.553898,2022,,HUMAN_OBSERVATION,KW,4211697390,4fa7b334-ce0d-4e88-aaae-2e0c138d049e
47.995087,29.39,2022,,HUMAN_OBSERVATION,KW,4214907653,4fa7b334-ce0d-4e88-aaae-2e0c138d049e
47.90953,29.344698,2022,,HUMAN_OBSERVATION,KW,4215542115,4fa7b334-ce0d-4e88-aaae-2e0c138d049e
48.119457,29.133131,2022,,HUMAN_OBSERVATION,KW,4215756058,4fa7b334-ce0d-4e88-aaae-2e0c138d049e
48.40104,28.549696,2022,,HUMAN_OBSERVATION,KW,4219507471,4fa7b334-ce0d-4e88-aaae-2e0c138d049e
47.995007,29.38999,2022,,HUMAN_OBSERVATION,KW,4220745484,4fa7b334-ce0d-4e88-aaae-2e0c138d049e
47.707787,29.553898,2022,,HUMAN_OBSERVATION,KW,4221213643,4fa7b334-ce0d-4e88-aaae-2e0c138d049e
47.693195,29.36198,2022,,HUMAN_OBSERVATION,KW,4224732895,4fa7b334-ce0d-4e88-aaae-2e0c138d049e
47.719116,30.025309,2022,,HUMAN_OBSERVATION,KW,4226796268,4fa7b334-ce0d-4e88-aaae-2e0c138d049e
45.18597,35.700607,2022,,HUMAN_OBSERVATION,IQ,4227966832,4fa7b334-ce0d-4e88-aaae-2e0c138d049e
48.119457,29.133131,2022,,HUMAN_OBSERVATION,KW,4228251498,4fa7b334-ce0d-4e88-aaae-2e0c138d049e
48.037445,29.331434,2022,,HUMAN_OBSERVATION,KW,4228498199,4fa7b334-ce0d-4e88-aaae-2e0c138d049e
47.995087,29.39,2022,,HUMAN_OBSERVATION,KW,4230421544,4fa7b334-ce0d-4e88-aaae-2e0c138d049e
48.100555,29.34782,2022,,HUMAN_OBSERVATION,KW,4236518094,4fa7b334-ce0d-4e88-aaae-2e0c138d049e
47.946934,29.355097,2022,,HUMAN_OBSERVATION,KW,4236649332,4fa7b334-ce0d-4e88-aaae-2e0c138d049e
47.995087,29.39,2022,,HUMAN_OBSERVATION,KW,4236698334,4fa7b334-ce0d-4e88-aaae-2e0c138d049e
47.995087,29.39,2022,,HUMAN_OBSERVATION,KW,4237553767,4fa7b334-ce0d-4e88-aaae-2e0c138d049e
48.40104,28.549696,2022,,HUMAN_OBSERVATION,KW,4244899450,4fa7b334-ce0d-4e88-aaae-2e0c138d049e
47.995087,29.39,2022,,HUMAN_OBSERVATION,KW,4245404503,4fa7b334-ce0d-4e88-aaae-2e0c138d049e
47.995087,29.39,2022,,HUMAN_OBSERVATION,KW,4250244530,4fa7b334-ce0d-4e88-aaae-2e0c138d049e
48.40104,28.549696,2022,,HUMAN_OBSERVATION,KW,4251119104,4fa7b334-ce0d-4e88-aaae-2e0c138d049e
47.858547,31.478123,2022,,HUMAN_OBSERVATION,IR,4253330068,4fa7b334-ce0d-4e88-aaae-2e0c138d049e
47.69305,29.3623,2022,,HUMAN_OBSERVATION,KW,4253556172,4fa7b334-ce0d-4e88-aaae-2e0c138d049e
48.08215,29.316475,2022,,HUMAN_OBSERVATION,KW,4256592477,4fa7b334-ce0d-4e88-aaae-2e0c138d049e
47.90953,29.344698,2022,,HUMAN_OBSERVATION,KW,4263263719,4fa7b334-ce0d-4e88-aaae-2e0c138d049e
47.614403,29.590475,2022,,HUMAN_OBSERVATION,KW,4265123931,4fa7b334-ce0d-4e88-aaae-2e0c138d049e
48.100964,29.135288,2022,,HUMAN_OBSERVATION,KW,4266585221,4fa7b334-ce0d-4e88-aaae-2e0c138d049e
47.995087,29.39,2022,,HUMAN_OBSERVATION,KW,4267448042,4fa7b334-ce0d-4e88-aaae-2e0c138d049e
46.9602,29.366991,2022,,HUMAN_OBSERVATION,KW,4274818542,4fa7b334-ce0d-4e88-aaae-2e0c138d049e
47.614403,29.590475,2022,,HUMAN_OBSERVATION,KW,4279608427,4fa7b334-ce0d-4e88-aaae-2e0c138d049e
48.656303,31.304148,2022,,HUMAN_OBSERVATION,IR,4289162368,4fa7b334-ce0d-4e88-aaae-2e0c138d049e
47.858547,31.478123,2022,,HUMAN_OBSERVATION,IR,4306291034,4fa7b334-ce0d-4e88-aaae-2e0c138d049e
48.656303,31.304148,2022,,HUMAN_OBSERVATION,IR,4318948179,4fa7b334-ce0d-4e88-aaae-2e0c138d049e
47.9503,29.35078,2022,,HUMAN_OBSERVATION,KW,4319225956,4fa7b334-ce0d-4e88-aaae-2e0c138d049e
47.995087,29.39,2022,,HUMAN_OBSERVATION,KW,4320451307,4fa7b334-ce0d-4e88-aaae-2e0c138d049e
47.946934,29.355097,2022,,HUMAN_OBSERVATION,KW,4321568840,4fa7b334-ce0d-4e88-aaae-2e0c138d049e
46.9602,29.366991,2022,,HUMAN_OBSERVATION,KW,4322032657,4fa7b334-ce0d-4e88-aaae-2e0c138d049e
47.976803,29.386856,2022,,HUMAN_OBSERVATION,KW,4324317449,4fa7b334-ce0d-4e88-aaae-2e0c138d049e
47.707787,29.553898,2022,,HUMAN_OBSERVATION,KW,4325084033,4fa7b334-ce0d-4e88-aaae-2e0c138d049e
48.240067,32.072495,2022,,HUMAN_OBSERVATION,IR,4325877867,4fa7b334-ce0d-4e88-aaae-2e0c138d049e
47.707787,29.553898,2022,,HUMAN_OBSERVATION,KW,4328212465,4fa7b334-ce0d-4e88-aaae-2e0c138d049e
48.037193,29.331232,2022,,HUMAN_OBSERVATION,KW,4329166764,4fa7b334-ce0d-4e88-aaae-2e0c138d049e
47.707787,29.553898,2022,,HUMAN_OBSERVATION,KW,4329274894,4fa7b334-ce0d-4e88-aaae-2e0c138d049e
48.656303,31.304148,2022,,HUMAN_OBSERVATION,IR,4332619345,4fa7b334-ce0d-4e88-aaae-2e0c138d049e
47.707787,29.553898,2022,,HUMAN_OBSERVATION,KW,4332671886,4fa7b334-ce0d-4e88-aaae-2e0c138d049e
48.043213,28.555576,2022,,HUMAN_OBSERVATION,KW,4332834606,4fa7b334-ce0d-4e88-aaae-2e0c138d049e
47.995087,29.39,2022,,HUMAN_OBSERVATION,KW,4334114694,4fa7b334-ce0d-4e88-aaae-2e0c138d049e
47.674255,29.351254,2022,,HUMAN_OBSERVATION,KW,4334746177,4fa7b334-ce0d-4e88-aaae-2e0c138d049e
48.11621,29.1906,2022,,HUMAN_OBSERVATION,KW,4336180570,4fa7b334-ce0d-4e88-aaae-2e0c138d049e
48.391533,28.598068,2022,,HUMAN_OBSERVATION,KW,4338370761,4fa7b334-ce0d-4e88-aaae-2e0c138d049e
48.40104,28.549696,2022,,HUMAN_OBSERVATION,KW,4339999343,4fa7b334-ce0d-4e88-aaae-2e0c138d049e
47.707787,29.553898,2022,,HUMAN_OBSERVATION,KW,4341632735,4fa7b334-ce0d-4e88-aaae-2e0c138d049e
40.45308,29.919905,2022,,HUMAN_OBSERVATION,SA,4343014487,4fa7b334-ce0d-4e88-aaae-2e0c138d049e
48.544846,32.207806,2022,,HUMAN_OBSERVATION,IR,4343656737,4fa7b334-ce0d-4e88-aaae-2e0c138d049e
47.995087,29.39,2022,,HUMAN_OBSERVATION,KW,4346343783,4fa7b334-ce0d-4e88-aaae-2e0c138d049e
47.995087,29.39,2022,,HUMAN_OBSERVATION,KW,4350448683,4fa7b334-ce0d-4e88-aaae-2e0c138d049e
48.40104,28.549696,2022,,HUMAN_OBSERVATION,KW,4358194772,4fa7b334-ce0d-4e88-aaae-2e0c138d049e
47.69856,29.353527,2022,,HUMAN_OBSERVATION,KW,4364613781,4fa7b334-ce0d-4e88-aaae-2e0c138d049e
48.240067,32.072495,2022,,HUMAN_OBSERVATION,IR,4371542148,4fa7b334-ce0d-4e88-aaae-2e0c138d049e
47.909,29.572233,2022,,HUMAN_OBSERVATION,KW,4371996623,4fa7b334-ce0d-4e88-aaae-2e0c138d049e
49.37305,37.47915,2022,,HUMAN_OBSERVATION,IR,4373887546,4fa7b334-ce0d-4e88-aaae-2e0c138d049e
47.614403,29.590475,2022,,HUMAN_OBSERVATION,KW,4381183007,4fa7b334-ce0d-4e88-aaae-2e0c138d049e
47.858547,31.478123,2022,,HUMAN_OBSERVATION,IR,4386834005,4fa7b334-ce0d-4e88-aaae-2e0c138d049e
47.707787,29.553898,2022,,HUMAN_OBSERVATION,KW,4387996077,4fa7b334-ce0d-4e88-aaae-2e0c138d049e
47.614403,29.590475,2022,,HUMAN_OBSERVATION,KW,4392885414,4fa7b334-ce0d-4e88-aaae-2e0c138d049e
47.614403,29.590475,2022,,HUMAN_OBSERVATION,KW,4394633412,4fa7b334-ce0d-4e88-aaae-2e0c138d049e
44.417768,33.285117,2022,691.0,HUMAN_OBSERVATION,IQ,3772757222,50c9509d-22c7-4a22-a47d-8c48425ef4a7
47.88523,31.26294,2022,,HUMAN_OBSERVATION,IR,4181030323,4fa7b334-ce0d-4e88-aaae-2e0c138d049e
47.995087,29.39,2022,,HUMAN_OBSERVATION,KW,4208011709,4fa7b334-ce0d-4e88-aaae-2e0c138d049e
48.201244,28.92512,2022,,HUMAN_OBSERVATION,KW,4209846004,4fa7b334-ce0d-4e88-aaae-2e0c138d049e
47.995087,29.39,2022,,HUMAN_OBSERVATION,KW,4211066876,4fa7b334-ce0d-4e88-aaae-2e0c138d049e
47.707787,29.553898,2022,,HUMAN_OBSERVATION,KW,4211460076,4fa7b334-ce0d-4e88-aaae-2e0c138d049e
48.119457,29.133131,2022,,HUMAN_OBSERVATION,KW,4214761755,4fa7b334-ce0d-4e88-aaae-2e0c138d049e
48.201244,28.92512,2022,,HUMAN_OBSERVATION,KW,4225305254,4fa7b334-ce0d-4e88-aaae-2e0c138d049e
47.99427,29.373367,2022,,HUMAN_OBSERVATION,KW,4228826258,4fa7b334-ce0d-4e88-aaae-2e0c138d049e
48.791595,32.014793,2022,,HUMAN_OBSERVATION,IR,4229007865,4fa7b334-ce0d-4e88-aaae-2e0c138d049e
48.65547,31.296482,2022,,HUMAN_OBSERVATION,IR,4231516262,4fa7b334-ce0d-4e88-aaae-2e0c138d049e
47.995007,29.38999,2022,,HUMAN_OBSERVATION,KW,4236287144,4fa7b334-ce0d-4e88-aaae-2e0c138d049e
48.49016,32.623642,2022,,HUMAN_OBSERVATION,IR,4237122592,4fa7b334-ce0d-4e88-aaae-2e0c138d049e
46.9602,29.366991,2022,,HUMAN_OBSERVATION,KW,4238716488,4fa7b334-ce0d-4e88-aaae-2e0c138d049e
48.119457,29.133131,2022,,HUMAN_OBSERVATION,KW,4240246591,4fa7b334-ce0d-4e88-aaae-2e0c138d049e
48.255875,31.607252,2022,,HUMAN_OBSERVATION,IR,4241006960,4fa7b334-ce0d-4e88-aaae-2e0c138d049e
47.995087,29.39,2022,,HUMAN_OBSERVATION,KW,4241902668,4fa7b334-ce0d-4e88-aaae-2e0c138d049e
48.49016,32.623642,2022,,HUMAN_OBSERVATION,IR,4244601673,4fa7b334-ce0d-4e88-aaae-2e0c138d049e
48.377754,28.71107,2022,,HUMAN_OBSERVATION,KW,4247515055,4fa7b334-ce0d-4e88-aaae-2e0c138d049e
47.995087,29.39,2022,,HUMAN_OBSERVATION,KW,4248108546,4fa7b334-ce0d-4e88-aaae-2e0c138d049e
48.239548,32.066696,2022,,HUMAN_OBSERVATION,IR,4249054067,4fa7b334-ce0d-4e88-aaae-2e0c138d049e
48.100964,29.135288,2022,,HUMAN_OBSERVATION,KW,4249860344,4fa7b334-ce0d-4e88-aaae-2e0c138d049e
42.965664,36.874023,2022,,HUMAN_OBSERVATION,IQ,4250789662,4fa7b334-ce0d-4e88-aaae-2e0c138d049e
48.791595,32.014793,2022,,HUMAN_OBSERVATION,IR,4253261125,4fa7b334-ce0d-4e88-aaae-2e0c138d049e
47.707787,29.553898,2022,,HUMAN_OBSERVATION,KW,4253380336,4fa7b334-ce0d-4e88-aaae-2e0c138d049e
48.037193,29.331232,2022,,HUMAN_OBSERVATION,KW,4254029005,4fa7b334-ce0d-4e88-aaae-2e0c138d049e
48.66297,31.3028,2022,,HUMAN_OBSERVATION,IR,4258859490,4fa7b334-ce0d-4e88-aaae-2e0c138d049e
47.621418,30.994781,2022,,HUMAN_OBSERVATION,IQ,4259147978,4fa7b334-ce0d-4e88-aaae-2e0c138d049e
48.037193,29.331232,2022,,HUMAN_OBSERVATION,KW,4262424814,4fa7b334-ce0d-4e88-aaae-2e0c138d049e
47.995087,29.39,2022,,HUMAN_OBSERVATION,KW,4262771507,4fa7b334-ce0d-4e88-aaae-2e0c138d049e
48.10077,29.236874,2022,,HUMAN_OBSERVATION,KW,4265455898,4fa7b334-ce0d-4e88-aaae-2e0c138d049e
46.18037,35.518444,2022,,HUMAN_OBSERVATION,IR,4270545552,4fa7b334-ce0d-4e88-aaae-2e0c138d049e
46.9602,29.366991,2022,,HUMAN_OBSERVATION,KW,4271740154,4fa7b334-ce0d-4e88-aaae-2e0c138d049e
47.995087,29.39,2022,,HUMAN_OBSERVATION,KW,4273284908,4fa7b334-ce0d-4e88-aaae-2e0c138d049e
48.40104,28.549696,2022,,HUMAN_OBSERVATION,KW,4275637850,4fa7b334-ce0d-4e88-aaae-2e0c138d049e
47.995087,29.39,2022,,HUMAN_OBSERVATION,KW,4275901797,4fa7b334-ce0d-4e88-aaae-2e0c138d049e
48.40104,28.549696,2022,,HUMAN_OBSERVATION,KW,4277057039,4fa7b334-ce0d-4e88-aaae-2e0c138d049e
48.40104,28.549696,2022,,HUMAN_OBSERVATION,KW,4278249166,4fa7b334-ce0d-4e88-aaae-2e0c138d049e
47.9503,29.35078,2022,,HUMAN_OBSERVATION,KW,4280995346,4fa7b334-ce0d-4e88-aaae-2e0c138d049e
49.37305,37.47915,2022,,HUMAN_OBSERVATION,IR,4281862194,4fa7b334-ce0d-4e88-aaae-2e0c138d049e
48.60362,31.690891,2022,,HUMAN_OBSERVATION,IR,4282571457,4fa7b334-ce0d-4e88-aaae-2e0c138d049e
47.674255,29.351254,2022,,HUMAN_OBSERVATION,KW,4284613648,4fa7b334-ce0d-4e88-aaae-2e0c138d049e
48.40104,28.549696,2022,,HUMAN_OBSERVATION,KW,4292814805,4fa7b334-ce0d-4e88-aaae-2e0c138d049e
48.245247,32.075394,2022,,HUMAN_OBSERVATION,IR,4293476688,4fa7b334-ce0d-4e88-aaae-2e0c138d049e
48.05805,29.233236,2022,,HUMAN_OBSERVATION,KW,4293535440,4fa7b334-ce0d-4e88-aaae-2e0c138d049e
46.9602,29.366991,2022,,HUMAN_OBSERVATION,KW,4294096514,4fa7b334-ce0d-4e88-aaae-2e0c138d049e
46.9602,29.366991,2022,,HUMAN_OBSERVATION,KW,4302330051,4fa7b334-ce0d-4e88-aaae-2e0c138d049e
48.070103,29.089321,2022,,HUMAN_OBSERVATION,KW,4306266177,4fa7b334-ce0d-4e88-aaae-2e0c138d049e
46.9602,29.366991,2022,,HUMAN_OBSERVATION,KW,4320986679,4fa7b334-ce0d-4e88-aaae-2e0c138d049e
47.995087,29.39,2022,,HUMAN_OBSERVATION,KW,4321215303,4fa7b334-ce0d-4e88-aaae-2e0c138d049e
48.60362,31.690891,2022,,HUMAN_OBSERVATION,IR,4324538532,4fa7b334-ce0d-4e88-aaae-2e0c138d049e
48.49016,32.623642,2022,,HUMAN_OBSERVATION,IR,4326519748,4fa7b334-ce0d-4e88-aaae-2e0c138d049e
48.49016,32.623642,2022,,HUMAN_OBSERVATION,IR,4330297924,4fa7b334-ce0d-4e88-aaae-2e0c138d049e
48.245247,32.075394,2022,,HUMAN_OBSERVATION,IR,4330384198,4fa7b334-ce0d-4e88-aaae-2e0c138d049e
47.995087,29.39,2022,,HUMAN_OBSERVATION,KW,4334221058,4fa7b334-ce0d-4e88-aaae-2e0c138d049e
47.995087,29.39,2022,,HUMAN_OBSERVATION,KW,4346500649,4fa7b334-ce0d-4e88-aaae-2e0c138d049e
47.707787,29.553898,2022,,HUMAN_OBSERVATION,KW,4347022775,4fa7b334-ce0d-4e88-aaae-2e0c138d049e
46.18037,35.518444,2022,,HUMAN_OBSERVATION,IR,4347238870,4fa7b334-ce0d-4e88-aaae-2e0c138d049e
48.40104,28.549696,2022,,HUMAN_OBSERVATION,KW,4348307782,4fa7b334-ce0d-4e88-aaae-2e0c138d049e
48.239548,32.066696,2022,,HUMAN_OBSERVATION,IR,4349552896,4fa7b334-ce0d-4e88-aaae-2e0c138d049e
48.17647,28.964006,2022,,HUMAN_OBSERVATION,KW,4350175685,4fa7b334-ce0d-4e88-aaae-2e0c138d049e
47.995087,29.39,2022,,HUMAN_OBSERVATION,KW,4352397983,4fa7b334-ce0d-4e88-aaae-2e0c138d049e
48.245247,32.075394,2022,,HUMAN_OBSERVATION,IR,4352516802,4fa7b334-ce0d-4e88-aaae-2e0c138d049e
47.995087,29.39,2022,,HUMAN_OBSERVATION,KW,4353356577,4fa7b334-ce0d-4e88-aaae-2e0c138d049e
48.239548,32.066696,2022,,HUMAN_OBSERVATION,IR,4355018061,4fa7b334-ce0d-4e88-aaae-2e0c138d049e
46.9602,29.366991,2022,,HUMAN_OBSERVATION,KW,4365256749,4fa7b334-ce0d-4e88-aaae-2e0c138d049e
48.239548,32.066696,2022,,HUMAN_OBSERVATION,IR,4369414809,4fa7b334-ce0d-4e88-aaae-2e0c138d049e
47.995087,29.39,2022,,HUMAN_OBSERVATION,KW,4369696654,4fa7b334-ce0d-4e88-aaae-2e0c138d049e
48.40104,28.549696,2022,,HUMAN_OBSERVATION,KW,4375437726,4fa7b334-ce0d-4e88-aaae-2e0c138d049e
47.995087,29.39,2022,,HUMAN_OBSERVATION,KW,4379054113,4fa7b334-ce0d-4e88-aaae-2e0c138d049e
46.9602,29.366991,2022,,HUMAN_OBSERVATION,KW,4379852313,4fa7b334-ce0d-4e88-aaae-2e0c138d049e
47.707787,29.553898,2022,,HUMAN_OBSERVATION,KW,4382085877,4fa7b334-ce0d-4e88-aaae-2e0c138d049e
48.239548,32.066696,2022,,HUMAN_OBSERVATION,IR,4382626314,4fa7b334-ce0d-4e88-aaae-2e0c138d049e
48.49016,32.623642,2022,,HUMAN_OBSERVATION,IR,4384140029,4fa7b334-ce0d-4e88-aaae-2e0c138d049e
47.88523,31.26294,2022,,HUMAN_OBSERVATION,IR,4385456898,4fa7b334-ce0d-4e88-aaae-2e0c138d049e
48.12089,29.133806,2022,,HUMAN_OBSERVATION,KW,4386411480,4fa7b334-ce0d-4e88-aaae-2e0c138d049e
48.791595,32.014793,2022,,HUMAN_OBSERVATION,IR,4387025394,4fa7b334-ce0d-4e88-aaae-2e0c138d049e
47.995087,29.39,2022,,HUMAN_OBSERVATION,KW,4389691665,4fa7b334-ce0d-4e88-aaae-2e0c138d049e
44.316978,33.536033,2022,10611.0,HUMAN_OBSERVATION,IQ,5167918191,50c9509d-22c7-4a22-a47d-8c48425ef4a7
44.349163,33.298838,2022,65.0,HUMAN_OBSERVATION,IQ,6552253420,50c9509d-22c7-4a22-a47d-8c48425ef4a7
46.353306,35.026966,2022,,HUMAN_OBSERVATION,IR,4181427598,4fa7b334-ce0d-4e88-aaae-2e0c138d049e
47.870865,29.322924,2022,,HUMAN_OBSERVATION,KW,4181663551,4fa7b334-ce0d-4e88-aaae-2e0c138d049e
48.65547,31.296482,2022,,HUMAN_OBSERVATION,IR,4185487814,4fa7b334-ce0d-4e88-aaae-2e0c138d049e
47.870865,29.322924,2022,,HUMAN_OBSERVATION,KW,4188831179,4fa7b334-ce0d-4e88-aaae-2e0c138d049e
48.1375,29.113056,2022,,HUMAN_OBSERVATION,KW,4190205501,4fa7b334-ce0d-4e88-aaae-2e0c138d049e
48.658436,31.30255,2022,,HUMAN_OBSERVATION,IR,4194555546,4fa7b334-ce0d-4e88-aaae-2e0c138d049e
47.880135,29.323654,2022,,HUMAN_OBSERVATION,KW,4196110075,4fa7b334-ce0d-4e88-aaae-2e0c138d049e
47.9503,29.35078,2022,,HUMAN_OBSERVATION,KW,4206815485,4fa7b334-ce0d-4e88-aaae-2e0c138d049e
48.06333,29.339722,2022,,HUMAN_OBSERVATION,KW,4208425607,4fa7b334-ce0d-4e88-aaae-2e0c138d049e
47.995087,29.39,2022,,HUMAN_OBSERVATION,KW,4208495695,4fa7b334-ce0d-4e88-aaae-2e0c138d049e
47.69305,29.3623,2022,,HUMAN_OBSERVATION,KW,4208549079,4fa7b334-ce0d-4e88-aaae-2e0c138d049e
39.87958,29.81082,2022,,HUMAN_OBSERVATION,SA,4217072259,4fa7b334-ce0d-4e88-aaae-2e0c138d049e
47.995087,29.39,2022,,HUMAN_OBSERVATION,KW,4220132379,4fa7b334-ce0d-4e88-aaae-2e0c138d049e
47.995087,29.39,2022,,HUMAN_OBSERVATION,KW,4220966960,4fa7b334-ce0d-4e88-aaae-2e0c138d049e
46.9602,29.366991,2022,,HUMAN_OBSERVATION,KW,4221328280,4fa7b334-ce0d-4e88-aaae-2e0c138d049e
48.201244,28.92512,2022,,HUMAN_OBSERVATION,KW,4230267818,4fa7b334-ce0d-4e88-aaae-2e0c138d049e
48.23728,32.070675,2022,,HUMAN_OBSERVATION,IR,4230865194,4fa7b334-ce0d-4e88-aaae-2e0c138d049e
47.995087,29.39,2022,,HUMAN_OBSERVATION,KW,4232356314,4fa7b334-ce0d-4e88-aaae-2e0c138d049e
47.90282,29.334694,2022,,HUMAN_OBSERVATION,KW,4232360540,4fa7b334-ce0d-4e88-aaae-2e0c138d049e
47.995087,29.39,2022,,HUMAN_OBSERVATION,KW,4237087604,4fa7b334-ce0d-4e88-aaae-2e0c138d049e
48.15678,31.798645,2022,,HUMAN_OBSERVATION,IR,4250456404,4fa7b334-ce0d-4e88-aaae-2e0c138d049e
48.100964,29.135288,2022,,HUMAN_OBSERVATION,KW,4252856984,4fa7b334-ce0d-4e88-aaae-2e0c138d049e
47.880135,29.323654,2022,,HUMAN_OBSERVATION,KW,4274394238,4fa7b334-ce0d-4e88-aaae-2e0c138d049e
47.880135,29.323654,2022,,HUMAN_OBSERVATION,KW,4280709438,4fa7b334-ce0d-4e88-aaae-2e0c138d049e
46.9602,29.366991,2022,,HUMAN_OBSERVATION,KW,4281032504,4fa7b334-ce0d-4e88-aaae-2e0c138d049e
48.65547,31.296482,2022,,HUMAN_OBSERVATION,IR,4285892985,4fa7b334-ce0d-4e88-aaae-2e0c138d049e
47.995007,29.38999,2022,,HUMAN_OBSERVATION,KW,4285986946,4fa7b334-ce0d-4e88-aaae-2e0c138d049e
48.037445,29.331434,2022,,HUMAN_OBSERVATION,KW,4296610082,4fa7b334-ce0d-4e88-aaae-2e0c138d049e
48.119457,29.133131,2022,,HUMAN_OBSERVATION,KW,4298092553,4fa7b334-ce0d-4e88-aaae-2e0c138d049e
48.122173,29.165966,2022,,HUMAN_OBSERVATION,KW,4299557117,4fa7b334-ce0d-4e88-aaae-2e0c138d049e
47.9969,29.382462,2022,,HUMAN_OBSERVATION,KW,4306648733,4fa7b334-ce0d-4e88-aaae-2e0c138d049e
47.995087,29.39,2022,,HUMAN_OBSERVATION,KW,4316747216,4fa7b334-ce0d-4e88-aaae-2e0c138d049e
47.75465,29.257349,2022,,HUMAN_OBSERVATION,KW,4317111865,4fa7b334-ce0d-4e88-aaae-2e0c138d049e
46.9602,29.366991,2022,,HUMAN_OBSERVATION,KW,4318034563,4fa7b334-ce0d-4e88-aaae-2e0c138d049e
47.90282,29.334694,2022,,HUMAN_OBSERVATION,KW,4319119884,4fa7b334-ce0d-4e88-aaae-2e0c138d049e
48.095352,29.351488,2022,,HUMAN_OBSERVATION,KW,4327710021,4fa7b334-ce0d-4e88-aaae-2e0c138d049e
47.90953,29.344698,2022,,HUMAN_OBSERVATION,KW,4331067891,4fa7b334-ce0d-4e88-aaae-2e0c138d049e
48.743034,32.096928,2022,,HUMAN_OBSERVATION,IR,4331508752,4fa7b334-ce0d-4e88-aaae-2e0c138d049e
47.90282,29.334694,2022,,HUMAN_OBSERVATION,KW,4332573462,4fa7b334-ce0d-4e88-aaae-2e0c138d049e
47.90282,29.334694,2022,,HUMAN_OBSERVATION,KW,4332863351,4fa7b334-ce0d-4e88-aaae-2e0c138d049e
48.1375,29.113056,2022,,HUMAN_OBSERVATION,KW,4337856036,4fa7b334-ce0d-4e88-aaae-2e0c138d049e
47.99427,29.373367,2022,,HUMAN_OBSERVATION,KW,4346955431,4fa7b334-ce0d-4e88-aaae-2e0c138d049e
47.870865,29.322924,2022,,HUMAN_OBSERVATION,KW,4348640076,4fa7b334-ce0d-4e88-aaae-2e0c138d049e
47.674255,29.351254,2022,,HUMAN_OBSERVATION,KW,4349160675,4fa7b334-ce0d-4e88-aaae-2e0c138d049e
47.995087,29.39,2022,,HUMAN_OBSERVATION,KW,4351408499,4fa7b334-ce0d-4e88-aaae-2e0c138d049e
48.66297,31.3028,2022,,HUMAN_OBSERVATION,IR,4357127258,4fa7b334-ce0d-4e88-aaae-2e0c138d049e
47.995007,29.38999,2022,,HUMAN_OBSERVATION,KW,4362558349,4fa7b334-ce0d-4e88-aaae-2e0c138d049e
47.90282,29.334694,2022,,HUMAN_OBSERVATION,KW,4364900313,4fa7b334-ce0d-4e88-aaae-2e0c138d049e
47.90282,29.334694,2022,,HUMAN_OBSERVATION,KW,4369928568,4fa7b334-ce0d-4e88-aaae-2e0c138d049e
47.674255,29.351254,2022,,HUMAN_OBSERVATION,KW,4371088369,4fa7b334-ce0d-4e88-aaae-2e0c138d049e
48.658436,31.30255,2022,,HUMAN_OBSERVATION,IR,4371239763,4fa7b334-ce0d-4e88-aaae-2e0c138d049e
40.421448,29.847275,2022,,HUMAN_OBSERVATION,SA,4371620477,4fa7b334-ce0d-4e88-aaae-2e0c138d049e
47.995087,29.39,2022,,HUMAN_OBSERVATION,KW,4372051591,4fa7b334-ce0d-4e88-aaae-2e0c138d049e
48.23728,32.070675,2022,,HUMAN_OBSERVATION,IR,4379249738,4fa7b334-ce0d-4e88-aaae-2e0c138d049e
48.23728,32.070675,2022,,HUMAN_OBSERVATION,IR,4380914883,4fa7b334-ce0d-4e88-aaae-2e0c138d049e
47.674255,29.351254,2022,,HUMAN_OBSERVATION,KW,4387102909,4fa7b334-ce0d-4e88-aaae-2e0c138d049e
47.674255,29.351254,2022,,HUMAN_OBSERVATION,KW,4389540032,4fa7b334-ce0d-4e88-aaae-2e0c138d049e
48.23728,32.070675,2022,,HUMAN_OBSERVATION,IR,4259440539,4fa7b334-ce0d-4e88-aaae-2e0c138d049e
40.45308,29.919905,2022,,HUMAN_OBSERVATION,SA,4272654116,4fa7b334-ce0d-4e88-aaae-2e0c138d049e
48.658436,31.30255,2022,,HUMAN_OBSERVATION,IR,4275045997,4fa7b334-ce0d-4e88-aaae-2e0c138d049e
40.037643,30.007742,2022,,HUMAN_OBSERVATION,SA,4327101405,4fa7b334-ce0d-4e88-aaae-2e0c138d049e
47.69305,29.3623,2022,,HUMAN_OBSERVATION,KW,4350493269,4fa7b334-ce0d-4e88-aaae-2e0c138d049e
48.658436,31.30255,2022,,HUMAN_OBSERVATION,IR,4353331111,4fa7b334-ce0d-4e88-aaae-2e0c138d049e
48.46416,31.506187,2022,,HUMAN_OBSERVATION,IR,4374956197,4fa7b334-ce0d-4e88-aaae-2e0c138d049e
48.23728,32.070675,2022,,HUMAN_OBSERVATION,IR,4390051129,4fa7b334-ce0d-4e88-aaae-2e0c138d049e
44.415657,33.285713,2022,76.0,HUMAN_OBSERVATION,IQ,3902651114,50c9509d-22c7-4a22-a47d-8c48425ef4a7
48.037193,29.331232,2022,,HUMAN_OBSERVATION,KW,4185896296,4fa7b334-ce0d-4e88-aaae-2e0c138d049e
47.995087,29.39,2022,,HUMAN_OBSERVATION,KW,4189809355,4fa7b334-ce0d-4e88-aaae-2e0c138d049e
44.92447,36.113472,2022,,HUMAN_OBSERVATION,IQ,4243883280,4fa7b334-ce0d-4e88-aaae-2e0c138d049e
48.09665,29.352262,2022,,HUMAN_OBSERVATION,KW,4247824276,4fa7b334-ce0d-4e88-aaae-2e0c138d049e
47.693195,29.36198,2022,,HUMAN_OBSERVATION,KW,4256754321,4fa7b334-ce0d-4e88-aaae-2e0c138d049e
48.026817,29.364449,2022,,HUMAN_OBSERVATION,KW,4274698485,4fa7b334-ce0d-4e88-aaae-2e0c138d049e
48.119457,29.133131,2022,,HUMAN_OBSERVATION,KW,4278496862,4fa7b334-ce0d-4e88-aaae-2e0c138d049e
48.13614,29.118063,2022,,HUMAN_OBSERVATION,KW,4285053184,4fa7b334-ce0d-4e88-aaae-2e0c138d049e
48.037445,29.331434,2022,,HUMAN_OBSERVATION,KW,4286594202,4fa7b334-ce0d-4e88-aaae-2e0c138d049e
48.122143,29.166296,2022,,HUMAN_OBSERVATION,KW,4293827502,4fa7b334-ce0d-4e88-aaae-2e0c138d049e
48.23728,32.070675,2022,,HUMAN_OBSERVATION,IR,4362888829,4fa7b334-ce0d-4e88-aaae-2e0c138d049e
47.976803,29.386856,2022,,HUMAN_OBSERVATION,KW,4376800609,4fa7b334-ce0d-4e88-aaae-2e0c138d049e
48.658436,31.30255,2022,,HUMAN_OBSERVATION,IR,4394375316,4fa7b334-ce0d-4e88-aaae-2e0c138d049e
48.119457,29.133131,2022,,HUMAN_OBSERVATION,KW,4182352428,4fa7b334-ce0d-4e88-aaae-2e0c138d049e
47.90282,29.334694,2022,,HUMAN_OBSERVATION,KW,4182792647,4fa7b334-ce0d-4e88-aaae-2e0c138d049e
47.90282,29.334694,2022,,HUMAN_OBSERVATION,KW,4183781121,4fa7b334-ce0d-4e88-aaae-2e0c138d049e
48.06333,29.339722,2022,,HUMAN_OBSERVATION,KW,4184269666,4fa7b334-ce0d-4e88-aaae-2e0c138d049e
47.99427,29.373367,2022,,HUMAN_OBSERVATION,KW,4185435847,4fa7b334-ce0d-4e88-aaae-2e0c138d049e
47.69736,29.360329,2022,,HUMAN_OBSERVATION,KW,4185712381,4fa7b334-ce0d-4e88-aaae-2e0c138d049e
48.122005,29.127281,2022,,HUMAN_OBSERVATION,KW,4187514759,4fa7b334-ce0d-4e88-aaae-2e0c138d049e
48.119457,29.133131,2022,,HUMAN_OBSERVATION,KW,4193999886,4fa7b334-ce0d-4e88-aaae-2e0c138d049e
48.119457,29.133131,2022,,HUMAN_OBSERVATION,KW,4206429143,4fa7b334-ce0d-4e88-aaae-2e0c138d049e
40.275505,29.882643,2022,,HUMAN_OBSERVATION,SA,4208789522,4fa7b334-ce0d-4e88-aaae-2e0c138d049e
47.99427,29.373367,2022,,HUMAN_OBSERVATION,KW,4212591463,4fa7b334-ce0d-4e88-aaae-2e0c138d049e
47.99427,29.373367,2022,,HUMAN_OBSERVATION,KW,4216582259,4fa7b334-ce0d-4e88-aaae-2e0c138d049e
47.707787,29.553898,2022,,HUMAN_OBSERVATION,KW,4226549227,4fa7b334-ce0d-4e88-aaae-2e0c138d049e
48.119457,29.133131,2022,,HUMAN_OBSERVATION,KW,4226967121,4fa7b334-ce0d-4e88-aaae-2e0c138d049e
40.45308,29.919905,2022,,HUMAN_OBSERVATION,SA,4230779261,4fa7b334-ce0d-4e88-aaae-2e0c138d049e
47.707787,29.553898,2022,,HUMAN_OBSERVATION,KW,4235962646,4fa7b334-ce0d-4e88-aaae-2e0c138d049e
48.119457,29.133131,2022,,HUMAN_OBSERVATION,KW,4236942784,4fa7b334-ce0d-4e88-aaae-2e0c138d049e
47.99523,29.390463,2022,,HUMAN_OBSERVATION,KW,4249439617,4fa7b334-ce0d-4e88-aaae-2e0c138d049e
47.78334,29.585512,2022,,HUMAN_OBSERVATION,KW,4271414013,4fa7b334-ce0d-4e88-aaae-2e0c138d049e
48.12089,29.133806,2022,,HUMAN_OBSERVATION,KW,4279884117,4fa7b334-ce0d-4e88-aaae-2e0c138d049e
47.99427,29.373367,2022,,HUMAN_OBSERVATION,KW,4280015633,4fa7b334-ce0d-4e88-aaae-2e0c138d049e
47.995087,29.39,2022,,HUMAN_OBSERVATION,KW,4291909518,4fa7b334-ce0d-4e88-aaae-2e0c138d049e
47.90282,29.334694,2022,,HUMAN_OBSERVATION,KW,4296448386,4fa7b334-ce0d-4e88-aaae-2e0c138d049e
47.99427,29.373367,2022,,HUMAN_OBSERVATION,KW,4297326847,4fa7b334-ce0d-4e88-aaae-2e0c138d049e
47.995087,29.39,2022,,HUMAN_OBSERVATION,KW,4299998700,4fa7b334-ce0d-4e88-aaae-2e0c138d049e
48.13614,29.118063,2022,,HUMAN_OBSERVATION,KW,4300532764,4fa7b334-ce0d-4e88-aaae-2e0c138d049e
47.995087,29.39,2022,,HUMAN_OBSERVATION,KW,4300919056,4fa7b334-ce0d-4e88-aaae-2e0c138d049e
47.995087,29.39,2022,,HUMAN_OBSERVATION,KW,4303334685,4fa7b334-ce0d-4e88-aaae-2e0c138d049e
47.707787,29.553898,2022,,HUMAN_OBSERVATION,KW,4316416237,4fa7b334-ce0d-4e88-aaae-2e0c138d049e
48.719173,32.100746,2022,,HUMAN_OBSERVATION,IR,4325925427,4fa7b334-ce0d-4e88-aaae-2e0c138d049e
47.707787,29.553898,2022,,HUMAN_OBSERVATION,KW,4330710377,4fa7b334-ce0d-4e88-aaae-2e0c138d049e
47.707787,29.553898,2022,,HUMAN_OBSERVATION,KW,4338181672,4fa7b334-ce0d-4e88-aaae-2e0c138d049e
47.99427,29.373367,2022,,HUMAN_OBSERVATION,KW,4338434142,4fa7b334-ce0d-4e88-aaae-2e0c138d049e
47.995087,29.39,2022,,HUMAN_OBSERVATION,KW,4339356707,4fa7b334-ce0d-4e88-aaae-2e0c138d049e
47.694283,29.36288,2022,,HUMAN_OBSERVATION,KW,4352391524,4fa7b334-ce0d-4e88-aaae-2e0c138d049e
47.99427,29.373367,2022,,HUMAN_OBSERVATION,KW,4359353503,4fa7b334-ce0d-4e88-aaae-2e0c138d049e
47.99427,29.373367,2022,,HUMAN_OBSERVATION,KW,4359575845,4fa7b334-ce0d-4e88-aaae-2e0c138d049e
47.995087,29.39,2022,,HUMAN_OBSERVATION,KW,4366522080,4fa7b334-ce0d-4e88-aaae-2e0c138d049e
48.119457,29.133131,2022,,HUMAN_OBSERVATION,KW,4378557928,4fa7b334-ce0d-4e88-aaae-2e0c138d049e
47.995087,29.39,2022,,HUMAN_OBSERVATION,KW,4380599442,4fa7b334-ce0d-4e88-aaae-2e0c138d049e
48.06333,29.339722,2022,,HUMAN_OBSERVATION,KW,4389034498,4fa7b334-ce0d-4e88-aaae-2e0c138d049e
47.707787,29.553898,2022,,HUMAN_OBSERVATION,KW,4390542663,4fa7b334-ce0d-4e88-aaae-2e0c138d049e
47.88523,31.26294,2022,,HUMAN_OBSERVATION,IR,4394172505,4fa7b334-ce0d-4e88-aaae-2e0c138d049e
48.658436,31.30255,2022,,HUMAN_OBSERVATION,IR,4397759587,4fa7b334-ce0d-4e88-aaae-2e0c138d049e
48.119457,29.133131,2022,,HUMAN_OBSERVATION,KW,4398157816,4fa7b334-ce0d-4e88-aaae-2e0c138d049e
47.707787,29.553898,2022,,HUMAN_OBSERVATION,KW,5488351650,4fa7b334-ce0d-4e88-aaae-2e0c138d049e
48.119457,29.133131,2022,,HUMAN_OBSERVATION,KW,4184174461,4fa7b334-ce0d-4e88-aaae-2e0c138d049e
46.9602,29.366991,2022,,HUMAN_OBSERVATION,KW,4185198323,4fa7b334-ce0d-4e88-aaae-2e0c138d049e
47.707787,29.553898,2022,,HUMAN_OBSERVATION,KW,4186244722,4fa7b334-ce0d-4e88-aaae-2e0c138d049e
47.707787,29.553898,2022,,HUMAN_OBSERVATION,KW,4204024110,4fa7b334-ce0d-4e88-aaae-2e0c138d049e
48.06333,29.339722,2022,,HUMAN_OBSERVATION,KW,4206760089,4fa7b334-ce0d-4e88-aaae-2e0c138d049e
47.90282,29.334694,2022,,HUMAN_OBSERVATION,KW,4214247115,4fa7b334-ce0d-4e88-aaae-2e0c138d049e
47.99427,29.373367,2022,,HUMAN_OBSERVATION,KW,4225037191,4fa7b334-ce0d-4e88-aaae-2e0c138d049e
48.119457,29.133131,2022,,HUMAN_OBSERVATION,KW,4228899771,4fa7b334-ce0d-4e88-aaae-2e0c138d049e
44.33675,33.385994,2022,,HUMAN_OBSERVATION,IQ,4229147991,4fa7b334-ce0d-4e88-aaae-2e0c138d049e
47.707787,29.553898,2022,,HUMAN_OBSERVATION,KW,4235589592,4fa7b334-ce0d-4e88-aaae-2e0c138d049e
47.707787,29.553898,2022,,HUMAN_OBSERVATION,KW,4237327701,4fa7b334-ce0d-4e88-aaae-2e0c138d049e
48.658436,31.30255,2022,,HUMAN_OBSERVATION,IR,4237372965,4fa7b334-ce0d-4e88-aaae-2e0c138d049e
48.02851,29.21886,2022,,HUMAN_OBSERVATION,KW,4256157230,4fa7b334-ce0d-4e88-aaae-2e0c138d049e
48.09665,29.352262,2022,,HUMAN_OBSERVATION,KW,4258633892,4fa7b334-ce0d-4e88-aaae-2e0c138d049e
48.06333,29.339722,2022,,HUMAN_OBSERVATION,KW,4258890169,4fa7b334-ce0d-4e88-aaae-2e0c138d049e
48.06333,29.339722,2022,,HUMAN_OBSERVATION,KW,4260414962,4fa7b334-ce0d-4e88-aaae-2e0c138d049e
48.06333,29.339722,2022,,HUMAN_OBSERVATION,KW,4260934267,4fa7b334-ce0d-4e88-aaae-2e0c138d049e
47.693073,29.362158,2022,,HUMAN_OBSERVATION,KW,4265161054,4fa7b334-ce0d-4e88-aaae-2e0c138d049e
48.100555,29.34782,2022,,HUMAN_OBSERVATION,KW,4267478735,4fa7b334-ce0d-4e88-aaae-2e0c138d049e
47.707787,29.553898,2022,,HUMAN_OBSERVATION,KW,4268194426,4fa7b334-ce0d-4e88-aaae-2e0c138d049e
47.880135,29.323654,2022,,HUMAN_OBSERVATION,KW,4269202333,4fa7b334-ce0d-4e88-aaae-2e0c138d049e
48.119457,29.133131,2022,,HUMAN_OBSERVATION,KW,4277015448,4fa7b334-ce0d-4e88-aaae-2e0c138d049e
48.068333,29.344845,2022,,HUMAN_OBSERVATION,KW,4280049705,4fa7b334-ce0d-4e88-aaae-2e0c138d049e
47.995087,29.39,2022,,HUMAN_OBSERVATION,KW,4282099372,4fa7b334-ce0d-4e88-aaae-2e0c138d049e
48.119457,29.133131,2022,,HUMAN_OBSERVATION,KW,4289517313,4fa7b334-ce0d-4e88-aaae-2e0c138d049e
48.068333,29.344845,2022,,HUMAN_OBSERVATION,KW,4290331094,4fa7b334-ce0d-4e88-aaae-2e0c138d049e
48.483646,30.193275,2022,,HUMAN_OBSERVATION,IR,4298623656,4fa7b334-ce0d-4e88-aaae-2e0c138d049e
48.100555,29.34782,2022,,HUMAN_OBSERVATION,KW,4305579744,4fa7b334-ce0d-4e88-aaae-2e0c138d049e
46.126076,33.119873,2022,,HUMAN_OBSERVATION,IQ,4309629865,4fa7b334-ce0d-4e88-aaae-2e0c138d049e
47.90282,29.334694,2022,,HUMAN_OBSERVATION,KW,4310074467,4fa7b334-ce0d-4e88-aaae-2e0c138d049e
47.707787,29.553898,2022,,HUMAN_OBSERVATION,KW,4314142923,4fa7b334-ce0d-4e88-aaae-2e0c138d049e
47.707787,29.553898,2022,,HUMAN_OBSERVATION,KW,4315851839,4fa7b334-ce0d-4e88-aaae-2e0c138d049e
47.99427,29.373367,2022,,HUMAN_OBSERVATION,KW,4319378884,4fa7b334-ce0d-4e88-aaae-2e0c138d049e
48.100964,29.135288,2022,,HUMAN_OBSERVATION,KW,4322545605,4fa7b334-ce0d-4e88-aaae-2e0c138d049e
47.90282,29.334694,2022,,HUMAN_OBSERVATION,KW,4325618384,4fa7b334-ce0d-4e88-aaae-2e0c138d049e
48.100964,29.135288,2022,,HUMAN_OBSERVATION,KW,4325641988,4fa7b334-ce0d-4e88-aaae-2e0c138d049e
47.69305,29.3623,2022,,HUMAN_OBSERVATION,KW,4328272797,4fa7b334-ce0d-4e88-aaae-2e0c138d049e
47.995087,29.39,2022,,HUMAN_OBSERVATION,KW,4329299263,4fa7b334-ce0d-4e88-aaae-2e0c138d049e
48.06333,29.339722,2022,,HUMAN_OBSERVATION,KW,4332217743,4fa7b334-ce0d-4e88-aaae-2e0c138d049e
47.674255,29.351254,2022,,HUMAN_OBSERVATION,KW,4333678120,4fa7b334-ce0d-4e88-aaae-2e0c138d049e
47.99427,29.373367,2022,,HUMAN_OBSERVATION,KW,4345944874,4fa7b334-ce0d-4e88-aaae-2e0c138d049e
39.87958,29.81082,2022,,HUMAN_OBSERVATION,SA,4346607401,4fa7b334-ce0d-4e88-aaae-2e0c138d049e
48.09665,29.352262,2022,,HUMAN_OBSERVATION,KW,4350498155,4fa7b334-ce0d-4e88-aaae-2e0c138d049e
47.995087,29.39,2022,,HUMAN_OBSERVATION,KW,4351607613,4fa7b334-ce0d-4e88-aaae-2e0c138d049e
47.99427,29.373367,2022,,HUMAN_OBSERVATION,KW,4355775172,4fa7b334-ce0d-4e88-aaae-2e0c138d049e
47.707787,29.553898,2022,,HUMAN_OBSERVATION,KW,4359073586,4fa7b334-ce0d-4e88-aaae-2e0c138d049e
48.09665,29.352262,2022,,HUMAN_OBSERVATION,KW,4365557135,4fa7b334-ce0d-4e88-aaae-2e0c138d049e
48.119457,29.133131,2022,,HUMAN_OBSERVATION,KW,4366281159,4fa7b334-ce0d-4e88-aaae-2e0c138d049e
48.100555,29.34782,2022,,HUMAN_OBSERVATION,KW,4369484557,4fa7b334-ce0d-4e88-aaae-2e0c138d049e
48.100964,29.135288,2022,,HUMAN_OBSERVATION,KW,4379131081,4fa7b334-ce0d-4e88-aaae-2e0c138d049e
47.880135,29.323654,2022,,HUMAN_OBSERVATION,KW,4382522543,4fa7b334-ce0d-4e88-aaae-2e0c138d049e
47.880135,29.323654,2022,,HUMAN_OBSERVATION,KW,4386096445,4fa7b334-ce0d-4e88-aaae-2e0c138d049e
48.119457,29.133131,2022,,HUMAN_OBSERVATION,KW,4386673574,4fa7b334-ce0d-4e88-aaae-2e0c138d049e
47.693195,29.36198,2022,,HUMAN_OBSERVATION,KW,4390002816,4fa7b334-ce0d-4e88-aaae-2e0c138d049e
47.99427,29.373367,2022,,HUMAN_OBSERVATION,KW,4391645982,4fa7b334-ce0d-4e88-aaae-2e0c138d049e
46.054108,33.12017,2022,,HUMAN_OBSERVATION,IR,4757535740,4fa7b334-ce0d-4e88-aaae-2e0c138d049e
42.201195,37.32715,2022,,HUMAN_OBSERVATION,TR,5387091484,4fa7b334-ce0d-4e88-aaae-2e0c138d049e
42.177814,37.396587,2022,,HUMAN_OBSERVATION,TR,5487841390,4fa7b334-ce0d-4e88-aaae-2e0c138d049e
47.99427,29.373367,2022,,HUMAN_OBSERVATION,KW,5574607804,4fa7b334-ce0d-4e88-aaae-2e0c138d049e
42.177814,37.396587,2022,,HUMAN_OBSERVATION,TR,5658151720,4fa7b334-ce0d-4e88-aaae-2e0c138d049e
42.201195,37.32715,2022,,HUMAN_OBSERVATION,TR,5706746783,4fa7b334-ce0d-4e88-aaae-2e0c138d049e
47.69305,29.3623,2022,,HUMAN_OBSERVATION,KW,4179371515,4fa7b334-ce0d-4e88-aaae-2e0c138d049e
46.9602,29.366991,2022,,HUMAN_OBSERVATION,KW,4186329300,4fa7b334-ce0d-4e88-aaae-2e0c138d049e
47.707787,29.553898,2022,,HUMAN_OBSERVATION,KW,4202210209,4fa7b334-ce0d-4e88-aaae-2e0c138d049e
47.95238,29.359713,2022,,HUMAN_OBSERVATION,KW,4225589999,4fa7b334-ce0d-4e88-aaae-2e0c138d049e
47.674255,29.351254,2022,,HUMAN_OBSERVATION,KW,4225836009,4fa7b334-ce0d-4e88-aaae-2e0c138d049e
48.129047,29.129276,2022,,HUMAN_OBSERVATION,KW,4230284522,4fa7b334-ce0d-4e88-aaae-2e0c138d049e
47.674255,29.351254,2022,,HUMAN_OBSERVATION,KW,4233158458,4fa7b334-ce0d-4e88-aaae-2e0c138d049e
47.707787,29.553898,2022,,HUMAN_OBSERVATION,KW,4234141149,4fa7b334-ce0d-4e88-aaae-2e0c138d049e
47.95238,29.359713,2022,,HUMAN_OBSERVATION,KW,4235620879,4fa7b334-ce0d-4e88-aaae-2e0c138d049e
47.880135,29.323654,2022,,HUMAN_OBSERVATION,KW,4236632015,4fa7b334-ce0d-4e88-aaae-2e0c138d049e
47.90282,29.334694,2022,,HUMAN_OBSERVATION,KW,4238282781,4fa7b334-ce0d-4e88-aaae-2e0c138d049e
48.037193,29.331232,2022,,HUMAN_OBSERVATION,KW,4239892167,4fa7b334-ce0d-4e88-aaae-2e0c138d049e
48.66297,31.3028,2022,,HUMAN_OBSERVATION,IR,4260952785,4fa7b334-ce0d-4e88-aaae-2e0c138d049e
40.35318,30.4088,2022,,HUMAN_OBSERVATION,SA,4267384824,4fa7b334-ce0d-4e88-aaae-2e0c138d049e
48.119457,29.133131,2022,,HUMAN_OBSERVATION,KW,4282387421,4fa7b334-ce0d-4e88-aaae-2e0c138d049e
47.99427,29.373367,2022,,HUMAN_OBSERVATION,KW,4297679774,4fa7b334-ce0d-4e88-aaae-2e0c138d049e
47.995106,29.371916,2022,,HUMAN_OBSERVATION,KW,4316114190,4fa7b334-ce0d-4e88-aaae-2e0c138d049e
48.03714,29.33102,2022,,HUMAN_OBSERVATION,KW,4316225937,4fa7b334-ce0d-4e88-aaae-2e0c138d049e
47.707787,29.553898,2022,,HUMAN_OBSERVATION,KW,4322336945,4fa7b334-ce0d-4e88-aaae-2e0c138d049e
47.9503,29.35078,2022,,HUMAN_OBSERVATION,KW,4322741570,4fa7b334-ce0d-4e88-aaae-2e0c138d049e
46.961388,29.368341,2022,,HUMAN_OBSERVATION,KW,4323728617,4fa7b334-ce0d-4e88-aaae-2e0c138d049e
47.707787,29.553898,2022,,HUMAN_OBSERVATION,KW,4330175309,4fa7b334-ce0d-4e88-aaae-2e0c138d049e
47.674255,29.351254,2022,,HUMAN_OBSERVATION,KW,4330790369,4fa7b334-ce0d-4e88-aaae-2e0c138d049e
48.38662,28.600477,2022,,HUMAN_OBSERVATION,KW,4332387337,4fa7b334-ce0d-4e88-aaae-2e0c138d049e
47.674255,29.351254,2022,,HUMAN_OBSERVATION,KW,4338485849,4fa7b334-ce0d-4e88-aaae-2e0c138d049e
47.707787,29.553898,2022,,HUMAN_OBSERVATION,KW,4343908540,4fa7b334-ce0d-4e88-aaae-2e0c138d049e
47.99427,29.373367,2022,,HUMAN_OBSERVATION,KW,4344400007,4fa7b334-ce0d-4e88-aaae-2e0c138d049e
40.35318,30.4088,2022,,HUMAN_OBSERVATION,SA,4344600631,4fa7b334-ce0d-4e88-aaae-2e0c138d049e
47.208984,29.116665,2022,,HUMAN_OBSERVATION,KW,4347674857,4fa7b334-ce0d-4e88-aaae-2e0c138d049e
48.42108,28.547855,2022,,HUMAN_OBSERVATION,KW,4352300501,4fa7b334-ce0d-4e88-aaae-2e0c138d049e
47.707787,29.553898,2022,,HUMAN_OBSERVATION,KW,4356204214,4fa7b334-ce0d-4e88-aaae-2e0c138d049e
48.119457,29.133131,2022,,HUMAN_OBSERVATION,KW,4370898319,4fa7b334-ce0d-4e88-aaae-2e0c138d049e
47.707787,29.553898,2022,,HUMAN_OBSERVATION,KW,4377584976,4fa7b334-ce0d-4e88-aaae-2e0c138d049e
47.707787,29.553898,2022,,HUMAN_OBSERVATION,KW,4380249993,4fa7b334-ce0d-4e88-aaae-2e0c138d049e
47.880135,29.323654,2022,,HUMAN_OBSERVATION,KW,4381871467,4fa7b334-ce0d-4e88-aaae-2e0c138d049e
44.389156,33.298855,2022,,HUMAN_OBSERVATION,IQ,4382788441,4fa7b334-ce0d-4e88-aaae-2e0c138d049e
48.119457,29.133131,2022,,HUMAN_OBSERVATION,KW,4384907171,4fa7b334-ce0d-4e88-aaae-2e0c138d049e
47.99427,29.373367,2022,,HUMAN_OBSERVATION,KW,4385238703,4fa7b334-ce0d-4e88-aaae-2e0c138d049e
47.909,29.572233,2022,,HUMAN_OBSERVATION,KW,4385645979,4fa7b334-ce0d-4e88-aaae-2e0c138d049e
47.880135,29.323654,2022,,HUMAN_OBSERVATION,KW,4386079219,4fa7b334-ce0d-4e88-aaae-2e0c138d049e
48.122143,29.166296,2022,,HUMAN_OBSERVATION,KW,4393522431,4fa7b334-ce0d-4e88-aaae-2e0c138d049e
46.9602,29.366991,2022,,HUMAN_OBSERVATION,KW,4186071563,4fa7b334-ce0d-4e88-aaae-2e0c138d049e
47.99427,29.373367,2022,,HUMAN_OBSERVATION,KW,4186910243,4fa7b334-ce0d-4e88-aaae-2e0c138d049e
47.80453,29.142683,2022,,HUMAN_OBSERVATION,KW,4189383044,4fa7b334-ce0d-4e88-aaae-2e0c138d049e
48.037445,29.331434,2022,,HUMAN_OBSERVATION,KW,4192012296,4fa7b334-ce0d-4e88-aaae-2e0c138d049e
47.674255,29.351254,2022,,HUMAN_OBSERVATION,KW,4193424540,4fa7b334-ce0d-4e88-aaae-2e0c138d049e
47.90268,29.33483,2022,,HUMAN_OBSERVATION,KW,4194119741,4fa7b334-ce0d-4e88-aaae-2e0c138d049e
48.119457,29.133131,2022,,HUMAN_OBSERVATION,KW,4194696217,4fa7b334-ce0d-4e88-aaae-2e0c138d049e
46.9602,29.366991,2022,,HUMAN_OBSERVATION,KW,4201686618,4fa7b334-ce0d-4e88-aaae-2e0c138d049e
48.037193,29.331232,2022,,HUMAN_OBSERVATION,KW,4216314194,4fa7b334-ce0d-4e88-aaae-2e0c138d049e
47.75465,29.257349,2022,,HUMAN_OBSERVATION,KW,4216575937,4fa7b334-ce0d-4e88-aaae-2e0c138d049e
48.392178,28.591267,2022,,HUMAN_OBSERVATION,KW,4218833381,4fa7b334-ce0d-4e88-aaae-2e0c138d049e
47.674255,29.351254,2022,,HUMAN_OBSERVATION,KW,4226830450,4fa7b334-ce0d-4e88-aaae-2e0c138d049e
47.06272,34.351837,2022,,HUMAN_OBSERVATION,IR,4227109303,4fa7b334-ce0d-4e88-aaae-2e0c138d049e
47.707787,29.553898,2022,,HUMAN_OBSERVATION,KW,4227528376,4fa7b334-ce0d-4e88-aaae-2e0c138d049e
48.119457,29.133131,2022,,HUMAN_OBSERVATION,KW,4227946389,4fa7b334-ce0d-4e88-aaae-2e0c138d049e
48.12089,29.133806,2022,,HUMAN_OBSERVATION,KW,4231025623,4fa7b334-ce0d-4e88-aaae-2e0c138d049e
46.958775,29.367327,2022,,HUMAN_OBSERVATION,KW,4236472962,4fa7b334-ce0d-4e88-aaae-2e0c138d049e
46.9602,29.366991,2022,,HUMAN_OBSERVATION,KW,4241508607,4fa7b334-ce0d-4e88-aaae-2e0c138d049e
48.026817,29.364449,2022,,HUMAN_OBSERVATION,KW,4246055687,4fa7b334-ce0d-4e88-aaae-2e0c138d049e
48.119457,29.133131,2022,,HUMAN_OBSERVATION,KW,4251045316,4fa7b334-ce0d-4e88-aaae-2e0c138d049e
46.9602,29.366991,2022,,HUMAN_OBSERVATION,KW,4251382693,4fa7b334-ce0d-4e88-aaae-2e0c138d049e
47.810547,29.96825,2022,,HUMAN_OBSERVATION,KW,4252094622,4fa7b334-ce0d-4e88-aaae-2e0c138d049e
48.65547,31.296482,2022,,HUMAN_OBSERVATION,IR,4253286071,4fa7b334-ce0d-4e88-aaae-2e0c138d049e
48.037445,29.331434,2022,,HUMAN_OBSERVATION,KW,4253763453,4fa7b334-ce0d-4e88-aaae-2e0c138d049e
47.810547,29.96825,2022,,HUMAN_OBSERVATION,KW,4255010500,4fa7b334-ce0d-4e88-aaae-2e0c138d049e
47.77293,29.934917,2022,,HUMAN_OBSERVATION,KW,4256195958,4fa7b334-ce0d-4e88-aaae-2e0c138d049e
47.773182,29.934637,2022,,HUMAN_OBSERVATION,KW,4256489167,4fa7b334-ce0d-4e88-aaae-2e0c138d049e
47.707787,29.553898,2022,,HUMAN_OBSERVATION,KW,4256776571,4fa7b334-ce0d-4e88-aaae-2e0c138d049e
47.99427,29.373367,2022,,HUMAN_OBSERVATION,KW,4258307479,4fa7b334-ce0d-4e88-aaae-2e0c138d049e
46.9602,29.366991,2022,,HUMAN_OBSERVATION,KW,4259186175,4fa7b334-ce0d-4e88-aaae-2e0c138d049e
48.119457,29.133131,2022,,HUMAN_OBSERVATION,KW,4259582874,4fa7b334-ce0d-4e88-aaae-2e0c138d049e
46.9602,29.366991,2022,,HUMAN_OBSERVATION,KW,4260695829,4fa7b334-ce0d-4e88-aaae-2e0c138d049e
47.99427,29.373367,2022,,HUMAN_OBSERVATION,KW,4261572270,4fa7b334-ce0d-4e88-aaae-2e0c138d049e
47.99427,29.373367,2022,,HUMAN_OBSERVATION,KW,4267388317,4fa7b334-ce0d-4e88-aaae-2e0c138d049e
48.40104,28.549696,2022,,HUMAN_OBSERVATION,KW,4272624304,4fa7b334-ce0d-4e88-aaae-2e0c138d049e
47.99427,29.373367,2022,,HUMAN_OBSERVATION,KW,4274295464,4fa7b334-ce0d-4e88-aaae-2e0c138d049e
48.119457,29.133131,2022,,HUMAN_OBSERVATION,KW,4274493940,4fa7b334-ce0d-4e88-aaae-2e0c138d049e
48.11621,29.1906,2022,,HUMAN_OBSERVATION,KW,4274846952,4fa7b334-ce0d-4e88-aaae-2e0c138d049e
47.77088,29.934856,2022,,HUMAN_OBSERVATION,KW,4279245990,4fa7b334-ce0d-4e88-aaae-2e0c138d049e
47.707787,29.553898,2022,,HUMAN_OBSERVATION,KW,4279449209,4fa7b334-ce0d-4e88-aaae-2e0c138d049e
47.707787,29.553898,2022,,HUMAN_OBSERVATION,KW,4287356338,4fa7b334-ce0d-4e88-aaae-2e0c138d049e
48.037445,29.331434,2022,,HUMAN_OBSERVATION,KW,4290925410,4fa7b334-ce0d-4e88-aaae-2e0c138d049e
47.78334,29.585512,2022,,HUMAN_OBSERVATION,KW,4297801338,4fa7b334-ce0d-4e88-aaae-2e0c138d049e
47.707787,29.553898,2022,,HUMAN_OBSERVATION,KW,4308049567,4fa7b334-ce0d-4e88-aaae-2e0c138d049e
47.674255,29.351254,2022,,HUMAN_OBSERVATION,KW,4322317428,4fa7b334-ce0d-4e88-aaae-2e0c138d049e
47.90282,29.334694,2022,,HUMAN_OBSERVATION,KW,4336323671,4fa7b334-ce0d-4e88-aaae-2e0c138d049e
47.69856,29.353527,2022,,HUMAN_OBSERVATION,KW,4338557015,4fa7b334-ce0d-4e88-aaae-2e0c138d049e
47.86107,29.319452,2022,,HUMAN_OBSERVATION,KW,4346640839,4fa7b334-ce0d-4e88-aaae-2e0c138d049e
47.987003,29.389772,2022,,HUMAN_OBSERVATION,KW,4351482169,4fa7b334-ce0d-4e88-aaae-2e0c138d049e
48.119457,29.133131,2022,,HUMAN_OBSERVATION,KW,4355594431,4fa7b334-ce0d-4e88-aaae-2e0c138d049e
47.674255,29.351254,2022,,HUMAN_OBSERVATION,KW,4358965210,4fa7b334-ce0d-4e88-aaae-2e0c138d049e
47.692497,30.023518,2022,,HUMAN_OBSERVATION,KW,4359101796,4fa7b334-ce0d-4e88-aaae-2e0c138d049e
48.119457,29.133131,2022,,HUMAN_OBSERVATION,KW,4360285208,4fa7b334-ce0d-4e88-aaae-2e0c138d049e
47.707787,29.553898,2022,,HUMAN_OBSERVATION,KW,4361464019,4fa7b334-ce0d-4e88-aaae-2e0c138d049e
48.122173,29.165966,2022,,HUMAN_OBSERVATION,KW,4363153011,4fa7b334-ce0d-4e88-aaae-2e0c138d049e
47.693195,29.36198,2022,,HUMAN_OBSERVATION,KW,4364923135,4fa7b334-ce0d-4e88-aaae-2e0c138d049e
47.772972,29.934603,2022,,HUMAN_OBSERVATION,KW,4365623768,4fa7b334-ce0d-4e88-aaae-2e0c138d049e
47.99427,29.373367,2022,,HUMAN_OBSERVATION,KW,4365857171,4fa7b334-ce0d-4e88-aaae-2e0c138d049e
47.995087,29.39,2022,,HUMAN_OBSERVATION,KW,4365963212,4fa7b334-ce0d-4e88-aaae-2e0c138d049e
47.903133,29.335,2022,,HUMAN_OBSERVATION,KW,4367031152,4fa7b334-ce0d-4e88-aaae-2e0c138d049e
47.707787,29.553898,2022,,HUMAN_OBSERVATION,KW,4369619363,4fa7b334-ce0d-4e88-aaae-2e0c138d049e
47.674255,29.351254,2022,,HUMAN_OBSERVATION,KW,4370324261,4fa7b334-ce0d-4e88-aaae-2e0c138d049e
47.693195,29.36198,2022,,HUMAN_OBSERVATION,KW,4372798798,4fa7b334-ce0d-4e88-aaae-2e0c138d049e
48.122143,29.166296,2022,,HUMAN_OBSERVATION,KW,4373053135,4fa7b334-ce0d-4e88-aaae-2e0c138d049e
47.909,29.572233,2022,,HUMAN_OBSERVATION,KW,4374634733,4fa7b334-ce0d-4e88-aaae-2e0c138d049e
40.421448,29.847275,2022,,HUMAN_OBSERVATION,SA,4376160733,4fa7b334-ce0d-4e88-aaae-2e0c138d049e
46.9602,29.366991,2022,,HUMAN_OBSERVATION,KW,4377344729,4fa7b334-ce0d-4e88-aaae-2e0c138d049e
47.909,29.572233,2022,,HUMAN_OBSERVATION,KW,4379197213,4fa7b334-ce0d-4e88-aaae-2e0c138d049e
48.11621,29.1906,2022,,HUMAN_OBSERVATION,KW,4379603445,4fa7b334-ce0d-4e88-aaae-2e0c138d049e
48.119457,29.133131,2022,,HUMAN_OBSERVATION,KW,4387694117,4fa7b334-ce0d-4e88-aaae-2e0c138d049e
48.40104,28.549696,2022,,HUMAN_OBSERVATION,KW,4390078438,4fa7b334-ce0d-4e88-aaae-2e0c138d049e
48.951424,31.749338,2022,,HUMAN_OBSERVATION,IR,4390601276,4fa7b334-ce0d-4e88-aaae-2e0c138d049e
48.392178,28.591267,2022,,HUMAN_OBSERVATION,KW,4394842232,4fa7b334-ce0d-4e88-aaae-2e0c138d049e
47.73613,29.25889,2022,,HUMAN_OBSERVATION,KW,4394903074,4fa7b334-ce0d-4e88-aaae-2e0c138d049e
47.77293,29.934917,2022,,HUMAN_OBSERVATION,KW,5300449263,4fa7b334-ce0d-4e88-aaae-2e0c138d049e
47.77293,29.934917,2022,,HUMAN_OBSERVATION,KW,5322225488,4fa7b334-ce0d-4e88-aaae-2e0c138d049e
47.674255,29.351254,2022,,HUMAN_OBSERVATION,KW,5346259621,4fa7b334-ce0d-4e88-aaae-2e0c138d049e
47.994987,29.373264,2022,,HUMAN_OBSERVATION,KW,5351089366,4fa7b334-ce0d-4e88-aaae-2e0c138d049e
47.674255,29.351254,2022,,HUMAN_OBSERVATION,KW,5354737329,4fa7b334-ce0d-4e88-aaae-2e0c138d049e
47.99427,29.373367,2022,,HUMAN_OBSERVATION,KW,5373046513,4fa7b334-ce0d-4e88-aaae-2e0c138d049e
48.026817,29.364449,2022,,HUMAN_OBSERVATION,KW,5374287527,4fa7b334-ce0d-4e88-aaae-2e0c138d049e
47.707787,29.553898,2022,,HUMAN_OBSERVATION,KW,5402393803,4fa7b334-ce0d-4e88-aaae-2e0c138d049e
48.392178,28.591267,2022,,HUMAN_OBSERVATION,KW,5444894103,4fa7b334-ce0d-4e88-aaae-2e0c138d049e
47.707787,29.553898,2022,,HUMAN_OBSERVATION,KW,5489342816,4fa7b334-ce0d-4e88-aaae-2e0c138d049e
47.903133,29.335,2022,,HUMAN_OBSERVATION,KW,5535605429,4fa7b334-ce0d-4e88-aaae-2e0c138d049e
47.693195,29.36198,2022,,HUMAN_OBSERVATION,KW,5549010721,4fa7b334-ce0d-4e88-aaae-2e0c138d049e
48.392178,28.591267,2022,,HUMAN_OBSERVATION,KW,5583691411,4fa7b334-ce0d-4e88-aaae-2e0c138d049e
47.903133,29.335,2022,,HUMAN_OBSERVATION,KW,5588288622,4fa7b334-ce0d-4e88-aaae-2e0c138d049e
47.69856,29.353527,2022,,HUMAN_OBSERVATION,KW,5620829970,4fa7b334-ce0d-4e88-aaae-2e0c138d049e
47.99427,29.373367,2022,,HUMAN_OBSERVATION,KW,5632830813,4fa7b334-ce0d-4e88-aaae-2e0c138d049e
47.693195,29.36198,2022,,HUMAN_OBSERVATION,KW,5657346622,4fa7b334-ce0d-4e88-aaae-2e0c138d049e
47.69856,29.353527,2022,,HUMAN_OBSERVATION,KW,5670538198,4fa7b334-ce0d-4e88-aaae-2e0c138d049e
47.993731,29.369338,2022,605.0,HUMAN_OBSERVATION,KW,4018132757,50c9509d-22c7-4a22-a47d-8c48425ef4a7
48.002556,29.388133,2022,40.0,HUMAN_OBSERVATION,KW,4018135158,50c9509d-22c7-4a22-a47d-8c48425ef4a7
48.119457,29.133131,2022,,HUMAN_OBSERVATION,KW,4187938702,4fa7b334-ce0d-4e88-aaae-2e0c138d049e
48.026817,29.364449,2022,,HUMAN_OBSERVATION,KW,4193143821,4fa7b334-ce0d-4e88-aaae-2e0c138d049e
47.90283,29.334896,2022,,HUMAN_OBSERVATION,KW,4195824585,4fa7b334-ce0d-4e88-aaae-2e0c138d049e
48.05462,29.251995,2022,,HUMAN_OBSERVATION,KW,4204359092,4fa7b334-ce0d-4e88-aaae-2e0c138d049e
48.09665,29.352262,2022,,HUMAN_OBSERVATION,KW,4204386485,4fa7b334-ce0d-4e88-aaae-2e0c138d049e
47.90953,29.344698,2022,,HUMAN_OBSERVATION,KW,4207991341,4fa7b334-ce0d-4e88-aaae-2e0c138d049e
48.419743,28.54897,2022,,HUMAN_OBSERVATION,KW,4208502065,4fa7b334-ce0d-4e88-aaae-2e0c138d049e
48.392178,28.591267,2022,,HUMAN_OBSERVATION,KW,4213367173,4fa7b334-ce0d-4e88-aaae-2e0c138d049e
47.674255,29.351254,2022,,HUMAN_OBSERVATION,KW,4213741944,4fa7b334-ce0d-4e88-aaae-2e0c138d049e
47.674255,29.351254,2022,,HUMAN_OBSERVATION,KW,4215909290,4fa7b334-ce0d-4e88-aaae-2e0c138d049e
47.86107,29.319452,2022,,HUMAN_OBSERVATION,KW,4229119132,4fa7b334-ce0d-4e88-aaae-2e0c138d049e
48.120678,29.133404,2022,,HUMAN_OBSERVATION,KW,4229423702,4fa7b334-ce0d-4e88-aaae-2e0c138d049e
47.707787,29.553898,2022,,HUMAN_OBSERVATION,KW,4229868476,4fa7b334-ce0d-4e88-aaae-2e0c138d049e
47.810547,29.96825,2022,,HUMAN_OBSERVATION,KW,4231634540,4fa7b334-ce0d-4e88-aaae-2e0c138d049e
47.90345,29.336668,2022,,HUMAN_OBSERVATION,KW,4234919286,4fa7b334-ce0d-4e88-aaae-2e0c138d049e
47.707787,29.553898,2022,,HUMAN_OBSERVATION,KW,4235454748,4fa7b334-ce0d-4e88-aaae-2e0c138d049e
47.810547,29.96825,2022,,HUMAN_OBSERVATION,KW,4241389101,4fa7b334-ce0d-4e88-aaae-2e0c138d049e
47.90345,29.336668,2022,,HUMAN_OBSERVATION,KW,4242228701,4fa7b334-ce0d-4e88-aaae-2e0c138d049e
47.90282,29.334694,2022,,HUMAN_OBSERVATION,KW,4244270206,4fa7b334-ce0d-4e88-aaae-2e0c138d049e
47.90282,29.334694,2022,,HUMAN_OBSERVATION,KW,4245865432,4fa7b334-ce0d-4e88-aaae-2e0c138d049e
47.90345,29.336668,2022,,HUMAN_OBSERVATION,KW,4248287573,4fa7b334-ce0d-4e88-aaae-2e0c138d049e
48.39615,28.559195,2022,,HUMAN_OBSERVATION,KW,4248738061,4fa7b334-ce0d-4e88-aaae-2e0c138d049e
48.143425,29.08011,2022,,HUMAN_OBSERVATION,KW,4251112762,4fa7b334-ce0d-4e88-aaae-2e0c138d049e
47.990807,29.330803,2022,,HUMAN_OBSERVATION,KW,4256847703,4fa7b334-ce0d-4e88-aaae-2e0c138d049e
48.100555,29.34782,2022,,HUMAN_OBSERVATION,KW,4261751008,4fa7b334-ce0d-4e88-aaae-2e0c138d049e
47.707787,29.553898,2022,,HUMAN_OBSERVATION,KW,4264995453,4fa7b334-ce0d-4e88-aaae-2e0c138d049e
48.026817,29.364449,2022,,HUMAN_OBSERVATION,KW,4267502165,4fa7b334-ce0d-4e88-aaae-2e0c138d049e
48.100555,29.34782,2022,,HUMAN_OBSERVATION,KW,4271253957,4fa7b334-ce0d-4e88-aaae-2e0c138d049e
48.143425,29.08011,2022,,HUMAN_OBSERVATION,KW,4271669303,4fa7b334-ce0d-4e88-aaae-2e0c138d049e
48.119457,29.133131,2022,,HUMAN_OBSERVATION,KW,4280508016,4fa7b334-ce0d-4e88-aaae-2e0c138d049e
48.119457,29.133131,2022,,HUMAN_OBSERVATION,KW,4282368173,4fa7b334-ce0d-4e88-aaae-2e0c138d049e
47.880135,29.323654,2022,,HUMAN_OBSERVATION,KW,4282478811,4fa7b334-ce0d-4e88-aaae-2e0c138d049e
47.99427,29.373367,2022,,HUMAN_OBSERVATION,KW,4283531594,4fa7b334-ce0d-4e88-aaae-2e0c138d049e
48.39615,28.559195,2022,,HUMAN_OBSERVATION,KW,4289050252,4fa7b334-ce0d-4e88-aaae-2e0c138d049e
47.674255,29.351254,2022,,HUMAN_OBSERVATION,KW,4289894825,4fa7b334-ce0d-4e88-aaae-2e0c138d049e
47.810547,29.96825,2022,,HUMAN_OBSERVATION,KW,4292338272,4fa7b334-ce0d-4e88-aaae-2e0c138d049e
48.40104,28.549696,2022,,HUMAN_OBSERVATION,KW,4293026367,4fa7b334-ce0d-4e88-aaae-2e0c138d049e
48.419743,28.54897,2022,,HUMAN_OBSERVATION,KW,4293026473,4fa7b334-ce0d-4e88-aaae-2e0c138d049e
48.40104,28.549696,2022,,HUMAN_OBSERVATION,KW,4293839618,4fa7b334-ce0d-4e88-aaae-2e0c138d049e
48.143425,29.08011,2022,,HUMAN_OBSERVATION,KW,4295346646,4fa7b334-ce0d-4e88-aaae-2e0c138d049e
47.674255,29.351254,2022,,HUMAN_OBSERVATION,KW,4296903715,4fa7b334-ce0d-4e88-aaae-2e0c138d049e
47.674255,29.351254,2022,,HUMAN_OBSERVATION,KW,4297825115,4fa7b334-ce0d-4e88-aaae-2e0c138d049e
47.982895,29.338984,2022,,HUMAN_OBSERVATION,KW,4297828683,4fa7b334-ce0d-4e88-aaae-2e0c138d049e
47.90953,29.344698,2022,,HUMAN_OBSERVATION,KW,4301861935,4fa7b334-ce0d-4e88-aaae-2e0c138d049e
43.980846,36.19152,2022,,HUMAN_OBSERVATION,IQ,4302269636,4fa7b334-ce0d-4e88-aaae-2e0c138d049e
48.963562,31.685452,2022,,HUMAN_OBSERVATION,IR,4302517946,4fa7b334-ce0d-4e88-aaae-2e0c138d049e
47.674255,29.351254,2022,,HUMAN_OBSERVATION,KW,4302685582,4fa7b334-ce0d-4e88-aaae-2e0c138d049e
47.810547,29.96825,2022,,HUMAN_OBSERVATION,KW,4302947150,4fa7b334-ce0d-4e88-aaae-2e0c138d049e
47.99427,29.373367,2022,,HUMAN_OBSERVATION,KW,4304193952,4fa7b334-ce0d-4e88-aaae-2e0c138d049e
47.90282,29.334694,2022,,HUMAN_OBSERVATION,KW,4304872334,4fa7b334-ce0d-4e88-aaae-2e0c138d049e
47.674255,29.351254,2022,,HUMAN_OBSERVATION,KW,4305240100,4fa7b334-ce0d-4e88-aaae-2e0c138d049e
47.990807,29.330803,2022,,HUMAN_OBSERVATION,KW,4309006463,4fa7b334-ce0d-4e88-aaae-2e0c138d049e
48.100555,29.34782,2022,,HUMAN_OBSERVATION,KW,4311242445,4fa7b334-ce0d-4e88-aaae-2e0c138d049e
47.90953,29.344698,2022,,HUMAN_OBSERVATION,KW,4311926434,4fa7b334-ce0d-4e88-aaae-2e0c138d049e
48.122173,29.165966,2022,,HUMAN_OBSERVATION,KW,4314950274,4fa7b334-ce0d-4e88-aaae-2e0c138d049e
40.15773,30.068405,2022,,HUMAN_OBSERVATION,SA,4315703476,4fa7b334-ce0d-4e88-aaae-2e0c138d049e
47.674255,29.351254,2022,,HUMAN_OBSERVATION,KW,4319245942,4fa7b334-ce0d-4e88-aaae-2e0c138d049e
47.707787,29.553898,2022,,HUMAN_OBSERVATION,KW,4329592177,4fa7b334-ce0d-4e88-aaae-2e0c138d049e
47.90953,29.344698,2022,,HUMAN_OBSERVATION,KW,4337750576,4fa7b334-ce0d-4e88-aaae-2e0c138d049e
48.419743,28.54897,2022,,HUMAN_OBSERVATION,KW,4339767941,4fa7b334-ce0d-4e88-aaae-2e0c138d049e
48.39615,28.559195,2022,,HUMAN_OBSERVATION,KW,4339768167,4fa7b334-ce0d-4e88-aaae-2e0c138d049e
47.90268,29.33483,2022,,HUMAN_OBSERVATION,KW,4340537112,4fa7b334-ce0d-4e88-aaae-2e0c138d049e
48.026817,29.364449,2022,,HUMAN_OBSERVATION,KW,4341199344,4fa7b334-ce0d-4e88-aaae-2e0c138d049e
48.026817,29.364449,2022,,HUMAN_OBSERVATION,KW,4344124466,4fa7b334-ce0d-4e88-aaae-2e0c138d049e
48.09665,29.352262,2022,,HUMAN_OBSERVATION,KW,4345763925,4fa7b334-ce0d-4e88-aaae-2e0c138d049e
47.674255,29.351254,2022,,HUMAN_OBSERVATION,KW,4352297890,4fa7b334-ce0d-4e88-aaae-2e0c138d049e
48.122173,29.165966,2022,,HUMAN_OBSERVATION,KW,4352999321,4fa7b334-ce0d-4e88-aaae-2e0c138d049e
47.86107,29.319452,2022,,HUMAN_OBSERVATION,KW,4353989405,4fa7b334-ce0d-4e88-aaae-2e0c138d049e
48.392178,28.591267,2022,,HUMAN_OBSERVATION,KW,4354623040,4fa7b334-ce0d-4e88-aaae-2e0c138d049e
47.707787,29.553898,2022,,HUMAN_OBSERVATION,KW,4359639137,4fa7b334-ce0d-4e88-aaae-2e0c138d049e
46.9602,29.366991,2022,,HUMAN_OBSERVATION,KW,4359717202,4fa7b334-ce0d-4e88-aaae-2e0c138d049e
48.40104,28.549696,2022,,HUMAN_OBSERVATION,KW,4363165222,4fa7b334-ce0d-4e88-aaae-2e0c138d049e
47.72905,29.442474,2022,,HUMAN_OBSERVATION,KW,4374664635,4fa7b334-ce0d-4e88-aaae-2e0c138d049e
48.392178,28.591267,2022,,HUMAN_OBSERVATION,KW,4383175175,4fa7b334-ce0d-4e88-aaae-2e0c138d049e
46.9602,29.366991,2022,,HUMAN_OBSERVATION,KW,4387453810,4fa7b334-ce0d-4e88-aaae-2e0c138d049e
48.119457,29.133131,2022,,HUMAN_OBSERVATION,KW,4389412025,4fa7b334-ce0d-4e88-aaae-2e0c138d049e
47.99427,29.373367,2022,,HUMAN_OBSERVATION,KW,4389662400,4fa7b334-ce0d-4e88-aaae-2e0c138d049e
48.02388,29.365158,2022,,HUMAN_OBSERVATION,KW,4389881404,4fa7b334-ce0d-4e88-aaae-2e0c138d049e
47.9753,29.237,2022,,HUMAN_OBSERVATION,KW,4392851190,4fa7b334-ce0d-4e88-aaae-2e0c138d049e
47.982895,29.338984,2022,,HUMAN_OBSERVATION,KW,4393268475,4fa7b334-ce0d-4e88-aaae-2e0c138d049e
47.99427,29.373367,2022,,HUMAN_OBSERVATION,KW,4393413414,4fa7b334-ce0d-4e88-aaae-2e0c138d049e
48.066387,29.343401,2022,,HUMAN_OBSERVATION,KW,4397046219,4fa7b334-ce0d-4e88-aaae-2e0c138d049e
47.9753,29.237,2022,,HUMAN_OBSERVATION,KW,4656053850,4fa7b334-ce0d-4e88-aaae-2e0c138d049e
47.75465,29.257349,2021,,HUMAN_OBSERVATION,KW,3504333892,4fa7b334-ce0d-4e88-aaae-2e0c138d049e
47.730595,29.357735,2021,,HUMAN_OBSERVATION,KW,3504507056,4fa7b334-ce0d-4e88-aaae-2e0c138d049e
47.75465,29.257349,2021,,HUMAN_OBSERVATION,KW,3504958105,4fa7b334-ce0d-4e88-aaae-2e0c138d049e
48.521915,32.019154,2021,,HUMAN_OBSERVATION,IR,3505220253,4fa7b334-ce0d-4e88-aaae-2e0c138d049e
47.693195,29.36198,2021,,HUMAN_OBSERVATION,KW,3505311875,4fa7b334-ce0d-4e88-aaae-2e0c138d049e
47.75465,29.257349,2021,,HUMAN_OBSERVATION,KW,3505351355,4fa7b334-ce0d-4e88-aaae-2e0c138d049e
48.534935,30.67708,2021,,HUMAN_OBSERVATION,IR,3505954340,4fa7b334-ce0d-4e88-aaae-2e0c138d049e
48.100964,29.135288,2021,,HUMAN_OBSERVATION,KW,3506169272,4fa7b334-ce0d-4e88-aaae-2e0c138d049e
48.100964,29.135288,2021,,HUMAN_OBSERVATION,KW,3506511649,4fa7b334-ce0d-4e88-aaae-2e0c138d049e
47.88523,31.26294,2021,,HUMAN_OBSERVATION,IR,3506584606,4fa7b334-ce0d-4e88-aaae-2e0c138d049e
47.75465,29.257349,2021,,HUMAN_OBSERVATION,KW,3506846912,4fa7b334-ce0d-4e88-aaae-2e0c138d049e
48.39615,28.559195,2021,,HUMAN_OBSERVATION,KW,3507185276,4fa7b334-ce0d-4e88-aaae-2e0c138d049e
47.840996,29.321728,2021,,HUMAN_OBSERVATION,KW,3507535068,4fa7b334-ce0d-4e88-aaae-2e0c138d049e
47.90282,29.334694,2021,,HUMAN_OBSERVATION,KW,3508393346,4fa7b334-ce0d-4e88-aaae-2e0c138d049e
48.39615,28.559195,2021,,HUMAN_OBSERVATION,KW,3508794095,4fa7b334-ce0d-4e88-aaae-2e0c138d049e
48.100964,29.135288,2021,,HUMAN_OBSERVATION,KW,3509044299,4fa7b334-ce0d-4e88-aaae-2e0c138d049e
48.119457,29.133131,2021,,HUMAN_OBSERVATION,KW,3509325681,4fa7b334-ce0d-4e88-aaae-2e0c138d049e
47.75465,29.257349,2021,,HUMAN_OBSERVATION,KW,3509756668,4fa7b334-ce0d-4e88-aaae-2e0c138d049e
47.75465,29.257349,2021,,HUMAN_OBSERVATION,KW,3511264130,4fa7b334-ce0d-4e88-aaae-2e0c138d049e
48.269722,28.738161,2021,,HUMAN_OBSERVATION,KW,3511329430,4fa7b334-ce0d-4e88-aaae-2e0c138d049e
48.100964,29.135288,2021,,HUMAN_OBSERVATION,KW,3514672164,4fa7b334-ce0d-4e88-aaae-2e0c138d049e
48.39615,28.559195,2021,,HUMAN_OBSERVATION,KW,3515866310,4fa7b334-ce0d-4e88-aaae-2e0c138d049e
47.86107,29.319452,2021,,HUMAN_OBSERVATION,KW,3516958816,4fa7b334-ce0d-4e88-aaae-2e0c138d049e
47.75465,29.257349,2021,,HUMAN_OBSERVATION,KW,3518229530,4fa7b334-ce0d-4e88-aaae-2e0c138d049e
47.614403,29.590475,2021,,HUMAN_OBSERVATION,KW,3523648995,4fa7b334-ce0d-4e88-aaae-2e0c138d049e
48.269722,28.738161,2021,,HUMAN_OBSERVATION,KW,3532203225,4fa7b334-ce0d-4e88-aaae-2e0c138d049e
48.100964,29.135288,2021,,HUMAN_OBSERVATION,KW,3532247257,4fa7b334-ce0d-4e88-aaae-2e0c138d049e
47.870865,29.322924,2021,,HUMAN_OBSERVATION,KW,3541027868,4fa7b334-ce0d-4e88-aaae-2e0c138d049e
49.331863,31.884361,2021,,HUMAN_OBSERVATION,IR,3545009916,4fa7b334-ce0d-4e88-aaae-2e0c138d049e
47.75465,29.257349,2021,,HUMAN_OBSERVATION,KW,3545544945,4fa7b334-ce0d-4e88-aaae-2e0c138d049e
47.90282,29.334694,2021,,HUMAN_OBSERVATION,KW,3555905514,4fa7b334-ce0d-4e88-aaae-2e0c138d049e
48.100964,29.135288,2021,,HUMAN_OBSERVATION,KW,3559273567,4fa7b334-ce0d-4e88-aaae-2e0c138d049e
47.824455,29.272491,2021,,HUMAN_OBSERVATION,KW,3565259806,4fa7b334-ce0d-4e88-aaae-2e0c138d049e
47.80731,29.930061,2021,,HUMAN_OBSERVATION,KW,3583439979,4fa7b334-ce0d-4e88-aaae-2e0c138d049e
47.75465,29.257349,2021,,HUMAN_OBSERVATION,KW,3585826670,4fa7b334-ce0d-4e88-aaae-2e0c138d049e
47.824455,29.272491,2021,,HUMAN_OBSERVATION,KW,3586607675,4fa7b334-ce0d-4e88-aaae-2e0c138d049e
47.730595,29.357735,2021,,HUMAN_OBSERVATION,KW,3587155083,4fa7b334-ce0d-4e88-aaae-2e0c138d049e
48.269722,28.738161,2021,,HUMAN_OBSERVATION,KW,3587227524,4fa7b334-ce0d-4e88-aaae-2e0c138d049e
47.75465,29.257349,2021,,HUMAN_OBSERVATION,KW,3587474112,4fa7b334-ce0d-4e88-aaae-2e0c138d049e
47.730595,29.357735,2021,,HUMAN_OBSERVATION,KW,3587847068,4fa7b334-ce0d-4e88-aaae-2e0c138d049e
47.75465,29.257349,2021,,HUMAN_OBSERVATION,KW,3590724202,4fa7b334-ce0d-4e88-aaae-2e0c138d049e
47.730595,29.357735,2021,,HUMAN_OBSERVATION,KW,3591437649,4fa7b334-ce0d-4e88-aaae-2e0c138d049e
48.39615,28.559195,2021,,HUMAN_OBSERVATION,KW,3591544662,4fa7b334-ce0d-4e88-aaae-2e0c138d049e
47.824455,29.272491,2021,,HUMAN_OBSERVATION,KW,3592598556,4fa7b334-ce0d-4e88-aaae-2e0c138d049e
47.840996,29.321728,2021,,HUMAN_OBSERVATION,KW,3593194632,4fa7b334-ce0d-4e88-aaae-2e0c138d049e
48.269722,28.738161,2021,,HUMAN_OBSERVATION,KW,3593353861,4fa7b334-ce0d-4e88-aaae-2e0c138d049e
47.75465,29.257349,2021,,HUMAN_OBSERVATION,KW,3594035566,4fa7b334-ce0d-4e88-aaae-2e0c138d049e
47.824455,29.272491,2021,,HUMAN_OBSERVATION,KW,3594161638,4fa7b334-ce0d-4e88-aaae-2e0c138d049e
47.75465,29.257349,2021,,HUMAN_OBSERVATION,KW,3594608542,4fa7b334-ce0d-4e88-aaae-2e0c138d049e
48.66297,31.3028,2021,,HUMAN_OBSERVATION,IR,3598006572,4fa7b334-ce0d-4e88-aaae-2e0c138d049e
47.90282,29.334694,2021,,HUMAN_OBSERVATION,KW,3599834990,4fa7b334-ce0d-4e88-aaae-2e0c138d049e
46.9602,29.366991,2021,,HUMAN_OBSERVATION,KW,3599960408,4fa7b334-ce0d-4e88-aaae-2e0c138d049e
47.75465,29.257349,2021,,HUMAN_OBSERVATION,KW,3600979438,4fa7b334-ce0d-4e88-aaae-2e0c138d049e
47.75465,29.257349,2021,,HUMAN_OBSERVATION,KW,3602881665,4fa7b334-ce0d-4e88-aaae-2e0c138d049e
49.214596,31.994644,2021,,HUMAN_OBSERVATION,IR,3603671265,4fa7b334-ce0d-4e88-aaae-2e0c138d049e
48.39615,28.559195,2021,,HUMAN_OBSERVATION,KW,3603862660,4fa7b334-ce0d-4e88-aaae-2e0c138d049e
48.09665,29.352262,2021,,HUMAN_OBSERVATION,KW,3605340550,4fa7b334-ce0d-4e88-aaae-2e0c138d049e
47.674255,29.351254,2021,,HUMAN_OBSERVATION,KW,3608261691,4fa7b334-ce0d-4e88-aaae-2e0c138d049e
48.217762,32.332436,2021,,HUMAN_OBSERVATION,IR,3609420134,4fa7b334-ce0d-4e88-aaae-2e0c138d049e
47.75465,29.257349,2021,,HUMAN_OBSERVATION,KW,3616651379,4fa7b334-ce0d-4e88-aaae-2e0c138d049e
47.90273,29.334972,2021,,HUMAN_OBSERVATION,KW,3629403633,4fa7b334-ce0d-4e88-aaae-2e0c138d049e
47.949635,29.351244,2021,,HUMAN_OBSERVATION,KW,3645357904,4fa7b334-ce0d-4e88-aaae-2e0c138d049e
48.100964,29.135288,2021,,HUMAN_OBSERVATION,KW,3646784565,4fa7b334-ce0d-4e88-aaae-2e0c138d049e
48.100964,29.135288,2021,,HUMAN_OBSERVATION,KW,3660416513,4fa7b334-ce0d-4e88-aaae-2e0c138d049e
47.75465,29.257349,2021,,HUMAN_OBSERVATION,KW,3663690006,4fa7b334-ce0d-4e88-aaae-2e0c138d049e
47.90282,29.334694,2021,,HUMAN_OBSERVATION,KW,3666577172,4fa7b334-ce0d-4e88-aaae-2e0c138d049e
48.269722,28.738161,2021,,HUMAN_OBSERVATION,KW,3672782543,4fa7b334-ce0d-4e88-aaae-2e0c138d049e
47.75465,29.257349,2021,,HUMAN_OBSERVATION,KW,3677952403,4fa7b334-ce0d-4e88-aaae-2e0c138d049e
47.75465,29.257349,2021,,HUMAN_OBSERVATION,KW,3678572976,4fa7b334-ce0d-4e88-aaae-2e0c138d049e
47.730595,29.357735,2021,,HUMAN_OBSERVATION,KW,3679008314,4fa7b334-ce0d-4e88-aaae-2e0c138d049e
48.39675,32.387894,2021,,HUMAN_OBSERVATION,IR,3680219946,4fa7b334-ce0d-4e88-aaae-2e0c138d049e
47.75465,29.257349,2021,,HUMAN_OBSERVATION,KW,3690279362,4fa7b334-ce0d-4e88-aaae-2e0c138d049e
44.36838,32.893136,2021,49.0,HUMAN_OBSERVATION,IQ,3039351621,50c9509d-22c7-4a22-a47d-8c48425ef4a7
44.321273,32.837306,2021,700.0,HUMAN_OBSERVATION,IQ,3039447908,50c9509d-22c7-4a22-a47d-8c48425ef4a7
47.78334,29.585512,2021,,HUMAN_OBSERVATION,KW,3506105674,4fa7b334-ce0d-4e88-aaae-2e0c138d049e
47.75465,29.257349,2021,,HUMAN_OBSERVATION,KW,3507552546,4fa7b334-ce0d-4e88-aaae-2e0c138d049e
46.9602,29.366991,2021,,HUMAN_OBSERVATION,KW,3507971363,4fa7b334-ce0d-4e88-aaae-2e0c138d049e
47.75465,29.257349,2021,,HUMAN_OBSERVATION,KW,3509790334,4fa7b334-ce0d-4e88-aaae-2e0c138d049e
47.75465,29.257349,2021,,HUMAN_OBSERVATION,KW,3509917631,4fa7b334-ce0d-4e88-aaae-2e0c138d049e
46.9602,29.366991,2021,,HUMAN_OBSERVATION,KW,3511367128,4fa7b334-ce0d-4e88-aaae-2e0c138d049e
46.9602,29.366991,2021,,HUMAN_OBSERVATION,KW,3512996754,4fa7b334-ce0d-4e88-aaae-2e0c138d049e
46.9602,29.366991,2021,,HUMAN_OBSERVATION,KW,3518644895,4fa7b334-ce0d-4e88-aaae-2e0c138d049e
48.66297,31.3028,2021,,HUMAN_OBSERVATION,IR,3521088997,4fa7b334-ce0d-4e88-aaae-2e0c138d049e
46.9602,29.366991,2021,,HUMAN_OBSERVATION,KW,3523090594,4fa7b334-ce0d-4e88-aaae-2e0c138d049e
47.730595,29.357735,2021,,HUMAN_OBSERVATION,KW,3525987775,4fa7b334-ce0d-4e88-aaae-2e0c138d049e
47.75465,29.257349,2021,,HUMAN_OBSERVATION,KW,3538206274,4fa7b334-ce0d-4e88-aaae-2e0c138d049e
46.9602,29.366991,2021,,HUMAN_OBSERVATION,KW,3542474504,4fa7b334-ce0d-4e88-aaae-2e0c138d049e
48.66297,31.3028,2021,,HUMAN_OBSERVATION,IR,3544557357,4fa7b334-ce0d-4e88-aaae-2e0c138d049e
46.9602,29.366991,2021,,HUMAN_OBSERVATION,KW,3546162101,4fa7b334-ce0d-4e88-aaae-2e0c138d049e
48.200455,28.925266,2021,,HUMAN_OBSERVATION,KW,3547484798,4fa7b334-ce0d-4e88-aaae-2e0c138d049e
47.674255,29.351254,2021,,HUMAN_OBSERVATION,KW,3560076616,4fa7b334-ce0d-4e88-aaae-2e0c138d049e
47.75465,29.257349,2021,,HUMAN_OBSERVATION,KW,3560077187,4fa7b334-ce0d-4e88-aaae-2e0c138d049e
48.200455,28.925266,2021,,HUMAN_OBSERVATION,KW,3587152653,4fa7b334-ce0d-4e88-aaae-2e0c138d049e
47.75465,29.257349,2021,,HUMAN_OBSERVATION,KW,3588482823,4fa7b334-ce0d-4e88-aaae-2e0c138d049e
47.75465,29.257349,2021,,HUMAN_OBSERVATION,KW,3589262800,4fa7b334-ce0d-4e88-aaae-2e0c138d049e
46.9602,29.366991,2021,,HUMAN_OBSERVATION,KW,3598230897,4fa7b334-ce0d-4e88-aaae-2e0c138d049e
48.377754,28.71107,2021,,HUMAN_OBSERVATION,KW,3599167618,4fa7b334-ce0d-4e88-aaae-2e0c138d049e
49.331863,31.884361,2021,,HUMAN_OBSERVATION,IR,3601491162,4fa7b334-ce0d-4e88-aaae-2e0c138d049e
46.9602,29.366991,2021,,HUMAN_OBSERVATION,KW,3602432813,4fa7b334-ce0d-4e88-aaae-2e0c138d049e
47.707787,29.553898,2021,,HUMAN_OBSERVATION,KW,3606997964,4fa7b334-ce0d-4e88-aaae-2e0c138d049e
46.9602,29.366991,2021,,HUMAN_OBSERVATION,KW,3607967120,4fa7b334-ce0d-4e88-aaae-2e0c138d049e
48.007553,29.350399,2021,,HUMAN_OBSERVATION,KW,3637372632,4fa7b334-ce0d-4e88-aaae-2e0c138d049e
40.421448,29.847275,2021,,HUMAN_OBSERVATION,SA,3639172014,4fa7b334-ce0d-4e88-aaae-2e0c138d049e
48.200455,28.925266,2021,,HUMAN_OBSERVATION,KW,3679274603,4fa7b334-ce0d-4e88-aaae-2e0c138d049e
48.200455,28.925266,2021,,HUMAN_OBSERVATION,KW,3681179087,4fa7b334-ce0d-4e88-aaae-2e0c138d049e
47.88523,31.26294,2021,,HUMAN_OBSERVATION,IR,3681741164,4fa7b334-ce0d-4e88-aaae-2e0c138d049e
48.382526,32.37384,2021,,HUMAN_OBSERVATION,IR,4296585263,4fa7b334-ce0d-4e88-aaae-2e0c138d049e
48.382526,32.37384,2021,,HUMAN_OBSERVATION,IR,4303529397,4fa7b334-ce0d-4e88-aaae-2e0c138d049e
47.78334,29.585512,2021,,HUMAN_OBSERVATION,KW,3508153367,4fa7b334-ce0d-4e88-aaae-2e0c138d049e
49.162178,30.706528,2021,,HUMAN_OBSERVATION,IR,3509799043,4fa7b334-ce0d-4e88-aaae-2e0c138d049e
48.201244,28.92512,2021,,HUMAN_OBSERVATION,KW,3510616450,4fa7b334-ce0d-4e88-aaae-2e0c138d049e
47.88523,31.26294,2021,,HUMAN_OBSERVATION,IR,3510762940,4fa7b334-ce0d-4e88-aaae-2e0c138d049e
48.201244,28.92512,2021,,HUMAN_OBSERVATION,KW,3511074803,4fa7b334-ce0d-4e88-aaae-2e0c138d049e
48.38606,28.64303,2021,,HUMAN_OBSERVATION,KW,3511532637,4fa7b334-ce0d-4e88-aaae-2e0c138d049e
47.90282,29.334694,2021,,HUMAN_OBSERVATION,KW,3511819917,4fa7b334-ce0d-4e88-aaae-2e0c138d049e
47.90282,29.334694,2021,,HUMAN_OBSERVATION,KW,3512224730,4fa7b334-ce0d-4e88-aaae-2e0c138d049e
47.707787,29.553898,2021,,HUMAN_OBSERVATION,KW,3512413513,4fa7b334-ce0d-4e88-aaae-2e0c138d049e
48.377754,28.71107,2021,,HUMAN_OBSERVATION,KW,3516836311,4fa7b334-ce0d-4e88-aaae-2e0c138d049e
47.707787,29.553898,2021,,HUMAN_OBSERVATION,KW,3518876929,4fa7b334-ce0d-4e88-aaae-2e0c138d049e
48.38606,28.64303,2021,,HUMAN_OBSERVATION,KW,3519565234,4fa7b334-ce0d-4e88-aaae-2e0c138d049e
48.119457,29.133131,2021,,HUMAN_OBSERVATION,KW,3522250479,4fa7b334-ce0d-4e88-aaae-2e0c138d049e
47.707787,29.553898,2021,,HUMAN_OBSERVATION,KW,3523210704,4fa7b334-ce0d-4e88-aaae-2e0c138d049e
47.614403,29.590475,2021,,HUMAN_OBSERVATION,KW,3528287678,4fa7b334-ce0d-4e88-aaae-2e0c138d049e
48.119457,29.133131,2021,,HUMAN_OBSERVATION,KW,3529953387,4fa7b334-ce0d-4e88-aaae-2e0c138d049e
47.949635,29.351244,2021,,HUMAN_OBSERVATION,KW,3537059818,4fa7b334-ce0d-4e88-aaae-2e0c138d049e
47.980232,29.390568,2021,,HUMAN_OBSERVATION,KW,3540017281,4fa7b334-ce0d-4e88-aaae-2e0c138d049e
48.119457,29.133131,2021,,HUMAN_OBSERVATION,KW,3545083643,4fa7b334-ce0d-4e88-aaae-2e0c138d049e
47.995087,29.39,2021,,HUMAN_OBSERVATION,KW,3553290462,4fa7b334-ce0d-4e88-aaae-2e0c138d049e
48.201244,28.92512,2021,,HUMAN_OBSERVATION,KW,3562408647,4fa7b334-ce0d-4e88-aaae-2e0c138d049e
48.119457,29.133131,2021,,HUMAN_OBSERVATION,KW,3568030752,4fa7b334-ce0d-4e88-aaae-2e0c138d049e
47.90282,29.334694,2021,,HUMAN_OBSERVATION,KW,3570041810,4fa7b334-ce0d-4e88-aaae-2e0c138d049e
48.38606,28.64303,2021,,HUMAN_OBSERVATION,KW,3574590761,4fa7b334-ce0d-4e88-aaae-2e0c138d049e
48.26218,32.162186,2021,,HUMAN_OBSERVATION,IR,3587853150,4fa7b334-ce0d-4e88-aaae-2e0c138d049e
47.78334,29.585512,2021,,HUMAN_OBSERVATION,KW,3589598678,4fa7b334-ce0d-4e88-aaae-2e0c138d049e
47.90282,29.334694,2021,,HUMAN_OBSERVATION,KW,3590727758,4fa7b334-ce0d-4e88-aaae-2e0c138d049e
47.707787,29.553898,2021,,HUMAN_OBSERVATION,KW,3591241786,4fa7b334-ce0d-4e88-aaae-2e0c138d049e
46.9602,29.366991,2021,,HUMAN_OBSERVATION,KW,3594609768,4fa7b334-ce0d-4e88-aaae-2e0c138d049e
47.858547,31.478123,2021,,HUMAN_OBSERVATION,IR,3597435563,4fa7b334-ce0d-4e88-aaae-2e0c138d049e
47.674255,29.351254,2021,,HUMAN_OBSERVATION,KW,3600349378,4fa7b334-ce0d-4e88-aaae-2e0c138d049e
47.614403,29.590475,2021,,HUMAN_OBSERVATION,KW,3603130775,4fa7b334-ce0d-4e88-aaae-2e0c138d049e
48.201244,28.92512,2021,,HUMAN_OBSERVATION,KW,3604402289,4fa7b334-ce0d-4e88-aaae-2e0c138d049e
48.119457,29.133131,2021,,HUMAN_OBSERVATION,KW,3606922855,4fa7b334-ce0d-4e88-aaae-2e0c138d049e
48.38606,28.64303,2021,,HUMAN_OBSERVATION,KW,3608091492,4fa7b334-ce0d-4e88-aaae-2e0c138d049e
42.94802,36.88019,2021,,HUMAN_OBSERVATION,IQ,3609178360,4fa7b334-ce0d-4e88-aaae-2e0c138d049e
48.66297,31.3028,2021,,HUMAN_OBSERVATION,IR,3616150275,4fa7b334-ce0d-4e88-aaae-2e0c138d049e
48.38606,28.64303,2021,,HUMAN_OBSERVATION,KW,3618146605,4fa7b334-ce0d-4e88-aaae-2e0c138d049e
48.119457,29.133131,2021,,HUMAN_OBSERVATION,KW,3620647979,4fa7b334-ce0d-4e88-aaae-2e0c138d049e
47.707787,29.553898,2021,,HUMAN_OBSERVATION,KW,3621007300,4fa7b334-ce0d-4e88-aaae-2e0c138d049e
48.38606,28.64303,2021,,HUMAN_OBSERVATION,KW,3623358358,4fa7b334-ce0d-4e88-aaae-2e0c138d049e
47.75465,29.257349,2021,,HUMAN_OBSERVATION,KW,3623996396,4fa7b334-ce0d-4e88-aaae-2e0c138d049e
47.707787,29.553898,2021,,HUMAN_OBSERVATION,KW,3624633947,4fa7b334-ce0d-4e88-aaae-2e0c138d049e
48.201244,28.92512,2021,,HUMAN_OBSERVATION,KW,3626395583,4fa7b334-ce0d-4e88-aaae-2e0c138d049e
47.707787,29.553898,2021,,HUMAN_OBSERVATION,KW,3627875436,4fa7b334-ce0d-4e88-aaae-2e0c138d049e
48.377754,28.71107,2021,,HUMAN_OBSERVATION,KW,3631168801,4fa7b334-ce0d-4e88-aaae-2e0c138d049e
48.119457,29.133131,2021,,HUMAN_OBSERVATION,KW,3632964441,4fa7b334-ce0d-4e88-aaae-2e0c138d049e
40.792915,29.679016,2021,,HUMAN_OBSERVATION,SA,3636986077,4fa7b334-ce0d-4e88-aaae-2e0c138d049e
46.398933,33.4997,2021,,HUMAN_OBSERVATION,IR,3642422566,4fa7b334-ce0d-4e88-aaae-2e0c138d049e
47.045376,33.24964,2021,,HUMAN_OBSERVATION,IR,3648902726,4fa7b334-ce0d-4e88-aaae-2e0c138d049e
47.90282,29.334694,2021,,HUMAN_OBSERVATION,KW,3649632500,4fa7b334-ce0d-4e88-aaae-2e0c138d049e
47.99427,29.373367,2021,,HUMAN_OBSERVATION,KW,3654395314,4fa7b334-ce0d-4e88-aaae-2e0c138d049e
47.707787,29.553898,2021,,HUMAN_OBSERVATION,KW,3665481828,4fa7b334-ce0d-4e88-aaae-2e0c138d049e
46.9602,29.366991,2021,,HUMAN_OBSERVATION,KW,3668099829,4fa7b334-ce0d-4e88-aaae-2e0c138d049e
48.119457,29.133131,2021,,HUMAN_OBSERVATION,KW,3669967227,4fa7b334-ce0d-4e88-aaae-2e0c138d049e
48.201244,28.92512,2021,,HUMAN_OBSERVATION,KW,3671546367,4fa7b334-ce0d-4e88-aaae-2e0c138d049e
47.90282,29.334694,2021,,HUMAN_OBSERVATION,KW,3672476105,4fa7b334-ce0d-4e88-aaae-2e0c138d049e
47.693195,29.36198,2021,,HUMAN_OBSERVATION,KW,3682842372,4fa7b334-ce0d-4e88-aaae-2e0c138d049e
44.360592,32.887343,2021,14.0,HUMAN_OBSERVATION,IQ,3097283824,50c9509d-22c7-4a22-a47d-8c48425ef4a7
44.360592,32.887345,2021,20.0,HUMAN_OBSERVATION,IQ,3097353512,50c9509d-22c7-4a22-a47d-8c48425ef4a7
44.360413,32.88753,2021,9.0,HUMAN_OBSERVATION,IQ,3109269880,50c9509d-22c7-4a22-a47d-8c48425ef4a7
48.388763,28.65095,2021,,HUMAN_OBSERVATION,KW,3512574069,4fa7b334-ce0d-4e88-aaae-2e0c138d049e
48.11621,29.1906,2021,,HUMAN_OBSERVATION,KW,3513780844,4fa7b334-ce0d-4e88-aaae-2e0c138d049e
46.9602,29.366991,2021,,HUMAN_OBSERVATION,KW,3514491526,4fa7b334-ce0d-4e88-aaae-2e0c138d049e
48.40104,28.549696,2021,,HUMAN_OBSERVATION,KW,3514770996,4fa7b334-ce0d-4e88-aaae-2e0c138d049e
46.9602,29.366991,2021,,HUMAN_OBSERVATION,KW,3515719588,4fa7b334-ce0d-4e88-aaae-2e0c138d049e
48.09665,29.352262,2021,,HUMAN_OBSERVATION,KW,3515974519,4fa7b334-ce0d-4e88-aaae-2e0c138d049e
47.88523,31.26294,2021,,HUMAN_OBSERVATION,IR,3516261684,4fa7b334-ce0d-4e88-aaae-2e0c138d049e
47.69305,29.3623,2021,,HUMAN_OBSERVATION,KW,3517580984,4fa7b334-ce0d-4e88-aaae-2e0c138d049e
47.674255,29.351254,2021,,HUMAN_OBSERVATION,KW,3517849453,4fa7b334-ce0d-4e88-aaae-2e0c138d049e
48.061058,29.231997,2021,,HUMAN_OBSERVATION,KW,3517960416,4fa7b334-ce0d-4e88-aaae-2e0c138d049e
47.674255,29.351254,2021,,HUMAN_OBSERVATION,KW,3518056638,4fa7b334-ce0d-4e88-aaae-2e0c138d049e
47.730534,29.356573,2021,,HUMAN_OBSERVATION,KW,3518064117,4fa7b334-ce0d-4e88-aaae-2e0c138d049e
48.66297,31.3028,2021,,HUMAN_OBSERVATION,IR,3518608490,4fa7b334-ce0d-4e88-aaae-2e0c138d049e
48.061058,29.231997,2021,,HUMAN_OBSERVATION,KW,3518733097,4fa7b334-ce0d-4e88-aaae-2e0c138d049e
48.40104,28.549696,2021,,HUMAN_OBSERVATION,KW,3519184175,4fa7b334-ce0d-4e88-aaae-2e0c138d049e
46.9602,29.366991,2021,,HUMAN_OBSERVATION,KW,3519454849,4fa7b334-ce0d-4e88-aaae-2e0c138d049e
47.949635,29.351244,2021,,HUMAN_OBSERVATION,KW,3520512813,4fa7b334-ce0d-4e88-aaae-2e0c138d049e
48.074726,29.332048,2021,,HUMAN_OBSERVATION,KW,3520734539,4fa7b334-ce0d-4e88-aaae-2e0c138d049e
47.674255,29.351254,2021,,HUMAN_OBSERVATION,KW,3520781057,4fa7b334-ce0d-4e88-aaae-2e0c138d049e
48.122143,29.166296,2021,,HUMAN_OBSERVATION,KW,3521564983,4fa7b334-ce0d-4e88-aaae-2e0c138d049e
48.387913,28.645878,2021,,HUMAN_OBSERVATION,KW,3522389704,4fa7b334-ce0d-4e88-aaae-2e0c138d049e
39.855404,29.79834,2021,,HUMAN_OBSERVATION,SA,3522477587,4fa7b334-ce0d-4e88-aaae-2e0c138d049e
48.05653,29.233047,2021,,HUMAN_OBSERVATION,KW,3525806435,4fa7b334-ce0d-4e88-aaae-2e0c138d049e
44.93202,31.968567,2021,,HUMAN_OBSERVATION,IQ,3526357444,4fa7b334-ce0d-4e88-aaae-2e0c138d049e
47.995087,29.39,2021,,HUMAN_OBSERVATION,KW,3526720842,4fa7b334-ce0d-4e88-aaae-2e0c138d049e
48.11621,29.1906,2021,,HUMAN_OBSERVATION,KW,3527190040,4fa7b334-ce0d-4e88-aaae-2e0c138d049e
47.995087,29.39,2021,,HUMAN_OBSERVATION,KW,3528024417,4fa7b334-ce0d-4e88-aaae-2e0c138d049e
48.40104,28.549696,2021,,HUMAN_OBSERVATION,KW,3529890959,4fa7b334-ce0d-4e88-aaae-2e0c138d049e
48.40104,28.549696,2021,,HUMAN_OBSERVATION,KW,3532072139,4fa7b334-ce0d-4e88-aaae-2e0c138d049e
48.061058,29.231997,2021,,HUMAN_OBSERVATION,KW,3532165590,4fa7b334-ce0d-4e88-aaae-2e0c138d049e
47.995106,29.371916,2021,,HUMAN_OBSERVATION,KW,3532388468,4fa7b334-ce0d-4e88-aaae-2e0c138d049e
48.40104,28.549696,2021,,HUMAN_OBSERVATION,KW,3532585767,4fa7b334-ce0d-4e88-aaae-2e0c138d049e
48.373646,32.42604,2021,,HUMAN_OBSERVATION,IR,3533290528,4fa7b334-ce0d-4e88-aaae-2e0c138d049e
48.37997,28.665361,2021,,HUMAN_OBSERVATION,KW,3533545196,4fa7b334-ce0d-4e88-aaae-2e0c138d049e
48.001816,29.376917,2021,,HUMAN_OBSERVATION,KW,3536109120,4fa7b334-ce0d-4e88-aaae-2e0c138d049e
48.061058,29.231997,2021,,HUMAN_OBSERVATION,KW,3538705791,4fa7b334-ce0d-4e88-aaae-2e0c138d049e
47.904984,29.35852,2021,,HUMAN_OBSERVATION,KW,3539391385,4fa7b334-ce0d-4e88-aaae-2e0c138d049e
48.40104,28.549696,2021,,HUMAN_OBSERVATION,KW,3539641088,4fa7b334-ce0d-4e88-aaae-2e0c138d049e
47.730534,29.356573,2021,,HUMAN_OBSERVATION,KW,3540751587,4fa7b334-ce0d-4e88-aaae-2e0c138d049e
48.061058,29.231997,2021,,HUMAN_OBSERVATION,KW,3545423036,4fa7b334-ce0d-4e88-aaae-2e0c138d049e
48.061058,29.231997,2021,,HUMAN_OBSERVATION,KW,3545457594,4fa7b334-ce0d-4e88-aaae-2e0c138d049e
47.730534,29.356573,2021,,HUMAN_OBSERVATION,KW,3545483534,4fa7b334-ce0d-4e88-aaae-2e0c138d049e
46.9602,29.366991,2021,,HUMAN_OBSERVATION,KW,3546882803,4fa7b334-ce0d-4e88-aaae-2e0c138d049e
47.995087,29.39,2021,,HUMAN_OBSERVATION,KW,3551715914,4fa7b334-ce0d-4e88-aaae-2e0c138d049e
48.061058,29.231997,2021,,HUMAN_OBSERVATION,KW,3554562464,4fa7b334-ce0d-4e88-aaae-2e0c138d049e
48.11621,29.1906,2021,,HUMAN_OBSERVATION,KW,3557598940,4fa7b334-ce0d-4e88-aaae-2e0c138d049e
47.730534,29.356573,2021,,HUMAN_OBSERVATION,KW,3559186000,4fa7b334-ce0d-4e88-aaae-2e0c138d049e
47.674255,29.351254,2021,,HUMAN_OBSERVATION,KW,3559814578,4fa7b334-ce0d-4e88-aaae-2e0c138d049e
47.674255,29.351254,2021,,HUMAN_OBSERVATION,KW,3560674616,4fa7b334-ce0d-4e88-aaae-2e0c138d049e
47.730595,29.357735,2021,,HUMAN_OBSERVATION,KW,3561772915,4fa7b334-ce0d-4e88-aaae-2e0c138d049e
47.88523,31.26294,2021,,HUMAN_OBSERVATION,IR,3563119213,4fa7b334-ce0d-4e88-aaae-2e0c138d049e
47.674255,29.351254,2021,,HUMAN_OBSERVATION,KW,3565010953,4fa7b334-ce0d-4e88-aaae-2e0c138d049e
46.9602,29.366991,2021,,HUMAN_OBSERVATION,KW,3589165937,4fa7b334-ce0d-4e88-aaae-2e0c138d049e
48.38737,28.641548,2021,,HUMAN_OBSERVATION,KW,3589706996,4fa7b334-ce0d-4e88-aaae-2e0c138d049e
46.9602,29.366991,2021,,HUMAN_OBSERVATION,KW,3589721575,4fa7b334-ce0d-4e88-aaae-2e0c138d049e
47.94909,29.35054,2021,,HUMAN_OBSERVATION,KW,3590006056,4fa7b334-ce0d-4e88-aaae-2e0c138d049e
47.995087,29.39,2021,,HUMAN_OBSERVATION,KW,3590305263,4fa7b334-ce0d-4e88-aaae-2e0c138d049e
48.119217,29.121767,2021,,HUMAN_OBSERVATION,KW,3593083621,4fa7b334-ce0d-4e88-aaae-2e0c138d049e
48.388027,28.646704,2021,,HUMAN_OBSERVATION,KW,3593976581,4fa7b334-ce0d-4e88-aaae-2e0c138d049e
48.061058,29.231997,2021,,HUMAN_OBSERVATION,KW,3596018382,4fa7b334-ce0d-4e88-aaae-2e0c138d049e
48.40104,28.549696,2021,,HUMAN_OBSERVATION,KW,3599453802,4fa7b334-ce0d-4e88-aaae-2e0c138d049e
48.061058,29.231997,2021,,HUMAN_OBSERVATION,KW,3599759603,4fa7b334-ce0d-4e88-aaae-2e0c138d049e
48.377754,28.71107,2021,,HUMAN_OBSERVATION,KW,3603459501,4fa7b334-ce0d-4e88-aaae-2e0c138d049e
47.674255,29.351254,2021,,HUMAN_OBSERVATION,KW,3606464385,4fa7b334-ce0d-4e88-aaae-2e0c138d049e
48.00752,29.372986,2021,,HUMAN_OBSERVATION,KW,3607228808,4fa7b334-ce0d-4e88-aaae-2e0c138d049e
48.389694,28.653225,2021,,HUMAN_OBSERVATION,KW,3610353532,4fa7b334-ce0d-4e88-aaae-2e0c138d049e
47.96997,29.357548,2021,,HUMAN_OBSERVATION,KW,3611500561,4fa7b334-ce0d-4e88-aaae-2e0c138d049e
48.37997,28.665361,2021,,HUMAN_OBSERVATION,KW,3612733087,4fa7b334-ce0d-4e88-aaae-2e0c138d049e
48.40104,28.549696,2021,,HUMAN_OBSERVATION,KW,3613042053,4fa7b334-ce0d-4e88-aaae-2e0c138d049e
47.994976,29.38999,2021,,HUMAN_OBSERVATION,KW,3613623399,4fa7b334-ce0d-4e88-aaae-2e0c138d049e
48.061058,29.231997,2021,,HUMAN_OBSERVATION,KW,3617068736,4fa7b334-ce0d-4e88-aaae-2e0c138d049e
47.730595,29.357735,2021,,HUMAN_OBSERVATION,KW,3618870387,4fa7b334-ce0d-4e88-aaae-2e0c138d049e
47.994976,29.38999,2021,,HUMAN_OBSERVATION,KW,3621369741,4fa7b334-ce0d-4e88-aaae-2e0c138d049e
48.389694,28.653225,2021,,HUMAN_OBSERVATION,KW,3622477885,4fa7b334-ce0d-4e88-aaae-2e0c138d049e
48.10077,29.236874,2021,,HUMAN_OBSERVATION,KW,3624340717,4fa7b334-ce0d-4e88-aaae-2e0c138d049e
47.9503,29.35078,2021,,HUMAN_OBSERVATION,KW,3627324484,4fa7b334-ce0d-4e88-aaae-2e0c138d049e
47.730534,29.356573,2021,,HUMAN_OBSERVATION,KW,3627847528,4fa7b334-ce0d-4e88-aaae-2e0c138d049e
47.730534,29.356573,2021,,HUMAN_OBSERVATION,KW,3627865897,4fa7b334-ce0d-4e88-aaae-2e0c138d049e
48.40104,28.549696,2021,,HUMAN_OBSERVATION,KW,3627882065,4fa7b334-ce0d-4e88-aaae-2e0c138d049e
48.66297,31.3028,2021,,HUMAN_OBSERVATION,IR,3631347027,4fa7b334-ce0d-4e88-aaae-2e0c138d049e
46.9602,29.366991,2021,,HUMAN_OBSERVATION,KW,3631710512,4fa7b334-ce0d-4e88-aaae-2e0c138d049e
44.961136,31.939299,2021,,HUMAN_OBSERVATION,IQ,3633517017,4fa7b334-ce0d-4e88-aaae-2e0c138d049e
48.122143,29.166296,2021,,HUMAN_OBSERVATION,KW,3639809463,4fa7b334-ce0d-4e88-aaae-2e0c138d049e
47.674255,29.351254,2021,,HUMAN_OBSERVATION,KW,3640334991,4fa7b334-ce0d-4e88-aaae-2e0c138d049e
46.9602,29.366991,2021,,HUMAN_OBSERVATION,KW,3643874299,4fa7b334-ce0d-4e88-aaae-2e0c138d049e
48.003815,29.383137,2021,,HUMAN_OBSERVATION,KW,3644309503,4fa7b334-ce0d-4e88-aaae-2e0c138d049e
47.949635,29.351244,2021,,HUMAN_OBSERVATION,KW,3649401474,4fa7b334-ce0d-4e88-aaae-2e0c138d049e
48.377754,28.71107,2021,,HUMAN_OBSERVATION,KW,3656814879,4fa7b334-ce0d-4e88-aaae-2e0c138d049e
46.9602,29.366991,2021,,HUMAN_OBSERVATION,KW,3662659333,4fa7b334-ce0d-4e88-aaae-2e0c138d049e
48.40104,28.549696,2021,,HUMAN_OBSERVATION,KW,3668333527,4fa7b334-ce0d-4e88-aaae-2e0c138d049e
47.730534,29.356573,2021,,HUMAN_OBSERVATION,KW,3673351729,4fa7b334-ce0d-4e88-aaae-2e0c138d049e
48.061058,29.231997,2021,,HUMAN_OBSERVATION,KW,3674016456,4fa7b334-ce0d-4e88-aaae-2e0c138d049e
48.05653,29.233047,2021,,HUMAN_OBSERVATION,KW,3674503693,4fa7b334-ce0d-4e88-aaae-2e0c138d049e
47.75465,29.257349,2021,,HUMAN_OBSERVATION,KW,3674580807,4fa7b334-ce0d-4e88-aaae-2e0c138d049e
46.9602,29.366991,2021,,HUMAN_OBSERVATION,KW,3676435747,4fa7b334-ce0d-4e88-aaae-2e0c138d049e
46.9602,29.366991,2021,,HUMAN_OBSERVATION,KW,3681979636,4fa7b334-ce0d-4e88-aaae-2e0c138d049e
47.730534,29.356573,2021,,HUMAN_OBSERVATION,KW,3682202085,4fa7b334-ce0d-4e88-aaae-2e0c138d049e
47.674255,29.351254,2021,,HUMAN_OBSERVATION,KW,3683112113,4fa7b334-ce0d-4e88-aaae-2e0c138d049e
47.674255,29.351254,2021,,HUMAN_OBSERVATION,KW,3683334754,4fa7b334-ce0d-4e88-aaae-2e0c138d049e
47.75465,29.257349,2021,,HUMAN_OBSERVATION,KW,3683818350,4fa7b334-ce0d-4e88-aaae-2e0c138d049e
47.730534,29.356573,2021,,HUMAN_OBSERVATION,KW,3684472317,4fa7b334-ce0d-4e88-aaae-2e0c138d049e
46.9602,29.366991,2021,,HUMAN_OBSERVATION,KW,3684815407,4fa7b334-ce0d-4e88-aaae-2e0c138d049e
44.378586,33.27183,2021,,HUMAN_OBSERVATION,IQ,3685737194,4fa7b334-ce0d-4e88-aaae-2e0c138d049e
44.271165,33.53566,2021,15632.0,HUMAN_OBSERVATION,IQ,3117877221,50c9509d-22c7-4a22-a47d-8c48425ef4a7
47.995087,29.39,2021,,HUMAN_OBSERVATION,KW,3513387536,4fa7b334-ce0d-4e88-aaae-2e0c138d049e
47.995087,29.39,2021,,HUMAN_OBSERVATION,KW,3517137415,4fa7b334-ce0d-4e88-aaae-2e0c138d049e
48.05653,29.233047,2021,,HUMAN_OBSERVATION,KW,3518655823,4fa7b334-ce0d-4e88-aaae-2e0c138d049e
47.995087,29.39,2021,,HUMAN_OBSERVATION,KW,3520951855,4fa7b334-ce0d-4e88-aaae-2e0c138d049e
47.730534,29.356573,2021,,HUMAN_OBSERVATION,KW,3521235257,4fa7b334-ce0d-4e88-aaae-2e0c138d049e
47.995087,29.39,2021,,HUMAN_OBSERVATION,KW,3522376555,4fa7b334-ce0d-4e88-aaae-2e0c138d049e
47.995087,29.39,2021,,HUMAN_OBSERVATION,KW,3522430515,4fa7b334-ce0d-4e88-aaae-2e0c138d049e
48.061058,29.231997,2021,,HUMAN_OBSERVATION,KW,3522613999,4fa7b334-ce0d-4e88-aaae-2e0c138d049e
48.061058,29.231997,2021,,HUMAN_OBSERVATION,KW,3522844667,4fa7b334-ce0d-4e88-aaae-2e0c138d049e
47.69305,29.3623,2021,,HUMAN_OBSERVATION,KW,3523192402,4fa7b334-ce0d-4e88-aaae-2e0c138d049e
47.88523,31.26294,2021,,HUMAN_OBSERVATION,IR,3524665234,4fa7b334-ce0d-4e88-aaae-2e0c138d049e
47.995007,29.38999,2021,,HUMAN_OBSERVATION,KW,3525165964,4fa7b334-ce0d-4e88-aaae-2e0c138d049e
47.858547,31.478123,2021,,HUMAN_OBSERVATION,IR,3528223662,4fa7b334-ce0d-4e88-aaae-2e0c138d049e
44.717953,31.471216,2021,,HUMAN_OBSERVATION,IQ,3532329809,4fa7b334-ce0d-4e88-aaae-2e0c138d049e
47.730534,29.356573,2021,,HUMAN_OBSERVATION,KW,3535220110,4fa7b334-ce0d-4e88-aaae-2e0c138d049e
48.200455,28.925266,2021,,HUMAN_OBSERVATION,KW,3539906329,4fa7b334-ce0d-4e88-aaae-2e0c138d049e
48.061058,29.231997,2021,,HUMAN_OBSERVATION,KW,3549235370,4fa7b334-ce0d-4e88-aaae-2e0c138d049e
47.9503,29.35078,2021,,HUMAN_OBSERVATION,KW,3549562030,4fa7b334-ce0d-4e88-aaae-2e0c138d049e
47.995007,29.38999,2021,,HUMAN_OBSERVATION,KW,3555623339,4fa7b334-ce0d-4e88-aaae-2e0c138d049e
46.9602,29.366991,2021,,HUMAN_OBSERVATION,KW,3562692856,4fa7b334-ce0d-4e88-aaae-2e0c138d049e
47.99427,29.373367,2021,,HUMAN_OBSERVATION,KW,3570813054,4fa7b334-ce0d-4e88-aaae-2e0c138d049e
46.9602,29.366991,2021,,HUMAN_OBSERVATION,KW,3590629250,4fa7b334-ce0d-4e88-aaae-2e0c138d049e
46.9602,29.366991,2021,,HUMAN_OBSERVATION,KW,3591845371,4fa7b334-ce0d-4e88-aaae-2e0c138d049e
48.200455,28.925266,2021,,HUMAN_OBSERVATION,KW,3592336587,4fa7b334-ce0d-4e88-aaae-2e0c138d049e
48.200455,28.925266,2021,,HUMAN_OBSERVATION,KW,3593545148,4fa7b334-ce0d-4e88-aaae-2e0c138d049e
42.20953,37.33096,2021,,HUMAN_OBSERVATION,TR,3594257007,4fa7b334-ce0d-4e88-aaae-2e0c138d049e
47.730534,29.356573,2021,,HUMAN_OBSERVATION,KW,3594666859,4fa7b334-ce0d-4e88-aaae-2e0c138d049e
47.730534,29.356573,2021,,HUMAN_OBSERVATION,KW,3595134424,4fa7b334-ce0d-4e88-aaae-2e0c138d049e
47.995087,29.39,2021,,HUMAN_OBSERVATION,KW,3606668784,4fa7b334-ce0d-4e88-aaae-2e0c138d049e
48.061058,29.231997,2021,,HUMAN_OBSERVATION,KW,3609280635,4fa7b334-ce0d-4e88-aaae-2e0c138d049e
47.995087,29.39,2021,,HUMAN_OBSERVATION,KW,3613532026,4fa7b334-ce0d-4e88-aaae-2e0c138d049e
47.730534,29.356573,2021,,HUMAN_OBSERVATION,KW,3614074551,4fa7b334-ce0d-4e88-aaae-2e0c138d049e
42.45525,37.255257,2021,,HUMAN_OBSERVATION,TR,3615646327,4fa7b334-ce0d-4e88-aaae-2e0c138d049e
48.200455,28.925266,2021,,HUMAN_OBSERVATION,KW,3615939868,4fa7b334-ce0d-4e88-aaae-2e0c138d049e
48.200455,28.925266,2021,,HUMAN_OBSERVATION,KW,3620586903,4fa7b334-ce0d-4e88-aaae-2e0c138d049e
47.88523,31.26294,2021,,HUMAN_OBSERVATION,IR,3624548640,4fa7b334-ce0d-4e88-aaae-2e0c138d049e
48.09665,29.352262,2021,,HUMAN_OBSERVATION,KW,3629184001,4fa7b334-ce0d-4e88-aaae-2e0c138d049e
48.66297,31.3028,2021,,HUMAN_OBSERVATION,IR,3629964899,4fa7b334-ce0d-4e88-aaae-2e0c138d049e
48.09665,29.352262,2021,,HUMAN_OBSERVATION,KW,3630594540,4fa7b334-ce0d-4e88-aaae-2e0c138d049e
47.730534,29.356573,2021,,HUMAN_OBSERVATION,KW,3630708422,4fa7b334-ce0d-4e88-aaae-2e0c138d049e
48.061058,29.231997,2021,,HUMAN_OBSERVATION,KW,3633206709,4fa7b334-ce0d-4e88-aaae-2e0c138d049e
46.9602,29.366991,2021,,HUMAN_OBSERVATION,KW,3637096032,4fa7b334-ce0d-4e88-aaae-2e0c138d049e
47.995007,29.38999,2021,,HUMAN_OBSERVATION,KW,3637740788,4fa7b334-ce0d-4e88-aaae-2e0c138d049e
48.200455,28.925266,2021,,HUMAN_OBSERVATION,KW,3637811678,4fa7b334-ce0d-4e88-aaae-2e0c138d049e
44.851418,31.947056,2021,,HUMAN_OBSERVATION,IQ,3640545530,4fa7b334-ce0d-4e88-aaae-2e0c138d049e
47.730534,29.356573,2021,,HUMAN_OBSERVATION,KW,3641111154,4fa7b334-ce0d-4e88-aaae-2e0c138d049e
47.902832,29.334658,2021,,HUMAN_OBSERVATION,KW,3642605501,4fa7b334-ce0d-4e88-aaae-2e0c138d049e
48.200455,28.925266,2021,,HUMAN_OBSERVATION,KW,3643971534,4fa7b334-ce0d-4e88-aaae-2e0c138d049e
48.200455,28.925266,2021,,HUMAN_OBSERVATION,KW,3647062027,4fa7b334-ce0d-4e88-aaae-2e0c138d049e
48.200455,28.925266,2021,,HUMAN_OBSERVATION,KW,3652162513,4fa7b334-ce0d-4e88-aaae-2e0c138d049e
44.266083,33.53144,2021,,HUMAN_OBSERVATION,IQ,3657732157,4fa7b334-ce0d-4e88-aaae-2e0c138d049e
47.995087,29.39,2021,,HUMAN_OBSERVATION,KW,3663343969,4fa7b334-ce0d-4e88-aaae-2e0c138d049e
46.9602,29.366991,2021,,HUMAN_OBSERVATION,KW,3671595471,4fa7b334-ce0d-4e88-aaae-2e0c138d049e
47.730534,29.356573,2021,,HUMAN_OBSERVATION,KW,3678069551,4fa7b334-ce0d-4e88-aaae-2e0c138d049e
46.9602,29.366991,2021,,HUMAN_OBSERVATION,KW,3679458827,4fa7b334-ce0d-4e88-aaae-2e0c138d049e
47.730534,29.356573,2021,,HUMAN_OBSERVATION,KW,3690004669,4fa7b334-ce0d-4e88-aaae-2e0c138d049e
48.839996,32.275986,2021,,HUMAN_OBSERVATION,IR,4271447624,4fa7b334-ce0d-4e88-aaae-2e0c138d049e
47.926498,29.281472,2021,2.0,HUMAN_OBSERVATION,KW,3333371451,50c9509d-22c7-4a22-a47d-8c48425ef4a7
47.995087,29.39,2021,,HUMAN_OBSERVATION,KW,3525719972,4fa7b334-ce0d-4e88-aaae-2e0c138d049e
47.75465,29.257349,2021,,HUMAN_OBSERVATION,KW,3526352895,4fa7b334-ce0d-4e88-aaae-2e0c138d049e
48.1554,28.88062,2021,,HUMAN_OBSERVATION,KW,3530244757,4fa7b334-ce0d-4e88-aaae-2e0c138d049e
47.995007,29.38999,2021,,HUMAN_OBSERVATION,KW,3547380779,4fa7b334-ce0d-4e88-aaae-2e0c138d049e
47.90282,29.334694,2021,,HUMAN_OBSERVATION,KW,3559720249,4fa7b334-ce0d-4e88-aaae-2e0c138d049e
48.200455,28.925266,2021,,HUMAN_OBSERVATION,KW,3570871705,4fa7b334-ce0d-4e88-aaae-2e0c138d049e
47.90282,29.334694,2021,,HUMAN_OBSERVATION,KW,3597330416,4fa7b334-ce0d-4e88-aaae-2e0c138d049e
48.026817,29.364449,2021,,HUMAN_OBSERVATION,KW,3604842180,4fa7b334-ce0d-4e88-aaae-2e0c138d049e
42.199287,37.31727,2021,,HUMAN_OBSERVATION,TR,3607793876,4fa7b334-ce0d-4e88-aaae-2e0c138d049e
47.90282,29.334694,2021,,HUMAN_OBSERVATION,KW,3608818442,4fa7b334-ce0d-4e88-aaae-2e0c138d049e
47.995087,29.39,2021,,HUMAN_OBSERVATION,KW,3616689971,4fa7b334-ce0d-4e88-aaae-2e0c138d049e
48.200455,28.925266,2021,,HUMAN_OBSERVATION,KW,3620504983,4fa7b334-ce0d-4e88-aaae-2e0c138d049e
42.208424,37.33104,2021,,HUMAN_OBSERVATION,TR,3623173637,4fa7b334-ce0d-4e88-aaae-2e0c138d049e
47.995087,29.39,2021,,HUMAN_OBSERVATION,KW,3628248686,4fa7b334-ce0d-4e88-aaae-2e0c138d049e
47.995087,29.39,2021,,HUMAN_OBSERVATION,KW,3634955119,4fa7b334-ce0d-4e88-aaae-2e0c138d049e
47.995087,29.39,2021,,HUMAN_OBSERVATION,KW,3635236268,4fa7b334-ce0d-4e88-aaae-2e0c138d049e
42.219944,37.321575,2021,,HUMAN_OBSERVATION,TR,3643364873,4fa7b334-ce0d-4e88-aaae-2e0c138d049e
48.200455,28.925266,2021,,HUMAN_OBSERVATION,KW,3643720491,4fa7b334-ce0d-4e88-aaae-2e0c138d049e
48.201244,28.92512,2021,,HUMAN_OBSERVATION,KW,3652549729,4fa7b334-ce0d-4e88-aaae-2e0c138d049e
47.90282,29.334694,2021,,HUMAN_OBSERVATION,KW,3674310074,4fa7b334-ce0d-4e88-aaae-2e0c138d049e
40.275505,29.882643,2021,,HUMAN_OBSERVATION,SA,3674434069,4fa7b334-ce0d-4e88-aaae-2e0c138d049e
42.201206,37.32783,2021,,HUMAN_OBSERVATION,TR,3679752386,4fa7b334-ce0d-4e88-aaae-2e0c138d049e
47.995087,29.39,2021,,HUMAN_OBSERVATION,KW,3689116150,4fa7b334-ce0d-4e88-aaae-2e0c138d049e
47.90282,29.334694,2021,,HUMAN_OBSERVATION,KW,3531178785,4fa7b334-ce0d-4e88-aaae-2e0c138d049e
47.90282,29.334694,2021,,HUMAN_OBSERVATION,KW,3531255458,4fa7b334-ce0d-4e88-aaae-2e0c138d049e
47.880135,29.323654,2021,,HUMAN_OBSERVATION,KW,3533854140,4fa7b334-ce0d-4e88-aaae-2e0c138d049e
47.880135,29.323654,2021,,HUMAN_OBSERVATION,KW,3537504417,4fa7b334-ce0d-4e88-aaae-2e0c138d049e
47.90282,29.334694,2021,,HUMAN_OBSERVATION,KW,3541961780,4fa7b334-ce0d-4e88-aaae-2e0c138d049e
47.90282,29.334694,2021,,HUMAN_OBSERVATION,KW,3546759992,4fa7b334-ce0d-4e88-aaae-2e0c138d049e
47.520844,29.35102,2021,,HUMAN_OBSERVATION,KW,3551334236,4fa7b334-ce0d-4e88-aaae-2e0c138d049e
47.88523,31.26294,2021,,HUMAN_OBSERVATION,IR,3553050384,4fa7b334-ce0d-4e88-aaae-2e0c138d049e
47.995087,29.39,2021,,HUMAN_OBSERVATION,KW,3553865382,4fa7b334-ce0d-4e88-aaae-2e0c138d049e
47.995087,29.39,2021,,HUMAN_OBSERVATION,KW,3563726112,4fa7b334-ce0d-4e88-aaae-2e0c138d049e
40.275505,29.882643,2021,,HUMAN_OBSERVATION,SA,3567321100,4fa7b334-ce0d-4e88-aaae-2e0c138d049e
47.880135,29.323654,2021,,HUMAN_OBSERVATION,KW,3571953960,4fa7b334-ce0d-4e88-aaae-2e0c138d049e
48.201244,28.92512,2021,,HUMAN_OBSERVATION,KW,3572859449,4fa7b334-ce0d-4e88-aaae-2e0c138d049e
47.90282,29.334694,2021,,HUMAN_OBSERVATION,KW,3575748281,4fa7b334-ce0d-4e88-aaae-2e0c138d049e
47.90282,29.334694,2021,,HUMAN_OBSERVATION,KW,3576534860,4fa7b334-ce0d-4e88-aaae-2e0c138d049e
47.995087,29.39,2021,,HUMAN_OBSERVATION,KW,3577260095,4fa7b334-ce0d-4e88-aaae-2e0c138d049e
48.200455,28.925266,2021,,HUMAN_OBSERVATION,KW,3600886887,4fa7b334-ce0d-4e88-aaae-2e0c138d049e
47.995087,29.39,2021,,HUMAN_OBSERVATION,KW,3610239295,4fa7b334-ce0d-4e88-aaae-2e0c138d049e
44.92807,36.490025,2021,,HUMAN_OBSERVATION,IQ,3614003403,4fa7b334-ce0d-4e88-aaae-2e0c138d049e
47.90282,29.334694,2021,,HUMAN_OBSERVATION,KW,3614040730,4fa7b334-ce0d-4e88-aaae-2e0c138d049e
47.880135,29.323654,2021,,HUMAN_OBSERVATION,KW,3614040732,4fa7b334-ce0d-4e88-aaae-2e0c138d049e
47.880135,29.323654,2021,,HUMAN_OBSERVATION,KW,3614095591,4fa7b334-ce0d-4e88-aaae-2e0c138d049e
47.520844,29.35102,2021,,HUMAN_OBSERVATION,KW,3624241992,4fa7b334-ce0d-4e88-aaae-2e0c138d049e
47.880135,29.323654,2021,,HUMAN_OBSERVATION,KW,3635839120,4fa7b334-ce0d-4e88-aaae-2e0c138d049e
47.90282,29.334694,2021,,HUMAN_OBSERVATION,KW,3640184662,4fa7b334-ce0d-4e88-aaae-2e0c138d049e
47.858547,31.478123,2021,,HUMAN_OBSERVATION,IR,3646122136,4fa7b334-ce0d-4e88-aaae-2e0c138d049e
48.200455,28.925266,2021,,HUMAN_OBSERVATION,KW,3654645919,4fa7b334-ce0d-4e88-aaae-2e0c138d049e
48.200455,28.925266,2021,,HUMAN_OBSERVATION,KW,3655891585,4fa7b334-ce0d-4e88-aaae-2e0c138d049e
47.880135,29.323654,2021,,HUMAN_OBSERVATION,KW,3659846126,4fa7b334-ce0d-4e88-aaae-2e0c138d049e
47.770287,30.030807,2021,,HUMAN_OBSERVATION,KW,3667426807,4fa7b334-ce0d-4e88-aaae-2e0c138d049e
47.880135,29.323654,2021,,HUMAN_OBSERVATION,KW,3675599377,4fa7b334-ce0d-4e88-aaae-2e0c138d049e
47.993197,29.389003,2021,9.0,HUMAN_OBSERVATION,KW,3383883918,50c9509d-22c7-4a22-a47d-8c48425ef4a7
47.520844,29.35102,2021,,HUMAN_OBSERVATION,KW,3532368194,4fa7b334-ce0d-4e88-aaae-2e0c138d049e
47.520844,29.35102,2021,,HUMAN_OBSERVATION,KW,3539313907,4fa7b334-ce0d-4e88-aaae-2e0c138d049e
48.200455,28.925266,2021,,HUMAN_OBSERVATION,KW,3543334939,4fa7b334-ce0d-4e88-aaae-2e0c138d049e
48.200455,28.925266,2021,,HUMAN_OBSERVATION,KW,3547561395,4fa7b334-ce0d-4e88-aaae-2e0c138d049e
39.497128,29.890392,2021,,HUMAN_OBSERVATION,SA,3555476299,4fa7b334-ce0d-4e88-aaae-2e0c138d049e
48.200455,28.925266,2021,,HUMAN_OBSERVATION,KW,3558747155,4fa7b334-ce0d-4e88-aaae-2e0c138d049e
48.200455,28.925266,2021,,HUMAN_OBSERVATION,KW,3561499049,4fa7b334-ce0d-4e88-aaae-2e0c138d049e
47.520844,29.35102,2021,,HUMAN_OBSERVATION,KW,3569465803,4fa7b334-ce0d-4e88-aaae-2e0c138d049e
47.520844,29.35102,2021,,HUMAN_OBSERVATION,KW,3571308824,4fa7b334-ce0d-4e88-aaae-2e0c138d049e
47.995007,29.38999,2021,,HUMAN_OBSERVATION,KW,3571424948,4fa7b334-ce0d-4e88-aaae-2e0c138d049e
47.693195,29.36198,2021,,HUMAN_OBSERVATION,KW,3573729951,4fa7b334-ce0d-4e88-aaae-2e0c138d049e
47.995007,29.38999,2021,,HUMAN_OBSERVATION,KW,3576287390,4fa7b334-ce0d-4e88-aaae-2e0c138d049e
47.520844,29.35102,2021,,HUMAN_OBSERVATION,KW,3578653730,4fa7b334-ce0d-4e88-aaae-2e0c138d049e
48.200455,28.925266,2021,,HUMAN_OBSERVATION,KW,3580654442,4fa7b334-ce0d-4e88-aaae-2e0c138d049e
49.171917,30.722616,2021,,HUMAN_OBSERVATION,IR,3601106227,4fa7b334-ce0d-4e88-aaae-2e0c138d049e
47.520844,29.35102,2021,,HUMAN_OBSERVATION,KW,3602635618,4fa7b334-ce0d-4e88-aaae-2e0c138d049e
49.179893,30.723799,2021,,HUMAN_OBSERVATION,IR,3606457066,4fa7b334-ce0d-4e88-aaae-2e0c138d049e
47.520844,29.35102,2021,,HUMAN_OBSERVATION,KW,3606647067,4fa7b334-ce0d-4e88-aaae-2e0c138d049e
48.200455,28.925266,2021,,HUMAN_OBSERVATION,KW,3608873273,4fa7b334-ce0d-4e88-aaae-2e0c138d049e
48.200455,28.925266,2021,,HUMAN_OBSERVATION,KW,3610767065,4fa7b334-ce0d-4e88-aaae-2e0c138d049e
46.9602,29.366991,2021,,HUMAN_OBSERVATION,KW,3621838496,4fa7b334-ce0d-4e88-aaae-2e0c138d049e
47.995087,29.39,2021,,HUMAN_OBSERVATION,KW,3623039564,4fa7b334-ce0d-4e88-aaae-2e0c138d049e
48.200455,28.925266,2021,,HUMAN_OBSERVATION,KW,3625091097,4fa7b334-ce0d-4e88-aaae-2e0c138d049e
48.200455,28.925266,2021,,HUMAN_OBSERVATION,KW,3626761064,4fa7b334-ce0d-4e88-aaae-2e0c138d049e
47.995087,29.39,2021,,HUMAN_OBSERVATION,KW,3638989811,4fa7b334-ce0d-4e88-aaae-2e0c138d049e
47.520844,29.35102,2021,,HUMAN_OBSERVATION,KW,3650716259,4fa7b334-ce0d-4e88-aaae-2e0c138d049e
48.200455,28.925266,2021,,HUMAN_OBSERVATION,KW,3651875922,4fa7b334-ce0d-4e88-aaae-2e0c138d049e
48.200455,28.925266,2021,,HUMAN_OBSERVATION,KW,3651917941,4fa7b334-ce0d-4e88-aaae-2e0c138d049e
47.88523,31.26294,2021,,HUMAN_OBSERVATION,IR,3652308588,4fa7b334-ce0d-4e88-aaae-2e0c138d049e
46.9602,29.366991,2021,,HUMAN_OBSERVATION,KW,3653713221,4fa7b334-ce0d-4e88-aaae-2e0c138d049e
47.674255,29.351254,2021,,HUMAN_OBSERVATION,KW,3656255749,4fa7b334-ce0d-4e88-aaae-2e0c138d049e
48.200455,28.925266,2021,,HUMAN_OBSERVATION,KW,3656642084,4fa7b334-ce0d-4e88-aaae-2e0c138d049e
48.200455,28.925266,2021,,HUMAN_OBSERVATION,KW,3663528668,4fa7b334-ce0d-4e88-aaae-2e0c138d049e
40.094387,30.067635,2021,,HUMAN_OBSERVATION,SA,3663692095,4fa7b334-ce0d-4e88-aaae-2e0c138d049e
47.520844,29.35102,2021,,HUMAN_OBSERVATION,KW,3664031185,4fa7b334-ce0d-4e88-aaae-2e0c138d049e
48.200455,28.925266,2021,,HUMAN_OBSERVATION,KW,3665919988,4fa7b334-ce0d-4e88-aaae-2e0c138d049e
48.200455,28.925266,2021,,HUMAN_OBSERVATION,KW,3678766053,4fa7b334-ce0d-4e88-aaae-2e0c138d049e
47.995087,29.39,2021,,HUMAN_OBSERVATION,KW,3680221661,4fa7b334-ce0d-4e88-aaae-2e0c138d049e
48.200455,28.925266,2021,,HUMAN_OBSERVATION,KW,3685039937,4fa7b334-ce0d-4e88-aaae-2e0c138d049e
47.520844,29.35102,2021,,HUMAN_OBSERVATION,KW,3685395559,4fa7b334-ce0d-4e88-aaae-2e0c138d049e
47.995087,29.39,2021,,HUMAN_OBSERVATION,KW,3687329373,4fa7b334-ce0d-4e88-aaae-2e0c138d049e
47.520844,29.35102,2021,,HUMAN_OBSERVATION,KW,3687991230,4fa7b334-ce0d-4e88-aaae-2e0c138d049e
47.99427,29.373367,2021,,HUMAN_OBSERVATION,KW,3688650900,4fa7b334-ce0d-4e88-aaae-2e0c138d049e
47.520844,29.35102,2021,,HUMAN_OBSERVATION,KW,3690521023,4fa7b334-ce0d-4e88-aaae-2e0c138d049e
48.66297,31.3028,2021,,HUMAN_OBSERVATION,IR,3531786912,4fa7b334-ce0d-4e88-aaae-2e0c138d049e
47.61374,30.449314,2021,,HUMAN_OBSERVATION,IQ,3533967651,4fa7b334-ce0d-4e88-aaae-2e0c138d049e
48.66297,31.3028,2021,,HUMAN_OBSERVATION,IR,3535965460,4fa7b334-ce0d-4e88-aaae-2e0c138d049e
47.707787,29.553898,2021,,HUMAN_OBSERVATION,KW,3540466382,4fa7b334-ce0d-4e88-aaae-2e0c138d049e
48.66297,31.3028,2021,,HUMAN_OBSERVATION,IR,3541677082,4fa7b334-ce0d-4e88-aaae-2e0c138d049e
47.995087,29.39,2021,,HUMAN_OBSERVATION,KW,3543747412,4fa7b334-ce0d-4e88-aaae-2e0c138d049e
47.707787,29.553898,2021,,HUMAN_OBSERVATION,KW,3545704639,4fa7b334-ce0d-4e88-aaae-2e0c138d049e
40.156498,29.902292,2021,,HUMAN_OBSERVATION,SA,3556087457,4fa7b334-ce0d-4e88-aaae-2e0c138d049e
47.995087,29.39,2021,,HUMAN_OBSERVATION,KW,3564656998,4fa7b334-ce0d-4e88-aaae-2e0c138d049e
47.995087,29.39,2021,,HUMAN_OBSERVATION,KW,3566011384,4fa7b334-ce0d-4e88-aaae-2e0c138d049e
47.707787,29.553898,2021,,HUMAN_OBSERVATION,KW,3567533364,4fa7b334-ce0d-4e88-aaae-2e0c138d049e
47.995087,29.39,2021,,HUMAN_OBSERVATION,KW,3568606185,4fa7b334-ce0d-4e88-aaae-2e0c138d049e
48.002148,29.377024,2021,,HUMAN_OBSERVATION,KW,3570355700,4fa7b334-ce0d-4e88-aaae-2e0c138d049e
47.88523,31.26294,2021,,HUMAN_OBSERVATION,IR,3570634673,4fa7b334-ce0d-4e88-aaae-2e0c138d049e
47.995087,29.39,2021,,HUMAN_OBSERVATION,KW,3570833607,4fa7b334-ce0d-4e88-aaae-2e0c138d049e
47.995087,29.39,2021,,HUMAN_OBSERVATION,KW,3571362513,4fa7b334-ce0d-4e88-aaae-2e0c138d049e
47.730595,29.357735,2021,,HUMAN_OBSERVATION,KW,3572403947,4fa7b334-ce0d-4e88-aaae-2e0c138d049e
41.44176,29.247377,2021,,HUMAN_OBSERVATION,SA,3573333422,4fa7b334-ce0d-4e88-aaae-2e0c138d049e
47.90273,29.334972,2021,,HUMAN_OBSERVATION,KW,3573628700,4fa7b334-ce0d-4e88-aaae-2e0c138d049e
48.66297,31.3028,2021,,HUMAN_OBSERVATION,IR,3578348467,4fa7b334-ce0d-4e88-aaae-2e0c138d049e
46.9602,29.366991,2021,,HUMAN_OBSERVATION,KW,3580901654,4fa7b334-ce0d-4e88-aaae-2e0c138d049e
47.520844,29.35102,2021,,HUMAN_OBSERVATION,KW,3581840347,4fa7b334-ce0d-4e88-aaae-2e0c138d049e
47.858547,31.478123,2021,,HUMAN_OBSERVATION,IR,3582085884,4fa7b334-ce0d-4e88-aaae-2e0c138d049e
48.743034,32.096928,2021,,HUMAN_OBSERVATION,IR,3582179199,4fa7b334-ce0d-4e88-aaae-2e0c138d049e
44.392345,33.299667,2021,,HUMAN_OBSERVATION,IQ,3582436379,4fa7b334-ce0d-4e88-aaae-2e0c138d049e
47.693195,29.36198,2021,,HUMAN_OBSERVATION,KW,3599154377,4fa7b334-ce0d-4e88-aaae-2e0c138d049e
47.995087,29.39,2021,,HUMAN_OBSERVATION,KW,3608303150,4fa7b334-ce0d-4e88-aaae-2e0c138d049e
48.66297,31.3028,2021,,HUMAN_OBSERVATION,IR,3608445373,4fa7b334-ce0d-4e88-aaae-2e0c138d049e
44.420773,33.28651,2021,,HUMAN_OBSERVATION,IQ,3612889387,4fa7b334-ce0d-4e88-aaae-2e0c138d049e
47.707787,29.553898,2021,,HUMAN_OBSERVATION,KW,3613294846,4fa7b334-ce0d-4e88-aaae-2e0c138d049e
48.66297,31.3028,2021,,HUMAN_OBSERVATION,IR,3619287146,4fa7b334-ce0d-4e88-aaae-2e0c138d049e
47.75465,29.257349,2021,,HUMAN_OBSERVATION,KW,3620460209,4fa7b334-ce0d-4e88-aaae-2e0c138d049e
48.119457,29.133131,2021,,HUMAN_OBSERVATION,KW,3626041028,4fa7b334-ce0d-4e88-aaae-2e0c138d049e
47.707787,29.553898,2021,,HUMAN_OBSERVATION,KW,3627670708,4fa7b334-ce0d-4e88-aaae-2e0c138d049e
41.44176,29.247377,2021,,HUMAN_OBSERVATION,SA,3633615076,4fa7b334-ce0d-4e88-aaae-2e0c138d049e
47.694283,29.36288,2021,,HUMAN_OBSERVATION,KW,3640718065,4fa7b334-ce0d-4e88-aaae-2e0c138d049e
47.707787,29.553898,2021,,HUMAN_OBSERVATION,KW,3643275115,4fa7b334-ce0d-4e88-aaae-2e0c138d049e
49.331863,31.884361,2021,,HUMAN_OBSERVATION,IR,3643599476,4fa7b334-ce0d-4e88-aaae-2e0c138d049e
47.995087,29.39,2021,,HUMAN_OBSERVATION,KW,3643658269,4fa7b334-ce0d-4e88-aaae-2e0c138d049e
47.693195,29.36198,2021,,HUMAN_OBSERVATION,KW,3643746686,4fa7b334-ce0d-4e88-aaae-2e0c138d049e
47.707787,29.553898,2021,,HUMAN_OBSERVATION,KW,3647877907,4fa7b334-ce0d-4e88-aaae-2e0c138d049e
47.520844,29.35102,2021,,HUMAN_OBSERVATION,KW,3659775530,4fa7b334-ce0d-4e88-aaae-2e0c138d049e
47.707787,29.553898,2021,,HUMAN_OBSERVATION,KW,3660195067,4fa7b334-ce0d-4e88-aaae-2e0c138d049e
47.75559,29.26832,2021,,HUMAN_OBSERVATION,KW,3661625338,4fa7b334-ce0d-4e88-aaae-2e0c138d049e
47.995087,29.39,2021,,HUMAN_OBSERVATION,KW,3664011413,4fa7b334-ce0d-4e88-aaae-2e0c138d049e
47.88523,31.26294,2021,,HUMAN_OBSERVATION,IR,3665991127,4fa7b334-ce0d-4e88-aaae-2e0c138d049e
47.520844,29.35102,2021,,HUMAN_OBSERVATION,KW,3665998050,4fa7b334-ce0d-4e88-aaae-2e0c138d049e
47.707787,29.553898,2021,,HUMAN_OBSERVATION,KW,3667251807,4fa7b334-ce0d-4e88-aaae-2e0c138d049e
48.1554,28.88062,2021,,HUMAN_OBSERVATION,KW,3671657013,4fa7b334-ce0d-4e88-aaae-2e0c138d049e
47.520844,29.35102,2021,,HUMAN_OBSERVATION,KW,3676315153,4fa7b334-ce0d-4e88-aaae-2e0c138d049e
48.004253,29.38977,2021,,HUMAN_OBSERVATION,KW,3676482652,4fa7b334-ce0d-4e88-aaae-2e0c138d049e
47.707787,29.553898,2021,,HUMAN_OBSERVATION,KW,3677681179,4fa7b334-ce0d-4e88-aaae-2e0c138d049e
47.707787,29.553898,2021,,HUMAN_OBSERVATION,KW,3678766173,4fa7b334-ce0d-4e88-aaae-2e0c138d049e
48.66297,31.3028,2021,,HUMAN_OBSERVATION,IR,3685461292,4fa7b334-ce0d-4e88-aaae-2e0c138d049e
47.90282,29.334694,2021,,HUMAN_OBSERVATION,KW,3534389899,4fa7b334-ce0d-4e88-aaae-2e0c138d049e
48.527096,31.178297,2021,,HUMAN_OBSERVATION,IR,3535667069,4fa7b334-ce0d-4e88-aaae-2e0c138d049e
47.995087,29.39,2021,,HUMAN_OBSERVATION,KW,3536233253,4fa7b334-ce0d-4e88-aaae-2e0c138d049e
48.143425,29.08011,2021,,HUMAN_OBSERVATION,KW,3538077650,4fa7b334-ce0d-4e88-aaae-2e0c138d049e
47.88523,31.26294,2021,,HUMAN_OBSERVATION,IR,3538582738,4fa7b334-ce0d-4e88-aaae-2e0c138d049e
47.86107,29.319452,2021,,HUMAN_OBSERVATION,KW,3540779758,4fa7b334-ce0d-4e88-aaae-2e0c138d049e
47.870865,29.322924,2021,,HUMAN_OBSERVATION,KW,3542308625,4fa7b334-ce0d-4e88-aaae-2e0c138d049e
48.694016,31.34431,2021,,HUMAN_OBSERVATION,IR,3543820368,4fa7b334-ce0d-4e88-aaae-2e0c138d049e
47.674255,29.351254,2021,,HUMAN_OBSERVATION,KW,3543945158,4fa7b334-ce0d-4e88-aaae-2e0c138d049e
47.777065,31.382706,2021,,HUMAN_OBSERVATION,IR,3544013793,4fa7b334-ce0d-4e88-aaae-2e0c138d049e
47.707787,29.553898,2021,,HUMAN_OBSERVATION,KW,3544517483,4fa7b334-ce0d-4e88-aaae-2e0c138d049e
47.674255,29.351254,2021,,HUMAN_OBSERVATION,KW,3544723287,4fa7b334-ce0d-4e88-aaae-2e0c138d049e
47.85022,30.509493,2021,,HUMAN_OBSERVATION,IQ,3545097007,4fa7b334-ce0d-4e88-aaae-2e0c138d049e
47.86107,29.319452,2021,,HUMAN_OBSERVATION,KW,3545163133,4fa7b334-ce0d-4e88-aaae-2e0c138d049e
47.730595,29.357735,2021,,HUMAN_OBSERVATION,KW,3546717121,4fa7b334-ce0d-4e88-aaae-2e0c138d049e
47.870865,29.322924,2021,,HUMAN_OBSERVATION,KW,3546776570,4fa7b334-ce0d-4e88-aaae-2e0c138d049e
48.66297,31.3028,2021,,HUMAN_OBSERVATION,IR,3546779337,4fa7b334-ce0d-4e88-aaae-2e0c138d049e
47.880135,29.323654,2021,,HUMAN_OBSERVATION,KW,3548414877,4fa7b334-ce0d-4e88-aaae-2e0c138d049e
48.66297,31.3028,2021,,HUMAN_OBSERVATION,IR,3549558999,4fa7b334-ce0d-4e88-aaae-2e0c138d049e
48.67682,31.328426,2021,,HUMAN_OBSERVATION,IR,3551502991,4fa7b334-ce0d-4e88-aaae-2e0c138d049e
47.995087,29.39,2021,,HUMAN_OBSERVATION,KW,3553362452,4fa7b334-ce0d-4e88-aaae-2e0c138d049e
47.995087,29.39,2021,,HUMAN_OBSERVATION,KW,3554525626,4fa7b334-ce0d-4e88-aaae-2e0c138d049e
47.777065,31.382706,2021,,HUMAN_OBSERVATION,IR,3554673227,4fa7b334-ce0d-4e88-aaae-2e0c138d049e
49.15746,30.71808,2021,,HUMAN_OBSERVATION,IR,3562401383,4fa7b334-ce0d-4e88-aaae-2e0c138d049e
48.658436,31.30255,2021,,HUMAN_OBSERVATION,IR,3570693681,4fa7b334-ce0d-4e88-aaae-2e0c138d049e
47.730595,29.357735,2021,,HUMAN_OBSERVATION,KW,3571913615,4fa7b334-ce0d-4e88-aaae-2e0c138d049e
48.9026,32.00535,2021,,HUMAN_OBSERVATION,IR,3571949522,4fa7b334-ce0d-4e88-aaae-2e0c138d049e
47.614403,29.590475,2021,,HUMAN_OBSERVATION,KW,3572325996,4fa7b334-ce0d-4e88-aaae-2e0c138d049e
47.870865,29.322924,2021,,HUMAN_OBSERVATION,KW,3572389768,4fa7b334-ce0d-4e88-aaae-2e0c138d049e
40.15773,30.068405,2021,,HUMAN_OBSERVATION,SA,3573688574,4fa7b334-ce0d-4e88-aaae-2e0c138d049e
47.995087,29.39,2021,,HUMAN_OBSERVATION,KW,3573787274,4fa7b334-ce0d-4e88-aaae-2e0c138d049e
47.707787,29.553898,2021,,HUMAN_OBSERVATION,KW,3575064237,4fa7b334-ce0d-4e88-aaae-2e0c138d049e
40.558624,35.050095,2021,,HUMAN_OBSERVATION,SY,3577504665,4fa7b334-ce0d-4e88-aaae-2e0c138d049e
47.707787,29.553898,2021,,HUMAN_OBSERVATION,KW,3578256193,4fa7b334-ce0d-4e88-aaae-2e0c138d049e
47.707787,29.553898,2021,,HUMAN_OBSERVATION,KW,3578416923,4fa7b334-ce0d-4e88-aaae-2e0c138d049e
48.66297,31.3028,2021,,HUMAN_OBSERVATION,IR,3579195279,4fa7b334-ce0d-4e88-aaae-2e0c138d049e
42.941135,36.880764,2021,,HUMAN_OBSERVATION,IQ,3579404877,4fa7b334-ce0d-4e88-aaae-2e0c138d049e
47.880135,29.323654,2021,,HUMAN_OBSERVATION,KW,3579526136,4fa7b334-ce0d-4e88-aaae-2e0c138d049e
46.9602,29.366991,2021,,HUMAN_OBSERVATION,KW,3580071640,4fa7b334-ce0d-4e88-aaae-2e0c138d049e
48.60814,31.753603,2021,,HUMAN_OBSERVATION,IR,3580188625,4fa7b334-ce0d-4e88-aaae-2e0c138d049e
48.074726,29.332048,2021,,HUMAN_OBSERVATION,KW,3580527242,4fa7b334-ce0d-4e88-aaae-2e0c138d049e
47.75559,29.26832,2021,,HUMAN_OBSERVATION,KW,3580844226,4fa7b334-ce0d-4e88-aaae-2e0c138d049e
47.78334,29.585512,2021,,HUMAN_OBSERVATION,KW,3581141032,4fa7b334-ce0d-4e88-aaae-2e0c138d049e
47.995087,29.39,2021,,HUMAN_OBSERVATION,KW,3581571882,4fa7b334-ce0d-4e88-aaae-2e0c138d049e
48.119457,29.133131,2021,,HUMAN_OBSERVATION,KW,3581727142,4fa7b334-ce0d-4e88-aaae-2e0c138d049e
47.90282,29.334694,2021,,HUMAN_OBSERVATION,KW,3582101161,4fa7b334-ce0d-4e88-aaae-2e0c138d049e
48.231174,32.069447,2021,,HUMAN_OBSERVATION,IR,3583890699,4fa7b334-ce0d-4e88-aaae-2e0c138d049e
47.995087,29.39,2021,,HUMAN_OBSERVATION,KW,3584533132,4fa7b334-ce0d-4e88-aaae-2e0c138d049e
47.674255,29.351254,2021,,HUMAN_OBSERVATION,KW,3584599818,4fa7b334-ce0d-4e88-aaae-2e0c138d049e
48.66297,31.3028,2021,,HUMAN_OBSERVATION,IR,3585829066,4fa7b334-ce0d-4e88-aaae-2e0c138d049e
48.1554,28.88062,2021,,HUMAN_OBSERVATION,KW,3606228679,4fa7b334-ce0d-4e88-aaae-2e0c138d049e
47.707787,29.553898,2021,,HUMAN_OBSERVATION,KW,3612579765,4fa7b334-ce0d-4e88-aaae-2e0c138d049e
47.995087,29.39,2021,,HUMAN_OBSERVATION,KW,3613576179,4fa7b334-ce0d-4e88-aaae-2e0c138d049e
47.858547,31.478123,2021,,HUMAN_OBSERVATION,IR,3615623627,4fa7b334-ce0d-4e88-aaae-2e0c138d049e
48.66297,31.3028,2021,,HUMAN_OBSERVATION,IR,3619046649,4fa7b334-ce0d-4e88-aaae-2e0c138d049e
48.119457,29.133131,2021,,HUMAN_OBSERVATION,KW,3623881009,4fa7b334-ce0d-4e88-aaae-2e0c138d049e
48.658436,31.30255,2021,,HUMAN_OBSERVATION,IR,3625301333,4fa7b334-ce0d-4e88-aaae-2e0c138d049e
47.707787,29.553898,2021,,HUMAN_OBSERVATION,KW,3626115243,4fa7b334-ce0d-4e88-aaae-2e0c138d049e
47.75465,29.257349,2021,,HUMAN_OBSERVATION,KW,3632491518,4fa7b334-ce0d-4e88-aaae-2e0c138d049e
48.66297,31.3028,2021,,HUMAN_OBSERVATION,IR,3634840077,4fa7b334-ce0d-4e88-aaae-2e0c138d049e
40.15773,30.068405,2021,,HUMAN_OBSERVATION,SA,3634958774,4fa7b334-ce0d-4e88-aaae-2e0c138d049e
46.9602,29.366991,2021,,HUMAN_OBSERVATION,KW,3635141363,4fa7b334-ce0d-4e88-aaae-2e0c138d049e
42.202724,37.328022,2021,,HUMAN_OBSERVATION,TR,3637724169,4fa7b334-ce0d-4e88-aaae-2e0c138d049e
47.995087,29.39,2021,,HUMAN_OBSERVATION,KW,3639875887,4fa7b334-ce0d-4e88-aaae-2e0c138d049e
47.90282,29.334694,2021,,HUMAN_OBSERVATION,KW,3640252657,4fa7b334-ce0d-4e88-aaae-2e0c138d049e
47.707787,29.553898,2021,,HUMAN_OBSERVATION,KW,3644956907,4fa7b334-ce0d-4e88-aaae-2e0c138d049e
47.707787,29.553898,2021,,HUMAN_OBSERVATION,KW,3645513873,4fa7b334-ce0d-4e88-aaae-2e0c138d049e
48.088547,29.301008,2021,,HUMAN_OBSERVATION,KW,3646056274,4fa7b334-ce0d-4e88-aaae-2e0c138d049e
48.60681,31.121664,2021,,HUMAN_OBSERVATION,IR,3646833439,4fa7b334-ce0d-4e88-aaae-2e0c138d049e
47.995087,29.39,2021,,HUMAN_OBSERVATION,KW,3647354971,4fa7b334-ce0d-4e88-aaae-2e0c138d049e
47.90282,29.334694,2021,,HUMAN_OBSERVATION,KW,3649960809,4fa7b334-ce0d-4e88-aaae-2e0c138d049e
48.46416,31.506187,2021,,HUMAN_OBSERVATION,IR,3651041532,4fa7b334-ce0d-4e88-aaae-2e0c138d049e
47.522312,29.353706,2021,,HUMAN_OBSERVATION,KW,3651736030,4fa7b334-ce0d-4e88-aaae-2e0c138d049e
47.870865,29.322924,2021,,HUMAN_OBSERVATION,KW,3653545661,4fa7b334-ce0d-4e88-aaae-2e0c138d049e
48.657413,31.666481,2021,,HUMAN_OBSERVATION,IR,3653774821,4fa7b334-ce0d-4e88-aaae-2e0c138d049e
47.520844,29.35102,2021,,HUMAN_OBSERVATION,KW,3656884576,4fa7b334-ce0d-4e88-aaae-2e0c138d049e
47.880135,29.323654,2021,,HUMAN_OBSERVATION,KW,3658103279,4fa7b334-ce0d-4e88-aaae-2e0c138d049e
48.527096,31.178297,2021,,HUMAN_OBSERVATION,IR,3659519455,4fa7b334-ce0d-4e88-aaae-2e0c138d049e
48.546425,37.63779,2021,,HUMAN_OBSERVATION,IR,3659660740,4fa7b334-ce0d-4e88-aaae-2e0c138d049e
40.219658,29.812944,2021,,HUMAN_OBSERVATION,SA,3660676132,4fa7b334-ce0d-4e88-aaae-2e0c138d049e
48.743034,32.096928,2021,,HUMAN_OBSERVATION,IR,3664223126,4fa7b334-ce0d-4e88-aaae-2e0c138d049e
48.15541,29.037506,2021,,HUMAN_OBSERVATION,KW,3664899228,4fa7b334-ce0d-4e88-aaae-2e0c138d049e
47.75465,29.257349,2021,,HUMAN_OBSERVATION,KW,3677390139,4fa7b334-ce0d-4e88-aaae-2e0c138d049e
47.674255,29.351254,2021,,HUMAN_OBSERVATION,KW,3677645443,4fa7b334-ce0d-4e88-aaae-2e0c138d049e
48.67366,31.317661,2021,,HUMAN_OBSERVATION,IR,3685332582,4fa7b334-ce0d-4e88-aaae-2e0c138d049e
47.90282,29.334694,2021,,HUMAN_OBSERVATION,KW,3686503784,4fa7b334-ce0d-4e88-aaae-2e0c138d049e
47.870865,29.322924,2021,,HUMAN_OBSERVATION,KW,3686562373,4fa7b334-ce0d-4e88-aaae-2e0c138d049e
47.707787,29.553898,2021,,HUMAN_OBSERVATION,KW,3689762740,4fa7b334-ce0d-4e88-aaae-2e0c138d049e
47.707787,29.553898,2021,,HUMAN_OBSERVATION,KW,3692733016,4fa7b334-ce0d-4e88-aaae-2e0c138d049e
47.730595,29.357735,2021,,HUMAN_OBSERVATION,KW,3693287884,4fa7b334-ce0d-4e88-aaae-2e0c138d049e
47.995087,29.39,2021,,HUMAN_OBSERVATION,KW,3694385050,4fa7b334-ce0d-4e88-aaae-2e0c138d049e
47.5256,29.34854,2021,,HUMAN_OBSERVATION,KW,4228925130,4fa7b334-ce0d-4e88-aaae-2e0c138d049e
47.614403,29.590475,2021,,HUMAN_OBSERVATION,KW,4329972818,4fa7b334-ce0d-4e88-aaae-2e0c138d049e
47.540813,29.352512,2021,,HUMAN_OBSERVATION,KW,4332117765,4fa7b334-ce0d-4e88-aaae-2e0c138d049e
47.880135,29.323654,2021,,HUMAN_OBSERVATION,KW,4390260715,4fa7b334-ce0d-4e88-aaae-2e0c138d049e
47.870865,29.322924,2021,,HUMAN_OBSERVATION,KW,4397051973,4fa7b334-ce0d-4e88-aaae-2e0c138d049e
47.870865,29.322924,2021,,HUMAN_OBSERVATION,KW,3536631921,4fa7b334-ce0d-4e88-aaae-2e0c138d049e
47.21663,29.125298,2021,,HUMAN_OBSERVATION,KW,3542283172,4fa7b334-ce0d-4e88-aaae-2e0c138d049e
47.995277,29.36991,2021,,HUMAN_OBSERVATION,KW,3545189364,4fa7b334-ce0d-4e88-aaae-2e0c138d049e
47.674255,29.351254,2021,,HUMAN_OBSERVATION,KW,3547826025,4fa7b334-ce0d-4e88-aaae-2e0c138d049e
40.15773,30.068405,2021,,HUMAN_OBSERVATION,SA,3550150098,4fa7b334-ce0d-4e88-aaae-2e0c138d049e
48.119457,29.133131,2021,,HUMAN_OBSERVATION,KW,3550283564,4fa7b334-ce0d-4e88-aaae-2e0c138d049e
40.558624,35.050095,2021,,HUMAN_OBSERVATION,SY,3550424612,4fa7b334-ce0d-4e88-aaae-2e0c138d049e
48.119457,29.133131,2021,,HUMAN_OBSERVATION,KW,3552090931,4fa7b334-ce0d-4e88-aaae-2e0c138d049e
47.995087,29.39,2021,,HUMAN_OBSERVATION,KW,3552186465,4fa7b334-ce0d-4e88-aaae-2e0c138d049e
47.995087,29.39,2021,,HUMAN_OBSERVATION,KW,3554615725,4fa7b334-ce0d-4e88-aaae-2e0c138d049e
39.907654,29.80956,2021,,HUMAN_OBSERVATION,SA,3555061201,4fa7b334-ce0d-4e88-aaae-2e0c138d049e
46.9602,29.366991,2021,,HUMAN_OBSERVATION,KW,3556264813,4fa7b334-ce0d-4e88-aaae-2e0c138d049e
46.9602,29.366991,2021,,HUMAN_OBSERVATION,KW,3560637660,4fa7b334-ce0d-4e88-aaae-2e0c138d049e
48.127712,29.111746,2021,,HUMAN_OBSERVATION,KW,3560809107,4fa7b334-ce0d-4e88-aaae-2e0c138d049e
47.674255,29.351254,2021,,HUMAN_OBSERVATION,KW,3562398030,4fa7b334-ce0d-4e88-aaae-2e0c138d049e
46.9602,29.366991,2021,,HUMAN_OBSERVATION,KW,3565563370,4fa7b334-ce0d-4e88-aaae-2e0c138d049e
47.996937,29.389477,2021,,HUMAN_OBSERVATION,KW,3569482849,4fa7b334-ce0d-4e88-aaae-2e0c138d049e
40.275505,29.882643,2021,,HUMAN_OBSERVATION,SA,3569611466,4fa7b334-ce0d-4e88-aaae-2e0c138d049e
40.55906,35.0501,2021,,HUMAN_OBSERVATION,SY,3571814855,4fa7b334-ce0d-4e88-aaae-2e0c138d049e
46.9602,29.366991,2021,,HUMAN_OBSERVATION,KW,3572366950,4fa7b334-ce0d-4e88-aaae-2e0c138d049e
47.995087,29.39,2021,,HUMAN_OBSERVATION,KW,3576861215,4fa7b334-ce0d-4e88-aaae-2e0c138d049e
47.995087,29.39,2021,,HUMAN_OBSERVATION,KW,3579473304,4fa7b334-ce0d-4e88-aaae-2e0c138d049e
47.88523,31.26294,2021,,HUMAN_OBSERVATION,IR,3580179746,4fa7b334-ce0d-4e88-aaae-2e0c138d049e
48.100964,29.135288,2021,,HUMAN_OBSERVATION,KW,3580997158,4fa7b334-ce0d-4e88-aaae-2e0c138d049e
48.074726,29.332048,2021,,HUMAN_OBSERVATION,KW,3581658982,4fa7b334-ce0d-4e88-aaae-2e0c138d049e
47.674255,29.351254,2021,,HUMAN_OBSERVATION,KW,3581754774,4fa7b334-ce0d-4e88-aaae-2e0c138d049e
39.87958,29.81082,2021,,HUMAN_OBSERVATION,SA,3582039132,4fa7b334-ce0d-4e88-aaae-2e0c138d049e
44.23275,33.2647,2021,,HUMAN_OBSERVATION,IQ,3582902865,4fa7b334-ce0d-4e88-aaae-2e0c138d049e
47.520844,29.35102,2021,,HUMAN_OBSERVATION,KW,3584346988,4fa7b334-ce0d-4e88-aaae-2e0c138d049e
39.907654,29.80956,2021,,HUMAN_OBSERVATION,SA,3625949269,4fa7b334-ce0d-4e88-aaae-2e0c138d049e
40.275505,29.882643,2021,,HUMAN_OBSERVATION,SA,3628716651,4fa7b334-ce0d-4e88-aaae-2e0c138d049e
47.674255,29.351254,2021,,HUMAN_OBSERVATION,KW,3632068457,4fa7b334-ce0d-4e88-aaae-2e0c138d049e
40.20166,29.993362,2021,,HUMAN_OBSERVATION,SA,3635848519,4fa7b334-ce0d-4e88-aaae-2e0c138d049e
47.674255,29.351254,2021,,HUMAN_OBSERVATION,KW,3638188373,4fa7b334-ce0d-4e88-aaae-2e0c138d049e
46.9602,29.366991,2021,,HUMAN_OBSERVATION,KW,3641805016,4fa7b334-ce0d-4e88-aaae-2e0c138d049e
40.20166,29.993362,2021,,HUMAN_OBSERVATION,SA,3642572717,4fa7b334-ce0d-4e88-aaae-2e0c138d049e
47.976803,29.386856,2021,,HUMAN_OBSERVATION,KW,3644416687,4fa7b334-ce0d-4e88-aaae-2e0c138d049e
40.558624,35.050095,2021,,HUMAN_OBSERVATION,SY,3645179723,4fa7b334-ce0d-4e88-aaae-2e0c138d049e
39.87958,29.81082,2021,,HUMAN_OBSERVATION,SA,3646520211,4fa7b334-ce0d-4e88-aaae-2e0c138d049e
49.306416,30.485115,2021,,HUMAN_OBSERVATION,IR,3648114192,4fa7b334-ce0d-4e88-aaae-2e0c138d049e
47.995087,29.39,2021,,HUMAN_OBSERVATION,KW,3651183191,4fa7b334-ce0d-4e88-aaae-2e0c138d049e
47.674255,29.351254,2021,,HUMAN_OBSERVATION,KW,3651191557,4fa7b334-ce0d-4e88-aaae-2e0c138d049e
47.674255,29.351254,2021,,HUMAN_OBSERVATION,KW,3651634282,4fa7b334-ce0d-4e88-aaae-2e0c138d049e
40.118145,35.358025,2021,,HUMAN_OBSERVATION,SY,3652560874,4fa7b334-ce0d-4e88-aaae-2e0c138d049e
40.558624,35.050095,2021,,HUMAN_OBSERVATION,SY,3653491326,4fa7b334-ce0d-4e88-aaae-2e0c138d049e
47.90506,29.333382,2021,,HUMAN_OBSERVATION,KW,3653970825,4fa7b334-ce0d-4e88-aaae-2e0c138d049e
47.674255,29.351254,2021,,HUMAN_OBSERVATION,KW,3654126499,4fa7b334-ce0d-4e88-aaae-2e0c138d049e
46.9602,29.366991,2021,,HUMAN_OBSERVATION,KW,3655309962,4fa7b334-ce0d-4e88-aaae-2e0c138d049e
46.9602,29.366991,2021,,HUMAN_OBSERVATION,KW,3655886358,4fa7b334-ce0d-4e88-aaae-2e0c138d049e
48.743034,32.096928,2021,,HUMAN_OBSERVATION,IR,3659911272,4fa7b334-ce0d-4e88-aaae-2e0c138d049e
46.9602,29.366991,2021,,HUMAN_OBSERVATION,KW,3660705302,4fa7b334-ce0d-4e88-aaae-2e0c138d049e
40.094387,30.067635,2021,,HUMAN_OBSERVATION,SA,3662112918,4fa7b334-ce0d-4e88-aaae-2e0c138d049e
46.9602,29.366991,2021,,HUMAN_OBSERVATION,KW,3663126018,4fa7b334-ce0d-4e88-aaae-2e0c138d049e
46.9602,29.366991,2021,,HUMAN_OBSERVATION,KW,3664954871,4fa7b334-ce0d-4e88-aaae-2e0c138d049e
49.331863,31.884361,2021,,HUMAN_OBSERVATION,IR,3665215006,4fa7b334-ce0d-4e88-aaae-2e0c138d049e
47.674255,29.351254,2021,,HUMAN_OBSERVATION,KW,3666253480,4fa7b334-ce0d-4e88-aaae-2e0c138d049e
42.966137,33.426777,2021,,HUMAN_OBSERVATION,IQ,3666791629,4fa7b334-ce0d-4e88-aaae-2e0c138d049e
49.169342,31.840485,2021,,HUMAN_OBSERVATION,IR,3668384023,4fa7b334-ce0d-4e88-aaae-2e0c138d049e
47.75465,29.257349,2021,,HUMAN_OBSERVATION,KW,3685009945,4fa7b334-ce0d-4e88-aaae-2e0c138d049e
47.995087,29.39,2021,,HUMAN_OBSERVATION,KW,3688127430,4fa7b334-ce0d-4e88-aaae-2e0c138d049e
47.520844,29.35102,2021,,HUMAN_OBSERVATION,KW,3688144357,4fa7b334-ce0d-4e88-aaae-2e0c138d049e
49.165863,31.894964,2021,,HUMAN_OBSERVATION,IR,3690138470,4fa7b334-ce0d-4e88-aaae-2e0c138d049e
47.520844,29.35102,2021,,HUMAN_OBSERVATION,KW,3690853297,4fa7b334-ce0d-4e88-aaae-2e0c138d049e
46.9602,29.366991,2021,,HUMAN_OBSERVATION,KW,3691021291,4fa7b334-ce0d-4e88-aaae-2e0c138d049e
48.66297,31.3028,2021,,HUMAN_OBSERVATION,IR,3694612786,4fa7b334-ce0d-4e88-aaae-2e0c138d049e
47.90282,29.334694,2021,,HUMAN_OBSERVATION,KW,4260801475,4fa7b334-ce0d-4e88-aaae-2e0c138d049e
46.9602,29.366991,2021,,HUMAN_OBSERVATION,KW,4285582724,4fa7b334-ce0d-4e88-aaae-2e0c138d049e
46.9602,29.366991,2021,,HUMAN_OBSERVATION,KW,4295686310,4fa7b334-ce0d-4e88-aaae-2e0c138d049e
47.674255,29.351254,2021,,HUMAN_OBSERVATION,KW,4387729700,4fa7b334-ce0d-4e88-aaae-2e0c138d049e
47.880135,29.323654,2021,,HUMAN_OBSERVATION,KW,3541438104,4fa7b334-ce0d-4e88-aaae-2e0c138d049e
47.674255,29.351254,2021,,HUMAN_OBSERVATION,KW,3552061125,4fa7b334-ce0d-4e88-aaae-2e0c138d049e
48.79182,32.015064,2021,,HUMAN_OBSERVATION,IR,3552696824,4fa7b334-ce0d-4e88-aaae-2e0c138d049e
48.656525,31.288193,2021,,HUMAN_OBSERVATION,IR,3556150610,4fa7b334-ce0d-4e88-aaae-2e0c138d049e
48.656525,31.288193,2021,,HUMAN_OBSERVATION,IR,3557549985,4fa7b334-ce0d-4e88-aaae-2e0c138d049e
48.246166,32.076363,2021,,HUMAN_OBSERVATION,IR,3562687362,4fa7b334-ce0d-4e88-aaae-2e0c138d049e
47.674255,29.351254,2021,,HUMAN_OBSERVATION,KW,3568257698,4fa7b334-ce0d-4e88-aaae-2e0c138d049e
49.160965,30.711905,2021,,HUMAN_OBSERVATION,IR,3569753532,4fa7b334-ce0d-4e88-aaae-2e0c138d049e
48.485027,32.62655,2021,,HUMAN_OBSERVATION,IR,3573774063,4fa7b334-ce0d-4e88-aaae-2e0c138d049e
48.100964,29.135288,2021,,HUMAN_OBSERVATION,KW,3574418212,4fa7b334-ce0d-4e88-aaae-2e0c138d049e
48.84104,32.032093,2021,,HUMAN_OBSERVATION,IR,3576947993,4fa7b334-ce0d-4e88-aaae-2e0c138d049e
48.65547,31.296482,2021,,HUMAN_OBSERVATION,IR,3577431438,4fa7b334-ce0d-4e88-aaae-2e0c138d049e
48.84104,32.032093,2021,,HUMAN_OBSERVATION,IR,3582042561,4fa7b334-ce0d-4e88-aaae-2e0c138d049e
48.120407,29.18252,2021,,HUMAN_OBSERVATION,KW,3583494739,4fa7b334-ce0d-4e88-aaae-2e0c138d049e
48.41025,28.557913,2021,,HUMAN_OBSERVATION,KW,3584245061,4fa7b334-ce0d-4e88-aaae-2e0c138d049e
47.707787,29.553898,2021,,HUMAN_OBSERVATION,KW,3584261385,4fa7b334-ce0d-4e88-aaae-2e0c138d049e
48.100964,29.135288,2021,,HUMAN_OBSERVATION,KW,3585747155,4fa7b334-ce0d-4e88-aaae-2e0c138d049e
48.119457,29.133131,2021,,HUMAN_OBSERVATION,KW,3586190497,4fa7b334-ce0d-4e88-aaae-2e0c138d049e
47.707787,29.553898,2021,,HUMAN_OBSERVATION,KW,3586648997,4fa7b334-ce0d-4e88-aaae-2e0c138d049e
47.707787,29.553898,2021,,HUMAN_OBSERVATION,KW,3586840535,4fa7b334-ce0d-4e88-aaae-2e0c138d049e
48.246166,32.076363,2021,,HUMAN_OBSERVATION,IR,3610644737,4fa7b334-ce0d-4e88-aaae-2e0c138d049e
48.246166,32.076363,2021,,HUMAN_OBSERVATION,IR,3624353892,4fa7b334-ce0d-4e88-aaae-2e0c138d049e
48.908474,31.749424,2021,,HUMAN_OBSERVATION,IR,3625824478,4fa7b334-ce0d-4e88-aaae-2e0c138d049e
48.122173,29.165966,2021,,HUMAN_OBSERVATION,KW,3628523402,4fa7b334-ce0d-4e88-aaae-2e0c138d049e
47.90506,29.333382,2021,,HUMAN_OBSERVATION,KW,3634868056,4fa7b334-ce0d-4e88-aaae-2e0c138d049e
47.885506,31.785076,2021,,HUMAN_OBSERVATION,IR,3638151025,4fa7b334-ce0d-4e88-aaae-2e0c138d049e
48.74203,32.097214,2021,,HUMAN_OBSERVATION,IR,3647189781,4fa7b334-ce0d-4e88-aaae-2e0c138d049e
47.885506,31.785076,2021,,HUMAN_OBSERVATION,IR,3647312772,4fa7b334-ce0d-4e88-aaae-2e0c138d049e
48.84104,32.032093,2021,,HUMAN_OBSERVATION,IR,3649209482,4fa7b334-ce0d-4e88-aaae-2e0c138d049e
47.885506,31.785076,2021,,HUMAN_OBSERVATION,IR,3649593377,4fa7b334-ce0d-4e88-aaae-2e0c138d049e
48.66344,31.302982,2021,,HUMAN_OBSERVATION,IR,3651075264,4fa7b334-ce0d-4e88-aaae-2e0c138d049e
47.810547,29.96825,2021,,HUMAN_OBSERVATION,KW,3651178100,4fa7b334-ce0d-4e88-aaae-2e0c138d049e
48.65547,31.296482,2021,,HUMAN_OBSERVATION,IR,3654297727,4fa7b334-ce0d-4e88-aaae-2e0c138d049e
47.707787,29.553898,2021,,HUMAN_OBSERVATION,KW,3655211395,4fa7b334-ce0d-4e88-aaae-2e0c138d049e
48.129047,29.129276,2021,,HUMAN_OBSERVATION,KW,3657610737,4fa7b334-ce0d-4e88-aaae-2e0c138d049e
48.908474,31.749424,2021,,HUMAN_OBSERVATION,IR,3657867264,4fa7b334-ce0d-4e88-aaae-2e0c138d049e
47.707787,29.553898,2021,,HUMAN_OBSERVATION,KW,3657869206,4fa7b334-ce0d-4e88-aaae-2e0c138d049e
48.79182,32.015064,2021,,HUMAN_OBSERVATION,IR,3663919330,4fa7b334-ce0d-4e88-aaae-2e0c138d049e
48.037445,29.331434,2021,,HUMAN_OBSERVATION,KW,3664975468,4fa7b334-ce0d-4e88-aaae-2e0c138d049e
48.485027,32.62655,2021,,HUMAN_OBSERVATION,IR,3667361028,4fa7b334-ce0d-4e88-aaae-2e0c138d049e
48.74203,32.097214,2021,,HUMAN_OBSERVATION,IR,3667853946,4fa7b334-ce0d-4e88-aaae-2e0c138d049e
48.66344,31.302982,2021,,HUMAN_OBSERVATION,IR,3670582919,4fa7b334-ce0d-4e88-aaae-2e0c138d049e
48.74203,32.097214,2021,,HUMAN_OBSERVATION,IR,3678875801,4fa7b334-ce0d-4e88-aaae-2e0c138d049e
48.79182,32.015064,2021,,HUMAN_OBSERVATION,IR,3680639223,4fa7b334-ce0d-4e88-aaae-2e0c138d049e
47.674255,29.351254,2021,,HUMAN_OBSERVATION,KW,3688031158,4fa7b334-ce0d-4e88-aaae-2e0c138d049e
47.75465,29.257349,2021,,HUMAN_OBSERVATION,KW,3690829028,4fa7b334-ce0d-4e88-aaae-2e0c138d049e
48.66344,31.302982,2021,,HUMAN_OBSERVATION,IR,3691375400,4fa7b334-ce0d-4e88-aaae-2e0c138d049e
48.65547,31.296482,2021,,HUMAN_OBSERVATION,IR,3691423170,4fa7b334-ce0d-4e88-aaae-2e0c138d049e
48.119457,29.133131,2021,,HUMAN_OBSERVATION,KW,3694253610,4fa7b334-ce0d-4e88-aaae-2e0c138d049e
47.674255,29.351254,2021,,HUMAN_OBSERVATION,KW,3694937219,4fa7b334-ce0d-4e88-aaae-2e0c138d049e
44.416966,33.284944,2021,906.0,HUMAN_OBSERVATION,IQ,3712488232,50c9509d-22c7-4a22-a47d-8c48425ef4a7
47.707787,29.553898,2021,,HUMAN_OBSERVATION,KW,4302496499,4fa7b334-ce0d-4e88-aaae-2e0c138d049e
47.979532,29.387401,2020,25.0,HUMAN_OBSERVATION,KW,2842955632,8a863029-f435-446a-821e-275f4f641165
47.64712,29.362296,2020,5.0,HUMAN_OBSERVATION,KW,2843608481,8a863029-f435-446a-821e-275f4f641165
47.979532,29.387401,2020,10.0,HUMAN_OBSERVATION,KW,2843798727,8a863029-f435-446a-821e-275f4f641165
47.674255,29.351254,2020,,HUMAN_OBSERVATION,KW,3132136108,4fa7b334-ce0d-4e88-aaae-2e0c138d049e
47.75465,29.257349,2020,,HUMAN_OBSERVATION,KW,3132275609,4fa7b334-ce0d-4e88-aaae-2e0c138d049e
47.75465,29.257349,2020,,HUMAN_OBSERVATION,KW,3132680844,4fa7b334-ce0d-4e88-aaae-2e0c138d049e
47.90282,29.334694,2020,,HUMAN_OBSERVATION,KW,3132703339,4fa7b334-ce0d-4e88-aaae-2e0c138d049e
47.90282,29.334694,2020,,HUMAN_OBSERVATION,KW,3133007985,4fa7b334-ce0d-4e88-aaae-2e0c138d049e
46.9602,29.366991,2020,,HUMAN_OBSERVATION,KW,3133099080,4fa7b334-ce0d-4e88-aaae-2e0c138d049e
47.674255,29.351254,2020,,HUMAN_OBSERVATION,KW,3133149495,4fa7b334-ce0d-4e88-aaae-2e0c138d049e
47.858547,31.478123,2020,,HUMAN_OBSERVATION,IR,3133234777,4fa7b334-ce0d-4e88-aaae-2e0c138d049e
48.119457,29.133131,2020,,HUMAN_OBSERVATION,KW,3133427154,4fa7b334-ce0d-4e88-aaae-2e0c138d049e
48.119457,29.133131,2020,,HUMAN_OBSERVATION,KW,3133644003,4fa7b334-ce0d-4e88-aaae-2e0c138d049e
48.517,32.672,2020,,HUMAN_OBSERVATION,IR,3133880857,4fa7b334-ce0d-4e88-aaae-2e0c138d049e
47.674255,29.351254,2020,,HUMAN_OBSERVATION,KW,3134086015,4fa7b334-ce0d-4e88-aaae-2e0c138d049e
47.90953,29.344698,2020,,HUMAN_OBSERVATION,KW,3134135864,4fa7b334-ce0d-4e88-aaae-2e0c138d049e
47.810547,29.96825,2020,,HUMAN_OBSERVATION,KW,3135018641,4fa7b334-ce0d-4e88-aaae-2e0c138d049e
48.45531,31.831644,2020,,HUMAN_OBSERVATION,IR,3135496756,4fa7b334-ce0d-4e88-aaae-2e0c138d049e
47.674255,29.351254,2020,,HUMAN_OBSERVATION,KW,3135518206,4fa7b334-ce0d-4e88-aaae-2e0c138d049e
47.909,29.572233,2020,,HUMAN_OBSERVATION,KW,3137080381,4fa7b334-ce0d-4e88-aaae-2e0c138d049e
48.119457,29.133131,2020,,HUMAN_OBSERVATION,KW,3137762949,4fa7b334-ce0d-4e88-aaae-2e0c138d049e
48.504997,32.620415,2020,,HUMAN_OBSERVATION,IR,3139043380,4fa7b334-ce0d-4e88-aaae-2e0c138d049e
46.9602,29.366991,2020,,HUMAN_OBSERVATION,KW,3139364254,4fa7b334-ce0d-4e88-aaae-2e0c138d049e
48.504997,32.620415,2020,,HUMAN_OBSERVATION,IR,3139576303,4fa7b334-ce0d-4e88-aaae-2e0c138d049e
46.9602,29.366991,2020,,HUMAN_OBSERVATION,KW,3140195947,4fa7b334-ce0d-4e88-aaae-2e0c138d049e
47.810547,29.96825,2020,,HUMAN_OBSERVATION,KW,3140299144,4fa7b334-ce0d-4e88-aaae-2e0c138d049e
47.75465,29.257349,2020,,HUMAN_OBSERVATION,KW,3140422494,4fa7b334-ce0d-4e88-aaae-2e0c138d049e
47.674255,29.351254,2020,,HUMAN_OBSERVATION,KW,3140576096,4fa7b334-ce0d-4e88-aaae-2e0c138d049e
48.23728,32.070675,2020,,HUMAN_OBSERVATION,IR,3140664216,4fa7b334-ce0d-4e88-aaae-2e0c138d049e
48.104885,29.216227,2020,,HUMAN_OBSERVATION,KW,3141301618,4fa7b334-ce0d-4e88-aaae-2e0c138d049e
48.38793,28.660856,2020,,HUMAN_OBSERVATION,KW,3142025139,4fa7b334-ce0d-4e88-aaae-2e0c138d049e
47.950424,29.35225,2020,,HUMAN_OBSERVATION,KW,3146303623,4fa7b334-ce0d-4e88-aaae-2e0c138d049e
48.66297,31.3028,2020,,HUMAN_OBSERVATION,IR,3146446943,4fa7b334-ce0d-4e88-aaae-2e0c138d049e
48.10497,29.2163,2020,,HUMAN_OBSERVATION,KW,3147593079,4fa7b334-ce0d-4e88-aaae-2e0c138d049e
47.812458,29.339611,2020,,HUMAN_OBSERVATION,KW,3217003456,4fa7b334-ce0d-4e88-aaae-2e0c138d049e
47.99427,29.373367,2020,,HUMAN_OBSERVATION,KW,3217146128,4fa7b334-ce0d-4e88-aaae-2e0c138d049e
47.99427,29.373367,2020,,HUMAN_OBSERVATION,KW,3217482894,4fa7b334-ce0d-4e88-aaae-2e0c138d049e
42.478664,37.25692,2020,,HUMAN_OBSERVATION,TR,3217747774,4fa7b334-ce0d-4e88-aaae-2e0c138d049e
47.810547,29.96825,2020,,HUMAN_OBSERVATION,KW,3217865129,4fa7b334-ce0d-4e88-aaae-2e0c138d049e
48.10482,29.216326,2020,,HUMAN_OBSERVATION,KW,3218191248,4fa7b334-ce0d-4e88-aaae-2e0c138d049e
47.90282,29.334694,2020,,HUMAN_OBSERVATION,KW,3218256685,4fa7b334-ce0d-4e88-aaae-2e0c138d049e
47.707787,29.553898,2020,,HUMAN_OBSERVATION,KW,3218450998,4fa7b334-ce0d-4e88-aaae-2e0c138d049e
47.90953,29.344698,2020,,HUMAN_OBSERVATION,KW,3218476899,4fa7b334-ce0d-4e88-aaae-2e0c138d049e
48.504997,32.620415,2020,,HUMAN_OBSERVATION,IR,3218500635,4fa7b334-ce0d-4e88-aaae-2e0c138d049e
47.674255,29.351254,2020,,HUMAN_OBSERVATION,KW,3218943604,4fa7b334-ce0d-4e88-aaae-2e0c138d049e
48.036327,29.335262,2020,,HUMAN_OBSERVATION,KW,3219533129,4fa7b334-ce0d-4e88-aaae-2e0c138d049e
47.812458,29.339611,2020,,HUMAN_OBSERVATION,KW,3219739726,4fa7b334-ce0d-4e88-aaae-2e0c138d049e
47.75465,29.257349,2020,,HUMAN_OBSERVATION,KW,3220850121,4fa7b334-ce0d-4e88-aaae-2e0c138d049e
46.9602,29.366991,2020,,HUMAN_OBSERVATION,KW,3220929652,4fa7b334-ce0d-4e88-aaae-2e0c138d049e
47.674255,29.351254,2020,,HUMAN_OBSERVATION,KW,3221111684,4fa7b334-ce0d-4e88-aaae-2e0c138d049e
48.26218,32.162186,2020,,HUMAN_OBSERVATION,IR,3221803097,4fa7b334-ce0d-4e88-aaae-2e0c138d049e
48.122173,29.165966,2020,,HUMAN_OBSERVATION,KW,3223472339,4fa7b334-ce0d-4e88-aaae-2e0c138d049e
47.674255,29.351254,2020,,HUMAN_OBSERVATION,KW,3224480078,4fa7b334-ce0d-4e88-aaae-2e0c138d049e
47.707787,29.553898,2020,,HUMAN_OBSERVATION,KW,3226295339,4fa7b334-ce0d-4e88-aaae-2e0c138d049e
47.90282,29.334694,2020,,HUMAN_OBSERVATION,KW,3228048878,4fa7b334-ce0d-4e88-aaae-2e0c138d049e
48.119457,29.133131,2020,,HUMAN_OBSERVATION,KW,3228567499,4fa7b334-ce0d-4e88-aaae-2e0c138d049e
46.9602,29.366991,2020,,HUMAN_OBSERVATION,KW,3230645874,4fa7b334-ce0d-4e88-aaae-2e0c138d049e
46.9602,29.366991,2020,,HUMAN_OBSERVATION,KW,3230882720,4fa7b334-ce0d-4e88-aaae-2e0c138d049e
47.99427,29.373367,2020,,HUMAN_OBSERVATION,KW,3233366043,4fa7b334-ce0d-4e88-aaae-2e0c138d049e
48.45531,31.831644,2020,,HUMAN_OBSERVATION,IR,3234813664,4fa7b334-ce0d-4e88-aaae-2e0c138d049e
47.75559,29.26832,2020,,HUMAN_OBSERVATION,KW,3235768577,4fa7b334-ce0d-4e88-aaae-2e0c138d049e
47.870865,29.322924,2020,,HUMAN_OBSERVATION,KW,3235875516,4fa7b334-ce0d-4e88-aaae-2e0c138d049e
48.23728,32.070675,2020,,HUMAN_OBSERVATION,IR,3236414800,4fa7b334-ce0d-4e88-aaae-2e0c138d049e
42.453056,33.725277,2020,,HUMAN_OBSERVATION,IQ,3237683583,4fa7b334-ce0d-4e88-aaae-2e0c138d049e
46.9602,29.366991,2020,,HUMAN_OBSERVATION,KW,3238073137,4fa7b334-ce0d-4e88-aaae-2e0c138d049e
47.812458,29.339611,2020,,HUMAN_OBSERVATION,KW,3240452094,4fa7b334-ce0d-4e88-aaae-2e0c138d049e
47.674255,29.351254,2020,,HUMAN_OBSERVATION,KW,3242291570,4fa7b334-ce0d-4e88-aaae-2e0c138d049e
47.75465,29.257349,2020,,HUMAN_OBSERVATION,KW,3245040063,4fa7b334-ce0d-4e88-aaae-2e0c138d049e
48.45531,31.831644,2020,,HUMAN_OBSERVATION,IR,3246581396,4fa7b334-ce0d-4e88-aaae-2e0c138d049e
47.674255,29.351254,2020,,HUMAN_OBSERVATION,KW,3255086180,4fa7b334-ce0d-4e88-aaae-2e0c138d049e
47.99427,29.373367,2020,,HUMAN_OBSERVATION,KW,3259649456,4fa7b334-ce0d-4e88-aaae-2e0c138d049e
47.707787,29.553898,2020,,HUMAN_OBSERVATION,KW,3281343455,4fa7b334-ce0d-4e88-aaae-2e0c138d049e
48.105206,29.216434,2020,,HUMAN_OBSERVATION,KW,3681993133,4fa7b334-ce0d-4e88-aaae-2e0c138d049e
47.90282,29.334694,2020,,HUMAN_OBSERVATION,KW,4348141284,4fa7b334-ce0d-4e88-aaae-2e0c138d049e
48.105335,29.21592,2020,,HUMAN_OBSERVATION,KW,4359069353,4fa7b334-ce0d-4e88-aaae-2e0c138d049e
47.674255,29.351254,2020,,HUMAN_OBSERVATION,KW,4386083379,4fa7b334-ce0d-4e88-aaae-2e0c138d049e
47.75559,29.26832,2020,,HUMAN_OBSERVATION,KW,4765398646,4fa7b334-ce0d-4e88-aaae-2e0c138d049e
48.23728,32.070675,2020,,HUMAN_OBSERVATION,IR,5309607741,4fa7b334-ce0d-4e88-aaae-2e0c138d049e
48.105361,29.216309,2020,8.0,HUMAN_OBSERVATION,KW,2837765850,8a863029-f435-446a-821e-275f4f641165
47.90282,29.334694,2020,,HUMAN_OBSERVATION,KW,3134616145,4fa7b334-ce0d-4e88-aaae-2e0c138d049e
48.100964,29.135288,2020,,HUMAN_OBSERVATION,KW,3134678458,4fa7b334-ce0d-4e88-aaae-2e0c138d049e
47.707787,29.553898,2020,,HUMAN_OBSERVATION,KW,3135421631,4fa7b334-ce0d-4e88-aaae-2e0c138d049e
48.100964,29.135288,2020,,HUMAN_OBSERVATION,KW,3135525484,4fa7b334-ce0d-4e88-aaae-2e0c138d049e
48.100964,29.135288,2020,,HUMAN_OBSERVATION,KW,3135831510,4fa7b334-ce0d-4e88-aaae-2e0c138d049e
48.100964,29.135288,2020,,HUMAN_OBSERVATION,KW,3135993381,4fa7b334-ce0d-4e88-aaae-2e0c138d049e
46.9602,29.366991,2020,,HUMAN_OBSERVATION,KW,3136126381,4fa7b334-ce0d-4e88-aaae-2e0c138d049e
42.471077,37.24834,2020,,HUMAN_OBSERVATION,TR,3136137922,4fa7b334-ce0d-4e88-aaae-2e0c138d049e
47.75465,29.257349,2020,,HUMAN_OBSERVATION,KW,3136214010,4fa7b334-ce0d-4e88-aaae-2e0c138d049e
47.75465,29.257349,2020,,HUMAN_OBSERVATION,KW,3136214386,4fa7b334-ce0d-4e88-aaae-2e0c138d049e
47.674255,29.351254,2020,,HUMAN_OBSERVATION,KW,3136219786,4fa7b334-ce0d-4e88-aaae-2e0c138d049e
46.9602,29.366991,2020,,HUMAN_OBSERVATION,KW,3136306596,4fa7b334-ce0d-4e88-aaae-2e0c138d049e
47.707787,29.553898,2020,,HUMAN_OBSERVATION,KW,3136511782,4fa7b334-ce0d-4e88-aaae-2e0c138d049e
47.90282,29.334694,2020,,HUMAN_OBSERVATION,KW,3136620032,4fa7b334-ce0d-4e88-aaae-2e0c138d049e
48.119457,29.133131,2020,,HUMAN_OBSERVATION,KW,3136642484,4fa7b334-ce0d-4e88-aaae-2e0c138d049e
48.122143,29.166296,2020,,HUMAN_OBSERVATION,KW,3136715388,4fa7b334-ce0d-4e88-aaae-2e0c138d049e
47.707787,29.553898,2020,,HUMAN_OBSERVATION,KW,3136917657,4fa7b334-ce0d-4e88-aaae-2e0c138d049e
46.9602,29.366991,2020,,HUMAN_OBSERVATION,KW,3136919494,4fa7b334-ce0d-4e88-aaae-2e0c138d049e
48.120678,29.133404,2020,,HUMAN_OBSERVATION,KW,3137044595,4fa7b334-ce0d-4e88-aaae-2e0c138d049e
46.9602,29.366991,2020,,HUMAN_OBSERVATION,KW,3137112562,4fa7b334-ce0d-4e88-aaae-2e0c138d049e
47.858547,31.478123,2020,,HUMAN_OBSERVATION,IR,3137256990,4fa7b334-ce0d-4e88-aaae-2e0c138d049e
47.707787,29.553898,2020,,HUMAN_OBSERVATION,KW,3137348113,4fa7b334-ce0d-4e88-aaae-2e0c138d049e
47.707787,29.553898,2020,,HUMAN_OBSERVATION,KW,3137588929,4fa7b334-ce0d-4e88-aaae-2e0c138d049e
48.392178,28.591267,2020,,HUMAN_OBSERVATION,KW,3138273853,4fa7b334-ce0d-4e88-aaae-2e0c138d049e
47.674255,29.351254,2020,,HUMAN_OBSERVATION,KW,3138374024,4fa7b334-ce0d-4e88-aaae-2e0c138d049e
47.730534,29.356573,2020,,HUMAN_OBSERVATION,KW,3138658800,4fa7b334-ce0d-4e88-aaae-2e0c138d049e
47.730534,29.356573,2020,,HUMAN_OBSERVATION,KW,3138736088,4fa7b334-ce0d-4e88-aaae-2e0c138d049e
48.13764,29.116022,2020,,HUMAN_OBSERVATION,KW,3139004858,4fa7b334-ce0d-4e88-aaae-2e0c138d049e
47.707787,29.553898,2020,,HUMAN_OBSERVATION,KW,3139201305,4fa7b334-ce0d-4e88-aaae-2e0c138d049e
47.707787,29.553898,2020,,HUMAN_OBSERVATION,KW,3140917371,4fa7b334-ce0d-4e88-aaae-2e0c138d049e
47.674255,29.351254,2020,,HUMAN_OBSERVATION,KW,3141348203,4fa7b334-ce0d-4e88-aaae-2e0c138d049e
47.99427,29.373367,2020,,HUMAN_OBSERVATION,KW,3142288234,4fa7b334-ce0d-4e88-aaae-2e0c138d049e
48.122173,29.165966,2020,,HUMAN_OBSERVATION,KW,3143061163,4fa7b334-ce0d-4e88-aaae-2e0c138d049e
48.100964,29.135288,2020,,HUMAN_OBSERVATION,KW,3143830559,4fa7b334-ce0d-4e88-aaae-2e0c138d049e
48.122005,29.127281,2020,,HUMAN_OBSERVATION,KW,3143920491,4fa7b334-ce0d-4e88-aaae-2e0c138d049e
46.9602,29.366991,2020,,HUMAN_OBSERVATION,KW,3143991302,4fa7b334-ce0d-4e88-aaae-2e0c138d049e
48.122173,29.165966,2020,,HUMAN_OBSERVATION,KW,3144687764,4fa7b334-ce0d-4e88-aaae-2e0c138d049e
47.877384,29.686853,2020,,HUMAN_OBSERVATION,KW,3144972705,4fa7b334-ce0d-4e88-aaae-2e0c138d049e
47.674255,29.351254,2020,,HUMAN_OBSERVATION,KW,3145212681,4fa7b334-ce0d-4e88-aaae-2e0c138d049e
48.122005,29.127281,2020,,HUMAN_OBSERVATION,KW,3145283078,4fa7b334-ce0d-4e88-aaae-2e0c138d049e
48.60609,31.659578,2020,,HUMAN_OBSERVATION,IR,3145888740,4fa7b334-ce0d-4e88-aaae-2e0c138d049e
48.488823,32.625443,2020,,HUMAN_OBSERVATION,IR,3146133587,4fa7b334-ce0d-4e88-aaae-2e0c138d049e
46.9602,29.366991,2020,,HUMAN_OBSERVATION,KW,3146549256,4fa7b334-ce0d-4e88-aaae-2e0c138d049e
47.707787,29.553898,2020,,HUMAN_OBSERVATION,KW,3147835591,4fa7b334-ce0d-4e88-aaae-2e0c138d049e
46.9602,29.366991,2020,,HUMAN_OBSERVATION,KW,3148210062,4fa7b334-ce0d-4e88-aaae-2e0c138d049e
47.707787,29.553898,2020,,HUMAN_OBSERVATION,KW,3149378137,4fa7b334-ce0d-4e88-aaae-2e0c138d049e
48.119457,29.133131,2020,,HUMAN_OBSERVATION,KW,3149443139,4fa7b334-ce0d-4e88-aaae-2e0c138d049e
48.122143,29.166296,2020,,HUMAN_OBSERVATION,KW,3151430989,4fa7b334-ce0d-4e88-aaae-2e0c138d049e
48.119457,29.133131,2020,,HUMAN_OBSERVATION,KW,3153702553,4fa7b334-ce0d-4e88-aaae-2e0c138d049e
47.75465,29.257349,2020,,HUMAN_OBSERVATION,KW,3154626873,4fa7b334-ce0d-4e88-aaae-2e0c138d049e
48.17608,28.874306,2020,,HUMAN_OBSERVATION,KW,3155132965,4fa7b334-ce0d-4e88-aaae-2e0c138d049e
47.78334,29.585512,2020,,HUMAN_OBSERVATION,KW,3217865345,4fa7b334-ce0d-4e88-aaae-2e0c138d049e
47.707787,29.553898,2020,,HUMAN_OBSERVATION,KW,3217882146,4fa7b334-ce0d-4e88-aaae-2e0c138d049e
47.99427,29.373367,2020,,HUMAN_OBSERVATION,KW,3218526227,4fa7b334-ce0d-4e88-aaae-2e0c138d049e
47.707787,29.553898,2020,,HUMAN_OBSERVATION,KW,3218789518,4fa7b334-ce0d-4e88-aaae-2e0c138d049e
47.78334,29.585512,2020,,HUMAN_OBSERVATION,KW,3218873468,4fa7b334-ce0d-4e88-aaae-2e0c138d049e
46.9602,29.366991,2020,,HUMAN_OBSERVATION,KW,3219015977,4fa7b334-ce0d-4e88-aaae-2e0c138d049e
47.707787,29.553898,2020,,HUMAN_OBSERVATION,KW,3219057960,4fa7b334-ce0d-4e88-aaae-2e0c138d049e
47.707787,29.553898,2020,,HUMAN_OBSERVATION,KW,3219471892,4fa7b334-ce0d-4e88-aaae-2e0c138d049e
47.707787,29.553898,2020,,HUMAN_OBSERVATION,KW,3220254019,4fa7b334-ce0d-4e88-aaae-2e0c138d049e
48.100964,29.135288,2020,,HUMAN_OBSERVATION,KW,3220463962,4fa7b334-ce0d-4e88-aaae-2e0c138d049e
46.9602,29.366991,2020,,HUMAN_OBSERVATION,KW,3220855441,4fa7b334-ce0d-4e88-aaae-2e0c138d049e
47.99427,29.373367,2020,,HUMAN_OBSERVATION,KW,3221136339,4fa7b334-ce0d-4e88-aaae-2e0c138d049e
47.75465,29.257349,2020,,HUMAN_OBSERVATION,KW,3221237344,4fa7b334-ce0d-4e88-aaae-2e0c138d049e
48.119457,29.133131,2020,,HUMAN_OBSERVATION,KW,3221538025,4fa7b334-ce0d-4e88-aaae-2e0c138d049e
47.707787,29.553898,2020,,HUMAN_OBSERVATION,KW,3222032745,4fa7b334-ce0d-4e88-aaae-2e0c138d049e
48.392178,28.591267,2020,,HUMAN_OBSERVATION,KW,3222191545,4fa7b334-ce0d-4e88-aaae-2e0c138d049e
47.877384,29.686853,2020,,HUMAN_OBSERVATION,KW,3222440359,4fa7b334-ce0d-4e88-aaae-2e0c138d049e
47.90282,29.334694,2020,,HUMAN_OBSERVATION,KW,3223086211,4fa7b334-ce0d-4e88-aaae-2e0c138d049e
47.674255,29.351254,2020,,HUMAN_OBSERVATION,KW,3223640766,4fa7b334-ce0d-4e88-aaae-2e0c138d049e
46.9602,29.366991,2020,,HUMAN_OBSERVATION,KW,3223929696,4fa7b334-ce0d-4e88-aaae-2e0c138d049e
46.9602,29.366991,2020,,HUMAN_OBSERVATION,KW,3224318143,4fa7b334-ce0d-4e88-aaae-2e0c138d049e
48.100964,29.135288,2020,,HUMAN_OBSERVATION,KW,3224435252,4fa7b334-ce0d-4e88-aaae-2e0c138d049e
47.674255,29.351254,2020,,HUMAN_OBSERVATION,KW,3224928384,4fa7b334-ce0d-4e88-aaae-2e0c138d049e
48.119457,29.133131,2020,,HUMAN_OBSERVATION,KW,3227885335,4fa7b334-ce0d-4e88-aaae-2e0c138d049e
47.877384,29.686853,2020,,HUMAN_OBSERVATION,KW,3228131341,4fa7b334-ce0d-4e88-aaae-2e0c138d049e
46.9602,29.366991,2020,,HUMAN_OBSERVATION,KW,3230252140,4fa7b334-ce0d-4e88-aaae-2e0c138d049e
47.707787,29.553898,2020,,HUMAN_OBSERVATION,KW,3232492679,4fa7b334-ce0d-4e88-aaae-2e0c138d049e
48.66297,31.3028,2020,,HUMAN_OBSERVATION,IR,3232534763,4fa7b334-ce0d-4e88-aaae-2e0c138d049e
47.730534,29.356573,2020,,HUMAN_OBSERVATION,KW,3232736208,4fa7b334-ce0d-4e88-aaae-2e0c138d049e
42.471077,37.24834,2020,,HUMAN_OBSERVATION,TR,3233522363,4fa7b334-ce0d-4e88-aaae-2e0c138d049e
47.730534,29.356573,2020,,HUMAN_OBSERVATION,KW,3234285714,4fa7b334-ce0d-4e88-aaae-2e0c138d049e
48.13764,29.116022,2020,,HUMAN_OBSERVATION,KW,3235497731,4fa7b334-ce0d-4e88-aaae-2e0c138d049e
47.707787,29.553898,2020,,HUMAN_OBSERVATION,KW,3236493118,4fa7b334-ce0d-4e88-aaae-2e0c138d049e
47.877384,29.686853,2020,,HUMAN_OBSERVATION,KW,3236663992,4fa7b334-ce0d-4e88-aaae-2e0c138d049e
47.983227,29.356014,2020,,HUMAN_OBSERVATION,KW,3237307138,4fa7b334-ce0d-4e88-aaae-2e0c138d049e
48.120678,29.133404,2020,,HUMAN_OBSERVATION,KW,3237951353,4fa7b334-ce0d-4e88-aaae-2e0c138d049e
46.9602,29.366991,2020,,HUMAN_OBSERVATION,KW,3239892327,4fa7b334-ce0d-4e88-aaae-2e0c138d049e
47.707787,29.553898,2020,,HUMAN_OBSERVATION,KW,3241379388,4fa7b334-ce0d-4e88-aaae-2e0c138d049e
46.9602,29.366991,2020,,HUMAN_OBSERVATION,KW,3243328784,4fa7b334-ce0d-4e88-aaae-2e0c138d049e
47.707787,29.553898,2020,,HUMAN_OBSERVATION,KW,3243455088,4fa7b334-ce0d-4e88-aaae-2e0c138d049e
47.75465,29.257349,2020,,HUMAN_OBSERVATION,KW,3244805247,4fa7b334-ce0d-4e88-aaae-2e0c138d049e
47.707787,29.553898,2020,,HUMAN_OBSERVATION,KW,3249095404,4fa7b334-ce0d-4e88-aaae-2e0c138d049e
48.119457,29.133131,2020,,HUMAN_OBSERVATION,KW,3251987307,4fa7b334-ce0d-4e88-aaae-2e0c138d049e
47.674255,29.351254,2020,,HUMAN_OBSERVATION,KW,3253180135,4fa7b334-ce0d-4e88-aaae-2e0c138d049e
47.75465,29.257349,2020,,HUMAN_OBSERVATION,KW,3254089338,4fa7b334-ce0d-4e88-aaae-2e0c138d049e
48.16208,31.796724,2020,,HUMAN_OBSERVATION,IR,3260919239,4fa7b334-ce0d-4e88-aaae-2e0c138d049e
46.9602,29.366991,2020,,HUMAN_OBSERVATION,KW,3265415789,4fa7b334-ce0d-4e88-aaae-2e0c138d049e
48.66297,31.3028,2020,,HUMAN_OBSERVATION,IR,3298208460,4fa7b334-ce0d-4e88-aaae-2e0c138d049e
48.675842,31.32112,2020,,HUMAN_OBSERVATION,IR,3566615089,4fa7b334-ce0d-4e88-aaae-2e0c138d049e
47.674255,29.351254,2020,,HUMAN_OBSERVATION,KW,3658335957,4fa7b334-ce0d-4e88-aaae-2e0c138d049e
47.79959,31.404583,2020,,HUMAN_OBSERVATION,IR,4241503770,4fa7b334-ce0d-4e88-aaae-2e0c138d049e
47.79959,31.404583,2020,,HUMAN_OBSERVATION,IR,4290416712,4fa7b334-ce0d-4e88-aaae-2e0c138d049e
48.679424,31.326233,2020,,HUMAN_OBSERVATION,IR,4776270362,4fa7b334-ce0d-4e88-aaae-2e0c138d049e
47.674255,29.351254,2020,,HUMAN_OBSERVATION,KW,3137644038,4fa7b334-ce0d-4e88-aaae-2e0c138d049e
47.88523,31.26294,2020,,HUMAN_OBSERVATION,IR,3138261246,4fa7b334-ce0d-4e88-aaae-2e0c138d049e
42.453056,33.725277,2020,,HUMAN_OBSERVATION,IQ,3139083856,4fa7b334-ce0d-4e88-aaae-2e0c138d049e
48.392178,28.591267,2020,,HUMAN_OBSERVATION,KW,3139091588,4fa7b334-ce0d-4e88-aaae-2e0c138d049e
48.119457,29.133131,2020,,HUMAN_OBSERVATION,KW,3139266131,4fa7b334-ce0d-4e88-aaae-2e0c138d049e
48.12089,29.133806,2020,,HUMAN_OBSERVATION,KW,3139410896,4fa7b334-ce0d-4e88-aaae-2e0c138d049e
47.75465,29.257349,2020,,HUMAN_OBSERVATION,KW,3139869328,4fa7b334-ce0d-4e88-aaae-2e0c138d049e
47.777397,29.438875,2020,,HUMAN_OBSERVATION,KW,3140431807,4fa7b334-ce0d-4e88-aaae-2e0c138d049e
47.99427,29.373367,2020,,HUMAN_OBSERVATION,KW,3141373521,4fa7b334-ce0d-4e88-aaae-2e0c138d049e
46.9602,29.366991,2020,,HUMAN_OBSERVATION,KW,3141570385,4fa7b334-ce0d-4e88-aaae-2e0c138d049e
47.75465,29.257349,2020,,HUMAN_OBSERVATION,KW,3142645993,4fa7b334-ce0d-4e88-aaae-2e0c138d049e
48.38606,28.64303,2020,,HUMAN_OBSERVATION,KW,3143134686,4fa7b334-ce0d-4e88-aaae-2e0c138d049e
46.9602,29.366991,2020,,HUMAN_OBSERVATION,KW,3144428019,4fa7b334-ce0d-4e88-aaae-2e0c138d049e
46.9602,29.366991,2020,,HUMAN_OBSERVATION,KW,3145186308,4fa7b334-ce0d-4e88-aaae-2e0c138d049e
48.392178,28.591267,2020,,HUMAN_OBSERVATION,KW,3145541680,4fa7b334-ce0d-4e88-aaae-2e0c138d049e
42.453056,33.725277,2020,,HUMAN_OBSERVATION,IQ,3146221820,4fa7b334-ce0d-4e88-aaae-2e0c138d049e
48.100964,29.135288,2020,,HUMAN_OBSERVATION,KW,3146934189,4fa7b334-ce0d-4e88-aaae-2e0c138d049e
48.100964,29.135288,2020,,HUMAN_OBSERVATION,KW,3147565815,4fa7b334-ce0d-4e88-aaae-2e0c138d049e
47.99427,29.373367,2020,,HUMAN_OBSERVATION,KW,3149793348,4fa7b334-ce0d-4e88-aaae-2e0c138d049e
47.707787,29.553898,2020,,HUMAN_OBSERVATION,KW,3150101554,4fa7b334-ce0d-4e88-aaae-2e0c138d049e
46.9602,29.366991,2020,,HUMAN_OBSERVATION,KW,3150333319,4fa7b334-ce0d-4e88-aaae-2e0c138d049e
47.75465,29.257349,2020,,HUMAN_OBSERVATION,KW,3152010613,4fa7b334-ce0d-4e88-aaae-2e0c138d049e
48.119457,29.133131,2020,,HUMAN_OBSERVATION,KW,3152548524,4fa7b334-ce0d-4e88-aaae-2e0c138d049e
47.730595,29.357735,2020,,HUMAN_OBSERVATION,KW,3153515167,4fa7b334-ce0d-4e88-aaae-2e0c138d049e
48.17774,31.793663,2020,,HUMAN_OBSERVATION,IR,3153957269,4fa7b334-ce0d-4e88-aaae-2e0c138d049e
48.38606,28.64303,2020,,HUMAN_OBSERVATION,KW,3155189720,4fa7b334-ce0d-4e88-aaae-2e0c138d049e
46.9602,29.366991,2020,,HUMAN_OBSERVATION,KW,3155885817,4fa7b334-ce0d-4e88-aaae-2e0c138d049e
42.453056,33.725277,2020,,HUMAN_OBSERVATION,IQ,3156600889,4fa7b334-ce0d-4e88-aaae-2e0c138d049e
47.777397,29.438875,2020,,HUMAN_OBSERVATION,KW,3156826747,4fa7b334-ce0d-4e88-aaae-2e0c138d049e
47.99427,29.373367,2020,,HUMAN_OBSERVATION,KW,3156918083,4fa7b334-ce0d-4e88-aaae-2e0c138d049e
48.119457,29.133131,2020,,HUMAN_OBSERVATION,KW,3157605054,4fa7b334-ce0d-4e88-aaae-2e0c138d049e
47.75465,29.257349,2020,,HUMAN_OBSERVATION,KW,3159222357,4fa7b334-ce0d-4e88-aaae-2e0c138d049e
48.392178,28.591267,2020,,HUMAN_OBSERVATION,KW,3172705076,4fa7b334-ce0d-4e88-aaae-2e0c138d049e
46.9602,29.366991,2020,,HUMAN_OBSERVATION,KW,3186808063,4fa7b334-ce0d-4e88-aaae-2e0c138d049e
46.9602,29.366991,2020,,HUMAN_OBSERVATION,KW,3219228095,4fa7b334-ce0d-4e88-aaae-2e0c138d049e
46.9602,29.366991,2020,,HUMAN_OBSERVATION,KW,3219513974,4fa7b334-ce0d-4e88-aaae-2e0c138d049e
48.40104,28.549696,2020,,HUMAN_OBSERVATION,KW,3219852352,4fa7b334-ce0d-4e88-aaae-2e0c138d049e
47.75465,29.257349,2020,,HUMAN_OBSERVATION,KW,3223293388,4fa7b334-ce0d-4e88-aaae-2e0c138d049e
47.858547,31.478123,2020,,HUMAN_OBSERVATION,IR,3224177740,4fa7b334-ce0d-4e88-aaae-2e0c138d049e
46.9602,29.366991,2020,,HUMAN_OBSERVATION,KW,3224412752,4fa7b334-ce0d-4e88-aaae-2e0c138d049e
48.12089,29.133806,2020,,HUMAN_OBSERVATION,KW,3224495712,4fa7b334-ce0d-4e88-aaae-2e0c138d049e
48.143425,29.08011,2020,,HUMAN_OBSERVATION,KW,3228652150,4fa7b334-ce0d-4e88-aaae-2e0c138d049e
47.75465,29.257349,2020,,HUMAN_OBSERVATION,KW,3228949369,4fa7b334-ce0d-4e88-aaae-2e0c138d049e
47.75465,29.257349,2020,,HUMAN_OBSERVATION,KW,3229001495,4fa7b334-ce0d-4e88-aaae-2e0c138d049e
48.119457,29.133131,2020,,HUMAN_OBSERVATION,KW,3229310564,4fa7b334-ce0d-4e88-aaae-2e0c138d049e
46.9602,29.366991,2020,,HUMAN_OBSERVATION,KW,3229855450,4fa7b334-ce0d-4e88-aaae-2e0c138d049e
48.120953,29.133938,2020,,HUMAN_OBSERVATION,KW,3232248724,4fa7b334-ce0d-4e88-aaae-2e0c138d049e
47.707787,29.553898,2020,,HUMAN_OBSERVATION,KW,3236805993,4fa7b334-ce0d-4e88-aaae-2e0c138d049e
48.40104,28.549696,2020,,HUMAN_OBSERVATION,KW,3240197443,4fa7b334-ce0d-4e88-aaae-2e0c138d049e
46.9602,29.366991,2020,,HUMAN_OBSERVATION,KW,3244626060,4fa7b334-ce0d-4e88-aaae-2e0c138d049e
48.1554,28.88062,2020,,HUMAN_OBSERVATION,KW,3245389864,4fa7b334-ce0d-4e88-aaae-2e0c138d049e
47.777397,29.438875,2020,,HUMAN_OBSERVATION,KW,3246455793,4fa7b334-ce0d-4e88-aaae-2e0c138d049e
47.730595,29.357735,2020,,HUMAN_OBSERVATION,KW,3248035745,4fa7b334-ce0d-4e88-aaae-2e0c138d049e
48.119457,29.133131,2020,,HUMAN_OBSERVATION,KW,3248554758,4fa7b334-ce0d-4e88-aaae-2e0c138d049e
42.453056,33.725277,2020,,HUMAN_OBSERVATION,IQ,3249811829,4fa7b334-ce0d-4e88-aaae-2e0c138d049e
47.75465,29.257349,2020,,HUMAN_OBSERVATION,KW,3257109768,4fa7b334-ce0d-4e88-aaae-2e0c138d049e
48.026817,29.364449,2020,,HUMAN_OBSERVATION,KW,3261076840,4fa7b334-ce0d-4e88-aaae-2e0c138d049e
48.037384,29.331251,2020,,HUMAN_OBSERVATION,KW,3264119536,4fa7b334-ce0d-4e88-aaae-2e0c138d049e
46.9602,29.366991,2020,,HUMAN_OBSERVATION,KW,3264238110,4fa7b334-ce0d-4e88-aaae-2e0c138d049e
48.40104,28.549696,2020,,HUMAN_OBSERVATION,KW,3266088969,4fa7b334-ce0d-4e88-aaae-2e0c138d049e
48.488823,32.625443,2020,,HUMAN_OBSERVATION,IR,3270581496,4fa7b334-ce0d-4e88-aaae-2e0c138d049e
47.75465,29.257349,2020,,HUMAN_OBSERVATION,KW,3280851706,4fa7b334-ce0d-4e88-aaae-2e0c138d049e
43.990982,36.223995,2020,,HUMAN_OBSERVATION,IQ,3294878914,4fa7b334-ce0d-4e88-aaae-2e0c138d049e
37.62955,31.386389,2020,,HUMAN_OBSERVATION,SA,3675626917,4fa7b334-ce0d-4e88-aaae-2e0c138d049e
42.473984,37.25293,2020,,HUMAN_OBSERVATION,TR,4291808272,4fa7b334-ce0d-4e88-aaae-2e0c138d049e
48.119457,29.133131,2020,,HUMAN_OBSERVATION,KW,3140371335,4fa7b334-ce0d-4e88-aaae-2e0c138d049e
47.88523,31.26294,2020,,HUMAN_OBSERVATION,IR,3142134609,4fa7b334-ce0d-4e88-aaae-2e0c138d049e
48.12089,29.133806,2020,,HUMAN_OBSERVATION,KW,3143504356,4fa7b334-ce0d-4e88-aaae-2e0c138d049e
47.75465,29.257349,2020,,HUMAN_OBSERVATION,KW,3143876330,4fa7b334-ce0d-4e88-aaae-2e0c138d049e
47.75465,29.257349,2020,,HUMAN_OBSERVATION,KW,3145623450,4fa7b334-ce0d-4e88-aaae-2e0c138d049e
47.858547,31.478123,2020,,HUMAN_OBSERVATION,IR,3148363903,4fa7b334-ce0d-4e88-aaae-2e0c138d049e
47.75465,29.257349,2020,,HUMAN_OBSERVATION,KW,3149518271,4fa7b334-ce0d-4e88-aaae-2e0c138d049e
47.75465,29.257349,2020,,HUMAN_OBSERVATION,KW,3151161679,4fa7b334-ce0d-4e88-aaae-2e0c138d049e
48.073555,29.127298,2020,,HUMAN_OBSERVATION,KW,3152889353,4fa7b334-ce0d-4e88-aaae-2e0c138d049e
46.9602,29.366991,2020,,HUMAN_OBSERVATION,KW,3152937476,4fa7b334-ce0d-4e88-aaae-2e0c138d049e
48.12089,29.133806,2020,,HUMAN_OBSERVATION,KW,3155987700,4fa7b334-ce0d-4e88-aaae-2e0c138d049e
47.75465,29.257349,2020,,HUMAN_OBSERVATION,KW,3156568147,4fa7b334-ce0d-4e88-aaae-2e0c138d049e
48.119457,29.133131,2020,,HUMAN_OBSERVATION,KW,3162982177,4fa7b334-ce0d-4e88-aaae-2e0c138d049e
48.12089,29.133806,2020,,HUMAN_OBSERVATION,KW,3166999450,4fa7b334-ce0d-4e88-aaae-2e0c138d049e
47.858547,31.478123,2020,,HUMAN_OBSERVATION,IR,3220429464,4fa7b334-ce0d-4e88-aaae-2e0c138d049e
48.60681,31.121664,2020,,HUMAN_OBSERVATION,IR,3221969263,4fa7b334-ce0d-4e88-aaae-2e0c138d049e
47.75465,29.257349,2020,,HUMAN_OBSERVATION,KW,3223934580,4fa7b334-ce0d-4e88-aaae-2e0c138d049e
47.75465,29.257349,2020,,HUMAN_OBSERVATION,KW,3228145146,4fa7b334-ce0d-4e88-aaae-2e0c138d049e
48.119457,29.133131,2020,,HUMAN_OBSERVATION,KW,3230630928,4fa7b334-ce0d-4e88-aaae-2e0c138d049e
48.12089,29.133806,2020,,HUMAN_OBSERVATION,KW,3232955015,4fa7b334-ce0d-4e88-aaae-2e0c138d049e
48.037193,29.331232,2020,,HUMAN_OBSERVATION,KW,3233264965,4fa7b334-ce0d-4e88-aaae-2e0c138d049e
47.75465,29.257349,2020,,HUMAN_OBSERVATION,KW,3234587681,4fa7b334-ce0d-4e88-aaae-2e0c138d049e
48.129047,29.129276,2020,,HUMAN_OBSERVATION,KW,3235254653,4fa7b334-ce0d-4e88-aaae-2e0c138d049e
48.12089,29.133806,2020,,HUMAN_OBSERVATION,KW,3235669004,4fa7b334-ce0d-4e88-aaae-2e0c138d049e
47.88523,31.26294,2020,,HUMAN_OBSERVATION,IR,3237058867,4fa7b334-ce0d-4e88-aaae-2e0c138d049e
48.12089,29.133806,2020,,HUMAN_OBSERVATION,KW,3237096196,4fa7b334-ce0d-4e88-aaae-2e0c138d049e
48.12089,29.133806,2020,,HUMAN_OBSERVATION,KW,3238013118,4fa7b334-ce0d-4e88-aaae-2e0c138d049e
48.60609,31.659578,2020,,HUMAN_OBSERVATION,IR,3246696675,4fa7b334-ce0d-4e88-aaae-2e0c138d049e
47.75465,29.257349,2020,,HUMAN_OBSERVATION,KW,3258137781,4fa7b334-ce0d-4e88-aaae-2e0c138d049e
47.858547,31.478123,2020,,HUMAN_OBSERVATION,IR,3685398314,4fa7b334-ce0d-4e88-aaae-2e0c138d049e
48.12089,29.133806,2020,,HUMAN_OBSERVATION,KW,3149766865,4fa7b334-ce0d-4e88-aaae-2e0c138d049e
48.007553,29.350399,2020,,HUMAN_OBSERVATION,KW,3153207307,4fa7b334-ce0d-4e88-aaae-2e0c138d049e
48.66297,31.3028,2020,,HUMAN_OBSERVATION,IR,3158646352,4fa7b334-ce0d-4e88-aaae-2e0c138d049e
48.12089,29.133806,2020,,HUMAN_OBSERVATION,KW,3159516235,4fa7b334-ce0d-4e88-aaae-2e0c138d049e
48.119457,29.133131,2020,,HUMAN_OBSERVATION,KW,3162676065,4fa7b334-ce0d-4e88-aaae-2e0c138d049e
47.75465,29.257349,2020,,HUMAN_OBSERVATION,KW,3168570053,4fa7b334-ce0d-4e88-aaae-2e0c138d049e
48.1554,28.88062,2020,,HUMAN_OBSERVATION,KW,3172161902,4fa7b334-ce0d-4e88-aaae-2e0c138d049e
48.66297,31.3028,2020,,HUMAN_OBSERVATION,IR,3173964246,4fa7b334-ce0d-4e88-aaae-2e0c138d049e
48.12089,29.133806,2020,,HUMAN_OBSERVATION,KW,3178998783,4fa7b334-ce0d-4e88-aaae-2e0c138d049e
48.12089,29.133806,2020,,HUMAN_OBSERVATION,KW,3181284314,4fa7b334-ce0d-4e88-aaae-2e0c138d049e
47.31342,33.133648,2020,,HUMAN_OBSERVATION,IR,3203045054,4fa7b334-ce0d-4e88-aaae-2e0c138d049e
48.062824,29.108316,2020,,HUMAN_OBSERVATION,KW,3229857238,4fa7b334-ce0d-4e88-aaae-2e0c138d049e
47.840996,29.321728,2020,,HUMAN_OBSERVATION,KW,3230743720,4fa7b334-ce0d-4e88-aaae-2e0c138d049e
47.75465,29.257349,2020,,HUMAN_OBSERVATION,KW,3231754601,4fa7b334-ce0d-4e88-aaae-2e0c138d049e
48.1554,28.88062,2020,,HUMAN_OBSERVATION,KW,3235926879,4fa7b334-ce0d-4e88-aaae-2e0c138d049e
48.12089,29.133806,2020,,HUMAN_OBSERVATION,KW,3254571780,4fa7b334-ce0d-4e88-aaae-2e0c138d049e
47.88523,31.26294,2020,,HUMAN_OBSERVATION,IR,3260108513,4fa7b334-ce0d-4e88-aaae-2e0c138d049e
48.119457,29.133131,2020,,HUMAN_OBSERVATION,KW,3265433240,4fa7b334-ce0d-4e88-aaae-2e0c138d049e
48.12089,29.133806,2020,,HUMAN_OBSERVATION,KW,3281877968,4fa7b334-ce0d-4e88-aaae-2e0c138d049e
48.12089,29.133806,2020,,HUMAN_OBSERVATION,KW,3158602860,4fa7b334-ce0d-4e88-aaae-2e0c138d049e
48.143425,29.08011,2020,,HUMAN_OBSERVATION,KW,3161729850,4fa7b334-ce0d-4e88-aaae-2e0c138d049e
47.75465,29.257349,2020,,HUMAN_OBSERVATION,KW,3163174448,4fa7b334-ce0d-4e88-aaae-2e0c138d049e
47.75465,29.257349,2020,,HUMAN_OBSERVATION,KW,3164031283,4fa7b334-ce0d-4e88-aaae-2e0c138d049e
47.75465,29.257349,2020,,HUMAN_OBSERVATION,KW,3164122375,4fa7b334-ce0d-4e88-aaae-2e0c138d049e
48.22112,30.358599,2020,,HUMAN_OBSERVATION,IR,3164301775,4fa7b334-ce0d-4e88-aaae-2e0c138d049e
48.66297,31.3028,2020,,HUMAN_OBSERVATION,IR,3165296205,4fa7b334-ce0d-4e88-aaae-2e0c138d049e
47.75465,29.257349,2020,,HUMAN_OBSERVATION,KW,3166078913,4fa7b334-ce0d-4e88-aaae-2e0c138d049e
47.75465,29.257349,2020,,HUMAN_OBSERVATION,KW,3166284002,4fa7b334-ce0d-4e88-aaae-2e0c138d049e
48.037193,29.331232,2020,,HUMAN_OBSERVATION,KW,3167060410,4fa7b334-ce0d-4e88-aaae-2e0c138d049e
48.119457,29.133131,2020,,HUMAN_OBSERVATION,KW,3169487050,4fa7b334-ce0d-4e88-aaae-2e0c138d049e
47.693195,29.36198,2020,,HUMAN_OBSERVATION,KW,3173266730,4fa7b334-ce0d-4e88-aaae-2e0c138d049e
47.75465,29.257349,2020,,HUMAN_OBSERVATION,KW,3175280942,4fa7b334-ce0d-4e88-aaae-2e0c138d049e
48.1554,28.88062,2020,,HUMAN_OBSERVATION,KW,3179018414,4fa7b334-ce0d-4e88-aaae-2e0c138d049e
47.88523,31.26294,2020,,HUMAN_OBSERVATION,IR,3181332504,4fa7b334-ce0d-4e88-aaae-2e0c138d049e
48.037193,29.331232,2020,,HUMAN_OBSERVATION,KW,3183858724,4fa7b334-ce0d-4e88-aaae-2e0c138d049e
47.75465,29.257349,2020,,HUMAN_OBSERVATION,KW,3183908807,4fa7b334-ce0d-4e88-aaae-2e0c138d049e
47.858547,31.478123,2020,,HUMAN_OBSERVATION,IR,3234792124,4fa7b334-ce0d-4e88-aaae-2e0c138d049e
48.037445,29.331434,2020,,HUMAN_OBSERVATION,KW,3237446130,4fa7b334-ce0d-4e88-aaae-2e0c138d049e
47.75465,29.257349,2020,,HUMAN_OBSERVATION,KW,3239085657,4fa7b334-ce0d-4e88-aaae-2e0c138d049e
48.119457,29.133131,2020,,HUMAN_OBSERVATION,KW,3241932601,4fa7b334-ce0d-4e88-aaae-2e0c138d049e
47.75465,29.257349,2020,,HUMAN_OBSERVATION,KW,3242966163,4fa7b334-ce0d-4e88-aaae-2e0c138d049e
48.60681,31.121664,2020,,HUMAN_OBSERVATION,IR,3244662412,4fa7b334-ce0d-4e88-aaae-2e0c138d049e
47.75465,29.257349,2020,,HUMAN_OBSERVATION,KW,3244980697,4fa7b334-ce0d-4e88-aaae-2e0c138d049e
47.75465,29.257349,2020,,HUMAN_OBSERVATION,KW,3247049911,4fa7b334-ce0d-4e88-aaae-2e0c138d049e
48.037193,29.331232,2020,,HUMAN_OBSERVATION,KW,3251743235,4fa7b334-ce0d-4e88-aaae-2e0c138d049e
48.1554,28.88062,2020,,HUMAN_OBSERVATION,KW,3254563745,4fa7b334-ce0d-4e88-aaae-2e0c138d049e
47.75465,29.257349,2020,,HUMAN_OBSERVATION,KW,3258907667,4fa7b334-ce0d-4e88-aaae-2e0c138d049e
48.119457,29.133131,2020,,HUMAN_OBSERVATION,KW,3265241825,4fa7b334-ce0d-4e88-aaae-2e0c138d049e
48.119457,29.133131,2020,,HUMAN_OBSERVATION,KW,3271884133,4fa7b334-ce0d-4e88-aaae-2e0c138d049e
48.037193,29.331232,2020,,HUMAN_OBSERVATION,KW,3274846430,4fa7b334-ce0d-4e88-aaae-2e0c138d049e
48.1554,28.88062,2020,,HUMAN_OBSERVATION,KW,3280179400,4fa7b334-ce0d-4e88-aaae-2e0c138d049e
47.75465,29.257349,2020,,HUMAN_OBSERVATION,KW,3164314005,4fa7b334-ce0d-4e88-aaae-2e0c138d049e
47.75465,29.257349,2020,,HUMAN_OBSERVATION,KW,3166528866,4fa7b334-ce0d-4e88-aaae-2e0c138d049e
47.75465,29.257349,2020,,HUMAN_OBSERVATION,KW,3167507878,4fa7b334-ce0d-4e88-aaae-2e0c138d049e
47.75465,29.257349,2020,,HUMAN_OBSERVATION,KW,3168066813,4fa7b334-ce0d-4e88-aaae-2e0c138d049e
47.75465,29.257349,2020,,HUMAN_OBSERVATION,KW,3168947100,4fa7b334-ce0d-4e88-aaae-2e0c138d049e
47.75465,29.257349,2020,,HUMAN_OBSERVATION,KW,3169180930,4fa7b334-ce0d-4e88-aaae-2e0c138d049e
47.75465,29.257349,2020,,HUMAN_OBSERVATION,KW,3170500844,4fa7b334-ce0d-4e88-aaae-2e0c138d049e
46.9602,29.366991,2020,,HUMAN_OBSERVATION,KW,3170550970,4fa7b334-ce0d-4e88-aaae-2e0c138d049e
47.75465,29.257349,2020,,HUMAN_OBSERVATION,KW,3172116884,4fa7b334-ce0d-4e88-aaae-2e0c138d049e
47.75465,29.257349,2020,,HUMAN_OBSERVATION,KW,3172744877,4fa7b334-ce0d-4e88-aaae-2e0c138d049e
46.9602,29.366991,2020,,HUMAN_OBSERVATION,KW,3173977625,4fa7b334-ce0d-4e88-aaae-2e0c138d049e
47.75465,29.257349,2020,,HUMAN_OBSERVATION,KW,3175145684,4fa7b334-ce0d-4e88-aaae-2e0c138d049e
47.75465,29.257349,2020,,HUMAN_OBSERVATION,KW,3177982797,4fa7b334-ce0d-4e88-aaae-2e0c138d049e
48.60681,31.121664,2020,,HUMAN_OBSERVATION,IR,3178265250,4fa7b334-ce0d-4e88-aaae-2e0c138d049e
47.75465,29.257349,2020,,HUMAN_OBSERVATION,KW,3179166358,4fa7b334-ce0d-4e88-aaae-2e0c138d049e
47.75465,29.257349,2020,,HUMAN_OBSERVATION,KW,3179761615,4fa7b334-ce0d-4e88-aaae-2e0c138d049e
47.75465,29.257349,2020,,HUMAN_OBSERVATION,KW,3180857169,4fa7b334-ce0d-4e88-aaae-2e0c138d049e
48.037193,29.331232,2020,,HUMAN_OBSERVATION,KW,3188822683,4fa7b334-ce0d-4e88-aaae-2e0c138d049e
47.75465,29.257349,2020,,HUMAN_OBSERVATION,KW,3191858584,4fa7b334-ce0d-4e88-aaae-2e0c138d049e
48.037193,29.331232,2020,,HUMAN_OBSERVATION,KW,3192380523,4fa7b334-ce0d-4e88-aaae-2e0c138d049e
48.119457,29.133131,2020,,HUMAN_OBSERVATION,KW,3195437715,4fa7b334-ce0d-4e88-aaae-2e0c138d049e
47.75465,29.257349,2020,,HUMAN_OBSERVATION,KW,3236623412,4fa7b334-ce0d-4e88-aaae-2e0c138d049e
47.75465,29.257349,2020,,HUMAN_OBSERVATION,KW,3237335305,4fa7b334-ce0d-4e88-aaae-2e0c138d049e
46.9602,29.366991,2020,,HUMAN_OBSERVATION,KW,3249611047,4fa7b334-ce0d-4e88-aaae-2e0c138d049e
47.75465,29.257349,2020,,HUMAN_OBSERVATION,KW,3249901076,4fa7b334-ce0d-4e88-aaae-2e0c138d049e
47.75465,29.257349,2020,,HUMAN_OBSERVATION,KW,3252893607,4fa7b334-ce0d-4e88-aaae-2e0c138d049e
47.75465,29.257349,2020,,HUMAN_OBSERVATION,KW,3254205312,4fa7b334-ce0d-4e88-aaae-2e0c138d049e
47.75465,29.257349,2020,,HUMAN_OBSERVATION,KW,3259558508,4fa7b334-ce0d-4e88-aaae-2e0c138d049e
48.037193,29.331232,2020,,HUMAN_OBSERVATION,KW,3263370487,4fa7b334-ce0d-4e88-aaae-2e0c138d049e
47.75465,29.257349,2020,,HUMAN_OBSERVATION,KW,3266604989,4fa7b334-ce0d-4e88-aaae-2e0c138d049e
46.9602,29.366991,2020,,HUMAN_OBSERVATION,KW,3271922788,4fa7b334-ce0d-4e88-aaae-2e0c138d049e
47.75465,29.257349,2020,,HUMAN_OBSERVATION,KW,3273541902,4fa7b334-ce0d-4e88-aaae-2e0c138d049e
47.75465,29.257349,2020,,HUMAN_OBSERVATION,KW,3276244878,4fa7b334-ce0d-4e88-aaae-2e0c138d049e
48.037193,29.331232,2020,,HUMAN_OBSERVATION,KW,3277318294,4fa7b334-ce0d-4e88-aaae-2e0c138d049e
40.275505,29.882643,2020,,HUMAN_OBSERVATION,SA,3520972525,4fa7b334-ce0d-4e88-aaae-2e0c138d049e
47.944294,29.296196,2020,7.0,HUMAN_OBSERVATION,KW,3070607148,50c9509d-22c7-4a22-a47d-8c48425ef4a7
48.11621,29.1906,2020,,HUMAN_OBSERVATION,KW,3172880862,4fa7b334-ce0d-4e88-aaae-2e0c138d049e
47.75465,29.257349,2020,,HUMAN_OBSERVATION,KW,3173918738,4fa7b334-ce0d-4e88-aaae-2e0c138d049e
47.75465,29.257349,2020,,HUMAN_OBSERVATION,KW,3174874537,4fa7b334-ce0d-4e88-aaae-2e0c138d049e
47.88523,31.26294,2020,,HUMAN_OBSERVATION,IR,3174963932,4fa7b334-ce0d-4e88-aaae-2e0c138d049e
47.75465,29.257349,2020,,HUMAN_OBSERVATION,KW,3175266836,4fa7b334-ce0d-4e88-aaae-2e0c138d049e
47.75465,29.257349,2020,,HUMAN_OBSERVATION,KW,3175665064,4fa7b334-ce0d-4e88-aaae-2e0c138d049e
47.75465,29.257349,2020,,HUMAN_OBSERVATION,KW,3177134686,4fa7b334-ce0d-4e88-aaae-2e0c138d049e
47.83001,29.3282,2020,,HUMAN_OBSERVATION,KW,3177277919,4fa7b334-ce0d-4e88-aaae-2e0c138d049e
47.976803,29.386856,2020,,HUMAN_OBSERVATION,KW,3177539667,4fa7b334-ce0d-4e88-aaae-2e0c138d049e
47.75465,29.257349,2020,,HUMAN_OBSERVATION,KW,3179625088,4fa7b334-ce0d-4e88-aaae-2e0c138d049e
47.88523,31.26294,2020,,HUMAN_OBSERVATION,IR,3179853609,4fa7b334-ce0d-4e88-aaae-2e0c138d049e
48.12089,29.133806,2020,,HUMAN_OBSERVATION,KW,3181058977,4fa7b334-ce0d-4e88-aaae-2e0c138d049e
47.88523,31.26294,2020,,HUMAN_OBSERVATION,IR,3183316380,4fa7b334-ce0d-4e88-aaae-2e0c138d049e
47.75465,29.257349,2020,,HUMAN_OBSERVATION,KW,3183893470,4fa7b334-ce0d-4e88-aaae-2e0c138d049e
47.730534,29.356573,2020,,HUMAN_OBSERVATION,KW,3184294466,4fa7b334-ce0d-4e88-aaae-2e0c138d049e
47.88523,31.26294,2020,,HUMAN_OBSERVATION,IR,3185125882,4fa7b334-ce0d-4e88-aaae-2e0c138d049e
47.75465,29.257349,2020,,HUMAN_OBSERVATION,KW,3187289002,4fa7b334-ce0d-4e88-aaae-2e0c138d049e
47.75465,29.257349,2020,,HUMAN_OBSERVATION,KW,3187786062,4fa7b334-ce0d-4e88-aaae-2e0c138d049e
48.269722,28.738161,2020,,HUMAN_OBSERVATION,KW,3188586228,4fa7b334-ce0d-4e88-aaae-2e0c138d049e
48.037193,29.331232,2020,,HUMAN_OBSERVATION,KW,3190504680,4fa7b334-ce0d-4e88-aaae-2e0c138d049e
47.707787,29.553898,2020,,HUMAN_OBSERVATION,KW,3192404246,4fa7b334-ce0d-4e88-aaae-2e0c138d049e
48.037193,29.331232,2020,,HUMAN_OBSERVATION,KW,3193741216,4fa7b334-ce0d-4e88-aaae-2e0c138d049e
47.707787,29.553898,2020,,HUMAN_OBSERVATION,KW,3195903613,4fa7b334-ce0d-4e88-aaae-2e0c138d049e
47.707787,29.553898,2020,,HUMAN_OBSERVATION,KW,3196772993,4fa7b334-ce0d-4e88-aaae-2e0c138d049e
47.75465,29.257349,2020,,HUMAN_OBSERVATION,KW,3196915427,4fa7b334-ce0d-4e88-aaae-2e0c138d049e
46.9602,29.366991,2020,,HUMAN_OBSERVATION,KW,3197286432,4fa7b334-ce0d-4e88-aaae-2e0c138d049e
48.11621,29.1906,2020,,HUMAN_OBSERVATION,KW,3205947982,4fa7b334-ce0d-4e88-aaae-2e0c138d049e
44.389336,33.31597,2020,,HUMAN_OBSERVATION,IQ,3243714663,4fa7b334-ce0d-4e88-aaae-2e0c138d049e
46.9602,29.366991,2020,,HUMAN_OBSERVATION,KW,3246812086,4fa7b334-ce0d-4e88-aaae-2e0c138d049e
47.75465,29.257349,2020,,HUMAN_OBSERVATION,KW,3247292906,4fa7b334-ce0d-4e88-aaae-2e0c138d049e
46.9602,29.366991,2020,,HUMAN_OBSERVATION,KW,3248088069,4fa7b334-ce0d-4e88-aaae-2e0c138d049e
47.75465,29.257349,2020,,HUMAN_OBSERVATION,KW,3249282312,4fa7b334-ce0d-4e88-aaae-2e0c138d049e
48.269722,28.738161,2020,,HUMAN_OBSERVATION,KW,3250603917,4fa7b334-ce0d-4e88-aaae-2e0c138d049e
47.75465,29.257349,2020,,HUMAN_OBSERVATION,KW,3256529286,4fa7b334-ce0d-4e88-aaae-2e0c138d049e
47.75465,29.257349,2020,,HUMAN_OBSERVATION,KW,3258373729,4fa7b334-ce0d-4e88-aaae-2e0c138d049e
47.90282,29.334694,2020,,HUMAN_OBSERVATION,KW,3258679027,4fa7b334-ce0d-4e88-aaae-2e0c138d049e
48.09665,29.352262,2020,,HUMAN_OBSERVATION,KW,3260757850,4fa7b334-ce0d-4e88-aaae-2e0c138d049e
48.11621,29.1906,2020,,HUMAN_OBSERVATION,KW,3269470914,4fa7b334-ce0d-4e88-aaae-2e0c138d049e
47.75465,29.257349,2020,,HUMAN_OBSERVATION,KW,3270497858,4fa7b334-ce0d-4e88-aaae-2e0c138d049e
47.75465,29.257349,2020,,HUMAN_OBSERVATION,KW,3273668786,4fa7b334-ce0d-4e88-aaae-2e0c138d049e
47.75465,29.257349,2020,,HUMAN_OBSERVATION,KW,3275892826,4fa7b334-ce0d-4e88-aaae-2e0c138d049e
48.269722,28.738161,2020,,HUMAN_OBSERVATION,KW,3278475722,4fa7b334-ce0d-4e88-aaae-2e0c138d049e
47.75465,29.257349,2020,,HUMAN_OBSERVATION,KW,3286106784,4fa7b334-ce0d-4e88-aaae-2e0c138d049e
48.66297,31.3028,2020,,HUMAN_OBSERVATION,IR,3286497724,4fa7b334-ce0d-4e88-aaae-2e0c138d049e
47.75465,29.257349,2020,,HUMAN_OBSERVATION,KW,3287992340,4fa7b334-ce0d-4e88-aaae-2e0c138d049e
47.75465,29.257349,2020,,HUMAN_OBSERVATION,KW,3292577976,4fa7b334-ce0d-4e88-aaae-2e0c138d049e
47.75465,29.257349,2020,,HUMAN_OBSERVATION,KW,3298596816,4fa7b334-ce0d-4e88-aaae-2e0c138d049e
47.75465,29.257349,2020,,HUMAN_OBSERVATION,KW,3177520074,4fa7b334-ce0d-4e88-aaae-2e0c138d049e
47.670883,29.81901,2020,,HUMAN_OBSERVATION,KW,3178219666,4fa7b334-ce0d-4e88-aaae-2e0c138d049e
46.9602,29.366991,2020,,HUMAN_OBSERVATION,KW,3181151987,4fa7b334-ce0d-4e88-aaae-2e0c138d049e
47.78334,29.585512,2020,,HUMAN_OBSERVATION,KW,3181697767,4fa7b334-ce0d-4e88-aaae-2e0c138d049e
47.78334,29.585512,2020,,HUMAN_OBSERVATION,KW,3185430927,4fa7b334-ce0d-4e88-aaae-2e0c138d049e
46.9602,29.366991,2020,,HUMAN_OBSERVATION,KW,3185776196,4fa7b334-ce0d-4e88-aaae-2e0c138d049e
46.07732,31.807642,2020,,HUMAN_OBSERVATION,IQ,3188821763,4fa7b334-ce0d-4e88-aaae-2e0c138d049e
47.707787,29.553898,2020,,HUMAN_OBSERVATION,KW,3189336124,4fa7b334-ce0d-4e88-aaae-2e0c138d049e
48.119457,29.133131,2020,,HUMAN_OBSERVATION,KW,3190030569,4fa7b334-ce0d-4e88-aaae-2e0c138d049e
47.75465,29.257349,2020,,HUMAN_OBSERVATION,KW,3191883230,4fa7b334-ce0d-4e88-aaae-2e0c138d049e
46.9602,29.366991,2020,,HUMAN_OBSERVATION,KW,3192372750,4fa7b334-ce0d-4e88-aaae-2e0c138d049e
47.707787,29.553898,2020,,HUMAN_OBSERVATION,KW,3193503863,4fa7b334-ce0d-4e88-aaae-2e0c138d049e
47.75465,29.257349,2020,,HUMAN_OBSERVATION,KW,3195481947,4fa7b334-ce0d-4e88-aaae-2e0c138d049e
47.88523,31.26294,2020,,HUMAN_OBSERVATION,IR,3195714391,4fa7b334-ce0d-4e88-aaae-2e0c138d049e
47.707787,29.553898,2020,,HUMAN_OBSERVATION,KW,3196667291,4fa7b334-ce0d-4e88-aaae-2e0c138d049e
47.323483,31.701431,2020,,HUMAN_OBSERVATION,IQ,3197718015,4fa7b334-ce0d-4e88-aaae-2e0c138d049e
47.75465,29.257349,2020,,HUMAN_OBSERVATION,KW,3200386038,4fa7b334-ce0d-4e88-aaae-2e0c138d049e
47.75465,29.257349,2020,,HUMAN_OBSERVATION,KW,3200835248,4fa7b334-ce0d-4e88-aaae-2e0c138d049e
46.9602,29.366991,2020,,HUMAN_OBSERVATION,KW,3202565608,4fa7b334-ce0d-4e88-aaae-2e0c138d049e
46.9602,29.366991,2020,,HUMAN_OBSERVATION,KW,3202782962,4fa7b334-ce0d-4e88-aaae-2e0c138d049e
47.707787,29.553898,2020,,HUMAN_OBSERVATION,KW,3202974884,4fa7b334-ce0d-4e88-aaae-2e0c138d049e
47.88523,31.26294,2020,,HUMAN_OBSERVATION,IR,3204048876,4fa7b334-ce0d-4e88-aaae-2e0c138d049e
46.9602,29.366991,2020,,HUMAN_OBSERVATION,KW,3204931136,4fa7b334-ce0d-4e88-aaae-2e0c138d049e
47.75465,29.257349,2020,,HUMAN_OBSERVATION,KW,3209115750,4fa7b334-ce0d-4e88-aaae-2e0c138d049e
47.707787,29.553898,2020,,HUMAN_OBSERVATION,KW,3249898811,4fa7b334-ce0d-4e88-aaae-2e0c138d049e
47.707787,29.553898,2020,,HUMAN_OBSERVATION,KW,3251236717,4fa7b334-ce0d-4e88-aaae-2e0c138d049e
46.9602,29.366991,2020,,HUMAN_OBSERVATION,KW,3251573268,4fa7b334-ce0d-4e88-aaae-2e0c138d049e
46.9602,29.366991,2020,,HUMAN_OBSERVATION,KW,3254221119,4fa7b334-ce0d-4e88-aaae-2e0c138d049e
47.78334,29.585512,2020,,HUMAN_OBSERVATION,KW,3256553146,4fa7b334-ce0d-4e88-aaae-2e0c138d049e
47.707787,29.553898,2020,,HUMAN_OBSERVATION,KW,3256864068,4fa7b334-ce0d-4e88-aaae-2e0c138d049e
47.75465,29.257349,2020,,HUMAN_OBSERVATION,KW,3260209639,4fa7b334-ce0d-4e88-aaae-2e0c138d049e
46.9602,29.366991,2020,,HUMAN_OBSERVATION,KW,3261881167,4fa7b334-ce0d-4e88-aaae-2e0c138d049e
47.75465,29.257349,2020,,HUMAN_OBSERVATION,KW,3262091814,4fa7b334-ce0d-4e88-aaae-2e0c138d049e
47.75465,29.257349,2020,,HUMAN_OBSERVATION,KW,3265377038,4fa7b334-ce0d-4e88-aaae-2e0c138d049e
46.9602,29.366991,2020,,HUMAN_OBSERVATION,KW,3266317165,4fa7b334-ce0d-4e88-aaae-2e0c138d049e
47.75465,29.257349,2020,,HUMAN_OBSERVATION,KW,3266642657,4fa7b334-ce0d-4e88-aaae-2e0c138d049e
46.07732,31.807642,2020,,HUMAN_OBSERVATION,IQ,3268215612,4fa7b334-ce0d-4e88-aaae-2e0c138d049e
48.12089,29.133806,2020,,HUMAN_OBSERVATION,KW,3268476639,4fa7b334-ce0d-4e88-aaae-2e0c138d049e
48.037193,29.331232,2020,,HUMAN_OBSERVATION,KW,3276703073,4fa7b334-ce0d-4e88-aaae-2e0c138d049e
48.66297,31.3028,2020,,HUMAN_OBSERVATION,IR,3279625338,4fa7b334-ce0d-4e88-aaae-2e0c138d049e
47.75465,29.257349,2020,,HUMAN_OBSERVATION,KW,3287582893,4fa7b334-ce0d-4e88-aaae-2e0c138d049e
47.707787,29.553898,2020,,HUMAN_OBSERVATION,KW,3287803638,4fa7b334-ce0d-4e88-aaae-2e0c138d049e
46.9602,29.366991,2020,,HUMAN_OBSERVATION,KW,3292277683,4fa7b334-ce0d-4e88-aaae-2e0c138d049e
46.9602,29.366991,2020,,HUMAN_OBSERVATION,KW,3294706950,4fa7b334-ce0d-4e88-aaae-2e0c138d049e
47.730595,29.357735,2020,,HUMAN_OBSERVATION,KW,3653901307,4fa7b334-ce0d-4e88-aaae-2e0c138d049e
40.21391,30.273691,2020,,HUMAN_OBSERVATION,SA,5464379691,4fa7b334-ce0d-4e88-aaae-2e0c138d049e
47.926496,29.280899,2020,2.0,HUMAN_OBSERVATION,KW,2901555581,50c9509d-22c7-4a22-a47d-8c48425ef4a7
49.14422,30.530201,2020,,HUMAN_OBSERVATION,IR,3179331817,4fa7b334-ce0d-4e88-aaae-2e0c138d049e
47.707787,29.553898,2020,,HUMAN_OBSERVATION,KW,3179475138,4fa7b334-ce0d-4e88-aaae-2e0c138d049e
47.75465,29.257349,2020,,HUMAN_OBSERVATION,KW,3181359093,4fa7b334-ce0d-4e88-aaae-2e0c138d049e
47.75465,29.257349,2020,,HUMAN_OBSERVATION,KW,3182894521,4fa7b334-ce0d-4e88-aaae-2e0c138d049e
47.75465,29.257349,2020,,HUMAN_OBSERVATION,KW,3184147030,4fa7b334-ce0d-4e88-aaae-2e0c138d049e
47.75465,29.257349,2020,,HUMAN_OBSERVATION,KW,3185357283,4fa7b334-ce0d-4e88-aaae-2e0c138d049e
48.119457,29.133131,2020,,HUMAN_OBSERVATION,KW,3185576786,4fa7b334-ce0d-4e88-aaae-2e0c138d049e
47.75465,29.257349,2020,,HUMAN_OBSERVATION,KW,3186419683,4fa7b334-ce0d-4e88-aaae-2e0c138d049e
47.88523,31.26294,2020,,HUMAN_OBSERVATION,IR,3187328446,4fa7b334-ce0d-4e88-aaae-2e0c138d049e
46.9602,29.366991,2020,,HUMAN_OBSERVATION,KW,3187807661,4fa7b334-ce0d-4e88-aaae-2e0c138d049e
47.674255,29.351254,2020,,HUMAN_OBSERVATION,KW,3189034056,4fa7b334-ce0d-4e88-aaae-2e0c138d049e
47.75465,29.257349,2020,,HUMAN_OBSERVATION,KW,3189513248,4fa7b334-ce0d-4e88-aaae-2e0c138d049e
49.412136,31.830334,2020,,HUMAN_OBSERVATION,IR,3189909677,4fa7b334-ce0d-4e88-aaae-2e0c138d049e
49.161926,30.6245,2020,,HUMAN_OBSERVATION,IR,3190445729,4fa7b334-ce0d-4e88-aaae-2e0c138d049e
46.9602,29.366991,2020,,HUMAN_OBSERVATION,KW,3190798012,4fa7b334-ce0d-4e88-aaae-2e0c138d049e
47.5207,29.362001,2020,,HUMAN_OBSERVATION,KW,3190922962,4fa7b334-ce0d-4e88-aaae-2e0c138d049e
47.707787,29.553898,2020,,HUMAN_OBSERVATION,KW,3191238859,4fa7b334-ce0d-4e88-aaae-2e0c138d049e
47.707787,29.553898,2020,,HUMAN_OBSERVATION,KW,3191731192,4fa7b334-ce0d-4e88-aaae-2e0c138d049e
48.035965,29.334478,2020,,HUMAN_OBSERVATION,KW,3192251723,4fa7b334-ce0d-4e88-aaae-2e0c138d049e
48.11621,29.1906,2020,,HUMAN_OBSERVATION,KW,3193069170,4fa7b334-ce0d-4e88-aaae-2e0c138d049e
47.75465,29.257349,2020,,HUMAN_OBSERVATION,KW,3193369139,4fa7b334-ce0d-4e88-aaae-2e0c138d049e
47.75465,29.257349,2020,,HUMAN_OBSERVATION,KW,3193669158,4fa7b334-ce0d-4e88-aaae-2e0c138d049e
47.88523,31.26294,2020,,HUMAN_OBSERVATION,IR,3193695245,4fa7b334-ce0d-4e88-aaae-2e0c138d049e
47.75465,29.257349,2020,,HUMAN_OBSERVATION,KW,3195916753,4fa7b334-ce0d-4e88-aaae-2e0c138d049e
46.9602,29.366991,2020,,HUMAN_OBSERVATION,KW,3195962874,4fa7b334-ce0d-4e88-aaae-2e0c138d049e
47.707787,29.553898,2020,,HUMAN_OBSERVATION,KW,3196923860,4fa7b334-ce0d-4e88-aaae-2e0c138d049e
47.75465,29.257349,2020,,HUMAN_OBSERVATION,KW,3198847250,4fa7b334-ce0d-4e88-aaae-2e0c138d049e
45.46344,32.08256,2020,,HUMAN_OBSERVATION,IQ,3199714898,4fa7b334-ce0d-4e88-aaae-2e0c138d049e
47.75465,29.257349,2020,,HUMAN_OBSERVATION,KW,3200854685,4fa7b334-ce0d-4e88-aaae-2e0c138d049e
47.707787,29.553898,2020,,HUMAN_OBSERVATION,KW,3202395886,4fa7b334-ce0d-4e88-aaae-2e0c138d049e
47.75465,29.257349,2020,,HUMAN_OBSERVATION,KW,3206166928,4fa7b334-ce0d-4e88-aaae-2e0c138d049e
48.122143,29.166296,2020,,HUMAN_OBSERVATION,KW,3206935028,4fa7b334-ce0d-4e88-aaae-2e0c138d049e
47.5207,29.362001,2020,,HUMAN_OBSERVATION,KW,3207675649,4fa7b334-ce0d-4e88-aaae-2e0c138d049e
47.707787,29.553898,2020,,HUMAN_OBSERVATION,KW,3209094806,4fa7b334-ce0d-4e88-aaae-2e0c138d049e
47.707787,29.553898,2020,,HUMAN_OBSERVATION,KW,3209909773,4fa7b334-ce0d-4e88-aaae-2e0c138d049e
47.707787,29.553898,2020,,HUMAN_OBSERVATION,KW,3213152942,4fa7b334-ce0d-4e88-aaae-2e0c138d049e
47.75465,29.257349,2020,,HUMAN_OBSERVATION,KW,3213749963,4fa7b334-ce0d-4e88-aaae-2e0c138d049e
48.037327,29.331644,2020,,HUMAN_OBSERVATION,KW,3255463159,4fa7b334-ce0d-4e88-aaae-2e0c138d049e
46.9602,29.366991,2020,,HUMAN_OBSERVATION,KW,3255651061,4fa7b334-ce0d-4e88-aaae-2e0c138d049e
46.9602,29.366991,2020,,HUMAN_OBSERVATION,KW,3257324335,4fa7b334-ce0d-4e88-aaae-2e0c138d049e
47.840996,29.321728,2020,,HUMAN_OBSERVATION,KW,3258380711,4fa7b334-ce0d-4e88-aaae-2e0c138d049e
47.90282,29.334694,2020,,HUMAN_OBSERVATION,KW,3261286700,4fa7b334-ce0d-4e88-aaae-2e0c138d049e
48.979046,31.905598,2020,,HUMAN_OBSERVATION,IR,3261855228,4fa7b334-ce0d-4e88-aaae-2e0c138d049e
47.75465,29.257349,2020,,HUMAN_OBSERVATION,KW,3263233144,4fa7b334-ce0d-4e88-aaae-2e0c138d049e
47.75465,29.257349,2020,,HUMAN_OBSERVATION,KW,3264017433,4fa7b334-ce0d-4e88-aaae-2e0c138d049e
47.707787,29.553898,2020,,HUMAN_OBSERVATION,KW,3264050787,4fa7b334-ce0d-4e88-aaae-2e0c138d049e
48.12347,29.172932,2020,,HUMAN_OBSERVATION,KW,3266396569,4fa7b334-ce0d-4e88-aaae-2e0c138d049e
48.66297,31.3028,2020,,HUMAN_OBSERVATION,IR,3267400125,4fa7b334-ce0d-4e88-aaae-2e0c138d049e
47.75465,29.257349,2020,,HUMAN_OBSERVATION,KW,3268603331,4fa7b334-ce0d-4e88-aaae-2e0c138d049e
47.75465,29.257349,2020,,HUMAN_OBSERVATION,KW,3269639886,4fa7b334-ce0d-4e88-aaae-2e0c138d049e
47.75465,29.257349,2020,,HUMAN_OBSERVATION,KW,3272599481,4fa7b334-ce0d-4e88-aaae-2e0c138d049e
46.9602,29.366991,2020,,HUMAN_OBSERVATION,KW,3272735141,4fa7b334-ce0d-4e88-aaae-2e0c138d049e
47.75465,29.257349,2020,,HUMAN_OBSERVATION,KW,3273928474,4fa7b334-ce0d-4e88-aaae-2e0c138d049e
47.99523,29.390463,2020,,HUMAN_OBSERVATION,KW,3274402651,4fa7b334-ce0d-4e88-aaae-2e0c138d049e
46.9602,29.366991,2020,,HUMAN_OBSERVATION,KW,3275294118,4fa7b334-ce0d-4e88-aaae-2e0c138d049e
46.9602,29.366991,2020,,HUMAN_OBSERVATION,KW,3275873256,4fa7b334-ce0d-4e88-aaae-2e0c138d049e
48.03714,29.33102,2020,,HUMAN_OBSERVATION,KW,3275883105,4fa7b334-ce0d-4e88-aaae-2e0c138d049e
47.75465,29.257349,2020,,HUMAN_OBSERVATION,KW,3276333585,4fa7b334-ce0d-4e88-aaae-2e0c138d049e
47.674255,29.351254,2020,,HUMAN_OBSERVATION,KW,3277415831,4fa7b334-ce0d-4e88-aaae-2e0c138d049e
46.9602,29.366991,2020,,HUMAN_OBSERVATION,KW,3277749404,4fa7b334-ce0d-4e88-aaae-2e0c138d049e
48.60681,31.121664,2020,,HUMAN_OBSERVATION,IR,3281032214,4fa7b334-ce0d-4e88-aaae-2e0c138d049e
48.100964,29.135288,2020,,HUMAN_OBSERVATION,KW,3284388720,4fa7b334-ce0d-4e88-aaae-2e0c138d049e
47.75465,29.257349,2020,,HUMAN_OBSERVATION,KW,3284624150,4fa7b334-ce0d-4e88-aaae-2e0c138d049e
47.75465,29.257349,2020,,HUMAN_OBSERVATION,KW,3285371728,4fa7b334-ce0d-4e88-aaae-2e0c138d049e
47.707787,29.553898,2020,,HUMAN_OBSERVATION,KW,3287679444,4fa7b334-ce0d-4e88-aaae-2e0c138d049e
47.75465,29.257349,2020,,HUMAN_OBSERVATION,KW,3288161775,4fa7b334-ce0d-4e88-aaae-2e0c138d049e
47.75465,29.257349,2020,,HUMAN_OBSERVATION,KW,3293278048,4fa7b334-ce0d-4e88-aaae-2e0c138d049e
47.674255,29.351254,2020,,HUMAN_OBSERVATION,KW,3294341364,4fa7b334-ce0d-4e88-aaae-2e0c138d049e
47.75465,29.257349,2020,,HUMAN_OBSERVATION,KW,3294582881,4fa7b334-ce0d-4e88-aaae-2e0c138d049e
47.707787,29.553898,2020,,HUMAN_OBSERVATION,KW,3297670719,4fa7b334-ce0d-4e88-aaae-2e0c138d049e
47.75465,29.257349,2020,,HUMAN_OBSERVATION,KW,3300474926,4fa7b334-ce0d-4e88-aaae-2e0c138d049e
46.9602,29.366991,2020,,HUMAN_OBSERVATION,KW,4345897244,4fa7b334-ce0d-4e88-aaae-2e0c138d049e
47.5207,29.362001,2020,,HUMAN_OBSERVATION,KW,3191229045,4fa7b334-ce0d-4e88-aaae-2e0c138d049e
47.75465,29.257349,2020,,HUMAN_OBSERVATION,KW,3191315918,4fa7b334-ce0d-4e88-aaae-2e0c138d049e
48.12089,29.133806,2020,,HUMAN_OBSERVATION,KW,3195079336,4fa7b334-ce0d-4e88-aaae-2e0c138d049e
48.66297,31.3028,2020,,HUMAN_OBSERVATION,IR,3195523383,4fa7b334-ce0d-4e88-aaae-2e0c138d049e
47.75465,29.257349,2020,,HUMAN_OBSERVATION,KW,3195646120,4fa7b334-ce0d-4e88-aaae-2e0c138d049e
48.16208,31.796724,2020,,HUMAN_OBSERVATION,IR,3196370549,4fa7b334-ce0d-4e88-aaae-2e0c138d049e
48.12089,29.133806,2020,,HUMAN_OBSERVATION,KW,3197161241,4fa7b334-ce0d-4e88-aaae-2e0c138d049e
47.88523,31.26294,2020,,HUMAN_OBSERVATION,IR,3197305786,4fa7b334-ce0d-4e88-aaae-2e0c138d049e
47.730534,29.356573,2020,,HUMAN_OBSERVATION,KW,3197909001,4fa7b334-ce0d-4e88-aaae-2e0c138d049e
46.07732,31.807642,2020,,HUMAN_OBSERVATION,IQ,3198028355,4fa7b334-ce0d-4e88-aaae-2e0c138d049e
48.100964,29.135288,2020,,HUMAN_OBSERVATION,KW,3200933713,4fa7b334-ce0d-4e88-aaae-2e0c138d049e
47.730534,29.356573,2020,,HUMAN_OBSERVATION,KW,3201195632,4fa7b334-ce0d-4e88-aaae-2e0c138d049e
47.730534,29.356573,2020,,HUMAN_OBSERVATION,KW,3202814080,4fa7b334-ce0d-4e88-aaae-2e0c138d049e
47.75465,29.257349,2020,,HUMAN_OBSERVATION,KW,3207631197,4fa7b334-ce0d-4e88-aaae-2e0c138d049e
46.076633,31.807953,2020,,HUMAN_OBSERVATION,IQ,3208349882,4fa7b334-ce0d-4e88-aaae-2e0c138d049e
48.07765,29.327742,2020,,HUMAN_OBSERVATION,KW,3208379154,4fa7b334-ce0d-4e88-aaae-2e0c138d049e
47.75465,29.257349,2020,,HUMAN_OBSERVATION,KW,3210352383,4fa7b334-ce0d-4e88-aaae-2e0c138d049e
48.12089,29.133806,2020,,HUMAN_OBSERVATION,KW,3210734578,4fa7b334-ce0d-4e88-aaae-2e0c138d049e
47.75465,29.257349,2020,,HUMAN_OBSERVATION,KW,3212448548,4fa7b334-ce0d-4e88-aaae-2e0c138d049e
47.75465,29.257349,2020,,HUMAN_OBSERVATION,KW,3212493680,4fa7b334-ce0d-4e88-aaae-2e0c138d049e
48.02516,29.217413,2020,,HUMAN_OBSERVATION,KW,3213002018,4fa7b334-ce0d-4e88-aaae-2e0c138d049e
48.120953,29.133938,2020,,HUMAN_OBSERVATION,KW,3214916701,4fa7b334-ce0d-4e88-aaae-2e0c138d049e
45.451992,32.087524,2020,,HUMAN_OBSERVATION,IQ,3262956279,4fa7b334-ce0d-4e88-aaae-2e0c138d049e
47.730534,29.356573,2020,,HUMAN_OBSERVATION,KW,3263132181,4fa7b334-ce0d-4e88-aaae-2e0c138d049e
47.730534,29.356573,2020,,HUMAN_OBSERVATION,KW,3267552335,4fa7b334-ce0d-4e88-aaae-2e0c138d049e
47.75465,29.257349,2020,,HUMAN_OBSERVATION,KW,3272307948,4fa7b334-ce0d-4e88-aaae-2e0c138d049e
47.730534,29.356573,2020,,HUMAN_OBSERVATION,KW,3273848782,4fa7b334-ce0d-4e88-aaae-2e0c138d049e
48.119457,29.133131,2020,,HUMAN_OBSERVATION,KW,3275447805,4fa7b334-ce0d-4e88-aaae-2e0c138d049e
48.66297,31.3028,2020,,HUMAN_OBSERVATION,IR,3275568796,4fa7b334-ce0d-4e88-aaae-2e0c138d049e
48.129047,29.129276,2020,,HUMAN_OBSERVATION,KW,3275747664,4fa7b334-ce0d-4e88-aaae-2e0c138d049e
48.12089,29.133806,2020,,HUMAN_OBSERVATION,KW,3282132888,4fa7b334-ce0d-4e88-aaae-2e0c138d049e
48.120678,29.133404,2020,,HUMAN_OBSERVATION,KW,3283673720,4fa7b334-ce0d-4e88-aaae-2e0c138d049e
47.78334,29.585512,2020,,HUMAN_OBSERVATION,KW,3286557618,4fa7b334-ce0d-4e88-aaae-2e0c138d049e
47.730534,29.356573,2020,,HUMAN_OBSERVATION,KW,3290946340,4fa7b334-ce0d-4e88-aaae-2e0c138d049e
47.75465,29.257349,2020,,HUMAN_OBSERVATION,KW,3295388522,4fa7b334-ce0d-4e88-aaae-2e0c138d049e
47.75465,29.257349,2020,,HUMAN_OBSERVATION,KW,3296086607,4fa7b334-ce0d-4e88-aaae-2e0c138d049e
47.75465,29.257349,2020,,HUMAN_OBSERVATION,KW,3296655361,4fa7b334-ce0d-4e88-aaae-2e0c138d049e
48.1554,28.88062,2020,,HUMAN_OBSERVATION,KW,3297883929,4fa7b334-ce0d-4e88-aaae-2e0c138d049e
48.66297,31.3028,2020,,HUMAN_OBSERVATION,IR,3298359795,4fa7b334-ce0d-4e88-aaae-2e0c138d049e
48.122494,29.166393,2020,728.0,HUMAN_OBSERVATION,KW,3355012062,50c9509d-22c7-4a22-a47d-8c48425ef4a7
47.72905,29.442474,2020,,HUMAN_OBSERVATION,KW,4369822072,4fa7b334-ce0d-4e88-aaae-2e0c138d049e
47.79568,29.965034,2020,,HUMAN_OBSERVATION,KW,5620326251,4fa7b334-ce0d-4e88-aaae-2e0c138d049e
47.707787,29.553898,2020,,HUMAN_OBSERVATION,KW,3193074374,4fa7b334-ce0d-4e88-aaae-2e0c138d049e
48.037445,29.331434,2020,,HUMAN_OBSERVATION,KW,3193870208,4fa7b334-ce0d-4e88-aaae-2e0c138d049e
47.75465,29.257349,2020,,HUMAN_OBSERVATION,KW,3197771291,4fa7b334-ce0d-4e88-aaae-2e0c138d049e
47.674255,29.351254,2020,,HUMAN_OBSERVATION,KW,3198117955,4fa7b334-ce0d-4e88-aaae-2e0c138d049e
46.9602,29.366991,2020,,HUMAN_OBSERVATION,KW,3198389012,4fa7b334-ce0d-4e88-aaae-2e0c138d049e
42.47121,37.247776,2020,,HUMAN_OBSERVATION,TR,3198964150,4fa7b334-ce0d-4e88-aaae-2e0c138d049e
47.707787,29.553898,2020,,HUMAN_OBSERVATION,KW,3199746376,4fa7b334-ce0d-4e88-aaae-2e0c138d049e
48.100964,29.135288,2020,,HUMAN_OBSERVATION,KW,3199774828,4fa7b334-ce0d-4e88-aaae-2e0c138d049e
47.707787,29.553898,2020,,HUMAN_OBSERVATION,KW,3200472485,4fa7b334-ce0d-4e88-aaae-2e0c138d049e
47.707787,29.553898,2020,,HUMAN_OBSERVATION,KW,3201281722,4fa7b334-ce0d-4e88-aaae-2e0c138d049e
46.9602,29.366991,2020,,HUMAN_OBSERVATION,KW,3202149087,4fa7b334-ce0d-4e88-aaae-2e0c138d049e
46.9602,29.366991,2020,,HUMAN_OBSERVATION,KW,3202961089,4fa7b334-ce0d-4e88-aaae-2e0c138d049e
48.037193,29.331232,2020,,HUMAN_OBSERVATION,KW,3203756783,4fa7b334-ce0d-4e88-aaae-2e0c138d049e
48.37844,28.711248,2020,,HUMAN_OBSERVATION,KW,3204429807,4fa7b334-ce0d-4e88-aaae-2e0c138d049e
47.707787,29.553898,2020,,HUMAN_OBSERVATION,KW,3205843213,4fa7b334-ce0d-4e88-aaae-2e0c138d049e
47.707787,29.553898,2020,,HUMAN_OBSERVATION,KW,3205956645,4fa7b334-ce0d-4e88-aaae-2e0c138d049e
47.707787,29.553898,2020,,HUMAN_OBSERVATION,KW,3206809205,4fa7b334-ce0d-4e88-aaae-2e0c138d049e
47.707787,29.553898,2020,,HUMAN_OBSERVATION,KW,3207710218,4fa7b334-ce0d-4e88-aaae-2e0c138d049e
47.674255,29.351254,2020,,HUMAN_OBSERVATION,KW,3210196676,4fa7b334-ce0d-4e88-aaae-2e0c138d049e
47.707787,29.553898,2020,,HUMAN_OBSERVATION,KW,3211086442,4fa7b334-ce0d-4e88-aaae-2e0c138d049e
48.026817,29.364449,2020,,HUMAN_OBSERVATION,KW,3211727732,4fa7b334-ce0d-4e88-aaae-2e0c138d049e
47.730534,29.356573,2020,,HUMAN_OBSERVATION,KW,3211879511,4fa7b334-ce0d-4e88-aaae-2e0c138d049e
48.100964,29.135288,2020,,HUMAN_OBSERVATION,KW,3213094557,4fa7b334-ce0d-4e88-aaae-2e0c138d049e
47.75465,29.257349,2020,,HUMAN_OBSERVATION,KW,3213227664,4fa7b334-ce0d-4e88-aaae-2e0c138d049e
47.75465,29.257349,2020,,HUMAN_OBSERVATION,KW,3213317447,4fa7b334-ce0d-4e88-aaae-2e0c138d049e
48.122143,29.166296,2020,,HUMAN_OBSERVATION,KW,3213733571,4fa7b334-ce0d-4e88-aaae-2e0c138d049e
45.54404,32.108524,2020,,HUMAN_OBSERVATION,IQ,3214368211,4fa7b334-ce0d-4e88-aaae-2e0c138d049e
47.75465,29.257349,2020,,HUMAN_OBSERVATION,KW,3214486815,4fa7b334-ce0d-4e88-aaae-2e0c138d049e
48.100964,29.135288,2020,,HUMAN_OBSERVATION,KW,3214517240,4fa7b334-ce0d-4e88-aaae-2e0c138d049e
47.707787,29.553898,2020,,HUMAN_OBSERVATION,KW,3214534317,4fa7b334-ce0d-4e88-aaae-2e0c138d049e
48.100964,29.135288,2020,,HUMAN_OBSERVATION,KW,3214604369,4fa7b334-ce0d-4e88-aaae-2e0c138d049e
46.9602,29.366991,2020,,HUMAN_OBSERVATION,KW,3214849090,4fa7b334-ce0d-4e88-aaae-2e0c138d049e
48.120953,29.133938,2020,,HUMAN_OBSERVATION,KW,3215080967,4fa7b334-ce0d-4e88-aaae-2e0c138d049e
48.09481,29.337557,2020,,HUMAN_OBSERVATION,KW,3216094842,4fa7b334-ce0d-4e88-aaae-2e0c138d049e
47.730534,29.356573,2020,,HUMAN_OBSERVATION,KW,3216313567,4fa7b334-ce0d-4e88-aaae-2e0c138d049e
47.707787,29.553898,2020,,HUMAN_OBSERVATION,KW,3266394473,4fa7b334-ce0d-4e88-aaae-2e0c138d049e
47.707787,29.553898,2020,,HUMAN_OBSERVATION,KW,3268757842,4fa7b334-ce0d-4e88-aaae-2e0c138d049e
47.707787,29.553898,2020,,HUMAN_OBSERVATION,KW,3269080659,4fa7b334-ce0d-4e88-aaae-2e0c138d049e
48.414772,32.32875,2020,,HUMAN_OBSERVATION,IR,3269282764,4fa7b334-ce0d-4e88-aaae-2e0c138d049e
47.707787,29.553898,2020,,HUMAN_OBSERVATION,KW,3270648563,4fa7b334-ce0d-4e88-aaae-2e0c138d049e
47.707787,29.553898,2020,,HUMAN_OBSERVATION,KW,3270692007,4fa7b334-ce0d-4e88-aaae-2e0c138d049e
42.47223,37.23706,2020,,HUMAN_OBSERVATION,TR,3274560751,4fa7b334-ce0d-4e88-aaae-2e0c138d049e
47.75465,29.257349,2020,,HUMAN_OBSERVATION,KW,3274754391,4fa7b334-ce0d-4e88-aaae-2e0c138d049e
47.707787,29.553898,2020,,HUMAN_OBSERVATION,KW,3275140819,4fa7b334-ce0d-4e88-aaae-2e0c138d049e
47.707787,29.553898,2020,,HUMAN_OBSERVATION,KW,3277109944,4fa7b334-ce0d-4e88-aaae-2e0c138d049e
47.730534,29.356573,2020,,HUMAN_OBSERVATION,KW,3277658603,4fa7b334-ce0d-4e88-aaae-2e0c138d049e
48.119457,29.133131,2020,,HUMAN_OBSERVATION,KW,3280306317,4fa7b334-ce0d-4e88-aaae-2e0c138d049e
47.707787,29.553898,2020,,HUMAN_OBSERVATION,KW,3281026540,4fa7b334-ce0d-4e88-aaae-2e0c138d049e
47.75465,29.257349,2020,,HUMAN_OBSERVATION,KW,3281956998,4fa7b334-ce0d-4e88-aaae-2e0c138d049e
47.707787,29.553898,2020,,HUMAN_OBSERVATION,KW,3282300923,4fa7b334-ce0d-4e88-aaae-2e0c138d049e
46.9602,29.366991,2020,,HUMAN_OBSERVATION,KW,3283641914,4fa7b334-ce0d-4e88-aaae-2e0c138d049e
47.707787,29.553898,2020,,HUMAN_OBSERVATION,KW,3283801179,4fa7b334-ce0d-4e88-aaae-2e0c138d049e
47.75465,29.257349,2020,,HUMAN_OBSERVATION,KW,3286532701,4fa7b334-ce0d-4e88-aaae-2e0c138d049e
46.9602,29.366991,2020,,HUMAN_OBSERVATION,KW,3286647330,4fa7b334-ce0d-4e88-aaae-2e0c138d049e
46.9602,29.366991,2020,,HUMAN_OBSERVATION,KW,3289156972,4fa7b334-ce0d-4e88-aaae-2e0c138d049e
48.119457,29.133131,2020,,HUMAN_OBSERVATION,KW,3290264914,4fa7b334-ce0d-4e88-aaae-2e0c138d049e
47.707787,29.553898,2020,,HUMAN_OBSERVATION,KW,3293689212,4fa7b334-ce0d-4e88-aaae-2e0c138d049e
47.75465,29.257349,2020,,HUMAN_OBSERVATION,KW,3293904628,4fa7b334-ce0d-4e88-aaae-2e0c138d049e
46.9602,29.366991,2020,,HUMAN_OBSERVATION,KW,3294800248,4fa7b334-ce0d-4e88-aaae-2e0c138d049e
48.66297,31.3028,2020,,HUMAN_OBSERVATION,IR,3296180823,4fa7b334-ce0d-4e88-aaae-2e0c138d049e
47.730534,29.356573,2020,,HUMAN_OBSERVATION,KW,3296640682,4fa7b334-ce0d-4e88-aaae-2e0c138d049e
47.75465,29.257349,2020,,HUMAN_OBSERVATION,KW,3297136874,4fa7b334-ce0d-4e88-aaae-2e0c138d049e
47.707787,29.553898,2020,,HUMAN_OBSERVATION,KW,3298014710,4fa7b334-ce0d-4e88-aaae-2e0c138d049e
47.707787,29.553898,2020,,HUMAN_OBSERVATION,KW,3300750607,4fa7b334-ce0d-4e88-aaae-2e0c138d049e
47.75465,29.257349,2020,,HUMAN_OBSERVATION,KW,3566887568,4fa7b334-ce0d-4e88-aaae-2e0c138d049e
47.92646,29.281839,2020,10.0,HUMAN_OBSERVATION,KW,3858191589,50c9509d-22c7-4a22-a47d-8c48425ef4a7
47.92606,29.281937,2020,14.0,HUMAN_OBSERVATION,KW,3858218593,50c9509d-22c7-4a22-a47d-8c48425ef4a7
48.089624,29.260504,2019,65.0,HUMAN_OBSERVATION,KW,1990568992,50c9509d-22c7-4a22-a47d-8c48425ef4a7
44.96059,35.928158,2019,,HUMAN_OBSERVATION,IQ,2652958819,4fa7b334-ce0d-4e88-aaae-2e0c138d049e
47.99427,29.373367,2019,,HUMAN_OBSERVATION,KW,2653526434,4fa7b334-ce0d-4e88-aaae-2e0c138d049e
48.122173,29.165966,2019,,HUMAN_OBSERVATION,KW,2653528682,4fa7b334-ce0d-4e88-aaae-2e0c138d049e
48.03714,29.33102,2019,,HUMAN_OBSERVATION,KW,2653586396,4fa7b334-ce0d-4e88-aaae-2e0c138d049e
48.07365,29.318,2019,,HUMAN_OBSERVATION,KW,2653942511,4fa7b334-ce0d-4e88-aaae-2e0c138d049e
47.674255,29.351254,2019,,HUMAN_OBSERVATION,KW,2654028279,4fa7b334-ce0d-4e88-aaae-2e0c138d049e
48.07365,29.318,2019,,HUMAN_OBSERVATION,KW,2654181944,4fa7b334-ce0d-4e88-aaae-2e0c138d049e
47.90863,29.357641,2019,,HUMAN_OBSERVATION,KW,2654289851,4fa7b334-ce0d-4e88-aaae-2e0c138d049e
48.122456,29.165972,2019,,HUMAN_OBSERVATION,KW,2654360660,4fa7b334-ce0d-4e88-aaae-2e0c138d049e
46.9602,29.366991,2019,,HUMAN_OBSERVATION,KW,2654673205,4fa7b334-ce0d-4e88-aaae-2e0c138d049e
48.119457,29.133131,2019,,HUMAN_OBSERVATION,KW,2655444714,4fa7b334-ce0d-4e88-aaae-2e0c138d049e
46.9602,29.366991,2019,,HUMAN_OBSERVATION,KW,2655454105,4fa7b334-ce0d-4e88-aaae-2e0c138d049e
48.108196,29.212225,2019,,HUMAN_OBSERVATION,KW,2655915424,4fa7b334-ce0d-4e88-aaae-2e0c138d049e
48.08256,29.316772,2019,,HUMAN_OBSERVATION,KW,2655941910,4fa7b334-ce0d-4e88-aaae-2e0c138d049e
48.026817,29.364449,2019,,HUMAN_OBSERVATION,KW,2656039740,4fa7b334-ce0d-4e88-aaae-2e0c138d049e
48.119457,29.133131,2019,,HUMAN_OBSERVATION,KW,2656180210,4fa7b334-ce0d-4e88-aaae-2e0c138d049e
47.75559,29.26832,2019,,HUMAN_OBSERVATION,KW,2656405010,4fa7b334-ce0d-4e88-aaae-2e0c138d049e
47.674255,29.351254,2019,,HUMAN_OBSERVATION,KW,2657021951,4fa7b334-ce0d-4e88-aaae-2e0c138d049e
48.119457,29.133131,2019,,HUMAN_OBSERVATION,KW,2657103455,4fa7b334-ce0d-4e88-aaae-2e0c138d049e
48.119457,29.133131,2019,,HUMAN_OBSERVATION,KW,2659092740,4fa7b334-ce0d-4e88-aaae-2e0c138d049e
47.75465,29.257349,2019,,HUMAN_OBSERVATION,KW,2659505916,4fa7b334-ce0d-4e88-aaae-2e0c138d049e
47.674255,29.351254,2019,,HUMAN_OBSERVATION,KW,2660019436,4fa7b334-ce0d-4e88-aaae-2e0c138d049e
47.770287,30.030807,2019,,HUMAN_OBSERVATION,KW,2660233792,4fa7b334-ce0d-4e88-aaae-2e0c138d049e
47.75465,29.257349,2019,,HUMAN_OBSERVATION,KW,2660333124,4fa7b334-ce0d-4e88-aaae-2e0c138d049e
48.122143,29.166296,2019,,HUMAN_OBSERVATION,KW,2663146547,4fa7b334-ce0d-4e88-aaae-2e0c138d049e
47.707787,29.553898,2019,,HUMAN_OBSERVATION,KW,2665890756,4fa7b334-ce0d-4e88-aaae-2e0c138d049e
48.119457,29.133131,2019,,HUMAN_OBSERVATION,KW,2667437216,4fa7b334-ce0d-4e88-aaae-2e0c138d049e
47.707787,29.553898,2019,,HUMAN_OBSERVATION,KW,2667747106,4fa7b334-ce0d-4e88-aaae-2e0c138d049e
47.75465,29.257349,2019,,HUMAN_OBSERVATION,KW,2668863130,4fa7b334-ce0d-4e88-aaae-2e0c138d049e
48.669224,31.316961,2019,,HUMAN_OBSERVATION,IR,2715938476,4fa7b334-ce0d-4e88-aaae-2e0c138d049e
48.122173,29.165966,2019,,HUMAN_OBSERVATION,KW,2727789977,4fa7b334-ce0d-4e88-aaae-2e0c138d049e
48.119457,29.133131,2019,,HUMAN_OBSERVATION,KW,2728229872,4fa7b334-ce0d-4e88-aaae-2e0c138d049e
47.75465,29.257349,2019,,HUMAN_OBSERVATION,KW,2728231409,4fa7b334-ce0d-4e88-aaae-2e0c138d049e
47.75559,29.26832,2019,,HUMAN_OBSERVATION,KW,2728727312,4fa7b334-ce0d-4e88-aaae-2e0c138d049e
47.99427,29.373367,2019,,HUMAN_OBSERVATION,KW,2728861397,4fa7b334-ce0d-4e88-aaae-2e0c138d049e
47.75559,29.26832,2019,,HUMAN_OBSERVATION,KW,2729603216,4fa7b334-ce0d-4e88-aaae-2e0c138d049e
47.674255,29.351254,2019,,HUMAN_OBSERVATION,KW,2730098290,4fa7b334-ce0d-4e88-aaae-2e0c138d049e
47.674255,29.351254,2019,,HUMAN_OBSERVATION,KW,2730107363,4fa7b334-ce0d-4e88-aaae-2e0c138d049e
47.90282,29.334694,2019,,HUMAN_OBSERVATION,KW,2730481029,4fa7b334-ce0d-4e88-aaae-2e0c138d049e
48.392178,28.591267,2019,,HUMAN_OBSERVATION,KW,2730740227,4fa7b334-ce0d-4e88-aaae-2e0c138d049e
48.690586,32.082058,2019,,HUMAN_OBSERVATION,IR,2731015141,4fa7b334-ce0d-4e88-aaae-2e0c138d049e
48.119457,29.133131,2019,,HUMAN_OBSERVATION,KW,2731141451,4fa7b334-ce0d-4e88-aaae-2e0c138d049e
48.082935,29.316801,2019,,HUMAN_OBSERVATION,KW,2731274172,4fa7b334-ce0d-4e88-aaae-2e0c138d049e
47.99427,29.373367,2019,,HUMAN_OBSERVATION,KW,2731593323,4fa7b334-ce0d-4e88-aaae-2e0c138d049e
48.09762,29.14795,2019,,HUMAN_OBSERVATION,KW,2731775254,4fa7b334-ce0d-4e88-aaae-2e0c138d049e
48.122005,29.127281,2019,,HUMAN_OBSERVATION,KW,2732061709,4fa7b334-ce0d-4e88-aaae-2e0c138d049e
48.690586,32.082058,2019,,HUMAN_OBSERVATION,IR,2733030193,4fa7b334-ce0d-4e88-aaae-2e0c138d049e
47.674255,29.351254,2019,,HUMAN_OBSERVATION,KW,2734900021,4fa7b334-ce0d-4e88-aaae-2e0c138d049e
48.119457,29.133131,2019,,HUMAN_OBSERVATION,KW,2735093801,4fa7b334-ce0d-4e88-aaae-2e0c138d049e
46.9602,29.366991,2019,,HUMAN_OBSERVATION,KW,2736235432,4fa7b334-ce0d-4e88-aaae-2e0c138d049e
45.425804,35.611534,2019,,HUMAN_OBSERVATION,IQ,2738165694,4fa7b334-ce0d-4e88-aaae-2e0c138d049e
48.08256,29.316772,2019,,HUMAN_OBSERVATION,KW,2738725350,4fa7b334-ce0d-4e88-aaae-2e0c138d049e
48.026817,29.364449,2019,,HUMAN_OBSERVATION,KW,2739745359,4fa7b334-ce0d-4e88-aaae-2e0c138d049e
48.120407,29.18252,2019,,HUMAN_OBSERVATION,KW,2743411845,4fa7b334-ce0d-4e88-aaae-2e0c138d049e
47.75465,29.257349,2019,,HUMAN_OBSERVATION,KW,2744330625,4fa7b334-ce0d-4e88-aaae-2e0c138d049e
48.116882,29.188654,2019,,HUMAN_OBSERVATION,KW,2744391986,4fa7b334-ce0d-4e88-aaae-2e0c138d049e
48.026817,29.364449,2019,,HUMAN_OBSERVATION,KW,2744866945,4fa7b334-ce0d-4e88-aaae-2e0c138d049e
48.115948,29.191578,2019,,HUMAN_OBSERVATION,KW,2744962384,4fa7b334-ce0d-4e88-aaae-2e0c138d049e
47.674255,29.351254,2019,,HUMAN_OBSERVATION,KW,2745849561,4fa7b334-ce0d-4e88-aaae-2e0c138d049e
48.100204,29.136242,2019,,HUMAN_OBSERVATION,KW,2753394493,4fa7b334-ce0d-4e88-aaae-2e0c138d049e
47.810547,29.96825,2019,,HUMAN_OBSERVATION,KW,2753877726,4fa7b334-ce0d-4e88-aaae-2e0c138d049e
47.707787,29.553898,2019,,HUMAN_OBSERVATION,KW,2754815640,4fa7b334-ce0d-4e88-aaae-2e0c138d049e
47.674255,29.351254,2019,,HUMAN_OBSERVATION,KW,2760973484,4fa7b334-ce0d-4e88-aaae-2e0c138d049e
47.85474,31.491774,2019,,HUMAN_OBSERVATION,IR,2764495908,4fa7b334-ce0d-4e88-aaae-2e0c138d049e
47.981957,29.379924,2019,5.0,HUMAN_OBSERVATION,KW,2837404578,8a863029-f435-446a-821e-275f4f641165
47.994113,29.370116,2019,5.0,HUMAN_OBSERVATION,KW,2837559396,8a863029-f435-446a-821e-275f4f641165
47.988994,29.390495,2019,5.0,HUMAN_OBSERVATION,KW,2840937427,8a863029-f435-446a-821e-275f4f641165
47.995613,29.375246,2019,10.0,HUMAN_OBSERVATION,KW,2842310510,8a863029-f435-446a-821e-275f4f641165
47.998124,29.374308,2019,65.0,HUMAN_OBSERVATION,KW,2843892376,8a863029-f435-446a-821e-275f4f641165
48.122092,29.16751,2019,8.0,HUMAN_OBSERVATION,KW,2984443013,50c9509d-22c7-4a22-a47d-8c48425ef4a7
47.994563,29.369843,2019,31.0,HUMAN_OBSERVATION,KW,2984495045,50c9509d-22c7-4a22-a47d-8c48425ef4a7
47.75559,29.26832,2019,,HUMAN_OBSERVATION,KW,3189904602,4fa7b334-ce0d-4e88-aaae-2e0c138d049e
48.122173,29.165966,2019,,HUMAN_OBSERVATION,KW,3205467175,4fa7b334-ce0d-4e88-aaae-2e0c138d049e
48.08263,29.316355,2019,,HUMAN_OBSERVATION,KW,3213255984,4fa7b334-ce0d-4e88-aaae-2e0c138d049e
47.75465,29.257349,2019,,HUMAN_OBSERVATION,KW,3262362670,4fa7b334-ce0d-4e88-aaae-2e0c138d049e
47.770287,30.030807,2019,,HUMAN_OBSERVATION,KW,3274849873,4fa7b334-ce0d-4e88-aaae-2e0c138d049e
48.122173,29.165966,2019,,HUMAN_OBSERVATION,KW,3275751087,4fa7b334-ce0d-4e88-aaae-2e0c138d049e
47.675358,29.424238,2019,,HUMAN_OBSERVATION,KW,3278184317,4fa7b334-ce0d-4e88-aaae-2e0c138d049e
47.675358,29.424238,2019,,HUMAN_OBSERVATION,KW,3285455543,4fa7b334-ce0d-4e88-aaae-2e0c138d049e
47.914135,29.354277,2019,,HUMAN_OBSERVATION,KW,3288368855,4fa7b334-ce0d-4e88-aaae-2e0c138d049e
47.85474,31.491774,2019,,HUMAN_OBSERVATION,IR,4343272518,4fa7b334-ce0d-4e88-aaae-2e0c138d049e
47.674255,29.351254,2019,,HUMAN_OBSERVATION,KW,2654316311,4fa7b334-ce0d-4e88-aaae-2e0c138d049e
48.11621,29.1906,2019,,HUMAN_OBSERVATION,KW,2656582678,4fa7b334-ce0d-4e88-aaae-2e0c138d049e
47.99427,29.373367,2019,,HUMAN_OBSERVATION,KW,2657229646,4fa7b334-ce0d-4e88-aaae-2e0c138d049e
47.75465,29.257349,2019,,HUMAN_OBSERVATION,KW,2657314200,4fa7b334-ce0d-4e88-aaae-2e0c138d049e
47.99427,29.373367,2019,,HUMAN_OBSERVATION,KW,2657859752,4fa7b334-ce0d-4e88-aaae-2e0c138d049e
47.90863,29.357641,2019,,HUMAN_OBSERVATION,KW,2657866739,4fa7b334-ce0d-4e88-aaae-2e0c138d049e
47.693195,29.36198,2019,,HUMAN_OBSERVATION,KW,2658509177,4fa7b334-ce0d-4e88-aaae-2e0c138d049e
48.100204,29.136242,2019,,HUMAN_OBSERVATION,KW,2659687408,4fa7b334-ce0d-4e88-aaae-2e0c138d049e
46.9602,29.366991,2019,,HUMAN_OBSERVATION,KW,2661081130,4fa7b334-ce0d-4e88-aaae-2e0c138d049e
47.877384,29.686853,2019,,HUMAN_OBSERVATION,KW,2661322104,4fa7b334-ce0d-4e88-aaae-2e0c138d049e
48.119457,29.133131,2019,,HUMAN_OBSERVATION,KW,2662494486,4fa7b334-ce0d-4e88-aaae-2e0c138d049e
47.75465,29.257349,2019,,HUMAN_OBSERVATION,KW,2663123620,4fa7b334-ce0d-4e88-aaae-2e0c138d049e
48.122143,29.166296,2019,,HUMAN_OBSERVATION,KW,2663464604,4fa7b334-ce0d-4e88-aaae-2e0c138d049e
47.877384,29.686853,2019,,HUMAN_OBSERVATION,KW,2663789932,4fa7b334-ce0d-4e88-aaae-2e0c138d049e
47.90863,29.357641,2019,,HUMAN_OBSERVATION,KW,2665737397,4fa7b334-ce0d-4e88-aaae-2e0c138d049e
42.818314,36.627365,2019,,HUMAN_OBSERVATION,IQ,2667663629,4fa7b334-ce0d-4e88-aaae-2e0c138d049e
47.90863,29.357641,2019,,HUMAN_OBSERVATION,KW,2671355572,4fa7b334-ce0d-4e88-aaae-2e0c138d049e
48.036327,29.335262,2019,,HUMAN_OBSERVATION,KW,2728237335,4fa7b334-ce0d-4e88-aaae-2e0c138d049e
48.100204,29.136242,2019,,HUMAN_OBSERVATION,KW,2728277971,4fa7b334-ce0d-4e88-aaae-2e0c138d049e
47.99427,29.373367,2019,,HUMAN_OBSERVATION,KW,2728346826,4fa7b334-ce0d-4e88-aaae-2e0c138d049e
47.90863,29.357641,2019,,HUMAN_OBSERVATION,KW,2728842337,4fa7b334-ce0d-4e88-aaae-2e0c138d049e
48.371605,32.25086,2019,,HUMAN_OBSERVATION,IR,2728948451,4fa7b334-ce0d-4e88-aaae-2e0c138d049e
48.100674,29.137802,2019,,HUMAN_OBSERVATION,KW,2732197384,4fa7b334-ce0d-4e88-aaae-2e0c138d049e
48.52372,32.00779,2019,,HUMAN_OBSERVATION,IR,2732768357,4fa7b334-ce0d-4e88-aaae-2e0c138d049e
48.119457,29.133131,2019,,HUMAN_OBSERVATION,KW,2732899696,4fa7b334-ce0d-4e88-aaae-2e0c138d049e
48.52372,32.00779,2019,,HUMAN_OBSERVATION,IR,2733669416,4fa7b334-ce0d-4e88-aaae-2e0c138d049e
47.90863,29.357641,2019,,HUMAN_OBSERVATION,KW,2734378359,4fa7b334-ce0d-4e88-aaae-2e0c138d049e
48.119457,29.133131,2019,,HUMAN_OBSERVATION,KW,2734429873,4fa7b334-ce0d-4e88-aaae-2e0c138d049e
48.371605,32.25086,2019,,HUMAN_OBSERVATION,IR,2734567507,4fa7b334-ce0d-4e88-aaae-2e0c138d049e
48.10157,29.134655,2019,,HUMAN_OBSERVATION,KW,2735656788,4fa7b334-ce0d-4e88-aaae-2e0c138d049e
47.674255,29.351254,2019,,HUMAN_OBSERVATION,KW,2736176101,4fa7b334-ce0d-4e88-aaae-2e0c138d049e
48.119457,29.133131,2019,,HUMAN_OBSERVATION,KW,2738353145,4fa7b334-ce0d-4e88-aaae-2e0c138d049e
47.674255,29.351254,2019,,HUMAN_OBSERVATION,KW,2740526121,4fa7b334-ce0d-4e88-aaae-2e0c138d049e
48.036327,29.335262,2019,,HUMAN_OBSERVATION,KW,2741507846,4fa7b334-ce0d-4e88-aaae-2e0c138d049e
48.119457,29.133131,2019,,HUMAN_OBSERVATION,KW,2743297287,4fa7b334-ce0d-4e88-aaae-2e0c138d049e
46.9602,29.366991,2019,,HUMAN_OBSERVATION,KW,2743485674,4fa7b334-ce0d-4e88-aaae-2e0c138d049e
48.119457,29.133131,2019,,HUMAN_OBSERVATION,KW,2746247721,4fa7b334-ce0d-4e88-aaae-2e0c138d049e
48.392178,28.591267,2019,,HUMAN_OBSERVATION,KW,2746626149,4fa7b334-ce0d-4e88-aaae-2e0c138d049e
47.99427,29.373367,2019,,HUMAN_OBSERVATION,KW,2750437259,4fa7b334-ce0d-4e88-aaae-2e0c138d049e
47.90863,29.357641,2019,,HUMAN_OBSERVATION,KW,2752682624,4fa7b334-ce0d-4e88-aaae-2e0c138d049e
45.573666,34.50165,2019,,HUMAN_OBSERVATION,IR,2801115504,4fa7b334-ce0d-4e88-aaae-2e0c138d049e
47.707787,29.553898,2019,,HUMAN_OBSERVATION,KW,2658539988,4fa7b334-ce0d-4e88-aaae-2e0c138d049e
48.119457,29.133131,2019,,HUMAN_OBSERVATION,KW,2658556937,4fa7b334-ce0d-4e88-aaae-2e0c138d049e
48.122005,29.127281,2019,,HUMAN_OBSERVATION,KW,2660825416,4fa7b334-ce0d-4e88-aaae-2e0c138d049e
47.674255,29.351254,2019,,HUMAN_OBSERVATION,KW,2661209495,4fa7b334-ce0d-4e88-aaae-2e0c138d049e
47.674255,29.351254,2019,,HUMAN_OBSERVATION,KW,2661485752,4fa7b334-ce0d-4e88-aaae-2e0c138d049e
48.38606,28.64303,2019,,HUMAN_OBSERVATION,KW,2661569694,4fa7b334-ce0d-4e88-aaae-2e0c138d049e
47.909,29.572233,2019,,HUMAN_OBSERVATION,KW,2661904544,4fa7b334-ce0d-4e88-aaae-2e0c138d049e
47.90863,29.357641,2019,,HUMAN_OBSERVATION,KW,2661958595,4fa7b334-ce0d-4e88-aaae-2e0c138d049e
48.392178,28.591267,2019,,HUMAN_OBSERVATION,KW,2662012928,4fa7b334-ce0d-4e88-aaae-2e0c138d049e
44.769173,36.140663,2019,,HUMAN_OBSERVATION,IQ,2662379654,4fa7b334-ce0d-4e88-aaae-2e0c138d049e
47.99427,29.373367,2019,,HUMAN_OBSERVATION,KW,2662688520,4fa7b334-ce0d-4e88-aaae-2e0c138d049e
46.9602,29.366991,2019,,HUMAN_OBSERVATION,KW,2662825286,4fa7b334-ce0d-4e88-aaae-2e0c138d049e
48.036327,29.335262,2019,,HUMAN_OBSERVATION,KW,2662872616,4fa7b334-ce0d-4e88-aaae-2e0c138d049e
48.100964,29.135288,2019,,HUMAN_OBSERVATION,KW,2663332745,4fa7b334-ce0d-4e88-aaae-2e0c138d049e
48.100964,29.135288,2019,,HUMAN_OBSERVATION,KW,2664492656,4fa7b334-ce0d-4e88-aaae-2e0c138d049e
43.980846,36.19152,2019,,HUMAN_OBSERVATION,IQ,2664573868,4fa7b334-ce0d-4e88-aaae-2e0c138d049e
48.38606,28.64303,2019,,HUMAN_OBSERVATION,KW,2664856695,4fa7b334-ce0d-4e88-aaae-2e0c138d049e
47.707787,29.553898,2019,,HUMAN_OBSERVATION,KW,2667639223,4fa7b334-ce0d-4e88-aaae-2e0c138d049e
48.534935,30.67708,2019,,HUMAN_OBSERVATION,IR,2668612079,4fa7b334-ce0d-4e88-aaae-2e0c138d049e
48.122173,29.165966,2019,,HUMAN_OBSERVATION,KW,2668856395,4fa7b334-ce0d-4e88-aaae-2e0c138d049e
46.9602,29.366991,2019,,HUMAN_OBSERVATION,KW,2669660213,4fa7b334-ce0d-4e88-aaae-2e0c138d049e
48.035965,29.334478,2019,,HUMAN_OBSERVATION,KW,2669795262,4fa7b334-ce0d-4e88-aaae-2e0c138d049e
45.021145,35.90255,2019,,HUMAN_OBSERVATION,IQ,2670201407,4fa7b334-ce0d-4e88-aaae-2e0c138d049e
48.026817,29.364449,2019,,HUMAN_OBSERVATION,KW,2671642424,4fa7b334-ce0d-4e88-aaae-2e0c138d049e
48.119457,29.133131,2019,,HUMAN_OBSERVATION,KW,2672588403,4fa7b334-ce0d-4e88-aaae-2e0c138d049e
48.119457,29.133131,2019,,HUMAN_OBSERVATION,KW,2672945817,4fa7b334-ce0d-4e88-aaae-2e0c138d049e
45.425804,35.611534,2019,,HUMAN_OBSERVATION,IQ,2686909240,4fa7b334-ce0d-4e88-aaae-2e0c138d049e
47.707787,29.553898,2019,,HUMAN_OBSERVATION,KW,2704378803,4fa7b334-ce0d-4e88-aaae-2e0c138d049e
45.49802,33.998238,2019,,HUMAN_OBSERVATION,IR,2713020177,4fa7b334-ce0d-4e88-aaae-2e0c138d049e
48.66297,31.3028,2019,,HUMAN_OBSERVATION,IR,2722971065,4fa7b334-ce0d-4e88-aaae-2e0c138d049e
47.90282,29.334694,2019,,HUMAN_OBSERVATION,KW,2729003628,4fa7b334-ce0d-4e88-aaae-2e0c138d049e
48.39615,28.559195,2019,,HUMAN_OBSERVATION,KW,2729606946,4fa7b334-ce0d-4e88-aaae-2e0c138d049e
47.810547,29.96825,2019,,HUMAN_OBSERVATION,KW,2730205032,4fa7b334-ce0d-4e88-aaae-2e0c138d049e
48.08931,29.350231,2019,,HUMAN_OBSERVATION,KW,2730538184,4fa7b334-ce0d-4e88-aaae-2e0c138d049e
48.119457,29.133131,2019,,HUMAN_OBSERVATION,KW,2731592048,4fa7b334-ce0d-4e88-aaae-2e0c138d049e
48.11621,29.1906,2019,,HUMAN_OBSERVATION,KW,2737924444,4fa7b334-ce0d-4e88-aaae-2e0c138d049e
48.100555,29.34782,2019,,HUMAN_OBSERVATION,KW,2738273078,4fa7b334-ce0d-4e88-aaae-2e0c138d049e
47.90282,29.334694,2019,,HUMAN_OBSERVATION,KW,2738687696,4fa7b334-ce0d-4e88-aaae-2e0c138d049e
47.99427,29.373367,2019,,HUMAN_OBSERVATION,KW,2739449223,4fa7b334-ce0d-4e88-aaae-2e0c138d049e
48.035965,29.334478,2019,,HUMAN_OBSERVATION,KW,2740492090,4fa7b334-ce0d-4e88-aaae-2e0c138d049e
48.132755,29.124666,2019,,HUMAN_OBSERVATION,KW,2740583087,4fa7b334-ce0d-4e88-aaae-2e0c138d049e
47.99427,29.373367,2019,,HUMAN_OBSERVATION,KW,2740828602,4fa7b334-ce0d-4e88-aaae-2e0c138d049e
46.9602,29.366991,2019,,HUMAN_OBSERVATION,KW,2743935577,4fa7b334-ce0d-4e88-aaae-2e0c138d049e
48.035965,29.334478,2019,,HUMAN_OBSERVATION,KW,2744298734,4fa7b334-ce0d-4e88-aaae-2e0c138d049e
48.11621,29.1906,2019,,HUMAN_OBSERVATION,KW,2745140508,4fa7b334-ce0d-4e88-aaae-2e0c138d049e
48.119457,29.133131,2019,,HUMAN_OBSERVATION,KW,2746847286,4fa7b334-ce0d-4e88-aaae-2e0c138d049e
48.100964,29.135288,2019,,HUMAN_OBSERVATION,KW,2747589607,4fa7b334-ce0d-4e88-aaae-2e0c138d049e
47.674255,29.351254,2019,,HUMAN_OBSERVATION,KW,2747655499,4fa7b334-ce0d-4e88-aaae-2e0c138d049e
48.392178,28.591267,2019,,HUMAN_OBSERVATION,KW,2748767353,4fa7b334-ce0d-4e88-aaae-2e0c138d049e
48.035965,29.334478,2019,,HUMAN_OBSERVATION,KW,2754115314,4fa7b334-ce0d-4e88-aaae-2e0c138d049e
47.99427,29.373367,2019,,HUMAN_OBSERVATION,KW,2755904272,4fa7b334-ce0d-4e88-aaae-2e0c138d049e
47.674255,29.351254,2019,,HUMAN_OBSERVATION,KW,2759100231,4fa7b334-ce0d-4e88-aaae-2e0c138d049e
47.674255,29.351254,2019,,HUMAN_OBSERVATION,KW,2761849162,4fa7b334-ce0d-4e88-aaae-2e0c138d049e
47.707787,29.553898,2019,,HUMAN_OBSERVATION,KW,2762469871,4fa7b334-ce0d-4e88-aaae-2e0c138d049e
46.9602,29.366991,2019,,HUMAN_OBSERVATION,KW,2763274827,4fa7b334-ce0d-4e88-aaae-2e0c138d049e
48.100964,29.135288,2019,,HUMAN_OBSERVATION,KW,2763511474,4fa7b334-ce0d-4e88-aaae-2e0c138d049e
48.3572,28.64853,2019,,HUMAN_OBSERVATION,KW,2768575170,4fa7b334-ce0d-4e88-aaae-2e0c138d049e
48.035965,29.334478,2019,,HUMAN_OBSERVATION,KW,2769236141,4fa7b334-ce0d-4e88-aaae-2e0c138d049e
47.75465,29.257349,2019,,HUMAN_OBSERVATION,KW,2769339486,4fa7b334-ce0d-4e88-aaae-2e0c138d049e
46.9572,29.3725,2019,,HUMAN_OBSERVATION,KW,2776230681,4fa7b334-ce0d-4e88-aaae-2e0c138d049e
46.9602,29.366991,2019,,HUMAN_OBSERVATION,KW,2784621166,4fa7b334-ce0d-4e88-aaae-2e0c138d049e
49.115276,32.34468,2019,,HUMAN_OBSERVATION,IR,2796789171,4fa7b334-ce0d-4e88-aaae-2e0c138d049e
47.674255,29.351254,2019,,HUMAN_OBSERVATION,KW,3186050688,4fa7b334-ce0d-4e88-aaae-2e0c138d049e
48.04362,29.34167,2019,,HUMAN_OBSERVATION,KW,3190108845,4fa7b334-ce0d-4e88-aaae-2e0c138d049e
47.770287,30.030807,2019,,HUMAN_OBSERVATION,KW,4241128430,4fa7b334-ce0d-4e88-aaae-2e0c138d049e
47.870865,29.322924,2019,,HUMAN_OBSERVATION,KW,4397508075,4fa7b334-ce0d-4e88-aaae-2e0c138d049e
47.974811,29.276746,2019,11822.0,HUMAN_OBSERVATION,KW,5007100849,50c9509d-22c7-4a22-a47d-8c48425ef4a7
46.9602,29.366991,2019,,HUMAN_OBSERVATION,KW,2664646250,4fa7b334-ce0d-4e88-aaae-2e0c138d049e
48.119457,29.133131,2019,,HUMAN_OBSERVATION,KW,2665266472,4fa7b334-ce0d-4e88-aaae-2e0c138d049e
48.14135,29.076393,2019,,HUMAN_OBSERVATION,KW,2666024726,4fa7b334-ce0d-4e88-aaae-2e0c138d049e
48.100964,29.135288,2019,,HUMAN_OBSERVATION,KW,2666445130,4fa7b334-ce0d-4e88-aaae-2e0c138d049e
48.122143,29.166296,2019,,HUMAN_OBSERVATION,KW,2667432575,4fa7b334-ce0d-4e88-aaae-2e0c138d049e
47.810547,29.96825,2019,,HUMAN_OBSERVATION,KW,2667454189,4fa7b334-ce0d-4e88-aaae-2e0c138d049e
47.730595,29.357735,2019,,HUMAN_OBSERVATION,KW,2667481653,4fa7b334-ce0d-4e88-aaae-2e0c138d049e
48.122143,29.166296,2019,,HUMAN_OBSERVATION,KW,2667509955,4fa7b334-ce0d-4e88-aaae-2e0c138d049e
48.39615,28.559195,2019,,HUMAN_OBSERVATION,KW,2667548784,4fa7b334-ce0d-4e88-aaae-2e0c138d049e
47.707787,29.553898,2019,,HUMAN_OBSERVATION,KW,2667687855,4fa7b334-ce0d-4e88-aaae-2e0c138d049e
46.9602,29.366991,2019,,HUMAN_OBSERVATION,KW,2667900957,4fa7b334-ce0d-4e88-aaae-2e0c138d049e
47.707787,29.553898,2019,,HUMAN_OBSERVATION,KW,2668032279,4fa7b334-ce0d-4e88-aaae-2e0c138d049e
48.143425,29.08011,2019,,HUMAN_OBSERVATION,KW,2668192437,4fa7b334-ce0d-4e88-aaae-2e0c138d049e
48.100555,29.34782,2019,,HUMAN_OBSERVATION,KW,2668435481,4fa7b334-ce0d-4e88-aaae-2e0c138d049e
47.707787,29.553898,2019,,HUMAN_OBSERVATION,KW,2668469107,4fa7b334-ce0d-4e88-aaae-2e0c138d049e
48.119457,29.133131,2019,,HUMAN_OBSERVATION,KW,2668669315,4fa7b334-ce0d-4e88-aaae-2e0c138d049e
45.425804,35.611534,2019,,HUMAN_OBSERVATION,IQ,2668682849,4fa7b334-ce0d-4e88-aaae-2e0c138d049e
47.707787,29.553898,2019,,HUMAN_OBSERVATION,KW,2668919966,4fa7b334-ce0d-4e88-aaae-2e0c138d049e
48.100555,29.34782,2019,,HUMAN_OBSERVATION,KW,2669285487,4fa7b334-ce0d-4e88-aaae-2e0c138d049e
47.707787,29.553898,2019,,HUMAN_OBSERVATION,KW,2669411015,4fa7b334-ce0d-4e88-aaae-2e0c138d049e
48.14135,29.076393,2019,,HUMAN_OBSERVATION,KW,2669966598,4fa7b334-ce0d-4e88-aaae-2e0c138d049e
43.980846,36.19152,2019,,HUMAN_OBSERVATION,IQ,2670878412,4fa7b334-ce0d-4e88-aaae-2e0c138d049e
47.707787,29.553898,2019,,HUMAN_OBSERVATION,KW,2671208722,4fa7b334-ce0d-4e88-aaae-2e0c138d049e
47.946934,29.355097,2019,,HUMAN_OBSERVATION,KW,2671732199,4fa7b334-ce0d-4e88-aaae-2e0c138d049e
48.119457,29.133131,2019,,HUMAN_OBSERVATION,KW,2671875199,4fa7b334-ce0d-4e88-aaae-2e0c138d049e
48.026817,29.364449,2019,,HUMAN_OBSERVATION,KW,2672068679,4fa7b334-ce0d-4e88-aaae-2e0c138d049e
48.14135,29.076393,2019,,HUMAN_OBSERVATION,KW,2672097167,4fa7b334-ce0d-4e88-aaae-2e0c138d049e
46.9602,29.366991,2019,,HUMAN_OBSERVATION,KW,2672229799,4fa7b334-ce0d-4e88-aaae-2e0c138d049e
47.946934,29.355097,2019,,HUMAN_OBSERVATION,KW,2673369601,4fa7b334-ce0d-4e88-aaae-2e0c138d049e
47.75465,29.257349,2019,,HUMAN_OBSERVATION,KW,2673915701,4fa7b334-ce0d-4e88-aaae-2e0c138d049e
47.707787,29.553898,2019,,HUMAN_OBSERVATION,KW,2675130142,4fa7b334-ce0d-4e88-aaae-2e0c138d049e
47.99427,29.373367,2019,,HUMAN_OBSERVATION,KW,2675215311,4fa7b334-ce0d-4e88-aaae-2e0c138d049e
48.026817,29.364449,2019,,HUMAN_OBSERVATION,KW,2675587190,4fa7b334-ce0d-4e88-aaae-2e0c138d049e
48.100964,29.135288,2019,,HUMAN_OBSERVATION,KW,2677551222,4fa7b334-ce0d-4e88-aaae-2e0c138d049e
48.026817,29.364449,2019,,HUMAN_OBSERVATION,KW,2677597704,4fa7b334-ce0d-4e88-aaae-2e0c138d049e
48.122143,29.166296,2019,,HUMAN_OBSERVATION,KW,2678148323,4fa7b334-ce0d-4e88-aaae-2e0c138d049e
46.9602,29.366991,2019,,HUMAN_OBSERVATION,KW,2679486321,4fa7b334-ce0d-4e88-aaae-2e0c138d049e
48.119457,29.133131,2019,,HUMAN_OBSERVATION,KW,2679653164,4fa7b334-ce0d-4e88-aaae-2e0c138d049e
48.100964,29.135288,2019,,HUMAN_OBSERVATION,KW,2680002238,4fa7b334-ce0d-4e88-aaae-2e0c138d049e
47.674255,29.351254,2019,,HUMAN_OBSERVATION,KW,2681241600,4fa7b334-ce0d-4e88-aaae-2e0c138d049e
48.091557,29.350271,2019,,HUMAN_OBSERVATION,KW,2681941774,4fa7b334-ce0d-4e88-aaae-2e0c138d049e
47.75465,29.257349,2019,,HUMAN_OBSERVATION,KW,2682152313,4fa7b334-ce0d-4e88-aaae-2e0c138d049e
48.40104,28.549696,2019,,HUMAN_OBSERVATION,KW,2685009586,4fa7b334-ce0d-4e88-aaae-2e0c138d049e
48.100964,29.135288,2019,,HUMAN_OBSERVATION,KW,2687391298,4fa7b334-ce0d-4e88-aaae-2e0c138d049e
48.119457,29.133131,2019,,HUMAN_OBSERVATION,KW,2730711793,4fa7b334-ce0d-4e88-aaae-2e0c138d049e
48.09665,29.352262,2019,,HUMAN_OBSERVATION,KW,2731374141,4fa7b334-ce0d-4e88-aaae-2e0c138d049e
47.674255,29.351254,2019,,HUMAN_OBSERVATION,KW,2732098111,4fa7b334-ce0d-4e88-aaae-2e0c138d049e
47.75465,29.257349,2019,,HUMAN_OBSERVATION,KW,2732113719,4fa7b334-ce0d-4e88-aaae-2e0c138d049e
47.99427,29.373367,2019,,HUMAN_OBSERVATION,KW,2732185732,4fa7b334-ce0d-4e88-aaae-2e0c138d049e
47.946934,29.355097,2019,,HUMAN_OBSERVATION,KW,2732492025,4fa7b334-ce0d-4e88-aaae-2e0c138d049e
48.119457,29.133131,2019,,HUMAN_OBSERVATION,KW,2732821650,4fa7b334-ce0d-4e88-aaae-2e0c138d049e
42.818314,36.627365,2019,,HUMAN_OBSERVATION,IQ,2734034175,4fa7b334-ce0d-4e88-aaae-2e0c138d049e
48.40104,28.549696,2019,,HUMAN_OBSERVATION,KW,2734640057,4fa7b334-ce0d-4e88-aaae-2e0c138d049e
48.122173,29.165966,2019,,HUMAN_OBSERVATION,KW,2735171493,4fa7b334-ce0d-4e88-aaae-2e0c138d049e
48.100964,29.135288,2019,,HUMAN_OBSERVATION,KW,2737362581,4fa7b334-ce0d-4e88-aaae-2e0c138d049e
48.119457,29.133131,2019,,HUMAN_OBSERVATION,KW,2738022337,4fa7b334-ce0d-4e88-aaae-2e0c138d049e
48.119457,29.133131,2019,,HUMAN_OBSERVATION,KW,2742846661,4fa7b334-ce0d-4e88-aaae-2e0c138d049e
47.75465,29.257349,2019,,HUMAN_OBSERVATION,KW,2743566722,4fa7b334-ce0d-4e88-aaae-2e0c138d049e
47.810547,29.96825,2019,,HUMAN_OBSERVATION,KW,2744217715,4fa7b334-ce0d-4e88-aaae-2e0c138d049e
46.9602,29.366991,2019,,HUMAN_OBSERVATION,KW,2744925632,4fa7b334-ce0d-4e88-aaae-2e0c138d049e
42.818314,36.627365,2019,,HUMAN_OBSERVATION,IQ,2745669934,4fa7b334-ce0d-4e88-aaae-2e0c138d049e
48.392178,28.591267,2019,,HUMAN_OBSERVATION,KW,2746374695,4fa7b334-ce0d-4e88-aaae-2e0c138d049e
48.100964,29.135288,2019,,HUMAN_OBSERVATION,KW,2746404004,4fa7b334-ce0d-4e88-aaae-2e0c138d049e
48.40104,28.549696,2019,,HUMAN_OBSERVATION,KW,2748027172,4fa7b334-ce0d-4e88-aaae-2e0c138d049e
47.730595,29.357735,2019,,HUMAN_OBSERVATION,KW,2748920913,4fa7b334-ce0d-4e88-aaae-2e0c138d049e
47.99427,29.373367,2019,,HUMAN_OBSERVATION,KW,2749363048,4fa7b334-ce0d-4e88-aaae-2e0c138d049e
47.707787,29.553898,2019,,HUMAN_OBSERVATION,KW,2749958778,4fa7b334-ce0d-4e88-aaae-2e0c138d049e
48.119457,29.133131,2019,,HUMAN_OBSERVATION,KW,2750708764,4fa7b334-ce0d-4e88-aaae-2e0c138d049e
47.961445,29.281328,2019,,HUMAN_OBSERVATION,KW,2751413253,4fa7b334-ce0d-4e88-aaae-2e0c138d049e
46.9602,29.366991,2019,,HUMAN_OBSERVATION,KW,2751717531,4fa7b334-ce0d-4e88-aaae-2e0c138d049e
47.99427,29.373367,2019,,HUMAN_OBSERVATION,KW,2751872925,4fa7b334-ce0d-4e88-aaae-2e0c138d049e
47.810547,29.96825,2019,,HUMAN_OBSERVATION,KW,2752120750,4fa7b334-ce0d-4e88-aaae-2e0c138d049e
47.707787,29.553898,2019,,HUMAN_OBSERVATION,KW,2752297564,4fa7b334-ce0d-4e88-aaae-2e0c138d049e
48.122143,29.166296,2019,,HUMAN_OBSERVATION,KW,2752667503,4fa7b334-ce0d-4e88-aaae-2e0c138d049e
47.730595,29.357735,2019,,HUMAN_OBSERVATION,KW,2754517971,4fa7b334-ce0d-4e88-aaae-2e0c138d049e
48.122173,29.165966,2019,,HUMAN_OBSERVATION,KW,2754875888,4fa7b334-ce0d-4e88-aaae-2e0c138d049e
47.730595,29.357735,2019,,HUMAN_OBSERVATION,KW,2754946474,4fa7b334-ce0d-4e88-aaae-2e0c138d049e
48.14135,29.076393,2019,,HUMAN_OBSERVATION,KW,2758084434,4fa7b334-ce0d-4e88-aaae-2e0c138d049e
47.75465,29.257349,2019,,HUMAN_OBSERVATION,KW,2758826731,4fa7b334-ce0d-4e88-aaae-2e0c138d049e
47.99427,29.373367,2019,,HUMAN_OBSERVATION,KW,2761437375,4fa7b334-ce0d-4e88-aaae-2e0c138d049e
48.40104,28.549696,2019,,HUMAN_OBSERVATION,KW,2761683182,4fa7b334-ce0d-4e88-aaae-2e0c138d049e
48.122143,29.166296,2019,,HUMAN_OBSERVATION,KW,2764125860,4fa7b334-ce0d-4e88-aaae-2e0c138d049e
48.035965,29.334478,2019,,HUMAN_OBSERVATION,KW,2764584033,4fa7b334-ce0d-4e88-aaae-2e0c138d049e
48.40104,28.549696,2019,,HUMAN_OBSERVATION,KW,2765598844,4fa7b334-ce0d-4e88-aaae-2e0c138d049e
47.707787,29.553898,2019,,HUMAN_OBSERVATION,KW,2770312520,4fa7b334-ce0d-4e88-aaae-2e0c138d049e
48.100555,29.34782,2019,,HUMAN_OBSERVATION,KW,2774270054,4fa7b334-ce0d-4e88-aaae-2e0c138d049e
48.067406,29.342493,2019,,HUMAN_OBSERVATION,KW,2775442095,4fa7b334-ce0d-4e88-aaae-2e0c138d049e
48.119457,29.133131,2019,,HUMAN_OBSERVATION,KW,2776209772,4fa7b334-ce0d-4e88-aaae-2e0c138d049e
48.26218,32.162186,2019,,HUMAN_OBSERVATION,IR,2800826074,4fa7b334-ce0d-4e88-aaae-2e0c138d049e
48.245815,32.191845,2019,25.0,HUMAN_OBSERVATION,IR,2833652933,8a863029-f435-446a-821e-275f4f641165
48.245568,32.191744,2019,10.0,HUMAN_OBSERVATION,IR,2833850510,8a863029-f435-446a-821e-275f4f641165
48.122143,29.166296,2019,,HUMAN_OBSERVATION,KW,3201241345,4fa7b334-ce0d-4e88-aaae-2e0c138d049e
40.421448,29.847275,2019,,HUMAN_OBSERVATION,SA,3674446824,4fa7b334-ce0d-4e88-aaae-2e0c138d049e
47.707787,29.553898,2019,,HUMAN_OBSERVATION,KW,4232527432,4fa7b334-ce0d-4e88-aaae-2e0c138d049e
47.99427,29.373367,2019,,HUMAN_OBSERVATION,KW,4247558468,4fa7b334-ce0d-4e88-aaae-2e0c138d049e
48.082497,29.316738,2019,,HUMAN_OBSERVATION,KW,4248007055,4fa7b334-ce0d-4e88-aaae-2e0c138d049e
47.99427,29.373367,2019,,HUMAN_OBSERVATION,KW,4264766565,4fa7b334-ce0d-4e88-aaae-2e0c138d049e
47.754417,29.264492,2019,,HUMAN_OBSERVATION,KW,4266836898,4fa7b334-ce0d-4e88-aaae-2e0c138d049e
47.99427,29.373367,2019,,HUMAN_OBSERVATION,KW,4271333056,4fa7b334-ce0d-4e88-aaae-2e0c138d049e
47.770287,30.030807,2019,,HUMAN_OBSERVATION,KW,4310311850,4fa7b334-ce0d-4e88-aaae-2e0c138d049e
47.99427,29.373367,2019,,HUMAN_OBSERVATION,KW,4346939806,4fa7b334-ce0d-4e88-aaae-2e0c138d049e
46.9602,29.366991,2019,,HUMAN_OBSERVATION,KW,4377782138,4fa7b334-ce0d-4e88-aaae-2e0c138d049e
47.730595,29.357735,2019,,HUMAN_OBSERVATION,KW,4382486526,4fa7b334-ce0d-4e88-aaae-2e0c138d049e
47.99427,29.373367,2019,,HUMAN_OBSERVATION,KW,4394364357,4fa7b334-ce0d-4e88-aaae-2e0c138d049e
48.12077,29.179508,2019,,HUMAN_OBSERVATION,KW,2669012688,4fa7b334-ce0d-4e88-aaae-2e0c138d049e
48.100964,29.135288,2019,,HUMAN_OBSERVATION,KW,2672886692,4fa7b334-ce0d-4e88-aaae-2e0c138d049e
48.036327,29.335262,2019,,HUMAN_OBSERVATION,KW,2673117550,4fa7b334-ce0d-4e88-aaae-2e0c138d049e
47.674255,29.351254,2019,,HUMAN_OBSERVATION,KW,2673166491,4fa7b334-ce0d-4e88-aaae-2e0c138d049e
48.119457,29.133131,2019,,HUMAN_OBSERVATION,KW,2673173946,4fa7b334-ce0d-4e88-aaae-2e0c138d049e
46.18636,33.4577,2019,,HUMAN_OBSERVATION,IR,2675268587,4fa7b334-ce0d-4e88-aaae-2e0c138d049e
48.122173,29.165966,2019,,HUMAN_OBSERVATION,KW,2675465636,4fa7b334-ce0d-4e88-aaae-2e0c138d049e
48.119457,29.133131,2019,,HUMAN_OBSERVATION,KW,2675913879,4fa7b334-ce0d-4e88-aaae-2e0c138d049e
48.11621,29.1906,2019,,HUMAN_OBSERVATION,KW,2678727802,4fa7b334-ce0d-4e88-aaae-2e0c138d049e
48.100964,29.135288,2019,,HUMAN_OBSERVATION,KW,2678861564,4fa7b334-ce0d-4e88-aaae-2e0c138d049e
48.100964,29.135288,2019,,HUMAN_OBSERVATION,KW,2679573458,4fa7b334-ce0d-4e88-aaae-2e0c138d049e
48.119457,29.133131,2019,,HUMAN_OBSERVATION,KW,2681105772,4fa7b334-ce0d-4e88-aaae-2e0c138d049e
48.119457,29.133131,2019,,HUMAN_OBSERVATION,KW,2682493487,4fa7b334-ce0d-4e88-aaae-2e0c138d049e
48.119457,29.133131,2019,,HUMAN_OBSERVATION,KW,2683464192,4fa7b334-ce0d-4e88-aaae-2e0c138d049e
48.036327,29.335262,2019,,HUMAN_OBSERVATION,KW,2685919116,4fa7b334-ce0d-4e88-aaae-2e0c138d049e
47.90863,29.357641,2019,,HUMAN_OBSERVATION,KW,2686933618,4fa7b334-ce0d-4e88-aaae-2e0c138d049e
48.12241,29.167597,2019,,HUMAN_OBSERVATION,KW,2687239459,4fa7b334-ce0d-4e88-aaae-2e0c138d049e
48.122173,29.165966,2019,,HUMAN_OBSERVATION,KW,2688651616,4fa7b334-ce0d-4e88-aaae-2e0c138d049e
48.122143,29.166296,2019,,HUMAN_OBSERVATION,KW,2690919802,4fa7b334-ce0d-4e88-aaae-2e0c138d049e
48.119457,29.133131,2019,,HUMAN_OBSERVATION,KW,2691665399,4fa7b334-ce0d-4e88-aaae-2e0c138d049e
47.99427,29.373367,2019,,HUMAN_OBSERVATION,KW,2692126120,4fa7b334-ce0d-4e88-aaae-2e0c138d049e
48.100964,29.135288,2019,,HUMAN_OBSERVATION,KW,2693008988,4fa7b334-ce0d-4e88-aaae-2e0c138d049e
48.036327,29.335262,2019,,HUMAN_OBSERVATION,KW,2701827530,4fa7b334-ce0d-4e88-aaae-2e0c138d049e
48.122143,29.166296,2019,,HUMAN_OBSERVATION,KW,2702993649,4fa7b334-ce0d-4e88-aaae-2e0c138d049e
48.122005,29.127281,2019,,HUMAN_OBSERVATION,KW,2702997512,4fa7b334-ce0d-4e88-aaae-2e0c138d049e
48.66297,31.3028,2019,,HUMAN_OBSERVATION,IR,2711817448,4fa7b334-ce0d-4e88-aaae-2e0c138d049e
47.674255,29.351254,2019,,HUMAN_OBSERVATION,KW,2734856492,4fa7b334-ce0d-4e88-aaae-2e0c138d049e
47.75465,29.257349,2019,,HUMAN_OBSERVATION,KW,2734957568,4fa7b334-ce0d-4e88-aaae-2e0c138d049e
48.122005,29.127281,2019,,HUMAN_OBSERVATION,KW,2735846758,4fa7b334-ce0d-4e88-aaae-2e0c138d049e
47.75465,29.257349,2019,,HUMAN_OBSERVATION,KW,2736813444,4fa7b334-ce0d-4e88-aaae-2e0c138d049e
48.122005,29.127281,2019,,HUMAN_OBSERVATION,KW,2737727312,4fa7b334-ce0d-4e88-aaae-2e0c138d049e
45.425804,35.611534,2019,,HUMAN_OBSERVATION,IQ,2741097379,4fa7b334-ce0d-4e88-aaae-2e0c138d049e
48.11621,29.1906,2019,,HUMAN_OBSERVATION,KW,2743788821,4fa7b334-ce0d-4e88-aaae-2e0c138d049e
47.90863,29.357641,2019,,HUMAN_OBSERVATION,KW,2746853826,4fa7b334-ce0d-4e88-aaae-2e0c138d049e
48.12089,29.133806,2019,,HUMAN_OBSERVATION,KW,2748242675,4fa7b334-ce0d-4e88-aaae-2e0c138d049e
48.036327,29.335262,2019,,HUMAN_OBSERVATION,KW,2749994572,4fa7b334-ce0d-4e88-aaae-2e0c138d049e
46.9602,29.366991,2019,,HUMAN_OBSERVATION,KW,2750126824,4fa7b334-ce0d-4e88-aaae-2e0c138d049e
46.827076,33.427692,2019,,HUMAN_OBSERVATION,IR,2751826782,4fa7b334-ce0d-4e88-aaae-2e0c138d049e
47.99427,29.373367,2019,,HUMAN_OBSERVATION,KW,2753629638,4fa7b334-ce0d-4e88-aaae-2e0c138d049e
48.100964,29.135288,2019,,HUMAN_OBSERVATION,KW,2753645938,4fa7b334-ce0d-4e88-aaae-2e0c138d049e
47.674255,29.351254,2019,,HUMAN_OBSERVATION,KW,2754501235,4fa7b334-ce0d-4e88-aaae-2e0c138d049e
47.812458,29.339611,2019,,HUMAN_OBSERVATION,KW,2754836010,4fa7b334-ce0d-4e88-aaae-2e0c138d049e
48.122005,29.127281,2019,,HUMAN_OBSERVATION,KW,2755410727,4fa7b334-ce0d-4e88-aaae-2e0c138d049e
48.036327,29.335262,2019,,HUMAN_OBSERVATION,KW,2755968573,4fa7b334-ce0d-4e88-aaae-2e0c138d049e
48.119457,29.133131,2019,,HUMAN_OBSERVATION,KW,2760213037,4fa7b334-ce0d-4e88-aaae-2e0c138d049e
47.75465,29.257349,2019,,HUMAN_OBSERVATION,KW,2760412805,4fa7b334-ce0d-4e88-aaae-2e0c138d049e
48.122395,29.17878,2019,,HUMAN_OBSERVATION,KW,2761645460,4fa7b334-ce0d-4e88-aaae-2e0c138d049e
48.036327,29.335262,2019,,HUMAN_OBSERVATION,KW,2763561831,4fa7b334-ce0d-4e88-aaae-2e0c138d049e
47.75465,29.257349,2019,,HUMAN_OBSERVATION,KW,2764401812,4fa7b334-ce0d-4e88-aaae-2e0c138d049e
47.75465,29.257349,2019,,HUMAN_OBSERVATION,KW,2771106083,4fa7b334-ce0d-4e88-aaae-2e0c138d049e
48.73873,32.09287,2019,,HUMAN_OBSERVATION,IR,2785025309,4fa7b334-ce0d-4e88-aaae-2e0c138d049e
47.75465,29.257349,2019,,HUMAN_OBSERVATION,KW,2685498383,4fa7b334-ce0d-4e88-aaae-2e0c138d049e
47.75465,29.257349,2019,,HUMAN_OBSERVATION,KW,2694879407,4fa7b334-ce0d-4e88-aaae-2e0c138d049e
48.37997,28.665361,2019,,HUMAN_OBSERVATION,KW,2696911669,4fa7b334-ce0d-4e88-aaae-2e0c138d049e
43.980846,36.19152,2019,,HUMAN_OBSERVATION,IQ,2697847514,4fa7b334-ce0d-4e88-aaae-2e0c138d049e
47.75465,29.257349,2019,,HUMAN_OBSERVATION,KW,2749248912,4fa7b334-ce0d-4e88-aaae-2e0c138d049e
44.322777,36.36361,2019,,HUMAN_OBSERVATION,IQ,2758055033,4fa7b334-ce0d-4e88-aaae-2e0c138d049e
47.80602,29.348183,2019,,HUMAN_OBSERVATION,KW,2762804394,4fa7b334-ce0d-4e88-aaae-2e0c138d049e
47.75465,29.257349,2019,,HUMAN_OBSERVATION,KW,2770974359,4fa7b334-ce0d-4e88-aaae-2e0c138d049e
48.76062,32.30153,2019,,HUMAN_OBSERVATION,IR,2791536065,4fa7b334-ce0d-4e88-aaae-2e0c138d049e
47.52022,29.347221,2019,,HUMAN_OBSERVATION,KW,5556738509,4fa7b334-ce0d-4e88-aaae-2e0c138d049e
47.52022,29.347221,2019,,HUMAN_OBSERVATION,KW,5580472266,4fa7b334-ce0d-4e88-aaae-2e0c138d049e
47.52022,29.347221,2019,,HUMAN_OBSERVATION,KW,5631086028,4fa7b334-ce0d-4e88-aaae-2e0c138d049e
44.215286,33.25851,2019,,HUMAN_OBSERVATION,IQ,2687154175,4fa7b334-ce0d-4e88-aaae-2e0c138d049e
48.269722,28.738161,2019,,HUMAN_OBSERVATION,KW,2688816343,4fa7b334-ce0d-4e88-aaae-2e0c138d049e
47.75465,29.257349,2019,,HUMAN_OBSERVATION,KW,2691761832,4fa7b334-ce0d-4e88-aaae-2e0c138d049e
48.269722,28.738161,2019,,HUMAN_OBSERVATION,KW,2701742191,4fa7b334-ce0d-4e88-aaae-2e0c138d049e
48.119457,29.133131,2019,,HUMAN_OBSERVATION,KW,2709440744,4fa7b334-ce0d-4e88-aaae-2e0c138d049e
47.75465,29.257349,2019,,HUMAN_OBSERVATION,KW,2710908052,4fa7b334-ce0d-4e88-aaae-2e0c138d049e
45.6614,32.52221,2019,,HUMAN_OBSERVATION,IQ,2748036952,4fa7b334-ce0d-4e88-aaae-2e0c138d049e
47.75465,29.257349,2019,,HUMAN_OBSERVATION,KW,2773286614,4fa7b334-ce0d-4e88-aaae-2e0c138d049e
48.119457,29.133131,2019,,HUMAN_OBSERVATION,KW,2780088011,4fa7b334-ce0d-4e88-aaae-2e0c138d049e
47.75465,29.257349,2019,,HUMAN_OBSERVATION,KW,2797530176,4fa7b334-ce0d-4e88-aaae-2e0c138d049e
48.076226,29.295047,2019,8.0,HUMAN_OBSERVATION,KW,2397658612,50c9509d-22c7-4a22-a47d-8c48425ef4a7
48.138508,29.091103,2019,,HUMAN_OBSERVATION,KW,2691117369,4fa7b334-ce0d-4e88-aaae-2e0c138d049e
48.13764,29.116022,2019,,HUMAN_OBSERVATION,KW,2691612574,4fa7b334-ce0d-4e88-aaae-2e0c138d049e
47.730534,29.356573,2019,,HUMAN_OBSERVATION,KW,2691941058,4fa7b334-ce0d-4e88-aaae-2e0c138d049e
47.75465,29.257349,2019,,HUMAN_OBSERVATION,KW,2699677532,4fa7b334-ce0d-4e88-aaae-2e0c138d049e
48.120407,29.18252,2019,,HUMAN_OBSERVATION,KW,2702585538,4fa7b334-ce0d-4e88-aaae-2e0c138d049e
47.674255,29.351254,2019,,HUMAN_OBSERVATION,KW,2703279657,4fa7b334-ce0d-4e88-aaae-2e0c138d049e
47.75465,29.257349,2019,,HUMAN_OBSERVATION,KW,2706263849,4fa7b334-ce0d-4e88-aaae-2e0c138d049e
47.75465,29.257349,2019,,HUMAN_OBSERVATION,KW,2744987175,4fa7b334-ce0d-4e88-aaae-2e0c138d049e
43.990982,36.223995,2019,,HUMAN_OBSERVATION,IQ,2748008977,4fa7b334-ce0d-4e88-aaae-2e0c138d049e
47.707787,29.553898,2019,,HUMAN_OBSERVATION,KW,2748314125,4fa7b334-ce0d-4e88-aaae-2e0c138d049e
47.674255,29.351254,2019,,HUMAN_OBSERVATION,KW,2749340060,4fa7b334-ce0d-4e88-aaae-2e0c138d049e
47.75465,29.257349,2019,,HUMAN_OBSERVATION,KW,2763580689,4fa7b334-ce0d-4e88-aaae-2e0c138d049e
47.75465,29.257349,2019,,HUMAN_OBSERVATION,KW,2764469121,4fa7b334-ce0d-4e88-aaae-2e0c138d049e
46.9602,29.366991,2019,,HUMAN_OBSERVATION,KW,2769040975,4fa7b334-ce0d-4e88-aaae-2e0c138d049e
48.10128,29.135952,2019,,HUMAN_OBSERVATION,KW,2770982020,4fa7b334-ce0d-4e88-aaae-2e0c138d049e
47.707787,29.553898,2019,,HUMAN_OBSERVATION,KW,2773750252,4fa7b334-ce0d-4e88-aaae-2e0c138d049e
47.75465,29.257349,2019,,HUMAN_OBSERVATION,KW,2773828798,4fa7b334-ce0d-4e88-aaae-2e0c138d049e
47.75465,29.257349,2019,,HUMAN_OBSERVATION,KW,2774219335,4fa7b334-ce0d-4e88-aaae-2e0c138d049e
47.75465,29.257349,2019,,HUMAN_OBSERVATION,KW,2774876169,4fa7b334-ce0d-4e88-aaae-2e0c138d049e
47.75465,29.257349,2019,,HUMAN_OBSERVATION,KW,2777256903,4fa7b334-ce0d-4e88-aaae-2e0c138d049e
47.84666,29.34597,2019,,HUMAN_OBSERVATION,KW,2777923554,4fa7b334-ce0d-4e88-aaae-2e0c138d049e
43.980846,36.19152,2019,,HUMAN_OBSERVATION,IQ,2781219626,4fa7b334-ce0d-4e88-aaae-2e0c138d049e
47.75465,29.257349,2019,,HUMAN_OBSERVATION,KW,2789288698,4fa7b334-ce0d-4e88-aaae-2e0c138d049e
48.119457,29.133131,2019,,HUMAN_OBSERVATION,KW,2789683137,4fa7b334-ce0d-4e88-aaae-2e0c138d049e
47.730534,29.356573,2019,,HUMAN_OBSERVATION,KW,2791414199,4fa7b334-ce0d-4e88-aaae-2e0c138d049e
43.980846,36.19152,2019,,HUMAN_OBSERVATION,IQ,2792724149,4fa7b334-ce0d-4e88-aaae-2e0c138d049e
48.119457,29.133131,2019,,HUMAN_OBSERVATION,KW,2793651186,4fa7b334-ce0d-4e88-aaae-2e0c138d049e
47.75465,29.257349,2019,,HUMAN_OBSERVATION,KW,2796566299,4fa7b334-ce0d-4e88-aaae-2e0c138d049e
46.9602,29.366991,2019,,HUMAN_OBSERVATION,KW,2693272934,4fa7b334-ce0d-4e88-aaae-2e0c138d049e
47.75465,29.257349,2019,,HUMAN_OBSERVATION,KW,2694493419,4fa7b334-ce0d-4e88-aaae-2e0c138d049e
47.707787,29.553898,2019,,HUMAN_OBSERVATION,KW,2696192408,4fa7b334-ce0d-4e88-aaae-2e0c138d049e
46.9602,29.366991,2019,,HUMAN_OBSERVATION,KW,2696386121,4fa7b334-ce0d-4e88-aaae-2e0c138d049e
47.777397,29.438875,2019,,HUMAN_OBSERVATION,KW,2697168444,4fa7b334-ce0d-4e88-aaae-2e0c138d049e
47.707787,29.553898,2019,,HUMAN_OBSERVATION,KW,2697184181,4fa7b334-ce0d-4e88-aaae-2e0c138d049e
47.674255,29.351254,2019,,HUMAN_OBSERVATION,KW,2697265146,4fa7b334-ce0d-4e88-aaae-2e0c138d049e
48.070103,29.089321,2019,,HUMAN_OBSERVATION,KW,2698731619,4fa7b334-ce0d-4e88-aaae-2e0c138d049e
47.693195,29.36198,2019,,HUMAN_OBSERVATION,KW,2699347161,4fa7b334-ce0d-4e88-aaae-2e0c138d049e
47.707787,29.553898,2019,,HUMAN_OBSERVATION,KW,2699615270,4fa7b334-ce0d-4e88-aaae-2e0c138d049e
47.75465,29.257349,2019,,HUMAN_OBSERVATION,KW,2700761229,4fa7b334-ce0d-4e88-aaae-2e0c138d049e
47.75465,29.257349,2019,,HUMAN_OBSERVATION,KW,2700860621,4fa7b334-ce0d-4e88-aaae-2e0c138d049e
47.707787,29.553898,2019,,HUMAN_OBSERVATION,KW,2701072576,4fa7b334-ce0d-4e88-aaae-2e0c138d049e
48.13764,29.116022,2019,,HUMAN_OBSERVATION,KW,2703042553,4fa7b334-ce0d-4e88-aaae-2e0c138d049e
46.9602,29.366991,2019,,HUMAN_OBSERVATION,KW,2703847663,4fa7b334-ce0d-4e88-aaae-2e0c138d049e
48.088135,29.269222,2019,,HUMAN_OBSERVATION,KW,2706993239,4fa7b334-ce0d-4e88-aaae-2e0c138d049e
47.674255,29.351254,2019,,HUMAN_OBSERVATION,KW,2707869366,4fa7b334-ce0d-4e88-aaae-2e0c138d049e
48.088135,29.269222,2019,,HUMAN_OBSERVATION,KW,2709638245,4fa7b334-ce0d-4e88-aaae-2e0c138d049e
47.777397,29.438875,2019,,HUMAN_OBSERVATION,KW,2711395933,4fa7b334-ce0d-4e88-aaae-2e0c138d049e
47.75465,29.257349,2019,,HUMAN_OBSERVATION,KW,2712039403,4fa7b334-ce0d-4e88-aaae-2e0c138d049e
47.777397,29.438875,2019,,HUMAN_OBSERVATION,KW,2712402951,4fa7b334-ce0d-4e88-aaae-2e0c138d049e
47.75465,29.257349,2019,,HUMAN_OBSERVATION,KW,2712596812,4fa7b334-ce0d-4e88-aaae-2e0c138d049e
47.75559,29.26832,2019,,HUMAN_OBSERVATION,KW,2754684765,4fa7b334-ce0d-4e88-aaae-2e0c138d049e
47.707787,29.553898,2019,,HUMAN_OBSERVATION,KW,2757856240,4fa7b334-ce0d-4e88-aaae-2e0c138d049e
47.707787,29.553898,2019,,HUMAN_OBSERVATION,KW,2762520884,4fa7b334-ce0d-4e88-aaae-2e0c138d049e
48.13764,29.116022,2019,,HUMAN_OBSERVATION,KW,2765201199,4fa7b334-ce0d-4e88-aaae-2e0c138d049e
47.707787,29.553898,2019,,HUMAN_OBSERVATION,KW,2768782025,4fa7b334-ce0d-4e88-aaae-2e0c138d049e
48.088135,29.269222,2019,,HUMAN_OBSERVATION,KW,2772820717,4fa7b334-ce0d-4e88-aaae-2e0c138d049e
47.707787,29.553898,2019,,HUMAN_OBSERVATION,KW,2773495494,4fa7b334-ce0d-4e88-aaae-2e0c138d049e
47.693195,29.36198,2019,,HUMAN_OBSERVATION,KW,2775271331,4fa7b334-ce0d-4e88-aaae-2e0c138d049e
47.994976,29.38999,2019,,HUMAN_OBSERVATION,KW,2776395330,4fa7b334-ce0d-4e88-aaae-2e0c138d049e
46.9602,29.366991,2019,,HUMAN_OBSERVATION,KW,2776566536,4fa7b334-ce0d-4e88-aaae-2e0c138d049e
47.75465,29.257349,2019,,HUMAN_OBSERVATION,KW,2777003612,4fa7b334-ce0d-4e88-aaae-2e0c138d049e
47.75465,29.257349,2019,,HUMAN_OBSERVATION,KW,2783917540,4fa7b334-ce0d-4e88-aaae-2e0c138d049e
46.9602,29.366991,2019,,HUMAN_OBSERVATION,KW,2787065967,4fa7b334-ce0d-4e88-aaae-2e0c138d049e
46.9602,29.366991,2019,,HUMAN_OBSERVATION,KW,2789108058,4fa7b334-ce0d-4e88-aaae-2e0c138d049e
47.707787,29.553898,2019,,HUMAN_OBSERVATION,KW,2792687511,4fa7b334-ce0d-4e88-aaae-2e0c138d049e
47.777397,29.438875,2019,,HUMAN_OBSERVATION,KW,2792807999,4fa7b334-ce0d-4e88-aaae-2e0c138d049e
47.707787,29.553898,2019,,HUMAN_OBSERVATION,KW,2700168148,4fa7b334-ce0d-4e88-aaae-2e0c138d049e
46.9602,29.366991,2019,,HUMAN_OBSERVATION,KW,2700178225,4fa7b334-ce0d-4e88-aaae-2e0c138d049e
47.75465,29.257349,2019,,HUMAN_OBSERVATION,KW,2700279661,4fa7b334-ce0d-4e88-aaae-2e0c138d049e
47.99523,29.390463,2019,,HUMAN_OBSERVATION,KW,2700783673,4fa7b334-ce0d-4e88-aaae-2e0c138d049e
47.707787,29.553898,2019,,HUMAN_OBSERVATION,KW,2700843510,4fa7b334-ce0d-4e88-aaae-2e0c138d049e
47.75465,29.257349,2019,,HUMAN_OBSERVATION,KW,2700863961,4fa7b334-ce0d-4e88-aaae-2e0c138d049e
47.990406,29.330711,2019,,HUMAN_OBSERVATION,KW,2701867896,4fa7b334-ce0d-4e88-aaae-2e0c138d049e
47.75465,29.257349,2019,,HUMAN_OBSERVATION,KW,2701969612,4fa7b334-ce0d-4e88-aaae-2e0c138d049e
48.10128,29.135952,2019,,HUMAN_OBSERVATION,KW,2702060119,4fa7b334-ce0d-4e88-aaae-2e0c138d049e
47.674255,29.351254,2019,,HUMAN_OBSERVATION,KW,2702207659,4fa7b334-ce0d-4e88-aaae-2e0c138d049e
47.707787,29.553898,2019,,HUMAN_OBSERVATION,KW,2702659548,4fa7b334-ce0d-4e88-aaae-2e0c138d049e
47.75465,29.257349,2019,,HUMAN_OBSERVATION,KW,2702679410,4fa7b334-ce0d-4e88-aaae-2e0c138d049e
47.674255,29.351254,2019,,HUMAN_OBSERVATION,KW,2702894315,4fa7b334-ce0d-4e88-aaae-2e0c138d049e
47.810547,29.96825,2019,,HUMAN_OBSERVATION,KW,2703653331,4fa7b334-ce0d-4e88-aaae-2e0c138d049e
46.9602,29.366991,2019,,HUMAN_OBSERVATION,KW,2703941650,4fa7b334-ce0d-4e88-aaae-2e0c138d049e
47.75465,29.257349,2019,,HUMAN_OBSERVATION,KW,2704014280,4fa7b334-ce0d-4e88-aaae-2e0c138d049e
47.75465,29.257349,2019,,HUMAN_OBSERVATION,KW,2704358153,4fa7b334-ce0d-4e88-aaae-2e0c138d049e
46.9602,29.366991,2019,,HUMAN_OBSERVATION,KW,2704785813,4fa7b334-ce0d-4e88-aaae-2e0c138d049e
47.75465,29.257349,2019,,HUMAN_OBSERVATION,KW,2705864976,4fa7b334-ce0d-4e88-aaae-2e0c138d049e
47.730595,29.357735,2019,,HUMAN_OBSERVATION,KW,2706264369,4fa7b334-ce0d-4e88-aaae-2e0c138d049e
48.035965,29.334478,2019,,HUMAN_OBSERVATION,KW,2706867235,4fa7b334-ce0d-4e88-aaae-2e0c138d049e
47.693195,29.36198,2019,,HUMAN_OBSERVATION,KW,2707135649,4fa7b334-ce0d-4e88-aaae-2e0c138d049e
47.75465,29.257349,2019,,HUMAN_OBSERVATION,KW,2713554361,4fa7b334-ce0d-4e88-aaae-2e0c138d049e
47.75465,29.257349,2019,,HUMAN_OBSERVATION,KW,2714111097,4fa7b334-ce0d-4e88-aaae-2e0c138d049e
48.12347,29.172932,2019,,HUMAN_OBSERVATION,KW,2718620659,4fa7b334-ce0d-4e88-aaae-2e0c138d049e
45.425804,35.611534,2019,,HUMAN_OBSERVATION,IQ,2719771351,4fa7b334-ce0d-4e88-aaae-2e0c138d049e
48.391376,32.380924,2019,,HUMAN_OBSERVATION,IR,2720337569,4fa7b334-ce0d-4e88-aaae-2e0c138d049e
48.119457,29.133131,2019,,HUMAN_OBSERVATION,KW,2720809577,4fa7b334-ce0d-4e88-aaae-2e0c138d049e
47.75465,29.257349,2019,,HUMAN_OBSERVATION,KW,2721089012,4fa7b334-ce0d-4e88-aaae-2e0c138d049e
47.75465,29.257349,2019,,HUMAN_OBSERVATION,KW,2721513337,4fa7b334-ce0d-4e88-aaae-2e0c138d049e
47.674255,29.351254,2019,,HUMAN_OBSERVATION,KW,2722859724,4fa7b334-ce0d-4e88-aaae-2e0c138d049e
46.9602,29.366991,2019,,HUMAN_OBSERVATION,KW,2723768441,4fa7b334-ce0d-4e88-aaae-2e0c138d049e
47.75465,29.257349,2019,,HUMAN_OBSERVATION,KW,2751320115,4fa7b334-ce0d-4e88-aaae-2e0c138d049e
47.75465,29.257349,2019,,HUMAN_OBSERVATION,KW,2754798634,4fa7b334-ce0d-4e88-aaae-2e0c138d049e
47.909,29.572233,2019,,HUMAN_OBSERVATION,KW,2756992306,4fa7b334-ce0d-4e88-aaae-2e0c138d049e
47.707787,29.553898,2019,,HUMAN_OBSERVATION,KW,2757963941,4fa7b334-ce0d-4e88-aaae-2e0c138d049e
48.1554,28.88062,2019,,HUMAN_OBSERVATION,KW,2760816518,4fa7b334-ce0d-4e88-aaae-2e0c138d049e
47.674255,29.351254,2019,,HUMAN_OBSERVATION,KW,2767003091,4fa7b334-ce0d-4e88-aaae-2e0c138d049e
48.122196,29.1655,2019,,HUMAN_OBSERVATION,KW,2768509999,4fa7b334-ce0d-4e88-aaae-2e0c138d049e
46.9602,29.366991,2019,,HUMAN_OBSERVATION,KW,2768712663,4fa7b334-ce0d-4e88-aaae-2e0c138d049e
47.840996,29.321728,2019,,HUMAN_OBSERVATION,KW,2773397082,4fa7b334-ce0d-4e88-aaae-2e0c138d049e
47.75465,29.257349,2019,,HUMAN_OBSERVATION,KW,2778373704,4fa7b334-ce0d-4e88-aaae-2e0c138d049e
48.39385,28.592876,2019,,HUMAN_OBSERVATION,KW,2779155794,4fa7b334-ce0d-4e88-aaae-2e0c138d049e
46.9602,29.366991,2019,,HUMAN_OBSERVATION,KW,2779577212,4fa7b334-ce0d-4e88-aaae-2e0c138d049e
46.9602,29.366991,2019,,HUMAN_OBSERVATION,KW,2780859124,4fa7b334-ce0d-4e88-aaae-2e0c138d049e
47.75465,29.257349,2019,,HUMAN_OBSERVATION,KW,2782341716,4fa7b334-ce0d-4e88-aaae-2e0c138d049e
47.90863,29.357641,2019,,HUMAN_OBSERVATION,KW,2783238000,4fa7b334-ce0d-4e88-aaae-2e0c138d049e
48.391716,32.38115,2019,,HUMAN_OBSERVATION,IR,2784312604,4fa7b334-ce0d-4e88-aaae-2e0c138d049e
47.707787,29.553898,2019,,HUMAN_OBSERVATION,KW,2785020647,4fa7b334-ce0d-4e88-aaae-2e0c138d049e
46.9602,29.366991,2019,,HUMAN_OBSERVATION,KW,2785078686,4fa7b334-ce0d-4e88-aaae-2e0c138d049e
48.037445,29.331434,2019,,HUMAN_OBSERVATION,KW,2786346848,4fa7b334-ce0d-4e88-aaae-2e0c138d049e
47.995277,29.36991,2019,,HUMAN_OBSERVATION,KW,2786862816,4fa7b334-ce0d-4e88-aaae-2e0c138d049e
48.10128,29.135952,2019,,HUMAN_OBSERVATION,KW,2787023857,4fa7b334-ce0d-4e88-aaae-2e0c138d049e
47.75465,29.257349,2019,,HUMAN_OBSERVATION,KW,2788022619,4fa7b334-ce0d-4e88-aaae-2e0c138d049e
46.960064,29.368664,2019,,HUMAN_OBSERVATION,KW,2794755866,4fa7b334-ce0d-4e88-aaae-2e0c138d049e
47.75559,29.26832,2019,,HUMAN_OBSERVATION,KW,2795217570,4fa7b334-ce0d-4e88-aaae-2e0c138d049e
47.75465,29.257349,2019,,HUMAN_OBSERVATION,KW,2797936265,4fa7b334-ce0d-4e88-aaae-2e0c138d049e
47.707787,29.553898,2019,,HUMAN_OBSERVATION,KW,2797945241,4fa7b334-ce0d-4e88-aaae-2e0c138d049e
47.730595,29.357735,2019,,HUMAN_OBSERVATION,KW,2800408502,4fa7b334-ce0d-4e88-aaae-2e0c138d049e
46.9602,29.366991,2019,,HUMAN_OBSERVATION,KW,2801619552,4fa7b334-ce0d-4e88-aaae-2e0c138d049e
47.64551,29.364801,2019,10.0,HUMAN_OBSERVATION,KW,2834398439,8a863029-f435-446a-821e-275f4f641165
47.645965,29.364443,2019,65.0,HUMAN_OBSERVATION,KW,2844911376,8a863029-f435-446a-821e-275f4f641165
48.12247,29.165972,2019,,HUMAN_OBSERVATION,KW,2700230757,4fa7b334-ce0d-4e88-aaae-2e0c138d049e
47.674255,29.351254,2019,,HUMAN_OBSERVATION,KW,2702113199,4fa7b334-ce0d-4e88-aaae-2e0c138d049e
47.693195,29.36198,2019,,HUMAN_OBSERVATION,KW,2702223489,4fa7b334-ce0d-4e88-aaae-2e0c138d049e
47.810547,29.96825,2019,,HUMAN_OBSERVATION,KW,2702918606,4fa7b334-ce0d-4e88-aaae-2e0c138d049e
48.40104,28.549696,2019,,HUMAN_OBSERVATION,KW,2703761946,4fa7b334-ce0d-4e88-aaae-2e0c138d049e
48.043213,28.555576,2019,,HUMAN_OBSERVATION,KW,2704585048,4fa7b334-ce0d-4e88-aaae-2e0c138d049e
47.976803,29.386856,2019,,HUMAN_OBSERVATION,KW,2704770688,4fa7b334-ce0d-4e88-aaae-2e0c138d049e
47.674255,29.351254,2019,,HUMAN_OBSERVATION,KW,2705580352,4fa7b334-ce0d-4e88-aaae-2e0c138d049e
47.693195,29.36198,2019,,HUMAN_OBSERVATION,KW,2705910810,4fa7b334-ce0d-4e88-aaae-2e0c138d049e
48.392178,28.591267,2019,,HUMAN_OBSERVATION,KW,2705946592,4fa7b334-ce0d-4e88-aaae-2e0c138d049e
47.90953,29.344698,2019,,HUMAN_OBSERVATION,KW,2706004243,4fa7b334-ce0d-4e88-aaae-2e0c138d049e
48.392178,28.591267,2019,,HUMAN_OBSERVATION,KW,2706099429,4fa7b334-ce0d-4e88-aaae-2e0c138d049e
46.9602,29.366991,2019,,HUMAN_OBSERVATION,KW,2706159975,4fa7b334-ce0d-4e88-aaae-2e0c138d049e
47.75465,29.257349,2019,,HUMAN_OBSERVATION,KW,2706895907,4fa7b334-ce0d-4e88-aaae-2e0c138d049e
48.119457,29.133131,2019,,HUMAN_OBSERVATION,KW,2707162208,4fa7b334-ce0d-4e88-aaae-2e0c138d049e
47.75465,29.257349,2019,,HUMAN_OBSERVATION,KW,2707602229,4fa7b334-ce0d-4e88-aaae-2e0c138d049e
47.75465,29.257349,2019,,HUMAN_OBSERVATION,KW,2707666580,4fa7b334-ce0d-4e88-aaae-2e0c138d049e
47.674255,29.351254,2019,,HUMAN_OBSERVATION,KW,2707942723,4fa7b334-ce0d-4e88-aaae-2e0c138d049e
47.674255,29.351254,2019,,HUMAN_OBSERVATION,KW,2708028206,4fa7b334-ce0d-4e88-aaae-2e0c138d049e
47.950382,29.351929,2019,,HUMAN_OBSERVATION,KW,2708436606,4fa7b334-ce0d-4e88-aaae-2e0c138d049e
47.75465,29.257349,2019,,HUMAN_OBSERVATION,KW,2708546145,4fa7b334-ce0d-4e88-aaae-2e0c138d049e
48.100204,29.136242,2019,,HUMAN_OBSERVATION,KW,2708634136,4fa7b334-ce0d-4e88-aaae-2e0c138d049e
48.026817,29.364449,2019,,HUMAN_OBSERVATION,KW,2708649668,4fa7b334-ce0d-4e88-aaae-2e0c138d049e
48.100964,29.135288,2019,,HUMAN_OBSERVATION,KW,2708720521,4fa7b334-ce0d-4e88-aaae-2e0c138d049e
47.950382,29.351929,2019,,HUMAN_OBSERVATION,KW,2708983601,4fa7b334-ce0d-4e88-aaae-2e0c138d049e
47.810547,29.96825,2019,,HUMAN_OBSERVATION,KW,2709161636,4fa7b334-ce0d-4e88-aaae-2e0c138d049e
47.707787,29.553898,2019,,HUMAN_OBSERVATION,KW,2709499448,4fa7b334-ce0d-4e88-aaae-2e0c138d049e
47.909,29.572233,2019,,HUMAN_OBSERVATION,KW,2709934479,4fa7b334-ce0d-4e88-aaae-2e0c138d049e
47.75465,29.257349,2019,,HUMAN_OBSERVATION,KW,2710595365,4fa7b334-ce0d-4e88-aaae-2e0c138d049e
47.674255,29.351254,2019,,HUMAN_OBSERVATION,KW,2713086631,4fa7b334-ce0d-4e88-aaae-2e0c138d049e
47.674255,29.351254,2019,,HUMAN_OBSERVATION,KW,2713398539,4fa7b334-ce0d-4e88-aaae-2e0c138d049e
46.9602,29.366991,2019,,HUMAN_OBSERVATION,KW,2716004063,4fa7b334-ce0d-4e88-aaae-2e0c138d049e
47.693195,29.36198,2019,,HUMAN_OBSERVATION,KW,2717203724,4fa7b334-ce0d-4e88-aaae-2e0c138d049e
47.950382,29.351929,2019,,HUMAN_OBSERVATION,KW,2717777013,4fa7b334-ce0d-4e88-aaae-2e0c138d049e
47.950382,29.351929,2019,,HUMAN_OBSERVATION,KW,2718097289,4fa7b334-ce0d-4e88-aaae-2e0c138d049e
47.674255,29.351254,2019,,HUMAN_OBSERVATION,KW,2718386735,4fa7b334-ce0d-4e88-aaae-2e0c138d049e
47.674255,29.351254,2019,,HUMAN_OBSERVATION,KW,2718439110,4fa7b334-ce0d-4e88-aaae-2e0c138d049e
47.674255,29.351254,2019,,HUMAN_OBSERVATION,KW,2718955961,4fa7b334-ce0d-4e88-aaae-2e0c138d049e
46.9602,29.366991,2019,,HUMAN_OBSERVATION,KW,2719247855,4fa7b334-ce0d-4e88-aaae-2e0c138d049e
48.12247,29.165972,2019,,HUMAN_OBSERVATION,KW,2719876539,4fa7b334-ce0d-4e88-aaae-2e0c138d049e
48.122143,29.166296,2019,,HUMAN_OBSERVATION,KW,2719892197,4fa7b334-ce0d-4e88-aaae-2e0c138d049e
47.674255,29.351254,2019,,HUMAN_OBSERVATION,KW,2720009863,4fa7b334-ce0d-4e88-aaae-2e0c138d049e
47.707787,29.553898,2019,,HUMAN_OBSERVATION,KW,2720065615,4fa7b334-ce0d-4e88-aaae-2e0c138d049e
48.392178,28.591267,2019,,HUMAN_OBSERVATION,KW,2721195555,4fa7b334-ce0d-4e88-aaae-2e0c138d049e
47.674255,29.351254,2019,,HUMAN_OBSERVATION,KW,2721325156,4fa7b334-ce0d-4e88-aaae-2e0c138d049e
46.9602,29.366991,2019,,HUMAN_OBSERVATION,KW,2721548593,4fa7b334-ce0d-4e88-aaae-2e0c138d049e
47.75465,29.257349,2019,,HUMAN_OBSERVATION,KW,2721771197,4fa7b334-ce0d-4e88-aaae-2e0c138d049e
47.674255,29.351254,2019,,HUMAN_OBSERVATION,KW,2722076825,4fa7b334-ce0d-4e88-aaae-2e0c138d049e
47.674255,29.351254,2019,,HUMAN_OBSERVATION,KW,2722383629,4fa7b334-ce0d-4e88-aaae-2e0c138d049e
47.707787,29.553898,2019,,HUMAN_OBSERVATION,KW,2722985831,4fa7b334-ce0d-4e88-aaae-2e0c138d049e
47.707787,29.553898,2019,,HUMAN_OBSERVATION,KW,2722993221,4fa7b334-ce0d-4e88-aaae-2e0c138d049e
46.9602,29.366991,2019,,HUMAN_OBSERVATION,KW,2723380813,4fa7b334-ce0d-4e88-aaae-2e0c138d049e
47.674255,29.351254,2019,,HUMAN_OBSERVATION,KW,2723431215,4fa7b334-ce0d-4e88-aaae-2e0c138d049e
47.75465,29.257349,2019,,HUMAN_OBSERVATION,KW,2724052465,4fa7b334-ce0d-4e88-aaae-2e0c138d049e
48.38606,28.64303,2019,,HUMAN_OBSERVATION,KW,2724297834,4fa7b334-ce0d-4e88-aaae-2e0c138d049e
47.75465,29.257349,2019,,HUMAN_OBSERVATION,KW,2724918426,4fa7b334-ce0d-4e88-aaae-2e0c138d049e
46.960297,29.368181,2019,,HUMAN_OBSERVATION,KW,2725134120,4fa7b334-ce0d-4e88-aaae-2e0c138d049e
47.693195,29.36198,2019,,HUMAN_OBSERVATION,KW,2725862550,4fa7b334-ce0d-4e88-aaae-2e0c138d049e
48.122143,29.166296,2019,,HUMAN_OBSERVATION,KW,2725890176,4fa7b334-ce0d-4e88-aaae-2e0c138d049e
47.75465,29.257349,2019,,HUMAN_OBSERVATION,KW,2726037075,4fa7b334-ce0d-4e88-aaae-2e0c138d049e
47.7624,30.052671,2019,,HUMAN_OBSERVATION,KW,2726240441,4fa7b334-ce0d-4e88-aaae-2e0c138d049e
48.269722,28.738161,2019,,HUMAN_OBSERVATION,KW,2726874860,4fa7b334-ce0d-4e88-aaae-2e0c138d049e
44.215286,33.25851,2019,,HUMAN_OBSERVATION,IQ,2758807328,4fa7b334-ce0d-4e88-aaae-2e0c138d049e
47.75465,29.257349,2019,,HUMAN_OBSERVATION,KW,2759262758,4fa7b334-ce0d-4e88-aaae-2e0c138d049e
47.693195,29.36198,2019,,HUMAN_OBSERVATION,KW,2760475884,4fa7b334-ce0d-4e88-aaae-2e0c138d049e
48.119457,29.133131,2019,,HUMAN_OBSERVATION,KW,2761312502,4fa7b334-ce0d-4e88-aaae-2e0c138d049e
47.707787,29.553898,2019,,HUMAN_OBSERVATION,KW,2762102044,4fa7b334-ce0d-4e88-aaae-2e0c138d049e
48.026817,29.364449,2019,,HUMAN_OBSERVATION,KW,2762968534,4fa7b334-ce0d-4e88-aaae-2e0c138d049e
48.122173,29.165966,2019,,HUMAN_OBSERVATION,KW,2763196114,4fa7b334-ce0d-4e88-aaae-2e0c138d049e
47.99427,29.373367,2019,,HUMAN_OBSERVATION,KW,2766556597,4fa7b334-ce0d-4e88-aaae-2e0c138d049e
47.75465,29.257349,2019,,HUMAN_OBSERVATION,KW,2766698898,4fa7b334-ce0d-4e88-aaae-2e0c138d049e
47.90282,29.334694,2019,,HUMAN_OBSERVATION,KW,2769086273,4fa7b334-ce0d-4e88-aaae-2e0c138d049e
44.215286,33.25851,2019,,HUMAN_OBSERVATION,IQ,2769746472,4fa7b334-ce0d-4e88-aaae-2e0c138d049e
48.392178,28.591267,2019,,HUMAN_OBSERVATION,KW,2770053624,4fa7b334-ce0d-4e88-aaae-2e0c138d049e
47.75465,29.257349,2019,,HUMAN_OBSERVATION,KW,2770104918,4fa7b334-ce0d-4e88-aaae-2e0c138d049e
47.90282,29.334694,2019,,HUMAN_OBSERVATION,KW,2770461966,4fa7b334-ce0d-4e88-aaae-2e0c138d049e
48.119457,29.133131,2019,,HUMAN_OBSERVATION,KW,2774143975,4fa7b334-ce0d-4e88-aaae-2e0c138d049e
47.707787,29.553898,2019,,HUMAN_OBSERVATION,KW,2775261190,4fa7b334-ce0d-4e88-aaae-2e0c138d049e
47.90953,29.344698,2019,,HUMAN_OBSERVATION,KW,2775381270,4fa7b334-ce0d-4e88-aaae-2e0c138d049e
48.269722,28.738161,2019,,HUMAN_OBSERVATION,KW,2775994813,4fa7b334-ce0d-4e88-aaae-2e0c138d049e
47.674255,29.351254,2019,,HUMAN_OBSERVATION,KW,2779374856,4fa7b334-ce0d-4e88-aaae-2e0c138d049e
46.9602,29.366991,2019,,HUMAN_OBSERVATION,KW,2779400227,4fa7b334-ce0d-4e88-aaae-2e0c138d049e
47.707787,29.553898,2019,,HUMAN_OBSERVATION,KW,2779583820,4fa7b334-ce0d-4e88-aaae-2e0c138d049e
48.122143,29.166296,2019,,HUMAN_OBSERVATION,KW,2779847496,4fa7b334-ce0d-4e88-aaae-2e0c138d049e
47.707787,29.553898,2019,,HUMAN_OBSERVATION,KW,2779917155,4fa7b334-ce0d-4e88-aaae-2e0c138d049e
47.674255,29.351254,2019,,HUMAN_OBSERVATION,KW,2780267101,4fa7b334-ce0d-4e88-aaae-2e0c138d049e
47.90282,29.334694,2019,,HUMAN_OBSERVATION,KW,2780777045,4fa7b334-ce0d-4e88-aaae-2e0c138d049e
47.90282,29.334694,2019,,HUMAN_OBSERVATION,KW,2781087508,4fa7b334-ce0d-4e88-aaae-2e0c138d049e
47.75465,29.257349,2019,,HUMAN_OBSERVATION,KW,2781295024,4fa7b334-ce0d-4e88-aaae-2e0c138d049e
48.38606,28.64303,2019,,HUMAN_OBSERVATION,KW,2781855828,4fa7b334-ce0d-4e88-aaae-2e0c138d049e
48.122143,29.166296,2019,,HUMAN_OBSERVATION,KW,2781948216,4fa7b334-ce0d-4e88-aaae-2e0c138d049e
48.40104,28.549696,2019,,HUMAN_OBSERVATION,KW,2782441069,4fa7b334-ce0d-4e88-aaae-2e0c138d049e
47.674255,29.351254,2019,,HUMAN_OBSERVATION,KW,2782600186,4fa7b334-ce0d-4e88-aaae-2e0c138d049e
44.215286,33.25851,2019,,HUMAN_OBSERVATION,IQ,2782887385,4fa7b334-ce0d-4e88-aaae-2e0c138d049e
47.90953,29.344698,2019,,HUMAN_OBSERVATION,KW,2783045649,4fa7b334-ce0d-4e88-aaae-2e0c138d049e
46.9602,29.366991,2019,,HUMAN_OBSERVATION,KW,2783785521,4fa7b334-ce0d-4e88-aaae-2e0c138d049e
48.122173,29.165966,2019,,HUMAN_OBSERVATION,KW,2784300435,4fa7b334-ce0d-4e88-aaae-2e0c138d049e
47.693195,29.36198,2019,,HUMAN_OBSERVATION,KW,2784847821,4fa7b334-ce0d-4e88-aaae-2e0c138d049e
46.9602,29.366991,2019,,HUMAN_OBSERVATION,KW,2786154920,4fa7b334-ce0d-4e88-aaae-2e0c138d049e
47.75465,29.257349,2019,,HUMAN_OBSERVATION,KW,2786166647,4fa7b334-ce0d-4e88-aaae-2e0c138d049e
46.9602,29.366991,2019,,HUMAN_OBSERVATION,KW,2787203272,4fa7b334-ce0d-4e88-aaae-2e0c138d049e
47.693195,29.36198,2019,,HUMAN_OBSERVATION,KW,2787790911,4fa7b334-ce0d-4e88-aaae-2e0c138d049e
48.026817,29.364449,2019,,HUMAN_OBSERVATION,KW,2789350940,4fa7b334-ce0d-4e88-aaae-2e0c138d049e
47.90282,29.334694,2019,,HUMAN_OBSERVATION,KW,2789357434,4fa7b334-ce0d-4e88-aaae-2e0c138d049e
47.75465,29.257349,2019,,HUMAN_OBSERVATION,KW,2789454399,4fa7b334-ce0d-4e88-aaae-2e0c138d049e
47.707787,29.553898,2019,,HUMAN_OBSERVATION,KW,2789509604,4fa7b334-ce0d-4e88-aaae-2e0c138d049e
46.9602,29.366991,2019,,HUMAN_OBSERVATION,KW,2790225054,4fa7b334-ce0d-4e88-aaae-2e0c138d049e
47.674255,29.351254,2019,,HUMAN_OBSERVATION,KW,2790625526,4fa7b334-ce0d-4e88-aaae-2e0c138d049e
48.277115,31.965609,2019,,HUMAN_OBSERVATION,IR,2790929666,4fa7b334-ce0d-4e88-aaae-2e0c138d049e
48.38606,28.64303,2019,,HUMAN_OBSERVATION,KW,2792842405,4fa7b334-ce0d-4e88-aaae-2e0c138d049e
47.90953,29.344698,2019,,HUMAN_OBSERVATION,KW,2793897720,4fa7b334-ce0d-4e88-aaae-2e0c138d049e
46.9602,29.366991,2019,,HUMAN_OBSERVATION,KW,2794138704,4fa7b334-ce0d-4e88-aaae-2e0c138d049e
48.026817,29.364449,2019,,HUMAN_OBSERVATION,KW,2794812673,4fa7b334-ce0d-4e88-aaae-2e0c138d049e
48.129047,29.129276,2019,,HUMAN_OBSERVATION,KW,2794982160,4fa7b334-ce0d-4e88-aaae-2e0c138d049e
48.392178,28.591267,2019,,HUMAN_OBSERVATION,KW,2795002462,4fa7b334-ce0d-4e88-aaae-2e0c138d049e
46.9602,29.366991,2019,,HUMAN_OBSERVATION,KW,2795202844,4fa7b334-ce0d-4e88-aaae-2e0c138d049e
47.674255,29.351254,2019,,HUMAN_OBSERVATION,KW,2795804322,4fa7b334-ce0d-4e88-aaae-2e0c138d049e
48.122143,29.166296,2019,,HUMAN_OBSERVATION,KW,2796543499,4fa7b334-ce0d-4e88-aaae-2e0c138d049e
48.122143,29.166296,2019,,HUMAN_OBSERVATION,KW,2797368029,4fa7b334-ce0d-4e88-aaae-2e0c138d049e
47.75465,29.257349,2019,,HUMAN_OBSERVATION,KW,2797456573,4fa7b334-ce0d-4e88-aaae-2e0c138d049e
48.40104,28.549696,2019,,HUMAN_OBSERVATION,KW,2798832584,4fa7b334-ce0d-4e88-aaae-2e0c138d049e
48.269722,28.738161,2019,,HUMAN_OBSERVATION,KW,2799288594,4fa7b334-ce0d-4e88-aaae-2e0c138d049e
47.75465,29.257349,2019,,HUMAN_OBSERVATION,KW,2799888611,4fa7b334-ce0d-4e88-aaae-2e0c138d049e
47.950382,29.351929,2019,,HUMAN_OBSERVATION,KW,2799937357,4fa7b334-ce0d-4e88-aaae-2e0c138d049e
48.45803,32.632362,2019,,HUMAN_OBSERVATION,IR,2800149746,4fa7b334-ce0d-4e88-aaae-2e0c138d049e
46.9602,29.366991,2019,,HUMAN_OBSERVATION,KW,2800808337,4fa7b334-ce0d-4e88-aaae-2e0c138d049e
47.810547,29.96825,2019,,HUMAN_OBSERVATION,KW,2800880108,4fa7b334-ce0d-4e88-aaae-2e0c138d049e
47.810547,29.96825,2019,,HUMAN_OBSERVATION,KW,2800980683,4fa7b334-ce0d-4e88-aaae-2e0c138d049e
47.674255,29.351254,2019,,HUMAN_OBSERVATION,KW,2801233490,4fa7b334-ce0d-4e88-aaae-2e0c138d049e
47.674747,29.348863,2019,5.0,HUMAN_OBSERVATION,KW,2834638117,8a863029-f435-446a-821e-275f4f641165
47.648304,29.366621,2019,5.0,HUMAN_OBSERVATION,KW,2844627330,8a863029-f435-446a-821e-275f4f641165
47.64541,29.364529,2019,10.0,HUMAN_OBSERVATION,KW,2844963571,8a863029-f435-446a-821e-275f4f641165
48.277115,31.965609,2019,,HUMAN_OBSERVATION,IR,3261203654,4fa7b334-ce0d-4e88-aaae-2e0c138d049e
48.45803,32.632362,2019,,HUMAN_OBSERVATION,IR,3279670576,4fa7b334-ce0d-4e88-aaae-2e0c138d049e
47.99427,29.373367,2019,,HUMAN_OBSERVATION,KW,5436942057,4fa7b334-ce0d-4e88-aaae-2e0c138d049e
47.962185,29.300047,2019,,HUMAN_OBSERVATION,KW,5470919101,4fa7b334-ce0d-4e88-aaae-2e0c138d049e
47.90282,29.334694,2019,,HUMAN_OBSERVATION,KW,5526185958,4fa7b334-ce0d-4e88-aaae-2e0c138d049e
48.013016,28.543829,2019,,HUMAN_OBSERVATION,KW,5585319423,4fa7b334-ce0d-4e88-aaae-2e0c138d049e
47.97675,29.37646,2019,,HUMAN_OBSERVATION,KW,5644628457,4fa7b334-ce0d-4e88-aaae-2e0c138d049e
48.1554,28.88062,2019,,HUMAN_OBSERVATION,KW,2708346410,4fa7b334-ce0d-4e88-aaae-2e0c138d049e
47.75465,29.257349,2019,,HUMAN_OBSERVATION,KW,2709101015,4fa7b334-ce0d-4e88-aaae-2e0c138d049e
48.103905,29.216251,2019,,HUMAN_OBSERVATION,KW,2709125288,4fa7b334-ce0d-4e88-aaae-2e0c138d049e
48.10902,29.212551,2019,,HUMAN_OBSERVATION,KW,2710900155,4fa7b334-ce0d-4e88-aaae-2e0c138d049e
47.950184,29.351974,2019,,HUMAN_OBSERVATION,KW,2711953165,4fa7b334-ce0d-4e88-aaae-2e0c138d049e
47.98448,28.550373,2019,,HUMAN_OBSERVATION,KW,2712268766,4fa7b334-ce0d-4e88-aaae-2e0c138d049e
48.119457,29.133131,2019,,HUMAN_OBSERVATION,KW,2712358781,4fa7b334-ce0d-4e88-aaae-2e0c138d049e
48.66297,31.3028,2019,,HUMAN_OBSERVATION,IR,2712377183,4fa7b334-ce0d-4e88-aaae-2e0c138d049e
48.1554,28.88062,2019,,HUMAN_OBSERVATION,KW,2716642467,4fa7b334-ce0d-4e88-aaae-2e0c138d049e
47.75465,29.257349,2019,,HUMAN_OBSERVATION,KW,2722981562,4fa7b334-ce0d-4e88-aaae-2e0c138d049e
42.471268,37.247906,2019,,HUMAN_OBSERVATION,TR,2724963161,4fa7b334-ce0d-4e88-aaae-2e0c138d049e
48.103905,29.216251,2019,,HUMAN_OBSERVATION,KW,2725817025,4fa7b334-ce0d-4e88-aaae-2e0c138d049e
44.215286,33.25851,2019,,HUMAN_OBSERVATION,IQ,2765881142,4fa7b334-ce0d-4e88-aaae-2e0c138d049e
48.03714,29.33102,2019,,HUMAN_OBSERVATION,KW,2768923583,4fa7b334-ce0d-4e88-aaae-2e0c138d049e
48.119457,29.133131,2019,,HUMAN_OBSERVATION,KW,2770699345,4fa7b334-ce0d-4e88-aaae-2e0c138d049e
48.11621,29.1906,2019,,HUMAN_OBSERVATION,KW,2780395833,4fa7b334-ce0d-4e88-aaae-2e0c138d049e
47.961044,29.300226,2019,,HUMAN_OBSERVATION,KW,2780774127,4fa7b334-ce0d-4e88-aaae-2e0c138d049e
48.10472,29.216417,2019,,HUMAN_OBSERVATION,KW,2780800303,4fa7b334-ce0d-4e88-aaae-2e0c138d049e
47.90359,29.352879,2019,,HUMAN_OBSERVATION,KW,2788116795,4fa7b334-ce0d-4e88-aaae-2e0c138d049e
48.10472,29.216417,2019,,HUMAN_OBSERVATION,KW,2789572173,4fa7b334-ce0d-4e88-aaae-2e0c138d049e
48.12089,29.133806,2019,,HUMAN_OBSERVATION,KW,2790866480,4fa7b334-ce0d-4e88-aaae-2e0c138d049e
48.10472,29.216417,2019,,HUMAN_OBSERVATION,KW,2793254213,4fa7b334-ce0d-4e88-aaae-2e0c138d049e
42.47223,37.23706,2019,,HUMAN_OBSERVATION,TR,2796633724,4fa7b334-ce0d-4e88-aaae-2e0c138d049e
48.104958,29.216244,2019,,HUMAN_OBSERVATION,KW,2797351723,4fa7b334-ce0d-4e88-aaae-2e0c138d049e
48.104958,29.216244,2019,,HUMAN_OBSERVATION,KW,2800322047,4fa7b334-ce0d-4e88-aaae-2e0c138d049e
42.462353,37.247623,2019,,HUMAN_OBSERVATION,TR,3281261860,4fa7b334-ce0d-4e88-aaae-2e0c138d049e
47.674255,29.351254,2018,,HUMAN_OBSERVATION,KW,2102340261,4fa7b334-ce0d-4e88-aaae-2e0c138d049e
42.453056,33.725277,2018,,HUMAN_OBSERVATION,IQ,2103394655,4fa7b334-ce0d-4e88-aaae-2e0c138d049e
47.75559,29.26832,2018,,HUMAN_OBSERVATION,KW,2103604055,4fa7b334-ce0d-4e88-aaae-2e0c138d049e
47.75559,29.26832,2018,,HUMAN_OBSERVATION,KW,2103667418,4fa7b334-ce0d-4e88-aaae-2e0c138d049e
47.95045,29.352358,2018,,HUMAN_OBSERVATION,KW,2104226198,4fa7b334-ce0d-4e88-aaae-2e0c138d049e
47.75465,29.257349,2018,,HUMAN_OBSERVATION,KW,2104335865,4fa7b334-ce0d-4e88-aaae-2e0c138d049e
47.674255,29.351254,2018,,HUMAN_OBSERVATION,KW,2104491104,4fa7b334-ce0d-4e88-aaae-2e0c138d049e
47.70725,30.033682,2018,,HUMAN_OBSERVATION,KW,2104775192,4fa7b334-ce0d-4e88-aaae-2e0c138d049e
42.453056,33.725277,2018,,HUMAN_OBSERVATION,IQ,2105026817,4fa7b334-ce0d-4e88-aaae-2e0c138d049e
48.026817,29.364449,2018,,HUMAN_OBSERVATION,KW,2105310798,4fa7b334-ce0d-4e88-aaae-2e0c138d049e
42.453056,33.725277,2018,,HUMAN_OBSERVATION,IQ,2105674857,4fa7b334-ce0d-4e88-aaae-2e0c138d049e
44.36554,33.94051,2018,,HUMAN_OBSERVATION,IQ,2105713369,4fa7b334-ce0d-4e88-aaae-2e0c138d049e
47.700882,30.03329,2018,,HUMAN_OBSERVATION,KW,2106336568,4fa7b334-ce0d-4e88-aaae-2e0c138d049e
47.674255,29.351254,2018,,HUMAN_OBSERVATION,KW,2106341692,4fa7b334-ce0d-4e88-aaae-2e0c138d049e
48.122143,29.166296,2018,,HUMAN_OBSERVATION,KW,2106821683,4fa7b334-ce0d-4e88-aaae-2e0c138d049e
44.36554,33.94051,2018,,HUMAN_OBSERVATION,IQ,2107520262,4fa7b334-ce0d-4e88-aaae-2e0c138d049e
47.75465,29.257349,2018,,HUMAN_OBSERVATION,KW,2108021707,4fa7b334-ce0d-4e88-aaae-2e0c138d049e
48.026817,29.364449,2018,,HUMAN_OBSERVATION,KW,2108215130,4fa7b334-ce0d-4e88-aaae-2e0c138d049e
45.425804,35.611534,2018,,HUMAN_OBSERVATION,IQ,2108239519,4fa7b334-ce0d-4e88-aaae-2e0c138d049e
48.078876,29.329584,2018,,HUMAN_OBSERVATION,KW,2108466681,4fa7b334-ce0d-4e88-aaae-2e0c138d049e
47.707787,29.553898,2018,,HUMAN_OBSERVATION,KW,2112084412,4fa7b334-ce0d-4e88-aaae-2e0c138d049e
45.425804,35.611534,2018,,HUMAN_OBSERVATION,IQ,2116644364,4fa7b334-ce0d-4e88-aaae-2e0c138d049e
47.95045,29.352358,2018,,HUMAN_OBSERVATION,KW,2116963049,4fa7b334-ce0d-4e88-aaae-2e0c138d049e
48.119457,29.133131,2018,,HUMAN_OBSERVATION,KW,2117505099,4fa7b334-ce0d-4e88-aaae-2e0c138d049e
44.36554,33.94051,2018,,HUMAN_OBSERVATION,IQ,2117508205,4fa7b334-ce0d-4e88-aaae-2e0c138d049e
42.453056,33.725277,2018,,HUMAN_OBSERVATION,IQ,2117536278,4fa7b334-ce0d-4e88-aaae-2e0c138d049e
47.95045,29.352358,2018,,HUMAN_OBSERVATION,KW,2117742587,4fa7b334-ce0d-4e88-aaae-2e0c138d049e
47.674255,29.351254,2018,,HUMAN_OBSERVATION,KW,2117743717,4fa7b334-ce0d-4e88-aaae-2e0c138d049e
47.902706,29.356306,2018,,HUMAN_OBSERVATION,KW,2117752024,4fa7b334-ce0d-4e88-aaae-2e0c138d049e
42.453056,33.725277,2018,,HUMAN_OBSERVATION,IQ,2118013753,4fa7b334-ce0d-4e88-aaae-2e0c138d049e
47.674255,29.351254,2018,,HUMAN_OBSERVATION,KW,2118103338,4fa7b334-ce0d-4e88-aaae-2e0c138d049e
47.95045,29.352358,2018,,HUMAN_OBSERVATION,KW,2118136546,4fa7b334-ce0d-4e88-aaae-2e0c138d049e
44.36554,33.94051,2018,,HUMAN_OBSERVATION,IQ,2118285454,4fa7b334-ce0d-4e88-aaae-2e0c138d049e
47.70725,30.033682,2018,,HUMAN_OBSERVATION,KW,2118758547,4fa7b334-ce0d-4e88-aaae-2e0c138d049e
42.453056,33.725277,2018,,HUMAN_OBSERVATION,IQ,2118906471,4fa7b334-ce0d-4e88-aaae-2e0c138d049e
42.453056,33.725277,2018,,HUMAN_OBSERVATION,IQ,2118943374,4fa7b334-ce0d-4e88-aaae-2e0c138d049e
42.453056,33.725277,2018,,HUMAN_OBSERVATION,IQ,2119007037,4fa7b334-ce0d-4e88-aaae-2e0c138d049e
48.122005,29.127281,2018,,HUMAN_OBSERVATION,KW,2119012822,4fa7b334-ce0d-4e88-aaae-2e0c138d049e
42.839203,36.609165,2018,,HUMAN_OBSERVATION,IQ,2119021354,4fa7b334-ce0d-4e88-aaae-2e0c138d049e
44.36554,33.94051,2018,,HUMAN_OBSERVATION,IQ,2119067108,4fa7b334-ce0d-4e88-aaae-2e0c138d049e
42.453056,33.725277,2018,,HUMAN_OBSERVATION,IQ,2119261793,4fa7b334-ce0d-4e88-aaae-2e0c138d049e
42.453056,33.725277,2018,,HUMAN_OBSERVATION,IQ,2119275507,4fa7b334-ce0d-4e88-aaae-2e0c138d049e
47.75465,29.257349,2018,,HUMAN_OBSERVATION,KW,2119660495,4fa7b334-ce0d-4e88-aaae-2e0c138d049e
42.453056,33.725277,2018,,HUMAN_OBSERVATION,IQ,2119683278,4fa7b334-ce0d-4e88-aaae-2e0c138d049e
47.674255,29.351254,2018,,HUMAN_OBSERVATION,KW,2119761697,4fa7b334-ce0d-4e88-aaae-2e0c138d049e
47.707787,29.553898,2018,,HUMAN_OBSERVATION,KW,2119765125,4fa7b334-ce0d-4e88-aaae-2e0c138d049e
42.453056,33.725277,2018,,HUMAN_OBSERVATION,IQ,2120002152,4fa7b334-ce0d-4e88-aaae-2e0c138d049e
48.119457,29.133131,2018,,HUMAN_OBSERVATION,KW,2120536312,4fa7b334-ce0d-4e88-aaae-2e0c138d049e
47.707787,29.553898,2018,,HUMAN_OBSERVATION,KW,2120578245,4fa7b334-ce0d-4e88-aaae-2e0c138d049e
47.95045,29.352358,2018,,HUMAN_OBSERVATION,KW,2120580994,4fa7b334-ce0d-4e88-aaae-2e0c138d049e
42.453056,33.725277,2018,,HUMAN_OBSERVATION,IQ,2120767004,4fa7b334-ce0d-4e88-aaae-2e0c138d049e
48.026817,29.364449,2018,,HUMAN_OBSERVATION,KW,2120783480,4fa7b334-ce0d-4e88-aaae-2e0c138d049e
44.36554,33.94051,2018,,HUMAN_OBSERVATION,IQ,2121044283,4fa7b334-ce0d-4e88-aaae-2e0c138d049e
48.026817,29.364449,2018,,HUMAN_OBSERVATION,KW,2121075242,4fa7b334-ce0d-4e88-aaae-2e0c138d049e
42.453056,33.725277,2018,,HUMAN_OBSERVATION,IQ,2121420613,4fa7b334-ce0d-4e88-aaae-2e0c138d049e
44.36554,33.94051,2018,,HUMAN_OBSERVATION,IQ,2121759041,4fa7b334-ce0d-4e88-aaae-2e0c138d049e
42.453056,33.725277,2018,,HUMAN_OBSERVATION,IQ,2121768628,4fa7b334-ce0d-4e88-aaae-2e0c138d049e
47.707787,29.553898,2018,,HUMAN_OBSERVATION,KW,2121976652,4fa7b334-ce0d-4e88-aaae-2e0c138d049e
45.425804,35.611534,2018,,HUMAN_OBSERVATION,IQ,2122642687,4fa7b334-ce0d-4e88-aaae-2e0c138d049e
48.37997,28.665361,2018,,HUMAN_OBSERVATION,KW,2122930071,4fa7b334-ce0d-4e88-aaae-2e0c138d049e
42.453056,33.725277,2018,,HUMAN_OBSERVATION,IQ,2123417324,4fa7b334-ce0d-4e88-aaae-2e0c138d049e
42.453056,33.725277,2018,,HUMAN_OBSERVATION,IQ,2123436837,4fa7b334-ce0d-4e88-aaae-2e0c138d049e
42.453056,33.725277,2018,,HUMAN_OBSERVATION,IQ,2123442444,4fa7b334-ce0d-4e88-aaae-2e0c138d049e
44.36554,33.94051,2018,,HUMAN_OBSERVATION,IQ,2123765455,4fa7b334-ce0d-4e88-aaae-2e0c138d049e
47.909,29.572233,2018,,HUMAN_OBSERVATION,KW,2124541099,4fa7b334-ce0d-4e88-aaae-2e0c138d049e
47.707787,29.553898,2018,,HUMAN_OBSERVATION,KW,2124551495,4fa7b334-ce0d-4e88-aaae-2e0c138d049e
42.453056,33.725277,2018,,HUMAN_OBSERVATION,IQ,2125616936,4fa7b334-ce0d-4e88-aaae-2e0c138d049e
48.122005,29.127281,2018,,HUMAN_OBSERVATION,KW,2126552297,4fa7b334-ce0d-4e88-aaae-2e0c138d049e
47.674255,29.351254,2018,,HUMAN_OBSERVATION,KW,2126652339,4fa7b334-ce0d-4e88-aaae-2e0c138d049e
48.388184,28.662062,2018,,HUMAN_OBSERVATION,KW,2127336224,4fa7b334-ce0d-4e88-aaae-2e0c138d049e
47.700882,30.03329,2018,,HUMAN_OBSERVATION,KW,2127339427,4fa7b334-ce0d-4e88-aaae-2e0c138d049e
47.707787,29.553898,2018,,HUMAN_OBSERVATION,KW,2127826771,4fa7b334-ce0d-4e88-aaae-2e0c138d049e
47.902706,29.356306,2018,,HUMAN_OBSERVATION,KW,2128142885,4fa7b334-ce0d-4e88-aaae-2e0c138d049e
45.425804,35.611534,2018,,HUMAN_OBSERVATION,IQ,2128238638,4fa7b334-ce0d-4e88-aaae-2e0c138d049e
47.950016,29.349157,2018,,HUMAN_OBSERVATION,KW,2128493082,4fa7b334-ce0d-4e88-aaae-2e0c138d049e
42.453056,33.725277,2018,,HUMAN_OBSERVATION,IQ,2128527132,4fa7b334-ce0d-4e88-aaae-2e0c138d049e
47.90282,29.334694,2018,,HUMAN_OBSERVATION,KW,2128831810,4fa7b334-ce0d-4e88-aaae-2e0c138d049e
47.75559,29.26832,2018,,HUMAN_OBSERVATION,KW,2129475016,4fa7b334-ce0d-4e88-aaae-2e0c138d049e
48.122005,29.127281,2018,,HUMAN_OBSERVATION,KW,2130357085,4fa7b334-ce0d-4e88-aaae-2e0c138d049e
47.902706,29.356306,2018,,HUMAN_OBSERVATION,KW,2130417170,4fa7b334-ce0d-4e88-aaae-2e0c138d049e
47.75559,29.26832,2018,,HUMAN_OBSERVATION,KW,2130419908,4fa7b334-ce0d-4e88-aaae-2e0c138d049e
47.674255,29.351254,2018,,HUMAN_OBSERVATION,KW,2130420525,4fa7b334-ce0d-4e88-aaae-2e0c138d049e
47.70725,30.033682,2018,,HUMAN_OBSERVATION,KW,2130422045,4fa7b334-ce0d-4e88-aaae-2e0c138d049e
42.453056,33.725277,2018,,HUMAN_OBSERVATION,IQ,2130622113,4fa7b334-ce0d-4e88-aaae-2e0c138d049e
42.453056,33.725277,2018,,HUMAN_OBSERVATION,IQ,2130647490,4fa7b334-ce0d-4e88-aaae-2e0c138d049e
48.40104,28.549696,2018,,HUMAN_OBSERVATION,KW,2133156075,4fa7b334-ce0d-4e88-aaae-2e0c138d049e
44.36554,33.94051,2018,,HUMAN_OBSERVATION,IQ,2134035505,4fa7b334-ce0d-4e88-aaae-2e0c138d049e
48.043213,28.555576,2018,,HUMAN_OBSERVATION,KW,2134677053,4fa7b334-ce0d-4e88-aaae-2e0c138d049e
47.992756,28.535421,2018,,HUMAN_OBSERVATION,KW,2136447077,4fa7b334-ce0d-4e88-aaae-2e0c138d049e
47.75559,29.26832,2018,,HUMAN_OBSERVATION,KW,2201190401,4fa7b334-ce0d-4e88-aaae-2e0c138d049e
48.11621,29.1906,2018,,HUMAN_OBSERVATION,KW,2201191036,4fa7b334-ce0d-4e88-aaae-2e0c138d049e
47.707787,29.553898,2018,,HUMAN_OBSERVATION,KW,2213302303,4fa7b334-ce0d-4e88-aaae-2e0c138d049e
47.949646,29.351244,2018,,HUMAN_OBSERVATION,KW,2216162737,4fa7b334-ce0d-4e88-aaae-2e0c138d049e
47.94925,29.351273,2018,10.0,HUMAN_OBSERVATION,KW,2833127600,8a863029-f435-446a-821e-275f4f641165
48.118693,29.186475,2018,1000.0,HUMAN_OBSERVATION,KW,2840247392,8a863029-f435-446a-821e-275f4f641165
48.11621,29.1906,2018,,HUMAN_OBSERVATION,KW,3215535467,4fa7b334-ce0d-4e88-aaae-2e0c138d049e
47.75559,29.26832,2018,,HUMAN_OBSERVATION,KW,3215815548,4fa7b334-ce0d-4e88-aaae-2e0c138d049e
47.707787,29.553898,2018,,HUMAN_OBSERVATION,KW,3277515453,4fa7b334-ce0d-4e88-aaae-2e0c138d049e
47.949646,29.351244,2018,,HUMAN_OBSERVATION,KW,3283753374,4fa7b334-ce0d-4e88-aaae-2e0c138d049e
47.70725,30.033682,2018,,HUMAN_OBSERVATION,KW,5310125098,4fa7b334-ce0d-4e88-aaae-2e0c138d049e
47.75559,29.26832,2018,,HUMAN_OBSERVATION,KW,5383749724,4fa7b334-ce0d-4e88-aaae-2e0c138d049e
47.700882,30.03329,2018,,HUMAN_OBSERVATION,KW,5477740882,4fa7b334-ce0d-4e88-aaae-2e0c138d049e
47.707787,29.553898,2018,,HUMAN_OBSERVATION,KW,5483076742,4fa7b334-ce0d-4e88-aaae-2e0c138d049e
47.700882,30.03329,2018,,HUMAN_OBSERVATION,KW,5511202891,4fa7b334-ce0d-4e88-aaae-2e0c138d049e
47.95045,29.352358,2018,,HUMAN_OBSERVATION,KW,5585183704,4fa7b334-ce0d-4e88-aaae-2e0c138d049e
47.674255,29.351254,2018,,HUMAN_OBSERVATION,KW,5648764221,4fa7b334-ce0d-4e88-aaae-2e0c138d049e
47.674255,29.351254,2018,,HUMAN_OBSERVATION,KW,5652516411,4fa7b334-ce0d-4e88-aaae-2e0c138d049e
47.902706,29.356306,2018,,HUMAN_OBSERVATION,KW,5670759136,4fa7b334-ce0d-4e88-aaae-2e0c138d049e
47.81044,30.451263,2018,122.0,HUMAN_OBSERVATION,IQ,1831211435,50c9509d-22c7-4a22-a47d-8c48425ef4a7
47.707787,29.553898,2018,,HUMAN_OBSERVATION,KW,2110654770,4fa7b334-ce0d-4e88-aaae-2e0c138d049e
44.36554,33.94051,2018,,HUMAN_OBSERVATION,IQ,2111249035,4fa7b334-ce0d-4e88-aaae-2e0c138d049e
44.36554,33.94051,2018,,HUMAN_OBSERVATION,IQ,2112093012,4fa7b334-ce0d-4e88-aaae-2e0c138d049e
48.08256,29.316772,2018,,HUMAN_OBSERVATION,KW,2112311130,4fa7b334-ce0d-4e88-aaae-2e0c138d049e
47.78334,29.585512,2018,,HUMAN_OBSERVATION,KW,2115566357,4fa7b334-ce0d-4e88-aaae-2e0c138d049e
48.119457,29.133131,2018,,HUMAN_OBSERVATION,KW,2116011014,4fa7b334-ce0d-4e88-aaae-2e0c138d049e
44.36554,33.94051,2018,,HUMAN_OBSERVATION,IQ,2116291105,4fa7b334-ce0d-4e88-aaae-2e0c138d049e
44.36554,33.94051,2018,,HUMAN_OBSERVATION,IQ,2116865219,4fa7b334-ce0d-4e88-aaae-2e0c138d049e
47.674255,29.351254,2018,,HUMAN_OBSERVATION,KW,2117192594,4fa7b334-ce0d-4e88-aaae-2e0c138d049e
44.36554,33.94051,2018,,HUMAN_OBSERVATION,IQ,2119361311,4fa7b334-ce0d-4e88-aaae-2e0c138d049e
48.11621,29.1906,2018,,HUMAN_OBSERVATION,KW,2125602690,4fa7b334-ce0d-4e88-aaae-2e0c138d049e
47.707787,29.553898,2018,,HUMAN_OBSERVATION,KW,2125605217,4fa7b334-ce0d-4e88-aaae-2e0c138d049e
48.08256,29.316772,2018,,HUMAN_OBSERVATION,KW,2125824755,4fa7b334-ce0d-4e88-aaae-2e0c138d049e
48.026817,29.364449,2018,,HUMAN_OBSERVATION,KW,2126891308,4fa7b334-ce0d-4e88-aaae-2e0c138d049e
47.75465,29.257349,2018,,HUMAN_OBSERVATION,KW,2127446997,4fa7b334-ce0d-4e88-aaae-2e0c138d049e
47.707787,29.553898,2018,,HUMAN_OBSERVATION,KW,2128273961,4fa7b334-ce0d-4e88-aaae-2e0c138d049e
44.36554,33.94051,2018,,HUMAN_OBSERVATION,IQ,2128340279,4fa7b334-ce0d-4e88-aaae-2e0c138d049e
45.425804,35.611534,2018,,HUMAN_OBSERVATION,IQ,2128584322,4fa7b334-ce0d-4e88-aaae-2e0c138d049e
44.36554,33.94051,2018,,HUMAN_OBSERVATION,IQ,2131124615,4fa7b334-ce0d-4e88-aaae-2e0c138d049e
46.9602,29.366991,2018,,HUMAN_OBSERVATION,KW,2133498710,4fa7b334-ce0d-4e88-aaae-2e0c138d049e
47.674255,29.351254,2018,,HUMAN_OBSERVATION,KW,2134766618,4fa7b334-ce0d-4e88-aaae-2e0c138d049e
47.707787,29.553898,2018,,HUMAN_OBSERVATION,KW,2136467931,4fa7b334-ce0d-4e88-aaae-2e0c138d049e
48.11621,29.1906,2018,,HUMAN_OBSERVATION,KW,2138651050,4fa7b334-ce0d-4e88-aaae-2e0c138d049e
47.707787,29.553898,2018,,HUMAN_OBSERVATION,KW,2138773345,4fa7b334-ce0d-4e88-aaae-2e0c138d049e
47.707787,29.553898,2018,,HUMAN_OBSERVATION,KW,2138913904,4fa7b334-ce0d-4e88-aaae-2e0c138d049e
47.75465,29.257349,2018,,HUMAN_OBSERVATION,KW,2138918595,4fa7b334-ce0d-4e88-aaae-2e0c138d049e
46.9602,29.366991,2018,,HUMAN_OBSERVATION,KW,2141646336,4fa7b334-ce0d-4e88-aaae-2e0c138d049e
47.707787,29.553898,2018,,HUMAN_OBSERVATION,KW,2142308019,4fa7b334-ce0d-4e88-aaae-2e0c138d049e
47.75465,29.257349,2018,,HUMAN_OBSERVATION,KW,2142309658,4fa7b334-ce0d-4e88-aaae-2e0c138d049e
47.992756,28.535421,2018,,HUMAN_OBSERVATION,KW,2142412468,4fa7b334-ce0d-4e88-aaae-2e0c138d049e
48.66297,31.3028,2018,,HUMAN_OBSERVATION,IR,2723668278,4fa7b334-ce0d-4e88-aaae-2e0c138d049e
44.352897,32.91137,2018,464.0,HUMAN_OBSERVATION,IQ,5069697352,50c9509d-22c7-4a22-a47d-8c48425ef4a7
48.026817,29.364449,2018,,HUMAN_OBSERVATION,KW,2118316070,4fa7b334-ce0d-4e88-aaae-2e0c138d049e
45.425804,35.611534,2018,,HUMAN_OBSERVATION,IQ,2118544145,4fa7b334-ce0d-4e88-aaae-2e0c138d049e
48.119457,29.133131,2018,,HUMAN_OBSERVATION,KW,2118963993,4fa7b334-ce0d-4e88-aaae-2e0c138d049e
44.36554,33.94051,2018,,HUMAN_OBSERVATION,IQ,2119608804,4fa7b334-ce0d-4e88-aaae-2e0c138d049e
47.90863,29.357641,2018,,HUMAN_OBSERVATION,KW,2120667455,4fa7b334-ce0d-4e88-aaae-2e0c138d049e
47.90863,29.357641,2018,,HUMAN_OBSERVATION,KW,2120701862,4fa7b334-ce0d-4e88-aaae-2e0c138d049e
47.90282,29.334694,2018,,HUMAN_OBSERVATION,KW,2120707070,4fa7b334-ce0d-4e88-aaae-2e0c138d049e
44.36554,33.94051,2018,,HUMAN_OBSERVATION,IQ,2121623756,4fa7b334-ce0d-4e88-aaae-2e0c138d049e
44.36554,33.94051,2018,,HUMAN_OBSERVATION,IQ,2122465097,4fa7b334-ce0d-4e88-aaae-2e0c138d049e
46.9602,29.366991,2018,,HUMAN_OBSERVATION,KW,2122808287,4fa7b334-ce0d-4e88-aaae-2e0c138d049e
45.661392,32.522327,2018,,HUMAN_OBSERVATION,IQ,2123381268,4fa7b334-ce0d-4e88-aaae-2e0c138d049e
44.36554,33.94051,2018,,HUMAN_OBSERVATION,IQ,2123918694,4fa7b334-ce0d-4e88-aaae-2e0c138d049e
48.119457,29.133131,2018,,HUMAN_OBSERVATION,KW,2124264198,4fa7b334-ce0d-4e88-aaae-2e0c138d049e
48.119457,29.133131,2018,,HUMAN_OBSERVATION,KW,2124820030,4fa7b334-ce0d-4e88-aaae-2e0c138d049e
47.674255,29.351254,2018,,HUMAN_OBSERVATION,KW,2126014871,4fa7b334-ce0d-4e88-aaae-2e0c138d049e
44.36554,33.94051,2018,,HUMAN_OBSERVATION,IQ,2126310272,4fa7b334-ce0d-4e88-aaae-2e0c138d049e
44.36554,33.94051,2018,,HUMAN_OBSERVATION,IQ,2127215517,4fa7b334-ce0d-4e88-aaae-2e0c138d049e
48.392178,28.591267,2018,,HUMAN_OBSERVATION,KW,2127942213,4fa7b334-ce0d-4e88-aaae-2e0c138d049e
45.431,35.56482,2018,,HUMAN_OBSERVATION,IQ,2132083927,4fa7b334-ce0d-4e88-aaae-2e0c138d049e
48.122005,29.127281,2018,,HUMAN_OBSERVATION,KW,2132430689,4fa7b334-ce0d-4e88-aaae-2e0c138d049e
47.674255,29.351254,2018,,HUMAN_OBSERVATION,KW,2134050525,4fa7b334-ce0d-4e88-aaae-2e0c138d049e
48.122005,29.127281,2018,,HUMAN_OBSERVATION,KW,2135488119,4fa7b334-ce0d-4e88-aaae-2e0c138d049e
46.9602,29.366991,2018,,HUMAN_OBSERVATION,KW,2135948733,4fa7b334-ce0d-4e88-aaae-2e0c138d049e
44.36554,33.94051,2018,,HUMAN_OBSERVATION,IQ,2136006378,4fa7b334-ce0d-4e88-aaae-2e0c138d049e
44.36554,33.94051,2018,,HUMAN_OBSERVATION,IQ,2136015228,4fa7b334-ce0d-4e88-aaae-2e0c138d049e
48.119457,29.133131,2018,,HUMAN_OBSERVATION,KW,2136137052,4fa7b334-ce0d-4e88-aaae-2e0c138d049e
48.122005,29.127281,2018,,HUMAN_OBSERVATION,KW,2136167522,4fa7b334-ce0d-4e88-aaae-2e0c138d049e
44.36554,33.94051,2018,,HUMAN_OBSERVATION,IQ,2137315458,4fa7b334-ce0d-4e88-aaae-2e0c138d049e
47.674255,29.351254,2018,,HUMAN_OBSERVATION,KW,2137357708,4fa7b334-ce0d-4e88-aaae-2e0c138d049e
48.119457,29.133131,2018,,HUMAN_OBSERVATION,KW,2137402875,4fa7b334-ce0d-4e88-aaae-2e0c138d049e
47.707787,29.553898,2018,,HUMAN_OBSERVATION,KW,2137566868,4fa7b334-ce0d-4e88-aaae-2e0c138d049e
47.78334,29.585512,2018,,HUMAN_OBSERVATION,KW,2138600312,4fa7b334-ce0d-4e88-aaae-2e0c138d049e
42.453056,33.725277,2018,,HUMAN_OBSERVATION,IQ,2138684066,4fa7b334-ce0d-4e88-aaae-2e0c138d049e
44.36554,33.94051,2018,,HUMAN_OBSERVATION,IQ,2138797419,4fa7b334-ce0d-4e88-aaae-2e0c138d049e
42.42884,33.800262,2018,,HUMAN_OBSERVATION,IQ,2138997932,4fa7b334-ce0d-4e88-aaae-2e0c138d049e
48.119457,29.133131,2018,,HUMAN_OBSERVATION,KW,2139602532,4fa7b334-ce0d-4e88-aaae-2e0c138d049e
48.122005,29.127281,2018,,HUMAN_OBSERVATION,KW,2139608360,4fa7b334-ce0d-4e88-aaae-2e0c138d049e
46.9602,29.366991,2018,,HUMAN_OBSERVATION,KW,2139688960,4fa7b334-ce0d-4e88-aaae-2e0c138d049e
47.707787,29.553898,2018,,HUMAN_OBSERVATION,KW,2139887219,4fa7b334-ce0d-4e88-aaae-2e0c138d049e
48.119457,29.133131,2018,,HUMAN_OBSERVATION,KW,2140360378,4fa7b334-ce0d-4e88-aaae-2e0c138d049e
48.026817,29.364449,2018,,HUMAN_OBSERVATION,KW,2140362358,4fa7b334-ce0d-4e88-aaae-2e0c138d049e
48.392178,28.591267,2018,,HUMAN_OBSERVATION,KW,2140568856,4fa7b334-ce0d-4e88-aaae-2e0c138d049e
44.36554,33.94051,2018,,HUMAN_OBSERVATION,IQ,2140748616,4fa7b334-ce0d-4e88-aaae-2e0c138d049e
47.75559,29.26832,2018,,HUMAN_OBSERVATION,KW,2140751397,4fa7b334-ce0d-4e88-aaae-2e0c138d049e
44.36554,33.94051,2018,,HUMAN_OBSERVATION,IQ,2140965368,4fa7b334-ce0d-4e88-aaae-2e0c138d049e
48.122005,29.127281,2018,,HUMAN_OBSERVATION,KW,2141262246,4fa7b334-ce0d-4e88-aaae-2e0c138d049e
48.119457,29.133131,2018,,HUMAN_OBSERVATION,KW,2141560852,4fa7b334-ce0d-4e88-aaae-2e0c138d049e
47.909,29.572233,2018,,HUMAN_OBSERVATION,KW,2141778947,4fa7b334-ce0d-4e88-aaae-2e0c138d049e
44.36554,33.94051,2018,,HUMAN_OBSERVATION,IQ,2141783756,4fa7b334-ce0d-4e88-aaae-2e0c138d049e
44.36554,33.94051,2018,,HUMAN_OBSERVATION,IQ,2141786183,4fa7b334-ce0d-4e88-aaae-2e0c138d049e
47.674255,29.351254,2018,,HUMAN_OBSERVATION,KW,2142196712,4fa7b334-ce0d-4e88-aaae-2e0c138d049e
47.707787,29.553898,2018,,HUMAN_OBSERVATION,KW,2142516070,4fa7b334-ce0d-4e88-aaae-2e0c138d049e
42.453056,33.725277,2018,,HUMAN_OBSERVATION,IQ,2142592186,4fa7b334-ce0d-4e88-aaae-2e0c138d049e
48.119457,29.133131,2018,,HUMAN_OBSERVATION,KW,2143026995,4fa7b334-ce0d-4e88-aaae-2e0c138d049e
47.78334,29.585512,2018,,HUMAN_OBSERVATION,KW,2143214502,4fa7b334-ce0d-4e88-aaae-2e0c138d049e
44.36554,33.94051,2018,,HUMAN_OBSERVATION,IQ,2143232388,4fa7b334-ce0d-4e88-aaae-2e0c138d049e
48.119457,29.133131,2018,,HUMAN_OBSERVATION,KW,2143419174,4fa7b334-ce0d-4e88-aaae-2e0c138d049e
47.707787,29.553898,2018,,HUMAN_OBSERVATION,KW,2143939836,4fa7b334-ce0d-4e88-aaae-2e0c138d049e
47.75559,29.26832,2018,,HUMAN_OBSERVATION,KW,2144180635,4fa7b334-ce0d-4e88-aaae-2e0c138d049e
44.36554,33.94051,2018,,HUMAN_OBSERVATION,IQ,2144358717,4fa7b334-ce0d-4e88-aaae-2e0c138d049e
44.36554,33.94051,2018,,HUMAN_OBSERVATION,IQ,2144551938,4fa7b334-ce0d-4e88-aaae-2e0c138d049e
44.36554,33.94051,2018,,HUMAN_OBSERVATION,IQ,2144555254,4fa7b334-ce0d-4e88-aaae-2e0c138d049e
44.36554,33.94051,2018,,HUMAN_OBSERVATION,IQ,2144562632,4fa7b334-ce0d-4e88-aaae-2e0c138d049e
47.707787,29.553898,2018,,HUMAN_OBSERVATION,KW,2145021207,4fa7b334-ce0d-4e88-aaae-2e0c138d049e
47.78334,29.585512,2018,,HUMAN_OBSERVATION,KW,2145270424,4fa7b334-ce0d-4e88-aaae-2e0c138d049e
47.90282,29.334694,2018,,HUMAN_OBSERVATION,KW,2145293008,4fa7b334-ce0d-4e88-aaae-2e0c138d049e
47.810547,29.96825,2018,,HUMAN_OBSERVATION,KW,2145539222,4fa7b334-ce0d-4e88-aaae-2e0c138d049e
44.36554,33.94051,2018,,HUMAN_OBSERVATION,IQ,2145800255,4fa7b334-ce0d-4e88-aaae-2e0c138d049e
48.007553,29.350399,2018,,HUMAN_OBSERVATION,KW,2146334266,4fa7b334-ce0d-4e88-aaae-2e0c138d049e
44.36554,33.94051,2018,,HUMAN_OBSERVATION,IQ,2146721178,4fa7b334-ce0d-4e88-aaae-2e0c138d049e
47.877384,29.686853,2018,,HUMAN_OBSERVATION,KW,2146743152,4fa7b334-ce0d-4e88-aaae-2e0c138d049e
47.877384,29.686853,2018,,HUMAN_OBSERVATION,KW,2146759045,4fa7b334-ce0d-4e88-aaae-2e0c138d049e
47.674255,29.351254,2018,,HUMAN_OBSERVATION,KW,2147875365,4fa7b334-ce0d-4e88-aaae-2e0c138d049e
47.707787,29.553898,2018,,HUMAN_OBSERVATION,KW,2147891613,4fa7b334-ce0d-4e88-aaae-2e0c138d049e
48.119457,29.133131,2018,,HUMAN_OBSERVATION,KW,2148429926,4fa7b334-ce0d-4e88-aaae-2e0c138d049e
48.119457,29.133131,2018,,HUMAN_OBSERVATION,KW,2149444548,4fa7b334-ce0d-4e88-aaae-2e0c138d049e
47.707787,29.553898,2018,,HUMAN_OBSERVATION,KW,2149619158,4fa7b334-ce0d-4e88-aaae-2e0c138d049e
47.674255,29.351254,2018,,HUMAN_OBSERVATION,KW,2149633857,4fa7b334-ce0d-4e88-aaae-2e0c138d049e
44.36554,33.94051,2018,,HUMAN_OBSERVATION,IQ,2151617852,4fa7b334-ce0d-4e88-aaae-2e0c138d049e
46.9602,29.366991,2018,,HUMAN_OBSERVATION,KW,2151828906,4fa7b334-ce0d-4e88-aaae-2e0c138d049e
47.75465,29.257349,2018,,HUMAN_OBSERVATION,KW,2152150372,4fa7b334-ce0d-4e88-aaae-2e0c138d049e
48.119457,29.133131,2018,,HUMAN_OBSERVATION,KW,2152171501,4fa7b334-ce0d-4e88-aaae-2e0c138d049e
47.78334,29.585512,2018,,HUMAN_OBSERVATION,KW,2152254850,4fa7b334-ce0d-4e88-aaae-2e0c138d049e
47.75465,29.257349,2018,,HUMAN_OBSERVATION,KW,2152540433,4fa7b334-ce0d-4e88-aaae-2e0c138d049e
42.453968,33.809532,2018,,HUMAN_OBSERVATION,IQ,2168233235,4fa7b334-ce0d-4e88-aaae-2e0c138d049e
48.026817,29.364449,2018,,HUMAN_OBSERVATION,KW,2691519763,4fa7b334-ce0d-4e88-aaae-2e0c138d049e
48.359184,32.421375,2018,,HUMAN_OBSERVATION,IR,2726170965,4fa7b334-ce0d-4e88-aaae-2e0c138d049e
42.453056,33.725277,2018,,HUMAN_OBSERVATION,IQ,2128192088,4fa7b334-ce0d-4e88-aaae-2e0c138d049e
48.122005,29.127281,2018,,HUMAN_OBSERVATION,KW,2129501858,4fa7b334-ce0d-4e88-aaae-2e0c138d049e
44.23113,33.26704,2018,,HUMAN_OBSERVATION,IQ,2129835963,4fa7b334-ce0d-4e88-aaae-2e0c138d049e
48.376186,28.638874,2018,,HUMAN_OBSERVATION,KW,2129964098,4fa7b334-ce0d-4e88-aaae-2e0c138d049e
47.810547,29.96825,2018,,HUMAN_OBSERVATION,KW,2131478490,4fa7b334-ce0d-4e88-aaae-2e0c138d049e
47.947605,29.35143,2018,,HUMAN_OBSERVATION,KW,2131975339,4fa7b334-ce0d-4e88-aaae-2e0c138d049e
48.09665,29.352262,2018,,HUMAN_OBSERVATION,KW,2131976867,4fa7b334-ce0d-4e88-aaae-2e0c138d049e
48.035965,29.334478,2018,,HUMAN_OBSERVATION,KW,2131983933,4fa7b334-ce0d-4e88-aaae-2e0c138d049e
47.90953,29.344698,2018,,HUMAN_OBSERVATION,KW,2132832700,4fa7b334-ce0d-4e88-aaae-2e0c138d049e
48.451687,31.939634,2018,,HUMAN_OBSERVATION,IR,2132853959,4fa7b334-ce0d-4e88-aaae-2e0c138d049e
47.704914,30.031292,2018,,HUMAN_OBSERVATION,KW,2133471604,4fa7b334-ce0d-4e88-aaae-2e0c138d049e
48.035965,29.334478,2018,,HUMAN_OBSERVATION,KW,2135500697,4fa7b334-ce0d-4e88-aaae-2e0c138d049e
48.122005,29.127281,2018,,HUMAN_OBSERVATION,KW,2135530178,4fa7b334-ce0d-4e88-aaae-2e0c138d049e
48.035965,29.334478,2018,,HUMAN_OBSERVATION,KW,2135546769,4fa7b334-ce0d-4e88-aaae-2e0c138d049e
46.9602,29.366991,2018,,HUMAN_OBSERVATION,KW,2136282355,4fa7b334-ce0d-4e88-aaae-2e0c138d049e
42.453056,33.725277,2018,,HUMAN_OBSERVATION,IQ,2136709134,4fa7b334-ce0d-4e88-aaae-2e0c138d049e
42.453056,33.725277,2018,,HUMAN_OBSERVATION,IQ,2137974520,4fa7b334-ce0d-4e88-aaae-2e0c138d049e
42.453056,33.725277,2018,,HUMAN_OBSERVATION,IQ,2138311336,4fa7b334-ce0d-4e88-aaae-2e0c138d049e
42.453056,33.725277,2018,,HUMAN_OBSERVATION,IQ,2138764033,4fa7b334-ce0d-4e88-aaae-2e0c138d049e
48.035965,29.334478,2018,,HUMAN_OBSERVATION,KW,2138788422,4fa7b334-ce0d-4e88-aaae-2e0c138d049e
44.36554,33.94051,2018,,HUMAN_OBSERVATION,IQ,2139089888,4fa7b334-ce0d-4e88-aaae-2e0c138d049e
48.035965,29.334478,2018,,HUMAN_OBSERVATION,KW,2139228399,4fa7b334-ce0d-4e88-aaae-2e0c138d049e
44.36554,33.94051,2018,,HUMAN_OBSERVATION,IQ,2139428740,4fa7b334-ce0d-4e88-aaae-2e0c138d049e
42.453056,33.725277,2018,,HUMAN_OBSERVATION,IQ,2139891133,4fa7b334-ce0d-4e88-aaae-2e0c138d049e
48.13764,29.116022,2018,,HUMAN_OBSERVATION,KW,2140710637,4fa7b334-ce0d-4e88-aaae-2e0c138d049e
44.36554,33.94051,2018,,HUMAN_OBSERVATION,IQ,2142047322,4fa7b334-ce0d-4e88-aaae-2e0c138d049e
47.674255,29.351254,2018,,HUMAN_OBSERVATION,KW,2142352646,4fa7b334-ce0d-4e88-aaae-2e0c138d049e
48.39124,28.6383,2018,,HUMAN_OBSERVATION,KW,2143045924,4fa7b334-ce0d-4e88-aaae-2e0c138d049e
48.39124,28.6383,2018,,HUMAN_OBSERVATION,KW,2143486443,4fa7b334-ce0d-4e88-aaae-2e0c138d049e
48.39124,28.6383,2018,,HUMAN_OBSERVATION,KW,2143728722,4fa7b334-ce0d-4e88-aaae-2e0c138d049e
47.707787,29.553898,2018,,HUMAN_OBSERVATION,KW,2144207757,4fa7b334-ce0d-4e88-aaae-2e0c138d049e
47.812458,29.339611,2018,,HUMAN_OBSERVATION,KW,2144713559,4fa7b334-ce0d-4e88-aaae-2e0c138d049e
44.36554,33.94051,2018,,HUMAN_OBSERVATION,IQ,2144876039,4fa7b334-ce0d-4e88-aaae-2e0c138d049e
48.13764,29.116022,2018,,HUMAN_OBSERVATION,KW,2144972256,4fa7b334-ce0d-4e88-aaae-2e0c138d049e
48.13764,29.116022,2018,,HUMAN_OBSERVATION,KW,2145605655,4fa7b334-ce0d-4e88-aaae-2e0c138d049e
48.122005,29.127281,2018,,HUMAN_OBSERVATION,KW,2145757000,4fa7b334-ce0d-4e88-aaae-2e0c138d049e
47.78334,29.585512,2018,,HUMAN_OBSERVATION,KW,2145830235,4fa7b334-ce0d-4e88-aaae-2e0c138d049e
48.39124,28.6383,2018,,HUMAN_OBSERVATION,KW,2146314419,4fa7b334-ce0d-4e88-aaae-2e0c138d049e
48.376186,28.638874,2018,,HUMAN_OBSERVATION,KW,2146320072,4fa7b334-ce0d-4e88-aaae-2e0c138d049e
48.119457,29.133131,2018,,HUMAN_OBSERVATION,KW,2146817181,4fa7b334-ce0d-4e88-aaae-2e0c138d049e
47.90282,29.334694,2018,,HUMAN_OBSERVATION,KW,2146872923,4fa7b334-ce0d-4e88-aaae-2e0c138d049e
48.122005,29.127281,2018,,HUMAN_OBSERVATION,KW,2146884486,4fa7b334-ce0d-4e88-aaae-2e0c138d049e
47.949635,29.351244,2018,,HUMAN_OBSERVATION,KW,2147418818,4fa7b334-ce0d-4e88-aaae-2e0c138d049e
48.119457,29.133131,2018,,HUMAN_OBSERVATION,KW,2147966003,4fa7b334-ce0d-4e88-aaae-2e0c138d049e
48.122143,29.166296,2018,,HUMAN_OBSERVATION,KW,2148423015,4fa7b334-ce0d-4e88-aaae-2e0c138d049e
48.035965,29.334478,2018,,HUMAN_OBSERVATION,KW,2148849991,4fa7b334-ce0d-4e88-aaae-2e0c138d049e
47.99427,29.373367,2018,,HUMAN_OBSERVATION,KW,2149323141,4fa7b334-ce0d-4e88-aaae-2e0c138d049e
47.909,29.572233,2018,,HUMAN_OBSERVATION,KW,2149440714,4fa7b334-ce0d-4e88-aaae-2e0c138d049e
48.119457,29.133131,2018,,HUMAN_OBSERVATION,KW,2149604130,4fa7b334-ce0d-4e88-aaae-2e0c138d049e
42.453056,33.725277,2018,,HUMAN_OBSERVATION,IQ,2150438621,4fa7b334-ce0d-4e88-aaae-2e0c138d049e
42.453056,33.725277,2018,,HUMAN_OBSERVATION,IQ,2150439162,4fa7b334-ce0d-4e88-aaae-2e0c138d049e
47.75465,29.257349,2018,,HUMAN_OBSERVATION,KW,2150583302,4fa7b334-ce0d-4e88-aaae-2e0c138d049e
47.99427,29.373367,2018,,HUMAN_OBSERVATION,KW,2150585290,4fa7b334-ce0d-4e88-aaae-2e0c138d049e
48.035965,29.334478,2018,,HUMAN_OBSERVATION,KW,2150726860,4fa7b334-ce0d-4e88-aaae-2e0c138d049e
48.035965,29.334478,2018,,HUMAN_OBSERVATION,KW,2150774457,4fa7b334-ce0d-4e88-aaae-2e0c138d049e
47.99427,29.373367,2018,,HUMAN_OBSERVATION,KW,2151176860,4fa7b334-ce0d-4e88-aaae-2e0c138d049e
47.707787,29.553898,2018,,HUMAN_OBSERVATION,KW,2152143742,4fa7b334-ce0d-4e88-aaae-2e0c138d049e
47.674255,29.351254,2018,,HUMAN_OBSERVATION,KW,2152906052,4fa7b334-ce0d-4e88-aaae-2e0c138d049e
42.453056,33.725277,2018,,HUMAN_OBSERVATION,IQ,2153190974,4fa7b334-ce0d-4e88-aaae-2e0c138d049e
42.42884,33.800262,2018,,HUMAN_OBSERVATION,IQ,2153197588,4fa7b334-ce0d-4e88-aaae-2e0c138d049e
48.119457,29.133131,2018,,HUMAN_OBSERVATION,KW,2153605166,4fa7b334-ce0d-4e88-aaae-2e0c138d049e
47.90282,29.334694,2018,,HUMAN_OBSERVATION,KW,2154286234,4fa7b334-ce0d-4e88-aaae-2e0c138d049e
47.707787,29.553898,2018,,HUMAN_OBSERVATION,KW,2154668637,4fa7b334-ce0d-4e88-aaae-2e0c138d049e
42.453056,33.725277,2018,,HUMAN_OBSERVATION,IQ,2154678710,4fa7b334-ce0d-4e88-aaae-2e0c138d049e
44.36554,33.94051,2018,,HUMAN_OBSERVATION,IQ,2154968553,4fa7b334-ce0d-4e88-aaae-2e0c138d049e
42.453056,33.725277,2018,,HUMAN_OBSERVATION,IQ,2154994194,4fa7b334-ce0d-4e88-aaae-2e0c138d049e
42.453056,33.725277,2018,,HUMAN_OBSERVATION,IQ,2155894043,4fa7b334-ce0d-4e88-aaae-2e0c138d049e
48.11621,29.1906,2018,,HUMAN_OBSERVATION,KW,2155933998,4fa7b334-ce0d-4e88-aaae-2e0c138d049e
42.453056,33.725277,2018,,HUMAN_OBSERVATION,IQ,2155937692,4fa7b334-ce0d-4e88-aaae-2e0c138d049e
48.23728,32.070675,2018,,HUMAN_OBSERVATION,IR,2156426898,4fa7b334-ce0d-4e88-aaae-2e0c138d049e
48.395252,32.055336,2018,,HUMAN_OBSERVATION,IR,2156802087,4fa7b334-ce0d-4e88-aaae-2e0c138d049e
45.431,35.56482,2018,,HUMAN_OBSERVATION,IQ,2156805961,4fa7b334-ce0d-4e88-aaae-2e0c138d049e
47.707787,29.553898,2018,,HUMAN_OBSERVATION,KW,2156806341,4fa7b334-ce0d-4e88-aaae-2e0c138d049e
48.035965,29.334478,2018,,HUMAN_OBSERVATION,KW,2156846549,4fa7b334-ce0d-4e88-aaae-2e0c138d049e
47.674255,29.351254,2018,,HUMAN_OBSERVATION,KW,2156910300,4fa7b334-ce0d-4e88-aaae-2e0c138d049e
48.035965,29.334478,2018,,HUMAN_OBSERVATION,KW,2162207527,4fa7b334-ce0d-4e88-aaae-2e0c138d049e
48.119457,29.133131,2018,,HUMAN_OBSERVATION,KW,2163293151,4fa7b334-ce0d-4e88-aaae-2e0c138d049e
42.453056,33.725277,2018,,HUMAN_OBSERVATION,IQ,2163744042,4fa7b334-ce0d-4e88-aaae-2e0c138d049e
48.035965,29.334478,2018,,HUMAN_OBSERVATION,KW,2163810474,4fa7b334-ce0d-4e88-aaae-2e0c138d049e
42.453056,33.725277,2018,,HUMAN_OBSERVATION,IQ,2164375966,4fa7b334-ce0d-4e88-aaae-2e0c138d049e
47.90282,29.334694,2018,,HUMAN_OBSERVATION,KW,2167716876,4fa7b334-ce0d-4e88-aaae-2e0c138d049e
47.707787,29.553898,2018,,HUMAN_OBSERVATION,KW,2171291914,4fa7b334-ce0d-4e88-aaae-2e0c138d049e
48.66297,31.3028,2018,,HUMAN_OBSERVATION,IR,2717053325,4fa7b334-ce0d-4e88-aaae-2e0c138d049e
47.707787,29.553898,2018,,HUMAN_OBSERVATION,KW,2781506739,4fa7b334-ce0d-4e88-aaae-2e0c138d049e
47.693195,29.36198,2018,,HUMAN_OBSERVATION,KW,3556421603,4fa7b334-ce0d-4e88-aaae-2e0c138d049e
47.693195,29.36198,2018,,HUMAN_OBSERVATION,KW,3585474967,4fa7b334-ce0d-4e88-aaae-2e0c138d049e
47.693195,29.36198,2018,,HUMAN_OBSERVATION,KW,3656143329,4fa7b334-ce0d-4e88-aaae-2e0c138d049e
45.431,35.56482,2018,,HUMAN_OBSERVATION,IQ,2142153023,4fa7b334-ce0d-4e88-aaae-2e0c138d049e
47.674255,29.351254,2018,,HUMAN_OBSERVATION,KW,2143575459,4fa7b334-ce0d-4e88-aaae-2e0c138d049e
42.453056,33.725277,2018,,HUMAN_OBSERVATION,IQ,2144162343,4fa7b334-ce0d-4e88-aaae-2e0c138d049e
48.11621,29.1906,2018,,HUMAN_OBSERVATION,KW,2144446383,4fa7b334-ce0d-4e88-aaae-2e0c138d049e
47.674255,29.351254,2018,,HUMAN_OBSERVATION,KW,2145042267,4fa7b334-ce0d-4e88-aaae-2e0c138d049e
47.78334,29.585512,2018,,HUMAN_OBSERVATION,KW,2146541544,4fa7b334-ce0d-4e88-aaae-2e0c138d049e
47.78334,29.585512,2018,,HUMAN_OBSERVATION,KW,2146722877,4fa7b334-ce0d-4e88-aaae-2e0c138d049e
48.035965,29.334478,2018,,HUMAN_OBSERVATION,KW,2147090802,4fa7b334-ce0d-4e88-aaae-2e0c138d049e
42.839203,36.609165,2018,,HUMAN_OBSERVATION,IQ,2147221872,4fa7b334-ce0d-4e88-aaae-2e0c138d049e
44.36554,33.94051,2018,,HUMAN_OBSERVATION,IQ,2147947889,4fa7b334-ce0d-4e88-aaae-2e0c138d049e
47.909,29.572233,2018,,HUMAN_OBSERVATION,KW,2148330160,4fa7b334-ce0d-4e88-aaae-2e0c138d049e
48.119457,29.133131,2018,,HUMAN_OBSERVATION,KW,2148390774,4fa7b334-ce0d-4e88-aaae-2e0c138d049e
48.119457,29.133131,2018,,HUMAN_OBSERVATION,KW,2148393670,4fa7b334-ce0d-4e88-aaae-2e0c138d049e
47.693195,29.36198,2018,,HUMAN_OBSERVATION,KW,2148748802,4fa7b334-ce0d-4e88-aaae-2e0c138d049e
47.78334,29.585512,2018,,HUMAN_OBSERVATION,KW,2149833236,4fa7b334-ce0d-4e88-aaae-2e0c138d049e
47.674255,29.351254,2018,,HUMAN_OBSERVATION,KW,2151154622,4fa7b334-ce0d-4e88-aaae-2e0c138d049e
47.674255,29.351254,2018,,HUMAN_OBSERVATION,KW,2151792314,4fa7b334-ce0d-4e88-aaae-2e0c138d049e
48.122005,29.127281,2018,,HUMAN_OBSERVATION,KW,2151948022,4fa7b334-ce0d-4e88-aaae-2e0c138d049e
47.674255,29.351254,2018,,HUMAN_OBSERVATION,KW,2152270897,4fa7b334-ce0d-4e88-aaae-2e0c138d049e
45.021694,35.808903,2018,,HUMAN_OBSERVATION,IQ,2152973752,4fa7b334-ce0d-4e88-aaae-2e0c138d049e
48.035965,29.334478,2018,,HUMAN_OBSERVATION,KW,2153078985,4fa7b334-ce0d-4e88-aaae-2e0c138d049e
48.035965,29.334478,2018,,HUMAN_OBSERVATION,KW,2153085236,4fa7b334-ce0d-4e88-aaae-2e0c138d049e
42.453056,33.725277,2018,,HUMAN_OBSERVATION,IQ,2153750761,4fa7b334-ce0d-4e88-aaae-2e0c138d049e
42.453056,33.725277,2018,,HUMAN_OBSERVATION,IQ,2153912874,4fa7b334-ce0d-4e88-aaae-2e0c138d049e
44.36554,33.94051,2018,,HUMAN_OBSERVATION,IQ,2154873915,4fa7b334-ce0d-4e88-aaae-2e0c138d049e
48.122005,29.127281,2018,,HUMAN_OBSERVATION,KW,2155327184,4fa7b334-ce0d-4e88-aaae-2e0c138d049e
42.453056,33.725277,2018,,HUMAN_OBSERVATION,IQ,2155394491,4fa7b334-ce0d-4e88-aaae-2e0c138d049e
47.674255,29.351254,2018,,HUMAN_OBSERVATION,KW,2156102725,4fa7b334-ce0d-4e88-aaae-2e0c138d049e
47.75465,29.257349,2018,,HUMAN_OBSERVATION,KW,2156275686,4fa7b334-ce0d-4e88-aaae-2e0c138d049e
47.674255,29.351254,2018,,HUMAN_OBSERVATION,KW,2156306524,4fa7b334-ce0d-4e88-aaae-2e0c138d049e
42.453056,33.725277,2018,,HUMAN_OBSERVATION,IQ,2156863105,4fa7b334-ce0d-4e88-aaae-2e0c138d049e
42.453056,33.725277,2018,,HUMAN_OBSERVATION,IQ,2157436516,4fa7b334-ce0d-4e88-aaae-2e0c138d049e
47.674255,29.351254,2018,,HUMAN_OBSERVATION,KW,2157495312,4fa7b334-ce0d-4e88-aaae-2e0c138d049e
42.453056,33.725277,2018,,HUMAN_OBSERVATION,IQ,2157896648,4fa7b334-ce0d-4e88-aaae-2e0c138d049e
48.03582,29.336205,2018,,HUMAN_OBSERVATION,KW,2158206905,4fa7b334-ce0d-4e88-aaae-2e0c138d049e
48.035965,29.334478,2018,,HUMAN_OBSERVATION,KW,2158557380,4fa7b334-ce0d-4e88-aaae-2e0c138d049e
47.674255,29.351254,2018,,HUMAN_OBSERVATION,KW,2158971048,4fa7b334-ce0d-4e88-aaae-2e0c138d049e
48.035965,29.334478,2018,,HUMAN_OBSERVATION,KW,2159437164,4fa7b334-ce0d-4e88-aaae-2e0c138d049e
48.09665,29.352262,2018,,HUMAN_OBSERVATION,KW,2159522989,4fa7b334-ce0d-4e88-aaae-2e0c138d049e
48.03582,29.336205,2018,,HUMAN_OBSERVATION,KW,2159645848,4fa7b334-ce0d-4e88-aaae-2e0c138d049e
48.119457,29.133131,2018,,HUMAN_OBSERVATION,KW,2159690193,4fa7b334-ce0d-4e88-aaae-2e0c138d049e
47.78334,29.585512,2018,,HUMAN_OBSERVATION,KW,2159744033,4fa7b334-ce0d-4e88-aaae-2e0c138d049e
45.431,35.56482,2018,,HUMAN_OBSERVATION,IQ,2159895391,4fa7b334-ce0d-4e88-aaae-2e0c138d049e
44.36554,33.94051,2018,,HUMAN_OBSERVATION,IQ,2159902774,4fa7b334-ce0d-4e88-aaae-2e0c138d049e
43.815514,36.422043,2018,,HUMAN_OBSERVATION,IQ,2160068021,4fa7b334-ce0d-4e88-aaae-2e0c138d049e
47.707787,29.553898,2018,,HUMAN_OBSERVATION,KW,2160091657,4fa7b334-ce0d-4e88-aaae-2e0c138d049e
48.09665,29.352262,2018,,HUMAN_OBSERVATION,KW,2160267970,4fa7b334-ce0d-4e88-aaae-2e0c138d049e
45.425804,35.611534,2018,,HUMAN_OBSERVATION,IQ,2160738603,4fa7b334-ce0d-4e88-aaae-2e0c138d049e
48.035965,29.334478,2018,,HUMAN_OBSERVATION,KW,2161923030,4fa7b334-ce0d-4e88-aaae-2e0c138d049e
42.453056,33.725277,2018,,HUMAN_OBSERVATION,IQ,2162085191,4fa7b334-ce0d-4e88-aaae-2e0c138d049e
42.453056,33.725277,2018,,HUMAN_OBSERVATION,IQ,2162582401,4fa7b334-ce0d-4e88-aaae-2e0c138d049e
43.980846,36.19152,2018,,HUMAN_OBSERVATION,IQ,2162631396,4fa7b334-ce0d-4e88-aaae-2e0c138d049e
42.453056,33.725277,2018,,HUMAN_OBSERVATION,IQ,2163132453,4fa7b334-ce0d-4e88-aaae-2e0c138d049e
48.035965,29.334478,2018,,HUMAN_OBSERVATION,KW,2163133035,4fa7b334-ce0d-4e88-aaae-2e0c138d049e
47.936787,29.301638,2018,,HUMAN_OBSERVATION,KW,2163619565,4fa7b334-ce0d-4e88-aaae-2e0c138d049e
44.36554,33.94051,2018,,HUMAN_OBSERVATION,IQ,2163621060,4fa7b334-ce0d-4e88-aaae-2e0c138d049e
48.03752,29.331877,2018,,HUMAN_OBSERVATION,KW,2163953931,4fa7b334-ce0d-4e88-aaae-2e0c138d049e
47.693195,29.36198,2018,,HUMAN_OBSERVATION,KW,2163986490,4fa7b334-ce0d-4e88-aaae-2e0c138d049e
47.674255,29.351254,2018,,HUMAN_OBSERVATION,KW,2164065809,4fa7b334-ce0d-4e88-aaae-2e0c138d049e
47.674255,29.351254,2018,,HUMAN_OBSERVATION,KW,2164323164,4fa7b334-ce0d-4e88-aaae-2e0c138d049e
48.035965,29.334478,2018,,HUMAN_OBSERVATION,KW,2164371357,4fa7b334-ce0d-4e88-aaae-2e0c138d049e
47.99427,29.373367,2018,,HUMAN_OBSERVATION,KW,2164489326,4fa7b334-ce0d-4e88-aaae-2e0c138d049e
42.453056,33.725277,2018,,HUMAN_OBSERVATION,IQ,2165313100,4fa7b334-ce0d-4e88-aaae-2e0c138d049e
42.453056,33.725277,2018,,HUMAN_OBSERVATION,IQ,2166050355,4fa7b334-ce0d-4e88-aaae-2e0c138d049e
47.90282,29.334694,2018,,HUMAN_OBSERVATION,KW,2166458323,4fa7b334-ce0d-4e88-aaae-2e0c138d049e
48.035965,29.334478,2018,,HUMAN_OBSERVATION,KW,2166496725,4fa7b334-ce0d-4e88-aaae-2e0c138d049e
47.75465,29.257349,2018,,HUMAN_OBSERVATION,KW,2166724118,4fa7b334-ce0d-4e88-aaae-2e0c138d049e
42.453056,33.725277,2018,,HUMAN_OBSERVATION,IQ,2166777381,4fa7b334-ce0d-4e88-aaae-2e0c138d049e
48.035965,29.334478,2018,,HUMAN_OBSERVATION,KW,2167084351,4fa7b334-ce0d-4e88-aaae-2e0c138d049e
44.36554,33.94051,2018,,HUMAN_OBSERVATION,IQ,2167187544,4fa7b334-ce0d-4e88-aaae-2e0c138d049e
47.909,29.572233,2018,,HUMAN_OBSERVATION,KW,2167196045,4fa7b334-ce0d-4e88-aaae-2e0c138d049e
42.453056,33.725277,2018,,HUMAN_OBSERVATION,IQ,2167234336,4fa7b334-ce0d-4e88-aaae-2e0c138d049e
47.707787,29.553898,2018,,HUMAN_OBSERVATION,KW,2167240686,4fa7b334-ce0d-4e88-aaae-2e0c138d049e
42.453056,33.725277,2018,,HUMAN_OBSERVATION,IQ,2167246993,4fa7b334-ce0d-4e88-aaae-2e0c138d049e
47.75559,29.26832,2018,,HUMAN_OBSERVATION,KW,2167258148,4fa7b334-ce0d-4e88-aaae-2e0c138d049e
47.75465,29.257349,2018,,HUMAN_OBSERVATION,KW,2167258795,4fa7b334-ce0d-4e88-aaae-2e0c138d049e
47.674255,29.351254,2018,,HUMAN_OBSERVATION,KW,2167572792,4fa7b334-ce0d-4e88-aaae-2e0c138d049e
48.119457,29.133131,2018,,HUMAN_OBSERVATION,KW,2167831140,4fa7b334-ce0d-4e88-aaae-2e0c138d049e
47.674255,29.351254,2018,,HUMAN_OBSERVATION,KW,2168003818,4fa7b334-ce0d-4e88-aaae-2e0c138d049e
47.909,29.572233,2018,,HUMAN_OBSERVATION,KW,2168059672,4fa7b334-ce0d-4e88-aaae-2e0c138d049e
45.425804,35.611534,2018,,HUMAN_OBSERVATION,IQ,2168351860,4fa7b334-ce0d-4e88-aaae-2e0c138d049e
47.674255,29.351254,2018,,HUMAN_OBSERVATION,KW,2168431950,4fa7b334-ce0d-4e88-aaae-2e0c138d049e
48.119457,29.133131,2018,,HUMAN_OBSERVATION,KW,2168461732,4fa7b334-ce0d-4e88-aaae-2e0c138d049e
47.674255,29.351254,2018,,HUMAN_OBSERVATION,KW,2168988931,4fa7b334-ce0d-4e88-aaae-2e0c138d049e
47.75465,29.257349,2018,,HUMAN_OBSERVATION,KW,2169015721,4fa7b334-ce0d-4e88-aaae-2e0c138d049e
48.035965,29.334478,2018,,HUMAN_OBSERVATION,KW,2169038187,4fa7b334-ce0d-4e88-aaae-2e0c138d049e
47.674255,29.351254,2018,,HUMAN_OBSERVATION,KW,2169159996,4fa7b334-ce0d-4e88-aaae-2e0c138d049e
47.674255,29.351254,2018,,HUMAN_OBSERVATION,KW,2169474062,4fa7b334-ce0d-4e88-aaae-2e0c138d049e
44.36554,33.94051,2018,,HUMAN_OBSERVATION,IQ,2169860251,4fa7b334-ce0d-4e88-aaae-2e0c138d049e
48.122005,29.127281,2018,,HUMAN_OBSERVATION,KW,2170023716,4fa7b334-ce0d-4e88-aaae-2e0c138d049e
44.36554,33.94051,2018,,HUMAN_OBSERVATION,IQ,2170370304,4fa7b334-ce0d-4e88-aaae-2e0c138d049e
48.035965,29.334478,2018,,HUMAN_OBSERVATION,KW,2170819061,4fa7b334-ce0d-4e88-aaae-2e0c138d049e
48.035965,29.334478,2018,,HUMAN_OBSERVATION,KW,2171918070,4fa7b334-ce0d-4e88-aaae-2e0c138d049e
47.75559,29.26832,2018,,HUMAN_OBSERVATION,KW,2171968441,4fa7b334-ce0d-4e88-aaae-2e0c138d049e
48.035965,29.334478,2018,,HUMAN_OBSERVATION,KW,2171995747,4fa7b334-ce0d-4e88-aaae-2e0c138d049e
42.453056,33.725277,2018,,HUMAN_OBSERVATION,IQ,2173123209,4fa7b334-ce0d-4e88-aaae-2e0c138d049e
44.36554,33.94051,2018,,HUMAN_OBSERVATION,IQ,2173269361,4fa7b334-ce0d-4e88-aaae-2e0c138d049e
45.431,35.56482,2018,,HUMAN_OBSERVATION,IQ,2173678341,4fa7b334-ce0d-4e88-aaae-2e0c138d049e
47.674255,29.351254,2018,,HUMAN_OBSERVATION,KW,2175508663,4fa7b334-ce0d-4e88-aaae-2e0c138d049e
42.453056,33.725277,2018,,HUMAN_OBSERVATION,IQ,2175814935,4fa7b334-ce0d-4e88-aaae-2e0c138d049e
47.693195,29.36198,2018,,HUMAN_OBSERVATION,KW,2176600411,4fa7b334-ce0d-4e88-aaae-2e0c138d049e
48.035965,29.334478,2018,,HUMAN_OBSERVATION,KW,2178041323,4fa7b334-ce0d-4e88-aaae-2e0c138d049e
48.122005,29.127281,2018,,HUMAN_OBSERVATION,KW,2178045603,4fa7b334-ce0d-4e88-aaae-2e0c138d049e
42.453056,33.725277,2018,,HUMAN_OBSERVATION,IQ,2178183624,4fa7b334-ce0d-4e88-aaae-2e0c138d049e
44.36554,33.94051,2018,,HUMAN_OBSERVATION,IQ,2179133611,4fa7b334-ce0d-4e88-aaae-2e0c138d049e
46.9602,29.366991,2018,,HUMAN_OBSERVATION,KW,2179447234,4fa7b334-ce0d-4e88-aaae-2e0c138d049e
44.36554,33.94051,2018,,HUMAN_OBSERVATION,IQ,2181264401,4fa7b334-ce0d-4e88-aaae-2e0c138d049e
48.035965,29.334478,2018,,HUMAN_OBSERVATION,KW,2181894890,4fa7b334-ce0d-4e88-aaae-2e0c138d049e
47.674255,29.351254,2018,,HUMAN_OBSERVATION,KW,2199619745,4fa7b334-ce0d-4e88-aaae-2e0c138d049e
47.674255,29.351254,2018,,HUMAN_OBSERVATION,KW,2208684299,4fa7b334-ce0d-4e88-aaae-2e0c138d049e
48.49348,29.071737,2018,,HUMAN_OBSERVATION,KW,2718860831,4fa7b334-ce0d-4e88-aaae-2e0c138d049e
48.119457,29.133131,2018,,HUMAN_OBSERVATION,KW,2160262134,4fa7b334-ce0d-4e88-aaae-2e0c138d049e
44.36554,33.94051,2018,,HUMAN_OBSERVATION,IQ,2161052083,4fa7b334-ce0d-4e88-aaae-2e0c138d049e
48.119457,29.133131,2018,,HUMAN_OBSERVATION,KW,2162761552,4fa7b334-ce0d-4e88-aaae-2e0c138d049e
44.36554,33.94051,2018,,HUMAN_OBSERVATION,IQ,2163395602,4fa7b334-ce0d-4e88-aaae-2e0c138d049e
47.674255,29.351254,2018,,HUMAN_OBSERVATION,KW,2163879281,4fa7b334-ce0d-4e88-aaae-2e0c138d049e
47.693195,29.36198,2018,,HUMAN_OBSERVATION,KW,2164393773,4fa7b334-ce0d-4e88-aaae-2e0c138d049e
44.36554,33.94051,2018,,HUMAN_OBSERVATION,IQ,2164511640,4fa7b334-ce0d-4e88-aaae-2e0c138d049e
48.035965,29.334478,2018,,HUMAN_OBSERVATION,KW,2164706464,4fa7b334-ce0d-4e88-aaae-2e0c138d049e
44.36554,33.94051,2018,,HUMAN_OBSERVATION,IQ,2165276866,4fa7b334-ce0d-4e88-aaae-2e0c138d049e
48.035965,29.334478,2018,,HUMAN_OBSERVATION,KW,2166704306,4fa7b334-ce0d-4e88-aaae-2e0c138d049e
44.36554,33.94051,2018,,HUMAN_OBSERVATION,IQ,2166865174,4fa7b334-ce0d-4e88-aaae-2e0c138d049e
46.9602,29.366991,2018,,HUMAN_OBSERVATION,KW,2170373050,4fa7b334-ce0d-4e88-aaae-2e0c138d049e
48.035965,29.334478,2018,,HUMAN_OBSERVATION,KW,2170823911,4fa7b334-ce0d-4e88-aaae-2e0c138d049e
48.119457,29.133131,2018,,HUMAN_OBSERVATION,KW,2172199802,4fa7b334-ce0d-4e88-aaae-2e0c138d049e
44.36554,33.94051,2018,,HUMAN_OBSERVATION,IQ,2173371981,4fa7b334-ce0d-4e88-aaae-2e0c138d049e
45.425804,35.611534,2018,,HUMAN_OBSERVATION,IQ,2174812204,4fa7b334-ce0d-4e88-aaae-2e0c138d049e
48.03582,29.336205,2018,,HUMAN_OBSERVATION,KW,2174882633,4fa7b334-ce0d-4e88-aaae-2e0c138d049e
43.980846,36.19152,2018,,HUMAN_OBSERVATION,IQ,2175432203,4fa7b334-ce0d-4e88-aaae-2e0c138d049e
47.674255,29.351254,2018,,HUMAN_OBSERVATION,KW,2175446592,4fa7b334-ce0d-4e88-aaae-2e0c138d049e
48.035965,29.334478,2018,,HUMAN_OBSERVATION,KW,2176111839,4fa7b334-ce0d-4e88-aaae-2e0c138d049e
48.122005,29.127281,2018,,HUMAN_OBSERVATION,KW,2176467060,4fa7b334-ce0d-4e88-aaae-2e0c138d049e
47.693195,29.36198,2018,,HUMAN_OBSERVATION,KW,2176574452,4fa7b334-ce0d-4e88-aaae-2e0c138d049e
47.693195,29.36198,2018,,HUMAN_OBSERVATION,KW,2176629006,4fa7b334-ce0d-4e88-aaae-2e0c138d049e
48.03582,29.336205,2018,,HUMAN_OBSERVATION,KW,2176760273,4fa7b334-ce0d-4e88-aaae-2e0c138d049e
44.36554,33.94051,2018,,HUMAN_OBSERVATION,IQ,2177109408,4fa7b334-ce0d-4e88-aaae-2e0c138d049e
47.674255,29.351254,2018,,HUMAN_OBSERVATION,KW,2178019485,4fa7b334-ce0d-4e88-aaae-2e0c138d049e
47.674255,29.351254,2018,,HUMAN_OBSERVATION,KW,2179071108,4fa7b334-ce0d-4e88-aaae-2e0c138d049e
47.78334,29.585512,2018,,HUMAN_OBSERVATION,KW,2180071265,4fa7b334-ce0d-4e88-aaae-2e0c138d049e
48.119457,29.133131,2018,,HUMAN_OBSERVATION,KW,2180791627,4fa7b334-ce0d-4e88-aaae-2e0c138d049e
44.36554,33.94051,2018,,HUMAN_OBSERVATION,IQ,2182257307,4fa7b334-ce0d-4e88-aaae-2e0c138d049e
48.035965,29.334478,2018,,HUMAN_OBSERVATION,KW,2182597269,4fa7b334-ce0d-4e88-aaae-2e0c138d049e
44.36554,33.94051,2018,,HUMAN_OBSERVATION,IQ,2182720390,4fa7b334-ce0d-4e88-aaae-2e0c138d049e
48.10128,29.135952,2018,,HUMAN_OBSERVATION,KW,2182926198,4fa7b334-ce0d-4e88-aaae-2e0c138d049e
48.122005,29.127281,2018,,HUMAN_OBSERVATION,KW,2183706832,4fa7b334-ce0d-4e88-aaae-2e0c138d049e
48.119457,29.133131,2018,,HUMAN_OBSERVATION,KW,2186113994,4fa7b334-ce0d-4e88-aaae-2e0c138d049e
48.035965,29.334478,2018,,HUMAN_OBSERVATION,KW,2188335666,4fa7b334-ce0d-4e88-aaae-2e0c138d049e
48.035965,29.334478,2018,,HUMAN_OBSERVATION,KW,2189224951,4fa7b334-ce0d-4e88-aaae-2e0c138d049e
44.36554,33.94051,2018,,HUMAN_OBSERVATION,IQ,2189929824,4fa7b334-ce0d-4e88-aaae-2e0c138d049e
48.119457,29.133131,2018,,HUMAN_OBSERVATION,KW,2190042305,4fa7b334-ce0d-4e88-aaae-2e0c138d049e
48.536747,30.677849,2018,,HUMAN_OBSERVATION,IR,4260569769,4fa7b334-ce0d-4e88-aaae-2e0c138d049e
48.536747,30.677849,2018,,HUMAN_OBSERVATION,IR,4309146745,4fa7b334-ce0d-4e88-aaae-2e0c138d049e
48.329327,31.958027,2018,,HUMAN_OBSERVATION,IR,4367610066,4fa7b334-ce0d-4e88-aaae-2e0c138d049e
48.329327,31.958027,2018,,HUMAN_OBSERVATION,IR,4378223066,4fa7b334-ce0d-4e88-aaae-2e0c138d049e
44.36554,33.94051,2018,,HUMAN_OBSERVATION,IQ,2167798457,4fa7b334-ce0d-4e88-aaae-2e0c138d049e
47.78334,29.585512,2018,,HUMAN_OBSERVATION,KW,2168158554,4fa7b334-ce0d-4e88-aaae-2e0c138d049e
47.78334,29.585512,2018,,HUMAN_OBSERVATION,KW,2171413107,4fa7b334-ce0d-4e88-aaae-2e0c138d049e
47.78334,29.585512,2018,,HUMAN_OBSERVATION,KW,2173618388,4fa7b334-ce0d-4e88-aaae-2e0c138d049e
47.78334,29.585512,2018,,HUMAN_OBSERVATION,KW,2174041489,4fa7b334-ce0d-4e88-aaae-2e0c138d049e
44.36554,33.94051,2018,,HUMAN_OBSERVATION,IQ,2175288731,4fa7b334-ce0d-4e88-aaae-2e0c138d049e
48.119457,29.133131,2018,,HUMAN_OBSERVATION,KW,2175384880,4fa7b334-ce0d-4e88-aaae-2e0c138d049e
48.119457,29.133131,2018,,HUMAN_OBSERVATION,KW,2178833203,4fa7b334-ce0d-4e88-aaae-2e0c138d049e
48.119457,29.133131,2018,,HUMAN_OBSERVATION,KW,2182131616,4fa7b334-ce0d-4e88-aaae-2e0c138d049e
48.119457,29.133131,2018,,HUMAN_OBSERVATION,KW,2182137173,4fa7b334-ce0d-4e88-aaae-2e0c138d049e
48.119457,29.133131,2018,,HUMAN_OBSERVATION,KW,2183694031,4fa7b334-ce0d-4e88-aaae-2e0c138d049e
45.661392,32.522327,2018,,HUMAN_OBSERVATION,IQ,2184498564,4fa7b334-ce0d-4e88-aaae-2e0c138d049e
48.119457,29.133131,2018,,HUMAN_OBSERVATION,KW,2186088604,4fa7b334-ce0d-4e88-aaae-2e0c138d049e
47.674255,29.351254,2018,,HUMAN_OBSERVATION,KW,2188322414,4fa7b334-ce0d-4e88-aaae-2e0c138d049e
42.818314,36.627365,2018,,HUMAN_OBSERVATION,IQ,2189843027,4fa7b334-ce0d-4e88-aaae-2e0c138d049e
45.425804,35.611534,2018,,HUMAN_OBSERVATION,IQ,2191548635,4fa7b334-ce0d-4e88-aaae-2e0c138d049e
48.03582,29.336205,2018,,HUMAN_OBSERVATION,KW,2198553042,4fa7b334-ce0d-4e88-aaae-2e0c138d049e
47.674255,29.351254,2018,,HUMAN_OBSERVATION,KW,2217873779,4fa7b334-ce0d-4e88-aaae-2e0c138d049e
47.78334,29.585512,2018,,HUMAN_OBSERVATION,KW,2176082894,4fa7b334-ce0d-4e88-aaae-2e0c138d049e
47.674255,29.351254,2018,,HUMAN_OBSERVATION,KW,2176999773,4fa7b334-ce0d-4e88-aaae-2e0c138d049e
47.674255,29.351254,2018,,HUMAN_OBSERVATION,KW,2177751006,4fa7b334-ce0d-4e88-aaae-2e0c138d049e
46.9602,29.366991,2018,,HUMAN_OBSERVATION,KW,2178022675,4fa7b334-ce0d-4e88-aaae-2e0c138d049e
44.36554,33.94051,2018,,HUMAN_OBSERVATION,IQ,2178187585,4fa7b334-ce0d-4e88-aaae-2e0c138d049e
48.119457,29.133131,2018,,HUMAN_OBSERVATION,KW,2178188159,4fa7b334-ce0d-4e88-aaae-2e0c138d049e
47.75465,29.257349,2018,,HUMAN_OBSERVATION,KW,2179862491,4fa7b334-ce0d-4e88-aaae-2e0c138d049e
44.36554,33.94051,2018,,HUMAN_OBSERVATION,IQ,2179862926,4fa7b334-ce0d-4e88-aaae-2e0c138d049e
44.91578,35.924408,2018,,HUMAN_OBSERVATION,IQ,2181287448,4fa7b334-ce0d-4e88-aaae-2e0c138d049e
47.674255,29.351254,2018,,HUMAN_OBSERVATION,KW,2181747430,4fa7b334-ce0d-4e88-aaae-2e0c138d049e
44.36554,33.94051,2018,,HUMAN_OBSERVATION,IQ,2183057566,4fa7b334-ce0d-4e88-aaae-2e0c138d049e
44.36554,33.94051,2018,,HUMAN_OBSERVATION,IQ,2183061149,4fa7b334-ce0d-4e88-aaae-2e0c138d049e
44.36554,33.94051,2018,,HUMAN_OBSERVATION,IQ,2188295590,4fa7b334-ce0d-4e88-aaae-2e0c138d049e
46.9602,29.366991,2018,,HUMAN_OBSERVATION,KW,2189456198,4fa7b334-ce0d-4e88-aaae-2e0c138d049e
44.36554,33.94051,2018,,HUMAN_OBSERVATION,IQ,2190288321,4fa7b334-ce0d-4e88-aaae-2e0c138d049e
48.119457,29.133131,2018,,HUMAN_OBSERVATION,KW,2191537310,4fa7b334-ce0d-4e88-aaae-2e0c138d049e
47.707787,29.553898,2018,,HUMAN_OBSERVATION,KW,2192369021,4fa7b334-ce0d-4e88-aaae-2e0c138d049e
44.36554,33.94051,2018,,HUMAN_OBSERVATION,IQ,2193001321,4fa7b334-ce0d-4e88-aaae-2e0c138d049e
45.425804,35.611534,2018,,HUMAN_OBSERVATION,IQ,2193200690,4fa7b334-ce0d-4e88-aaae-2e0c138d049e
44.36554,33.94051,2018,,HUMAN_OBSERVATION,IQ,2193687578,4fa7b334-ce0d-4e88-aaae-2e0c138d049e
47.909,29.572233,2018,,HUMAN_OBSERVATION,KW,2193713316,4fa7b334-ce0d-4e88-aaae-2e0c138d049e
44.36554,33.94051,2018,,HUMAN_OBSERVATION,IQ,2196472394,4fa7b334-ce0d-4e88-aaae-2e0c138d049e
48.119457,29.133131,2018,,HUMAN_OBSERVATION,KW,2196703677,4fa7b334-ce0d-4e88-aaae-2e0c138d049e
44.36554,33.94051,2018,,HUMAN_OBSERVATION,IQ,2197307597,4fa7b334-ce0d-4e88-aaae-2e0c138d049e
47.78334,29.585512,2018,,HUMAN_OBSERVATION,KW,2198044979,4fa7b334-ce0d-4e88-aaae-2e0c138d049e
44.36554,33.94051,2018,,HUMAN_OBSERVATION,IQ,2198901864,4fa7b334-ce0d-4e88-aaae-2e0c138d049e
44.36554,33.94051,2018,,HUMAN_OBSERVATION,IQ,2199031675,4fa7b334-ce0d-4e88-aaae-2e0c138d049e
48.12089,29.133806,2018,,HUMAN_OBSERVATION,KW,2200183098,4fa7b334-ce0d-4e88-aaae-2e0c138d049e
47.707787,29.553898,2018,,HUMAN_OBSERVATION,KW,2200399340,4fa7b334-ce0d-4e88-aaae-2e0c138d049e
43.96376,36.238625,2018,,HUMAN_OBSERVATION,IQ,2200646945,4fa7b334-ce0d-4e88-aaae-2e0c138d049e
47.707787,29.553898,2018,,HUMAN_OBSERVATION,KW,2201276323,4fa7b334-ce0d-4e88-aaae-2e0c138d049e
48.119457,29.133131,2018,,HUMAN_OBSERVATION,KW,2203777818,4fa7b334-ce0d-4e88-aaae-2e0c138d049e
47.75465,29.257349,2018,,HUMAN_OBSERVATION,KW,2204120647,4fa7b334-ce0d-4e88-aaae-2e0c138d049e
48.119457,29.133131,2018,,HUMAN_OBSERVATION,KW,2204607614,4fa7b334-ce0d-4e88-aaae-2e0c138d049e
47.99427,29.373367,2018,,HUMAN_OBSERVATION,KW,2205750121,4fa7b334-ce0d-4e88-aaae-2e0c138d049e
47.707787,29.553898,2018,,HUMAN_OBSERVATION,KW,2205988033,4fa7b334-ce0d-4e88-aaae-2e0c138d049e
44.36554,33.94051,2018,,HUMAN_OBSERVATION,IQ,2207052506,4fa7b334-ce0d-4e88-aaae-2e0c138d049e
40.21391,30.273691,2018,,HUMAN_OBSERVATION,SA,3629201042,4fa7b334-ce0d-4e88-aaae-2e0c138d049e
47.78334,29.585512,2018,,HUMAN_OBSERVATION,KW,2182943762,4fa7b334-ce0d-4e88-aaae-2e0c138d049e
44.36554,33.94051,2018,,HUMAN_OBSERVATION,IQ,2183060098,4fa7b334-ce0d-4e88-aaae-2e0c138d049e
47.78334,29.585512,2018,,HUMAN_OBSERVATION,KW,2183312082,4fa7b334-ce0d-4e88-aaae-2e0c138d049e
47.78334,29.585512,2018,,HUMAN_OBSERVATION,KW,2184274648,4fa7b334-ce0d-4e88-aaae-2e0c138d049e
44.36554,33.94051,2018,,HUMAN_OBSERVATION,IQ,2184495808,4fa7b334-ce0d-4e88-aaae-2e0c138d049e
47.707787,29.553898,2018,,HUMAN_OBSERVATION,KW,2184509139,4fa7b334-ce0d-4e88-aaae-2e0c138d049e
47.674255,29.351254,2018,,HUMAN_OBSERVATION,KW,2184618791,4fa7b334-ce0d-4e88-aaae-2e0c138d049e
47.75465,29.257349,2018,,HUMAN_OBSERVATION,KW,2184665042,4fa7b334-ce0d-4e88-aaae-2e0c138d049e
47.78334,29.585512,2018,,HUMAN_OBSERVATION,KW,2185726593,4fa7b334-ce0d-4e88-aaae-2e0c138d049e
45.431,35.56482,2018,,HUMAN_OBSERVATION,IQ,2185968560,4fa7b334-ce0d-4e88-aaae-2e0c138d049e
44.36554,33.94051,2018,,HUMAN_OBSERVATION,IQ,2186800170,4fa7b334-ce0d-4e88-aaae-2e0c138d049e
47.75559,29.26832,2018,,HUMAN_OBSERVATION,KW,2187037002,4fa7b334-ce0d-4e88-aaae-2e0c138d049e
47.70753,29.380829,2018,,HUMAN_OBSERVATION,KW,2187056867,4fa7b334-ce0d-4e88-aaae-2e0c138d049e
47.78334,29.585512,2018,,HUMAN_OBSERVATION,KW,2187978646,4fa7b334-ce0d-4e88-aaae-2e0c138d049e
44.36554,33.94051,2018,,HUMAN_OBSERVATION,IQ,2188977698,4fa7b334-ce0d-4e88-aaae-2e0c138d049e
47.78334,29.585512,2018,,HUMAN_OBSERVATION,KW,2189001173,4fa7b334-ce0d-4e88-aaae-2e0c138d049e
47.78334,29.585512,2018,,HUMAN_OBSERVATION,KW,2190129104,4fa7b334-ce0d-4e88-aaae-2e0c138d049e
47.70753,29.380829,2018,,HUMAN_OBSERVATION,KW,2193183963,4fa7b334-ce0d-4e88-aaae-2e0c138d049e
47.707787,29.553898,2018,,HUMAN_OBSERVATION,KW,2194804819,4fa7b334-ce0d-4e88-aaae-2e0c138d049e
44.36554,33.94051,2018,,HUMAN_OBSERVATION,IQ,2195362759,4fa7b334-ce0d-4e88-aaae-2e0c138d049e
47.707787,29.553898,2018,,HUMAN_OBSERVATION,KW,2195378642,4fa7b334-ce0d-4e88-aaae-2e0c138d049e
47.99427,29.373367,2018,,HUMAN_OBSERVATION,KW,2198773965,4fa7b334-ce0d-4e88-aaae-2e0c138d049e
47.909,29.572233,2018,,HUMAN_OBSERVATION,KW,2199128881,4fa7b334-ce0d-4e88-aaae-2e0c138d049e
42.818314,36.627365,2018,,HUMAN_OBSERVATION,IQ,2199251643,4fa7b334-ce0d-4e88-aaae-2e0c138d049e
45.425804,35.611534,2018,,HUMAN_OBSERVATION,IQ,2199424129,4fa7b334-ce0d-4e88-aaae-2e0c138d049e
47.707787,29.553898,2018,,HUMAN_OBSERVATION,KW,2199721893,4fa7b334-ce0d-4e88-aaae-2e0c138d049e
47.78334,29.585512,2018,,HUMAN_OBSERVATION,KW,2199733171,4fa7b334-ce0d-4e88-aaae-2e0c138d049e
47.78334,29.585512,2018,,HUMAN_OBSERVATION,KW,2200282969,4fa7b334-ce0d-4e88-aaae-2e0c138d049e
48.122005,29.127281,2018,,HUMAN_OBSERVATION,KW,2200662959,4fa7b334-ce0d-4e88-aaae-2e0c138d049e
47.707787,29.553898,2018,,HUMAN_OBSERVATION,KW,2200676228,4fa7b334-ce0d-4e88-aaae-2e0c138d049e
47.75465,29.257349,2018,,HUMAN_OBSERVATION,KW,2200688182,4fa7b334-ce0d-4e88-aaae-2e0c138d049e
47.693195,29.36198,2018,,HUMAN_OBSERVATION,KW,2201662526,4fa7b334-ce0d-4e88-aaae-2e0c138d049e
47.707787,29.553898,2018,,HUMAN_OBSERVATION,KW,2202109816,4fa7b334-ce0d-4e88-aaae-2e0c138d049e
48.119457,29.133131,2018,,HUMAN_OBSERVATION,KW,2202529453,4fa7b334-ce0d-4e88-aaae-2e0c138d049e
48.122005,29.127281,2018,,HUMAN_OBSERVATION,KW,2203268208,4fa7b334-ce0d-4e88-aaae-2e0c138d049e
48.119457,29.133131,2018,,HUMAN_OBSERVATION,KW,2203285486,4fa7b334-ce0d-4e88-aaae-2e0c138d049e
47.674255,29.351254,2018,,HUMAN_OBSERVATION,KW,2203441883,4fa7b334-ce0d-4e88-aaae-2e0c138d049e
47.674255,29.351254,2018,,HUMAN_OBSERVATION,KW,2203516588,4fa7b334-ce0d-4e88-aaae-2e0c138d049e
48.119457,29.133131,2018,,HUMAN_OBSERVATION,KW,2204577056,4fa7b334-ce0d-4e88-aaae-2e0c138d049e
48.122005,29.127281,2018,,HUMAN_OBSERVATION,KW,2204844174,4fa7b334-ce0d-4e88-aaae-2e0c138d049e
47.909,29.572233,2018,,HUMAN_OBSERVATION,KW,2204857905,4fa7b334-ce0d-4e88-aaae-2e0c138d049e
47.78334,29.585512,2018,,HUMAN_OBSERVATION,KW,2205446049,4fa7b334-ce0d-4e88-aaae-2e0c138d049e
45.425804,35.611534,2018,,HUMAN_OBSERVATION,IQ,2205759834,4fa7b334-ce0d-4e88-aaae-2e0c138d049e
47.78334,29.585512,2018,,HUMAN_OBSERVATION,KW,2207717785,4fa7b334-ce0d-4e88-aaae-2e0c138d049e
47.75559,29.26832,2018,,HUMAN_OBSERVATION,KW,2208712323,4fa7b334-ce0d-4e88-aaae-2e0c138d049e
47.707787,29.553898,2018,,HUMAN_OBSERVATION,KW,2208816357,4fa7b334-ce0d-4e88-aaae-2e0c138d049e
47.75465,29.257349,2018,,HUMAN_OBSERVATION,KW,2209195960,4fa7b334-ce0d-4e88-aaae-2e0c138d049e
47.78334,29.585512,2018,,HUMAN_OBSERVATION,KW,2209533650,4fa7b334-ce0d-4e88-aaae-2e0c138d049e
44.36554,33.94051,2018,,HUMAN_OBSERVATION,IQ,2209777568,4fa7b334-ce0d-4e88-aaae-2e0c138d049e
47.707787,29.553898,2018,,HUMAN_OBSERVATION,KW,2210765613,4fa7b334-ce0d-4e88-aaae-2e0c138d049e
44.36554,33.94051,2018,,HUMAN_OBSERVATION,IQ,2210776891,4fa7b334-ce0d-4e88-aaae-2e0c138d049e
47.78334,29.585512,2018,,HUMAN_OBSERVATION,KW,2211444344,4fa7b334-ce0d-4e88-aaae-2e0c138d049e
47.75465,29.257349,2018,,HUMAN_OBSERVATION,KW,2211901159,4fa7b334-ce0d-4e88-aaae-2e0c138d049e
48.119457,29.133131,2018,,HUMAN_OBSERVATION,KW,2211922236,4fa7b334-ce0d-4e88-aaae-2e0c138d049e
44.36554,33.94051,2018,,HUMAN_OBSERVATION,IQ,2212804034,4fa7b334-ce0d-4e88-aaae-2e0c138d049e
47.78334,29.585512,2018,,HUMAN_OBSERVATION,KW,2213349185,4fa7b334-ce0d-4e88-aaae-2e0c138d049e
48.66297,31.3028,2018,,HUMAN_OBSERVATION,IR,2720588754,4fa7b334-ce0d-4e88-aaae-2e0c138d049e
40.41083,30.052738,2018,,HUMAN_OBSERVATION,SA,3647312139,4fa7b334-ce0d-4e88-aaae-2e0c138d049e
47.777397,29.438875,2018,,HUMAN_OBSERVATION,KW,2190420305,4fa7b334-ce0d-4e88-aaae-2e0c138d049e
45.425804,35.611534,2018,,HUMAN_OBSERVATION,IQ,2190974331,4fa7b334-ce0d-4e88-aaae-2e0c138d049e
47.78334,29.585512,2018,,HUMAN_OBSERVATION,KW,2191739501,4fa7b334-ce0d-4e88-aaae-2e0c138d049e
47.909,29.572233,2018,,HUMAN_OBSERVATION,KW,2191803259,4fa7b334-ce0d-4e88-aaae-2e0c138d049e
48.119457,29.133131,2018,,HUMAN_OBSERVATION,KW,2192157378,4fa7b334-ce0d-4e88-aaae-2e0c138d049e
48.035633,29.336807,2018,,HUMAN_OBSERVATION,KW,2192164544,4fa7b334-ce0d-4e88-aaae-2e0c138d049e
48.035633,29.336807,2018,,HUMAN_OBSERVATION,KW,2193330840,4fa7b334-ce0d-4e88-aaae-2e0c138d049e
47.707787,29.553898,2018,,HUMAN_OBSERVATION,KW,2193530148,4fa7b334-ce0d-4e88-aaae-2e0c138d049e
47.75465,29.257349,2018,,HUMAN_OBSERVATION,KW,2193540424,4fa7b334-ce0d-4e88-aaae-2e0c138d049e
47.99427,29.373367,2018,,HUMAN_OBSERVATION,KW,2193790101,4fa7b334-ce0d-4e88-aaae-2e0c138d049e
47.693195,29.36198,2018,,HUMAN_OBSERVATION,KW,2194578879,4fa7b334-ce0d-4e88-aaae-2e0c138d049e
47.78334,29.585512,2018,,HUMAN_OBSERVATION,KW,2195738361,4fa7b334-ce0d-4e88-aaae-2e0c138d049e
47.75465,29.257349,2018,,HUMAN_OBSERVATION,KW,2198372931,4fa7b334-ce0d-4e88-aaae-2e0c138d049e
48.119457,29.133131,2018,,HUMAN_OBSERVATION,KW,2200574615,4fa7b334-ce0d-4e88-aaae-2e0c138d049e
48.119457,29.133131,2018,,HUMAN_OBSERVATION,KW,2200575595,4fa7b334-ce0d-4e88-aaae-2e0c138d049e
45.431,35.56482,2018,,HUMAN_OBSERVATION,IQ,2202452846,4fa7b334-ce0d-4e88-aaae-2e0c138d049e
47.674255,29.351254,2018,,HUMAN_OBSERVATION,KW,2203975358,4fa7b334-ce0d-4e88-aaae-2e0c138d049e
47.812458,29.339611,2018,,HUMAN_OBSERVATION,KW,2205534953,4fa7b334-ce0d-4e88-aaae-2e0c138d049e
47.75232,29.266806,2018,,HUMAN_OBSERVATION,KW,2205784634,4fa7b334-ce0d-4e88-aaae-2e0c138d049e
48.036327,29.335262,2018,,HUMAN_OBSERVATION,KW,2205980645,4fa7b334-ce0d-4e88-aaae-2e0c138d049e
47.75465,29.257349,2018,,HUMAN_OBSERVATION,KW,2206003082,4fa7b334-ce0d-4e88-aaae-2e0c138d049e
48.036327,29.335262,2018,,HUMAN_OBSERVATION,KW,2207285942,4fa7b334-ce0d-4e88-aaae-2e0c138d049e
47.75465,29.257349,2018,,HUMAN_OBSERVATION,KW,2207519423,4fa7b334-ce0d-4e88-aaae-2e0c138d049e
48.38606,28.64303,2018,,HUMAN_OBSERVATION,KW,2207875682,4fa7b334-ce0d-4e88-aaae-2e0c138d049e
47.75559,29.26832,2018,,HUMAN_OBSERVATION,KW,2209082235,4fa7b334-ce0d-4e88-aaae-2e0c138d049e
47.75465,29.257349,2018,,HUMAN_OBSERVATION,KW,2209093598,4fa7b334-ce0d-4e88-aaae-2e0c138d049e
47.75465,29.257349,2018,,HUMAN_OBSERVATION,KW,2209102200,4fa7b334-ce0d-4e88-aaae-2e0c138d049e
47.78334,29.585512,2018,,HUMAN_OBSERVATION,KW,2209350119,4fa7b334-ce0d-4e88-aaae-2e0c138d049e
47.78334,29.585512,2018,,HUMAN_OBSERVATION,KW,2210221470,4fa7b334-ce0d-4e88-aaae-2e0c138d049e
48.036327,29.335262,2018,,HUMAN_OBSERVATION,KW,2210473075,4fa7b334-ce0d-4e88-aaae-2e0c138d049e
48.119457,29.133131,2018,,HUMAN_OBSERVATION,KW,2212617770,4fa7b334-ce0d-4e88-aaae-2e0c138d049e
47.707787,29.553898,2018,,HUMAN_OBSERVATION,KW,2213070313,4fa7b334-ce0d-4e88-aaae-2e0c138d049e
48.119457,29.133131,2018,,HUMAN_OBSERVATION,KW,2215557837,4fa7b334-ce0d-4e88-aaae-2e0c138d049e
47.707787,29.553898,2018,,HUMAN_OBSERVATION,KW,2216381253,4fa7b334-ce0d-4e88-aaae-2e0c138d049e
48.38606,28.64303,2018,,HUMAN_OBSERVATION,KW,2217869472,4fa7b334-ce0d-4e88-aaae-2e0c138d049e
47.75232,29.266806,2018,,HUMAN_OBSERVATION,KW,2218411916,4fa7b334-ce0d-4e88-aaae-2e0c138d049e
48.036327,29.335262,2018,,HUMAN_OBSERVATION,KW,2219934670,4fa7b334-ce0d-4e88-aaae-2e0c138d049e
45.66134,32.522194,2018,,HUMAN_OBSERVATION,IQ,2220119521,4fa7b334-ce0d-4e88-aaae-2e0c138d049e
47.75465,29.257349,2018,,HUMAN_OBSERVATION,KW,2220895134,4fa7b334-ce0d-4e88-aaae-2e0c138d049e
48.122173,29.165966,2018,,HUMAN_OBSERVATION,KW,2223064371,4fa7b334-ce0d-4e88-aaae-2e0c138d049e
43.96376,36.238625,2018,,HUMAN_OBSERVATION,IQ,5504213269,4fa7b334-ce0d-4e88-aaae-2e0c138d049e
44.389336,33.31597,2018,,HUMAN_OBSERVATION,IQ,5526521257,4fa7b334-ce0d-4e88-aaae-2e0c138d049e
44.389336,33.31597,2018,,HUMAN_OBSERVATION,IQ,5714370550,4fa7b334-ce0d-4e88-aaae-2e0c138d049e
47.840996,28.630337,2018,,HUMAN_OBSERVATION,KW,2200270870,4fa7b334-ce0d-4e88-aaae-2e0c138d049e
47.674255,29.351254,2018,,HUMAN_OBSERVATION,KW,2200743500,4fa7b334-ce0d-4e88-aaae-2e0c138d049e
47.75465,29.257349,2018,,HUMAN_OBSERVATION,KW,2200833801,4fa7b334-ce0d-4e88-aaae-2e0c138d049e
48.62875,31.720064,2018,,HUMAN_OBSERVATION,IR,2201383585,4fa7b334-ce0d-4e88-aaae-2e0c138d049e
47.75465,29.257349,2018,,HUMAN_OBSERVATION,KW,2204003619,4fa7b334-ce0d-4e88-aaae-2e0c138d049e
44.36554,33.94051,2018,,HUMAN_OBSERVATION,IQ,2204043695,4fa7b334-ce0d-4e88-aaae-2e0c138d049e
44.36554,33.94051,2018,,HUMAN_OBSERVATION,IQ,2204477264,4fa7b334-ce0d-4e88-aaae-2e0c138d049e
48.08256,29.316772,2018,,HUMAN_OBSERVATION,KW,2204484965,4fa7b334-ce0d-4e88-aaae-2e0c138d049e
47.90282,29.334694,2018,,HUMAN_OBSERVATION,KW,2204491790,4fa7b334-ce0d-4e88-aaae-2e0c138d049e
47.674255,29.351254,2018,,HUMAN_OBSERVATION,KW,2204677314,4fa7b334-ce0d-4e88-aaae-2e0c138d049e
47.707787,29.553898,2018,,HUMAN_OBSERVATION,KW,2204694842,4fa7b334-ce0d-4e88-aaae-2e0c138d049e
47.674255,29.351254,2018,,HUMAN_OBSERVATION,KW,2205049102,4fa7b334-ce0d-4e88-aaae-2e0c138d049e
47.707787,29.553898,2018,,HUMAN_OBSERVATION,KW,2206251734,4fa7b334-ce0d-4e88-aaae-2e0c138d049e
48.122173,29.165966,2018,,HUMAN_OBSERVATION,KW,2206269844,4fa7b334-ce0d-4e88-aaae-2e0c138d049e
44.36554,33.94051,2018,,HUMAN_OBSERVATION,IQ,2206550473,4fa7b334-ce0d-4e88-aaae-2e0c138d049e
44.36554,33.94051,2018,,HUMAN_OBSERVATION,IQ,2207251676,4fa7b334-ce0d-4e88-aaae-2e0c138d049e
48.100204,29.136242,2018,,HUMAN_OBSERVATION,KW,2208828574,4fa7b334-ce0d-4e88-aaae-2e0c138d049e
48.08256,29.316772,2018,,HUMAN_OBSERVATION,KW,2208835310,4fa7b334-ce0d-4e88-aaae-2e0c138d049e
48.100204,29.136242,2018,,HUMAN_OBSERVATION,KW,2208840008,4fa7b334-ce0d-4e88-aaae-2e0c138d049e
48.026817,29.364449,2018,,HUMAN_OBSERVATION,KW,2208848493,4fa7b334-ce0d-4e88-aaae-2e0c138d049e
48.036327,29.335262,2018,,HUMAN_OBSERVATION,KW,2208894151,4fa7b334-ce0d-4e88-aaae-2e0c138d049e
47.75465,29.257349,2018,,HUMAN_OBSERVATION,KW,2212515251,4fa7b334-ce0d-4e88-aaae-2e0c138d049e
47.75465,29.257349,2018,,HUMAN_OBSERVATION,KW,2212604861,4fa7b334-ce0d-4e88-aaae-2e0c138d049e
48.119457,29.133131,2018,,HUMAN_OBSERVATION,KW,2212797380,4fa7b334-ce0d-4e88-aaae-2e0c138d049e
47.674255,29.351254,2018,,HUMAN_OBSERVATION,KW,2213498498,4fa7b334-ce0d-4e88-aaae-2e0c138d049e
44.36554,33.94051,2018,,HUMAN_OBSERVATION,IQ,2214220018,4fa7b334-ce0d-4e88-aaae-2e0c138d049e
47.674255,29.351254,2018,,HUMAN_OBSERVATION,KW,2214238365,4fa7b334-ce0d-4e88-aaae-2e0c138d049e
47.674255,29.351254,2018,,HUMAN_OBSERVATION,KW,2214795484,4fa7b334-ce0d-4e88-aaae-2e0c138d049e
45.425804,35.611534,2018,,HUMAN_OBSERVATION,IQ,2214804674,4fa7b334-ce0d-4e88-aaae-2e0c138d049e
47.674255,29.351254,2018,,HUMAN_OBSERVATION,KW,2215156270,4fa7b334-ce0d-4e88-aaae-2e0c138d049e
48.026817,29.364449,2018,,HUMAN_OBSERVATION,KW,2215473956,4fa7b334-ce0d-4e88-aaae-2e0c138d049e
47.78334,29.585512,2018,,HUMAN_OBSERVATION,KW,2215912559,4fa7b334-ce0d-4e88-aaae-2e0c138d049e
47.810547,29.96825,2018,,HUMAN_OBSERVATION,KW,2216105662,4fa7b334-ce0d-4e88-aaae-2e0c138d049e
47.948193,29.351805,2018,,HUMAN_OBSERVATION,KW,2216280138,4fa7b334-ce0d-4e88-aaae-2e0c138d049e
47.909,29.572233,2018,,HUMAN_OBSERVATION,KW,2216294255,4fa7b334-ce0d-4e88-aaae-2e0c138d049e
47.78334,29.585512,2018,,HUMAN_OBSERVATION,KW,2216457675,4fa7b334-ce0d-4e88-aaae-2e0c138d049e
48.07365,29.318,2018,,HUMAN_OBSERVATION,KW,2216502206,4fa7b334-ce0d-4e88-aaae-2e0c138d049e
48.08256,29.316772,2018,,HUMAN_OBSERVATION,KW,2216503261,4fa7b334-ce0d-4e88-aaae-2e0c138d049e
47.90282,29.334694,2018,,HUMAN_OBSERVATION,KW,2216513542,4fa7b334-ce0d-4e88-aaae-2e0c138d049e
48.07365,29.318,2018,,HUMAN_OBSERVATION,KW,2216520640,4fa7b334-ce0d-4e88-aaae-2e0c138d049e
48.08215,29.316475,2018,,HUMAN_OBSERVATION,KW,2216705232,4fa7b334-ce0d-4e88-aaae-2e0c138d049e
48.122173,29.165966,2018,,HUMAN_OBSERVATION,KW,2217216208,4fa7b334-ce0d-4e88-aaae-2e0c138d049e
47.674255,29.351254,2018,,HUMAN_OBSERVATION,KW,2217956238,4fa7b334-ce0d-4e88-aaae-2e0c138d049e
48.119457,29.133131,2018,,HUMAN_OBSERVATION,KW,2218374698,4fa7b334-ce0d-4e88-aaae-2e0c138d049e
47.707787,29.553898,2018,,HUMAN_OBSERVATION,KW,2218509995,4fa7b334-ce0d-4e88-aaae-2e0c138d049e
48.03582,29.336205,2018,,HUMAN_OBSERVATION,KW,2218991904,4fa7b334-ce0d-4e88-aaae-2e0c138d049e
47.707787,29.553898,2018,,HUMAN_OBSERVATION,KW,2219027102,4fa7b334-ce0d-4e88-aaae-2e0c138d049e
47.90953,29.344698,2018,,HUMAN_OBSERVATION,KW,2219198071,4fa7b334-ce0d-4e88-aaae-2e0c138d049e
48.036327,29.335262,2018,,HUMAN_OBSERVATION,KW,2220389107,4fa7b334-ce0d-4e88-aaae-2e0c138d049e
48.119457,29.133131,2018,,HUMAN_OBSERVATION,KW,2220389990,4fa7b334-ce0d-4e88-aaae-2e0c138d049e
48.026817,29.364449,2018,,HUMAN_OBSERVATION,KW,2220410259,4fa7b334-ce0d-4e88-aaae-2e0c138d049e
47.75232,29.266806,2018,,HUMAN_OBSERVATION,KW,2220443306,4fa7b334-ce0d-4e88-aaae-2e0c138d049e
48.122143,29.166296,2018,,HUMAN_OBSERVATION,KW,2220877972,4fa7b334-ce0d-4e88-aaae-2e0c138d049e
48.100204,29.136242,2018,,HUMAN_OBSERVATION,KW,2221066389,4fa7b334-ce0d-4e88-aaae-2e0c138d049e
47.810547,29.96825,2018,,HUMAN_OBSERVATION,KW,2221099912,4fa7b334-ce0d-4e88-aaae-2e0c138d049e
46.9602,29.366991,2018,,HUMAN_OBSERVATION,KW,2221576100,4fa7b334-ce0d-4e88-aaae-2e0c138d049e
44.36554,33.94051,2018,,HUMAN_OBSERVATION,IQ,2221908435,4fa7b334-ce0d-4e88-aaae-2e0c138d049e
47.75232,29.266806,2018,,HUMAN_OBSERVATION,KW,2223040457,4fa7b334-ce0d-4e88-aaae-2e0c138d049e
48.08256,29.316772,2018,,HUMAN_OBSERVATION,KW,2223637683,4fa7b334-ce0d-4e88-aaae-2e0c138d049e
48.122173,29.165966,2018,,HUMAN_OBSERVATION,KW,2224252926,4fa7b334-ce0d-4e88-aaae-2e0c138d049e
47.75465,29.257349,2018,,HUMAN_OBSERVATION,KW,2226114770,4fa7b334-ce0d-4e88-aaae-2e0c138d049e
47.90282,29.334694,2018,,HUMAN_OBSERVATION,KW,2227041109,4fa7b334-ce0d-4e88-aaae-2e0c138d049e
47.90953,29.344698,2018,,HUMAN_OBSERVATION,KW,2227408138,4fa7b334-ce0d-4e88-aaae-2e0c138d049e
47.84666,29.34597,2018,,HUMAN_OBSERVATION,KW,2227410313,4fa7b334-ce0d-4e88-aaae-2e0c138d049e
47.84666,29.34597,2018,,HUMAN_OBSERVATION,KW,2227411851,4fa7b334-ce0d-4e88-aaae-2e0c138d049e
47.99427,29.373367,2018,,HUMAN_OBSERVATION,KW,2228024917,4fa7b334-ce0d-4e88-aaae-2e0c138d049e
44.36554,33.94051,2018,,HUMAN_OBSERVATION,IQ,2228682253,4fa7b334-ce0d-4e88-aaae-2e0c138d049e
47.674255,29.351254,2018,,HUMAN_OBSERVATION,KW,2228896409,4fa7b334-ce0d-4e88-aaae-2e0c138d049e
47.909,29.572233,2018,,HUMAN_OBSERVATION,KW,2228901105,4fa7b334-ce0d-4e88-aaae-2e0c138d049e
48.119457,29.133131,2018,,HUMAN_OBSERVATION,KW,2229066716,4fa7b334-ce0d-4e88-aaae-2e0c138d049e
47.75559,29.26832,2018,,HUMAN_OBSERVATION,KW,2229069221,4fa7b334-ce0d-4e88-aaae-2e0c138d049e
48.03714,29.33102,2018,,HUMAN_OBSERVATION,KW,2229939963,4fa7b334-ce0d-4e88-aaae-2e0c138d049e
48.08256,29.316772,2018,,HUMAN_OBSERVATION,KW,2230479715,4fa7b334-ce0d-4e88-aaae-2e0c138d049e
48.026817,29.364449,2018,,HUMAN_OBSERVATION,KW,2230880173,4fa7b334-ce0d-4e88-aaae-2e0c138d049e
47.75232,29.266806,2018,,HUMAN_OBSERVATION,KW,2230881997,4fa7b334-ce0d-4e88-aaae-2e0c138d049e
48.121868,29.166994,2018,25.0,HUMAN_OBSERVATION,KW,2833355048,8a863029-f435-446a-821e-275f4f641165
47.674923,29.350822,2018,25.0,HUMAN_OBSERVATION,KW,2841294081,8a863029-f435-446a-821e-275f4f641165
48.026817,29.364449,2018,,HUMAN_OBSERVATION,KW,3248261561,4fa7b334-ce0d-4e88-aaae-2e0c138d049e
47.948193,29.351805,2018,,HUMAN_OBSERVATION,KW,3523243819,4fa7b334-ce0d-4e88-aaae-2e0c138d049e
47.674255,29.351254,2018,,HUMAN_OBSERVATION,KW,3528064941,4fa7b334-ce0d-4e88-aaae-2e0c138d049e
47.909,29.572233,2018,,HUMAN_OBSERVATION,KW,3531711952,4fa7b334-ce0d-4e88-aaae-2e0c138d049e
47.810547,29.96825,2018,,HUMAN_OBSERVATION,KW,3542710334,4fa7b334-ce0d-4e88-aaae-2e0c138d049e
47.707787,29.553898,2018,,HUMAN_OBSERVATION,KW,3552686258,4fa7b334-ce0d-4e88-aaae-2e0c138d049e
47.707787,29.553898,2018,,HUMAN_OBSERVATION,KW,3555761344,4fa7b334-ce0d-4e88-aaae-2e0c138d049e
47.707787,29.553898,2018,,HUMAN_OBSERVATION,KW,3555761364,4fa7b334-ce0d-4e88-aaae-2e0c138d049e
47.90282,29.334694,2018,,HUMAN_OBSERVATION,KW,3563031583,4fa7b334-ce0d-4e88-aaae-2e0c138d049e
48.08215,29.316475,2018,,HUMAN_OBSERVATION,KW,3647469189,4fa7b334-ce0d-4e88-aaae-2e0c138d049e
48.121886,29.165846,2018,20.0,HUMAN_OBSERVATION,KW,1986553675,50c9509d-22c7-4a22-a47d-8c48425ef4a7
47.770287,30.030807,2018,,HUMAN_OBSERVATION,KW,2210422635,4fa7b334-ce0d-4e88-aaae-2e0c138d049e
48.392178,28.591267,2018,,HUMAN_OBSERVATION,KW,2210632469,4fa7b334-ce0d-4e88-aaae-2e0c138d049e
48.12089,29.133806,2018,,HUMAN_OBSERVATION,KW,2210653103,4fa7b334-ce0d-4e88-aaae-2e0c138d049e
48.122143,29.166296,2018,,HUMAN_OBSERVATION,KW,2210656288,4fa7b334-ce0d-4e88-aaae-2e0c138d049e
47.75465,29.257349,2018,,HUMAN_OBSERVATION,KW,2212366709,4fa7b334-ce0d-4e88-aaae-2e0c138d049e
48.036327,29.335262,2018,,HUMAN_OBSERVATION,KW,2215628499,4fa7b334-ce0d-4e88-aaae-2e0c138d049e
48.100204,29.136242,2018,,HUMAN_OBSERVATION,KW,2215929409,4fa7b334-ce0d-4e88-aaae-2e0c138d049e
46.9602,29.366991,2018,,HUMAN_OBSERVATION,KW,2216174218,4fa7b334-ce0d-4e88-aaae-2e0c138d049e
47.674255,29.351254,2018,,HUMAN_OBSERVATION,KW,2216725242,4fa7b334-ce0d-4e88-aaae-2e0c138d049e
47.909,29.572233,2018,,HUMAN_OBSERVATION,KW,2216772342,4fa7b334-ce0d-4e88-aaae-2e0c138d049e
47.75465,29.257349,2018,,HUMAN_OBSERVATION,KW,2222891740,4fa7b334-ce0d-4e88-aaae-2e0c138d049e
47.75465,29.257349,2018,,HUMAN_OBSERVATION,KW,2223025360,4fa7b334-ce0d-4e88-aaae-2e0c138d049e
45.425804,35.611534,2018,,HUMAN_OBSERVATION,IQ,2223443169,4fa7b334-ce0d-4e88-aaae-2e0c138d049e
42.818314,36.627365,2018,,HUMAN_OBSERVATION,IQ,2223501699,4fa7b334-ce0d-4e88-aaae-2e0c138d049e
47.770287,30.030807,2018,,HUMAN_OBSERVATION,KW,2223853276,4fa7b334-ce0d-4e88-aaae-2e0c138d049e
48.122173,29.165966,2018,,HUMAN_OBSERVATION,KW,2224359842,4fa7b334-ce0d-4e88-aaae-2e0c138d049e
48.036327,29.335262,2018,,HUMAN_OBSERVATION,KW,2224382930,4fa7b334-ce0d-4e88-aaae-2e0c138d049e
48.119457,29.133131,2018,,HUMAN_OBSERVATION,KW,2224384590,4fa7b334-ce0d-4e88-aaae-2e0c138d049e
48.09665,29.352262,2018,,HUMAN_OBSERVATION,KW,2225403316,4fa7b334-ce0d-4e88-aaae-2e0c138d049e
48.122143,29.166296,2018,,HUMAN_OBSERVATION,KW,2225820561,4fa7b334-ce0d-4e88-aaae-2e0c138d049e
42.818314,36.627365,2018,,HUMAN_OBSERVATION,IQ,2226605493,4fa7b334-ce0d-4e88-aaae-2e0c138d049e
48.083015,29.316116,2018,,HUMAN_OBSERVATION,KW,2228255648,4fa7b334-ce0d-4e88-aaae-2e0c138d049e
48.119457,29.133131,2018,,HUMAN_OBSERVATION,KW,2228268175,4fa7b334-ce0d-4e88-aaae-2e0c138d049e
48.119457,29.133131,2018,,HUMAN_OBSERVATION,KW,2228289437,4fa7b334-ce0d-4e88-aaae-2e0c138d049e
47.75465,29.257349,2018,,HUMAN_OBSERVATION,KW,2228640463,4fa7b334-ce0d-4e88-aaae-2e0c138d049e
48.08256,29.316772,2018,,HUMAN_OBSERVATION,KW,2228842362,4fa7b334-ce0d-4e88-aaae-2e0c138d049e
48.12089,29.133806,2018,,HUMAN_OBSERVATION,KW,2228843773,4fa7b334-ce0d-4e88-aaae-2e0c138d049e
47.674255,29.351254,2018,,HUMAN_OBSERVATION,KW,2231308203,4fa7b334-ce0d-4e88-aaae-2e0c138d049e
48.100204,29.136242,2018,,HUMAN_OBSERVATION,KW,2231401123,4fa7b334-ce0d-4e88-aaae-2e0c138d049e
48.035633,29.336807,2018,,HUMAN_OBSERVATION,KW,2231401303,4fa7b334-ce0d-4e88-aaae-2e0c138d049e
46.9602,29.366991,2018,,HUMAN_OBSERVATION,KW,2232385981,4fa7b334-ce0d-4e88-aaae-2e0c138d049e
48.035965,29.334478,2018,,HUMAN_OBSERVATION,KW,2232837856,4fa7b334-ce0d-4e88-aaae-2e0c138d049e
47.707787,29.553898,2018,,HUMAN_OBSERVATION,KW,2233113808,4fa7b334-ce0d-4e88-aaae-2e0c138d049e
48.026817,29.364449,2018,,HUMAN_OBSERVATION,KW,2233114635,4fa7b334-ce0d-4e88-aaae-2e0c138d049e
48.08256,29.316772,2018,,HUMAN_OBSERVATION,KW,2233652621,4fa7b334-ce0d-4e88-aaae-2e0c138d049e
47.995064,29.373678,2018,25.0,HUMAN_OBSERVATION,KW,2833587167,8a863029-f435-446a-821e-275f4f641165
47.674835,29.352234,2018,25.0,HUMAN_OBSERVATION,KW,2840761286,8a863029-f435-446a-821e-275f4f641165
47.674835,29.352234,2018,25.0,HUMAN_OBSERVATION,KW,2841119201,8a863029-f435-446a-821e-275f4f641165
47.995064,29.373678,2018,25.0,HUMAN_OBSERVATION,KW,2841368181,8a863029-f435-446a-821e-275f4f641165
47.973404,29.376303,2018,14283.0,HUMAN_OBSERVATION,KW,2850741371,50c9509d-22c7-4a22-a47d-8c48425ef4a7
48.026005,29.364422,2018,,HUMAN_OBSERVATION,KW,4352664959,4fa7b334-ce0d-4e88-aaae-2e0c138d049e
48.125614,29.150587,2018,,HUMAN_OBSERVATION,KW,5435998239,4fa7b334-ce0d-4e88-aaae-2e0c138d049e
47.674984,29.35113,2017,,HUMAN_OBSERVATION,KW,2029480230,4fa7b334-ce0d-4e88-aaae-2e0c138d049e
47.707787,29.553898,2017,,HUMAN_OBSERVATION,KW,2029914387,4fa7b334-ce0d-4e88-aaae-2e0c138d049e
48.026817,29.364449,2017,,HUMAN_OBSERVATION,KW,2030396172,4fa7b334-ce0d-4e88-aaae-2e0c138d049e
48.09665,29.352262,2017,,HUMAN_OBSERVATION,KW,2030805514,4fa7b334-ce0d-4e88-aaae-2e0c138d049e
47.674255,29.351254,2017,,HUMAN_OBSERVATION,KW,2032110562,4fa7b334-ce0d-4e88-aaae-2e0c138d049e
47.770287,30.030807,2017,,HUMAN_OBSERVATION,KW,2032400533,4fa7b334-ce0d-4e88-aaae-2e0c138d049e
47.770287,30.030807,2017,,HUMAN_OBSERVATION,KW,2032465651,4fa7b334-ce0d-4e88-aaae-2e0c138d049e
47.78334,29.585512,2017,,HUMAN_OBSERVATION,KW,2032470705,4fa7b334-ce0d-4e88-aaae-2e0c138d049e
47.773582,29.959164,2017,,HUMAN_OBSERVATION,KW,2032549916,4fa7b334-ce0d-4e88-aaae-2e0c138d049e
47.692158,30.043318,2017,,HUMAN_OBSERVATION,KW,2033039328,4fa7b334-ce0d-4e88-aaae-2e0c138d049e
45.380386,35.2872,2017,,HUMAN_OBSERVATION,IQ,2033091127,4fa7b334-ce0d-4e88-aaae-2e0c138d049e
47.674255,29.351254,2017,,HUMAN_OBSERVATION,KW,2033237603,4fa7b334-ce0d-4e88-aaae-2e0c138d049e
47.674255,29.351254,2017,,HUMAN_OBSERVATION,KW,2033315712,4fa7b334-ce0d-4e88-aaae-2e0c138d049e
48.026817,29.364449,2017,,HUMAN_OBSERVATION,KW,2033430655,4fa7b334-ce0d-4e88-aaae-2e0c138d049e
48.1554,28.88062,2017,,HUMAN_OBSERVATION,KW,2034417545,4fa7b334-ce0d-4e88-aaae-2e0c138d049e
47.674255,29.351254,2017,,HUMAN_OBSERVATION,KW,2035752690,4fa7b334-ce0d-4e88-aaae-2e0c138d049e
47.674984,29.35113,2017,,HUMAN_OBSERVATION,KW,2035833417,4fa7b334-ce0d-4e88-aaae-2e0c138d049e
47.95045,29.352358,2017,,HUMAN_OBSERVATION,KW,2035971598,4fa7b334-ce0d-4e88-aaae-2e0c138d049e
47.69856,29.353527,2017,,HUMAN_OBSERVATION,KW,2035982611,4fa7b334-ce0d-4e88-aaae-2e0c138d049e
47.770287,30.030807,2017,,HUMAN_OBSERVATION,KW,2036044374,4fa7b334-ce0d-4e88-aaae-2e0c138d049e
47.760384,30.045376,2017,,HUMAN_OBSERVATION,KW,2036064029,4fa7b334-ce0d-4e88-aaae-2e0c138d049e
47.949844,29.351652,2017,,HUMAN_OBSERVATION,KW,2036215625,4fa7b334-ce0d-4e88-aaae-2e0c138d049e
47.78334,29.585512,2017,,HUMAN_OBSERVATION,KW,2036286854,4fa7b334-ce0d-4e88-aaae-2e0c138d049e
48.026817,29.364449,2017,,HUMAN_OBSERVATION,KW,2036288799,4fa7b334-ce0d-4e88-aaae-2e0c138d049e
48.108665,29.21216,2017,,HUMAN_OBSERVATION,KW,2036292401,4fa7b334-ce0d-4e88-aaae-2e0c138d049e
44.36554,33.94051,2017,,HUMAN_OBSERVATION,IQ,2036303020,4fa7b334-ce0d-4e88-aaae-2e0c138d049e
44.36554,33.94051,2017,,HUMAN_OBSERVATION,IQ,2036451878,4fa7b334-ce0d-4e88-aaae-2e0c138d049e
48.284184,28.871944,2017,,HUMAN_OBSERVATION,KW,2036909813,4fa7b334-ce0d-4e88-aaae-2e0c138d049e
47.707787,29.553898,2017,,HUMAN_OBSERVATION,KW,2037043705,4fa7b334-ce0d-4e88-aaae-2e0c138d049e
45.380386,35.2872,2017,,HUMAN_OBSERVATION,IQ,2038493348,4fa7b334-ce0d-4e88-aaae-2e0c138d049e
48.032654,28.53076,2017,,HUMAN_OBSERVATION,KW,2039350141,4fa7b334-ce0d-4e88-aaae-2e0c138d049e
48.384,28.624334,2017,,HUMAN_OBSERVATION,KW,2039359388,4fa7b334-ce0d-4e88-aaae-2e0c138d049e
47.829624,29.37335,2017,,HUMAN_OBSERVATION,KW,2039570264,4fa7b334-ce0d-4e88-aaae-2e0c138d049e
48.09665,29.352262,2017,,HUMAN_OBSERVATION,KW,2039979540,4fa7b334-ce0d-4e88-aaae-2e0c138d049e
47.949844,29.351652,2017,,HUMAN_OBSERVATION,KW,2044935662,4fa7b334-ce0d-4e88-aaae-2e0c138d049e
44.36554,33.94051,2017,,HUMAN_OBSERVATION,IQ,2046653396,4fa7b334-ce0d-4e88-aaae-2e0c138d049e
48.122032,29.166616,2017,,HUMAN_OBSERVATION,KW,2102450282,4fa7b334-ce0d-4e88-aaae-2e0c138d049e
47.672943,29.348972,2017,,HUMAN_OBSERVATION,KW,2102453605,4fa7b334-ce0d-4e88-aaae-2e0c138d049e
48.127884,28.591822,2017,,HUMAN_OBSERVATION,KW,2102458485,4fa7b334-ce0d-4e88-aaae-2e0c138d049e
47.672943,29.348972,2017,,HUMAN_OBSERVATION,KW,2102460604,4fa7b334-ce0d-4e88-aaae-2e0c138d049e
47.7365,29.261198,2017,,HUMAN_OBSERVATION,KW,2102464591,4fa7b334-ce0d-4e88-aaae-2e0c138d049e
47.76733,29.933811,2017,,HUMAN_OBSERVATION,KW,2115135055,4fa7b334-ce0d-4e88-aaae-2e0c138d049e
48.024868,29.362932,2017,,HUMAN_OBSERVATION,KW,2115145162,4fa7b334-ce0d-4e88-aaae-2e0c138d049e
47.76733,29.933811,2017,,HUMAN_OBSERVATION,KW,2116271979,4fa7b334-ce0d-4e88-aaae-2e0c138d049e
48.11633,29.189045,2017,,HUMAN_OBSERVATION,KW,2124822783,4fa7b334-ce0d-4e88-aaae-2e0c138d049e
47.917377,29.182016,2017,,HUMAN_OBSERVATION,KW,2124880729,4fa7b334-ce0d-4e88-aaae-2e0c138d049e
47.674255,29.351254,2017,,HUMAN_OBSERVATION,KW,2194247912,4fa7b334-ce0d-4e88-aaae-2e0c138d049e
47.99427,29.373367,2017,,HUMAN_OBSERVATION,KW,2194254539,4fa7b334-ce0d-4e88-aaae-2e0c138d049e
47.674255,29.351254,2017,,HUMAN_OBSERVATION,KW,2206549540,4fa7b334-ce0d-4e88-aaae-2e0c138d049e
48.122173,29.165966,2017,,HUMAN_OBSERVATION,KW,2714312180,4fa7b334-ce0d-4e88-aaae-2e0c138d049e
47.674255,29.351254,2017,,HUMAN_OBSERVATION,KW,2716627987,4fa7b334-ce0d-4e88-aaae-2e0c138d049e
47.674255,29.351254,2017,,HUMAN_OBSERVATION,KW,2727357262,4fa7b334-ce0d-4e88-aaae-2e0c138d049e
47.674255,29.351254,2017,,HUMAN_OBSERVATION,KW,2778687027,4fa7b334-ce0d-4e88-aaae-2e0c138d049e
47.770287,30.030807,2017,,HUMAN_OBSERVATION,KW,2796818128,4fa7b334-ce0d-4e88-aaae-2e0c138d049e
48.11621,29.1906,2017,,HUMAN_OBSERVATION,KW,2797646211,4fa7b334-ce0d-4e88-aaae-2e0c138d049e
48.116285,29.189051,2017,25.0,HUMAN_OBSERVATION,KW,2835284958,8a863029-f435-446a-821e-275f4f641165
47.811338,29.964558,2017,25.0,HUMAN_OBSERVATION,KW,2839715985,8a863029-f435-446a-821e-275f4f641165
48.122044,29.164991,2017,25.0,HUMAN_OBSERVATION,KW,2839742998,8a863029-f435-446a-821e-275f4f641165
47.810547,29.96825,2017,,HUMAN_OBSERVATION,KW,2031027589,4fa7b334-ce0d-4e88-aaae-2e0c138d049e
47.674255,29.351254,2017,,HUMAN_OBSERVATION,KW,2031713560,4fa7b334-ce0d-4e88-aaae-2e0c138d049e
44.36554,33.94051,2017,,HUMAN_OBSERVATION,IQ,2031715405,4fa7b334-ce0d-4e88-aaae-2e0c138d049e
47.90863,29.357641,2017,,HUMAN_OBSERVATION,KW,2032466307,4fa7b334-ce0d-4e88-aaae-2e0c138d049e
47.707787,29.553898,2017,,HUMAN_OBSERVATION,KW,2032467627,4fa7b334-ce0d-4e88-aaae-2e0c138d049e
47.707787,29.553898,2017,,HUMAN_OBSERVATION,KW,2034239603,4fa7b334-ce0d-4e88-aaae-2e0c138d049e
48.026817,29.364449,2017,,HUMAN_OBSERVATION,KW,2036693188,4fa7b334-ce0d-4e88-aaae-2e0c138d049e
47.90282,29.334694,2017,,HUMAN_OBSERVATION,KW,2037541171,4fa7b334-ce0d-4e88-aaae-2e0c138d049e
47.707787,29.553898,2017,,HUMAN_OBSERVATION,KW,2037706126,4fa7b334-ce0d-4e88-aaae-2e0c138d049e
47.90273,29.334972,2017,,HUMAN_OBSERVATION,KW,2037711406,4fa7b334-ce0d-4e88-aaae-2e0c138d049e
47.707787,29.553898,2017,,HUMAN_OBSERVATION,KW,2037711901,4fa7b334-ce0d-4e88-aaae-2e0c138d049e
47.90863,29.357641,2017,,HUMAN_OBSERVATION,KW,2038339781,4fa7b334-ce0d-4e88-aaae-2e0c138d049e
47.707787,29.553898,2017,,HUMAN_OBSERVATION,KW,2038470929,4fa7b334-ce0d-4e88-aaae-2e0c138d049e
47.75465,29.257349,2017,,HUMAN_OBSERVATION,KW,2039247744,4fa7b334-ce0d-4e88-aaae-2e0c138d049e
47.99427,29.373367,2017,,HUMAN_OBSERVATION,KW,2039513614,4fa7b334-ce0d-4e88-aaae-2e0c138d049e
47.707787,29.553898,2017,,HUMAN_OBSERVATION,KW,2039513792,4fa7b334-ce0d-4e88-aaae-2e0c138d049e
48.11621,29.1906,2017,,HUMAN_OBSERVATION,KW,2040797157,4fa7b334-ce0d-4e88-aaae-2e0c138d049e
48.026817,29.364449,2017,,HUMAN_OBSERVATION,KW,2040801502,4fa7b334-ce0d-4e88-aaae-2e0c138d049e
47.78334,29.585512,2017,,HUMAN_OBSERVATION,KW,2041535050,4fa7b334-ce0d-4e88-aaae-2e0c138d049e
48.11621,29.1906,2017,,HUMAN_OBSERVATION,KW,2042413475,4fa7b334-ce0d-4e88-aaae-2e0c138d049e
44.36554,33.94051,2017,,HUMAN_OBSERVATION,IQ,2042586396,4fa7b334-ce0d-4e88-aaae-2e0c138d049e
47.674255,29.351254,2017,,HUMAN_OBSERVATION,KW,2042672712,4fa7b334-ce0d-4e88-aaae-2e0c138d049e
44.95924,35.92916,2017,,HUMAN_OBSERVATION,IQ,2043849765,4fa7b334-ce0d-4e88-aaae-2e0c138d049e
44.36554,33.94051,2017,,HUMAN_OBSERVATION,IQ,2045453287,4fa7b334-ce0d-4e88-aaae-2e0c138d049e
44.36554,33.94051,2017,,HUMAN_OBSERVATION,IQ,2045463117,4fa7b334-ce0d-4e88-aaae-2e0c138d049e
42.822777,36.621292,2017,,HUMAN_OBSERVATION,IQ,2046309693,4fa7b334-ce0d-4e88-aaae-2e0c138d049e
44.36554,33.94051,2017,,HUMAN_OBSERVATION,IQ,2046663999,4fa7b334-ce0d-4e88-aaae-2e0c138d049e
47.674255,29.351254,2017,,HUMAN_OBSERVATION,KW,2046956010,4fa7b334-ce0d-4e88-aaae-2e0c138d049e
44.36554,33.94051,2017,,HUMAN_OBSERVATION,IQ,2048966288,4fa7b334-ce0d-4e88-aaae-2e0c138d049e
47.674255,29.351254,2017,,HUMAN_OBSERVATION,KW,2057211454,4fa7b334-ce0d-4e88-aaae-2e0c138d049e
44.36554,33.94051,2017,,HUMAN_OBSERVATION,IQ,2036848252,4fa7b334-ce0d-4e88-aaae-2e0c138d049e
47.707787,29.553898,2017,,HUMAN_OBSERVATION,KW,2038497390,4fa7b334-ce0d-4e88-aaae-2e0c138d049e
47.707787,29.553898,2017,,HUMAN_OBSERVATION,KW,2038626896,4fa7b334-ce0d-4e88-aaae-2e0c138d049e
47.707787,29.553898,2017,,HUMAN_OBSERVATION,KW,2038638021,4fa7b334-ce0d-4e88-aaae-2e0c138d049e
48.09665,29.352262,2017,,HUMAN_OBSERVATION,KW,2038665400,4fa7b334-ce0d-4e88-aaae-2e0c138d049e
48.09665,29.352262,2017,,HUMAN_OBSERVATION,KW,2038673375,4fa7b334-ce0d-4e88-aaae-2e0c138d049e
46.9602,29.366991,2017,,HUMAN_OBSERVATION,KW,2038681484,4fa7b334-ce0d-4e88-aaae-2e0c138d049e
47.78334,29.585512,2017,,HUMAN_OBSERVATION,KW,2039147636,4fa7b334-ce0d-4e88-aaae-2e0c138d049e
44.36554,33.94051,2017,,HUMAN_OBSERVATION,IQ,2041061509,4fa7b334-ce0d-4e88-aaae-2e0c138d049e
47.707787,29.553898,2017,,HUMAN_OBSERVATION,KW,2043046037,4fa7b334-ce0d-4e88-aaae-2e0c138d049e
47.78334,29.585512,2017,,HUMAN_OBSERVATION,KW,2043813150,4fa7b334-ce0d-4e88-aaae-2e0c138d049e
47.909,29.572233,2017,,HUMAN_OBSERVATION,KW,2045164123,4fa7b334-ce0d-4e88-aaae-2e0c138d049e
47.707787,29.553898,2017,,HUMAN_OBSERVATION,KW,2045289215,4fa7b334-ce0d-4e88-aaae-2e0c138d049e
48.122143,29.166296,2017,,HUMAN_OBSERVATION,KW,2045394020,4fa7b334-ce0d-4e88-aaae-2e0c138d049e
48.09665,29.352262,2017,,HUMAN_OBSERVATION,KW,2045651321,4fa7b334-ce0d-4e88-aaae-2e0c138d049e
47.909,29.572233,2017,,HUMAN_OBSERVATION,KW,2045680023,4fa7b334-ce0d-4e88-aaae-2e0c138d049e
47.707787,29.553898,2017,,HUMAN_OBSERVATION,KW,2045854591,4fa7b334-ce0d-4e88-aaae-2e0c138d049e
47.707787,29.553898,2017,,HUMAN_OBSERVATION,KW,2046682292,4fa7b334-ce0d-4e88-aaae-2e0c138d049e
47.707787,29.553898,2017,,HUMAN_OBSERVATION,KW,2047190228,4fa7b334-ce0d-4e88-aaae-2e0c138d049e
44.36554,33.94051,2017,,HUMAN_OBSERVATION,IQ,2047413117,4fa7b334-ce0d-4e88-aaae-2e0c138d049e
47.674255,29.351254,2017,,HUMAN_OBSERVATION,KW,2048149882,4fa7b334-ce0d-4e88-aaae-2e0c138d049e
47.707787,29.553898,2017,,HUMAN_OBSERVATION,KW,2048188937,4fa7b334-ce0d-4e88-aaae-2e0c138d049e
48.119457,29.133131,2017,,HUMAN_OBSERVATION,KW,2048792459,4fa7b334-ce0d-4e88-aaae-2e0c138d049e
47.78334,29.585512,2017,,HUMAN_OBSERVATION,KW,2048852480,4fa7b334-ce0d-4e88-aaae-2e0c138d049e
47.949844,29.351652,2017,,HUMAN_OBSERVATION,KW,2049028028,4fa7b334-ce0d-4e88-aaae-2e0c138d049e
47.674255,29.351254,2017,,HUMAN_OBSERVATION,KW,2049081763,4fa7b334-ce0d-4e88-aaae-2e0c138d049e
48.119457,29.133131,2017,,HUMAN_OBSERVATION,KW,2049154097,4fa7b334-ce0d-4e88-aaae-2e0c138d049e
47.693195,29.36198,2017,,HUMAN_OBSERVATION,KW,2049281786,4fa7b334-ce0d-4e88-aaae-2e0c138d049e
44.36554,33.94051,2017,,HUMAN_OBSERVATION,IQ,2049441712,4fa7b334-ce0d-4e88-aaae-2e0c138d049e
48.119457,29.133131,2017,,HUMAN_OBSERVATION,KW,2049566405,4fa7b334-ce0d-4e88-aaae-2e0c138d049e
48.119457,29.133131,2017,,HUMAN_OBSERVATION,KW,2049828962,4fa7b334-ce0d-4e88-aaae-2e0c138d049e
48.122143,29.166296,2017,,HUMAN_OBSERVATION,KW,2050371079,4fa7b334-ce0d-4e88-aaae-2e0c138d049e
44.36554,33.94051,2017,,HUMAN_OBSERVATION,IQ,2050388016,4fa7b334-ce0d-4e88-aaae-2e0c138d049e
48.122143,29.166296,2017,,HUMAN_OBSERVATION,KW,2050389580,4fa7b334-ce0d-4e88-aaae-2e0c138d049e
47.707787,29.553898,2017,,HUMAN_OBSERVATION,KW,2050566214,4fa7b334-ce0d-4e88-aaae-2e0c138d049e
48.1554,28.88062,2017,,HUMAN_OBSERVATION,KW,2050676915,4fa7b334-ce0d-4e88-aaae-2e0c138d049e
44.36554,33.94051,2017,,HUMAN_OBSERVATION,IQ,2051650233,4fa7b334-ce0d-4e88-aaae-2e0c138d049e
44.36554,33.94051,2017,,HUMAN_OBSERVATION,IQ,2051654360,4fa7b334-ce0d-4e88-aaae-2e0c138d049e
47.96139,29.301447,2017,,HUMAN_OBSERVATION,KW,2051664620,4fa7b334-ce0d-4e88-aaae-2e0c138d049e
44.36554,33.94051,2017,,HUMAN_OBSERVATION,IQ,2051878410,4fa7b334-ce0d-4e88-aaae-2e0c138d049e
47.674255,29.351254,2017,,HUMAN_OBSERVATION,KW,2053361388,4fa7b334-ce0d-4e88-aaae-2e0c138d049e
47.707787,29.553898,2017,,HUMAN_OBSERVATION,KW,2053548272,4fa7b334-ce0d-4e88-aaae-2e0c138d049e
47.707787,29.553898,2017,,HUMAN_OBSERVATION,KW,2053552461,4fa7b334-ce0d-4e88-aaae-2e0c138d049e
47.707787,29.553898,2017,,HUMAN_OBSERVATION,KW,2053732000,4fa7b334-ce0d-4e88-aaae-2e0c138d049e
47.707787,29.553898,2017,,HUMAN_OBSERVATION,KW,2053887226,4fa7b334-ce0d-4e88-aaae-2e0c138d049e
48.820324,32.04668,2017,,HUMAN_OBSERVATION,IR,2055306145,4fa7b334-ce0d-4e88-aaae-2e0c138d049e
47.707787,29.553898,2017,,HUMAN_OBSERVATION,KW,2055322009,4fa7b334-ce0d-4e88-aaae-2e0c138d049e
47.90863,29.357641,2017,,HUMAN_OBSERVATION,KW,2055520749,4fa7b334-ce0d-4e88-aaae-2e0c138d049e
48.119457,29.133131,2017,,HUMAN_OBSERVATION,KW,2055782025,4fa7b334-ce0d-4e88-aaae-2e0c138d049e
48.119457,29.133131,2017,,HUMAN_OBSERVATION,KW,2056010263,4fa7b334-ce0d-4e88-aaae-2e0c138d049e
42.453056,33.725277,2017,,HUMAN_OBSERVATION,IQ,2056317200,4fa7b334-ce0d-4e88-aaae-2e0c138d049e
42.453056,33.725277,2017,,HUMAN_OBSERVATION,IQ,2056343162,4fa7b334-ce0d-4e88-aaae-2e0c138d049e
44.36554,33.94051,2017,,HUMAN_OBSERVATION,IQ,2057002266,4fa7b334-ce0d-4e88-aaae-2e0c138d049e
44.36554,33.94051,2017,,HUMAN_OBSERVATION,IQ,2057024203,4fa7b334-ce0d-4e88-aaae-2e0c138d049e
44.36554,33.94051,2017,,HUMAN_OBSERVATION,IQ,2057025898,4fa7b334-ce0d-4e88-aaae-2e0c138d049e
47.949844,29.351652,2017,,HUMAN_OBSERVATION,KW,2059686330,4fa7b334-ce0d-4e88-aaae-2e0c138d049e
42.453056,33.725277,2017,,HUMAN_OBSERVATION,IQ,2064608796,4fa7b334-ce0d-4e88-aaae-2e0c138d049e
42.453056,33.725277,2017,,HUMAN_OBSERVATION,IQ,2069363903,4fa7b334-ce0d-4e88-aaae-2e0c138d049e
42.453056,33.725277,2017,,HUMAN_OBSERVATION,IQ,2069468621,4fa7b334-ce0d-4e88-aaae-2e0c138d049e
42.453056,33.725277,2017,,HUMAN_OBSERVATION,IQ,2075029841,4fa7b334-ce0d-4e88-aaae-2e0c138d049e
42.453056,33.725277,2017,,HUMAN_OBSERVATION,IQ,2075061940,4fa7b334-ce0d-4e88-aaae-2e0c138d049e
47.78334,29.585512,2017,,HUMAN_OBSERVATION,KW,2040773456,4fa7b334-ce0d-4e88-aaae-2e0c138d049e
48.119457,29.133131,2017,,HUMAN_OBSERVATION,KW,2041271975,4fa7b334-ce0d-4e88-aaae-2e0c138d049e
44.36554,33.94051,2017,,HUMAN_OBSERVATION,IQ,2041490079,4fa7b334-ce0d-4e88-aaae-2e0c138d049e
47.99427,29.373367,2017,,HUMAN_OBSERVATION,KW,2041498110,4fa7b334-ce0d-4e88-aaae-2e0c138d049e
44.36554,33.94051,2017,,HUMAN_OBSERVATION,IQ,2042203589,4fa7b334-ce0d-4e88-aaae-2e0c138d049e
48.392178,28.591267,2017,,HUMAN_OBSERVATION,KW,2042214940,4fa7b334-ce0d-4e88-aaae-2e0c138d049e
48.1554,28.88062,2017,,HUMAN_OBSERVATION,KW,2042236098,4fa7b334-ce0d-4e88-aaae-2e0c138d049e
48.122143,29.166296,2017,,HUMAN_OBSERVATION,KW,2042566040,4fa7b334-ce0d-4e88-aaae-2e0c138d049e
48.122005,29.127281,2017,,HUMAN_OBSERVATION,KW,2042593949,4fa7b334-ce0d-4e88-aaae-2e0c138d049e
47.707787,29.553898,2017,,HUMAN_OBSERVATION,KW,2042868301,4fa7b334-ce0d-4e88-aaae-2e0c138d049e
48.122005,29.127281,2017,,HUMAN_OBSERVATION,KW,2042881018,4fa7b334-ce0d-4e88-aaae-2e0c138d049e
47.707787,29.553898,2017,,HUMAN_OBSERVATION,KW,2042898314,4fa7b334-ce0d-4e88-aaae-2e0c138d049e
47.909,29.572233,2017,,HUMAN_OBSERVATION,KW,2043113748,4fa7b334-ce0d-4e88-aaae-2e0c138d049e
47.707787,29.553898,2017,,HUMAN_OBSERVATION,KW,2043567672,4fa7b334-ce0d-4e88-aaae-2e0c138d049e
45.24144,35.759888,2017,,HUMAN_OBSERVATION,IQ,2044492942,4fa7b334-ce0d-4e88-aaae-2e0c138d049e
47.961685,29.300674,2017,,HUMAN_OBSERVATION,KW,2044573880,4fa7b334-ce0d-4e88-aaae-2e0c138d049e
48.026817,29.364449,2017,,HUMAN_OBSERVATION,KW,2044574752,4fa7b334-ce0d-4e88-aaae-2e0c138d049e
47.75465,29.257349,2017,,HUMAN_OBSERVATION,KW,2044578837,4fa7b334-ce0d-4e88-aaae-2e0c138d049e
47.674255,29.351254,2017,,HUMAN_OBSERVATION,KW,2044579443,4fa7b334-ce0d-4e88-aaae-2e0c138d049e
47.90863,29.357641,2017,,HUMAN_OBSERVATION,KW,2044582753,4fa7b334-ce0d-4e88-aaae-2e0c138d049e
47.909,29.572233,2017,,HUMAN_OBSERVATION,KW,2044586689,4fa7b334-ce0d-4e88-aaae-2e0c138d049e
47.707787,29.553898,2017,,HUMAN_OBSERVATION,KW,2044762230,4fa7b334-ce0d-4e88-aaae-2e0c138d049e
47.614403,29.590475,2017,,HUMAN_OBSERVATION,KW,2044838995,4fa7b334-ce0d-4e88-aaae-2e0c138d049e
47.707787,29.553898,2017,,HUMAN_OBSERVATION,KW,2044843228,4fa7b334-ce0d-4e88-aaae-2e0c138d049e
48.119457,29.133131,2017,,HUMAN_OBSERVATION,KW,2045158127,4fa7b334-ce0d-4e88-aaae-2e0c138d049e
48.119457,29.133131,2017,,HUMAN_OBSERVATION,KW,2045159253,4fa7b334-ce0d-4e88-aaae-2e0c138d049e
48.678417,31.324993,2017,,HUMAN_OBSERVATION,IR,2045281973,4fa7b334-ce0d-4e88-aaae-2e0c138d049e
48.242065,32.073574,2017,,HUMAN_OBSERVATION,IR,2045290401,4fa7b334-ce0d-4e88-aaae-2e0c138d049e
48.119457,29.133131,2017,,HUMAN_OBSERVATION,KW,2045441542,4fa7b334-ce0d-4e88-aaae-2e0c138d049e
48.057667,29.282671,2017,,HUMAN_OBSERVATION,KW,2046061440,4fa7b334-ce0d-4e88-aaae-2e0c138d049e
48.119457,29.133131,2017,,HUMAN_OBSERVATION,KW,2046407063,4fa7b334-ce0d-4e88-aaae-2e0c138d049e
48.122005,29.127281,2017,,HUMAN_OBSERVATION,KW,2046819871,4fa7b334-ce0d-4e88-aaae-2e0c138d049e
48.122143,29.166296,2017,,HUMAN_OBSERVATION,KW,2047364953,4fa7b334-ce0d-4e88-aaae-2e0c138d049e
44.36554,33.94051,2017,,HUMAN_OBSERVATION,IQ,2047514987,4fa7b334-ce0d-4e88-aaae-2e0c138d049e
47.707787,29.553898,2017,,HUMAN_OBSERVATION,KW,2050384387,4fa7b334-ce0d-4e88-aaae-2e0c138d049e
47.949844,29.351652,2017,,HUMAN_OBSERVATION,KW,2050860286,4fa7b334-ce0d-4e88-aaae-2e0c138d049e
48.119457,29.133131,2017,,HUMAN_OBSERVATION,KW,2051228807,4fa7b334-ce0d-4e88-aaae-2e0c138d049e
48.1554,28.88062,2017,,HUMAN_OBSERVATION,KW,2051276205,4fa7b334-ce0d-4e88-aaae-2e0c138d049e
47.707787,29.553898,2017,,HUMAN_OBSERVATION,KW,2051372981,4fa7b334-ce0d-4e88-aaae-2e0c138d049e
47.707787,29.553898,2017,,HUMAN_OBSERVATION,KW,2051639453,4fa7b334-ce0d-4e88-aaae-2e0c138d049e
48.119457,29.133131,2017,,HUMAN_OBSERVATION,KW,2052366771,4fa7b334-ce0d-4e88-aaae-2e0c138d049e
47.9941,29.391193,2017,,HUMAN_OBSERVATION,KW,2052373339,4fa7b334-ce0d-4e88-aaae-2e0c138d049e
47.707787,29.553898,2017,,HUMAN_OBSERVATION,KW,2052385967,4fa7b334-ce0d-4e88-aaae-2e0c138d049e
48.119457,29.133131,2017,,HUMAN_OBSERVATION,KW,2052745153,4fa7b334-ce0d-4e88-aaae-2e0c138d049e
48.119457,29.133131,2017,,HUMAN_OBSERVATION,KW,2053091531,4fa7b334-ce0d-4e88-aaae-2e0c138d049e
47.707787,29.553898,2017,,HUMAN_OBSERVATION,KW,2053103160,4fa7b334-ce0d-4e88-aaae-2e0c138d049e
47.707787,29.553898,2017,,HUMAN_OBSERVATION,KW,2053368208,4fa7b334-ce0d-4e88-aaae-2e0c138d049e
48.11621,29.1906,2017,,HUMAN_OBSERVATION,KW,2053806716,4fa7b334-ce0d-4e88-aaae-2e0c138d049e
48.122005,29.127281,2017,,HUMAN_OBSERVATION,KW,2054324625,4fa7b334-ce0d-4e88-aaae-2e0c138d049e
48.119457,29.133131,2017,,HUMAN_OBSERVATION,KW,2054432148,4fa7b334-ce0d-4e88-aaae-2e0c138d049e
48.119457,29.133131,2017,,HUMAN_OBSERVATION,KW,2054593015,4fa7b334-ce0d-4e88-aaae-2e0c138d049e
44.36554,33.94051,2017,,HUMAN_OBSERVATION,IQ,2054784684,4fa7b334-ce0d-4e88-aaae-2e0c138d049e
48.122143,29.166296,2017,,HUMAN_OBSERVATION,KW,2055033192,4fa7b334-ce0d-4e88-aaae-2e0c138d049e
45.24144,35.759888,2017,,HUMAN_OBSERVATION,IQ,2055243533,4fa7b334-ce0d-4e88-aaae-2e0c138d049e
47.78334,29.585512,2017,,HUMAN_OBSERVATION,KW,2055541734,4fa7b334-ce0d-4e88-aaae-2e0c138d049e
48.4515,31.940838,2017,,HUMAN_OBSERVATION,IR,2055701266,4fa7b334-ce0d-4e88-aaae-2e0c138d049e
47.707787,29.553898,2017,,HUMAN_OBSERVATION,KW,2055720431,4fa7b334-ce0d-4e88-aaae-2e0c138d049e
48.392178,28.591267,2017,,HUMAN_OBSERVATION,KW,2055722681,4fa7b334-ce0d-4e88-aaae-2e0c138d049e
47.674255,29.351254,2017,,HUMAN_OBSERVATION,KW,2055724694,4fa7b334-ce0d-4e88-aaae-2e0c138d049e
48.11621,29.1906,2017,,HUMAN_OBSERVATION,KW,2055724758,4fa7b334-ce0d-4e88-aaae-2e0c138d049e
47.707787,29.553898,2017,,HUMAN_OBSERVATION,KW,2055724819,4fa7b334-ce0d-4e88-aaae-2e0c138d049e
47.707787,29.553898,2017,,HUMAN_OBSERVATION,KW,2055973152,4fa7b334-ce0d-4e88-aaae-2e0c138d049e
47.614403,29.590475,2017,,HUMAN_OBSERVATION,KW,2056414678,4fa7b334-ce0d-4e88-aaae-2e0c138d049e
47.707787,29.553898,2017,,HUMAN_OBSERVATION,KW,2056454046,4fa7b334-ce0d-4e88-aaae-2e0c138d049e
47.693195,29.36198,2017,,HUMAN_OBSERVATION,KW,2056454733,4fa7b334-ce0d-4e88-aaae-2e0c138d049e
48.446915,31.954878,2017,,HUMAN_OBSERVATION,IR,2056471291,4fa7b334-ce0d-4e88-aaae-2e0c138d049e
48.53997,30.681835,2017,,HUMAN_OBSERVATION,IR,2056475122,4fa7b334-ce0d-4e88-aaae-2e0c138d049e
48.88155,31.559645,2017,,HUMAN_OBSERVATION,IR,2056475703,4fa7b334-ce0d-4e88-aaae-2e0c138d049e
42.453056,33.725277,2017,,HUMAN_OBSERVATION,IQ,2056479403,4fa7b334-ce0d-4e88-aaae-2e0c138d049e
42.453056,33.725277,2017,,HUMAN_OBSERVATION,IQ,2056488490,4fa7b334-ce0d-4e88-aaae-2e0c138d049e
42.453056,33.725277,2017,,HUMAN_OBSERVATION,IQ,2056490258,4fa7b334-ce0d-4e88-aaae-2e0c138d049e
47.614403,29.590475,2017,,HUMAN_OBSERVATION,KW,2056516902,4fa7b334-ce0d-4e88-aaae-2e0c138d049e
42.453056,33.725277,2017,,HUMAN_OBSERVATION,IQ,2056537905,4fa7b334-ce0d-4e88-aaae-2e0c138d049e
48.0966,29.340172,2017,,HUMAN_OBSERVATION,KW,2056689197,4fa7b334-ce0d-4e88-aaae-2e0c138d049e
47.870865,29.322924,2017,,HUMAN_OBSERVATION,KW,2056731984,4fa7b334-ce0d-4e88-aaae-2e0c138d049e
48.119457,29.133131,2017,,HUMAN_OBSERVATION,KW,2056939971,4fa7b334-ce0d-4e88-aaae-2e0c138d049e
48.119457,29.133131,2017,,HUMAN_OBSERVATION,KW,2057030806,4fa7b334-ce0d-4e88-aaae-2e0c138d049e
47.614403,29.590475,2017,,HUMAN_OBSERVATION,KW,2057073467,4fa7b334-ce0d-4e88-aaae-2e0c138d049e
47.707787,29.553898,2017,,HUMAN_OBSERVATION,KW,2057366835,4fa7b334-ce0d-4e88-aaae-2e0c138d049e
48.122005,29.127281,2017,,HUMAN_OBSERVATION,KW,2057760513,4fa7b334-ce0d-4e88-aaae-2e0c138d049e
48.119457,29.133131,2017,,HUMAN_OBSERVATION,KW,2057762799,4fa7b334-ce0d-4e88-aaae-2e0c138d049e
47.674255,29.351254,2017,,HUMAN_OBSERVATION,KW,2057770260,4fa7b334-ce0d-4e88-aaae-2e0c138d049e
48.119457,29.133131,2017,,HUMAN_OBSERVATION,KW,2057900070,4fa7b334-ce0d-4e88-aaae-2e0c138d049e
48.119457,29.133131,2017,,HUMAN_OBSERVATION,KW,2057965909,4fa7b334-ce0d-4e88-aaae-2e0c138d049e
48.119457,29.133131,2017,,HUMAN_OBSERVATION,KW,2058092778,4fa7b334-ce0d-4e88-aaae-2e0c138d049e
48.007553,29.350399,2017,,HUMAN_OBSERVATION,KW,2058162431,4fa7b334-ce0d-4e88-aaae-2e0c138d049e
47.707787,29.553898,2017,,HUMAN_OBSERVATION,KW,2058320625,4fa7b334-ce0d-4e88-aaae-2e0c138d049e
47.78334,29.585512,2017,,HUMAN_OBSERVATION,KW,2058813785,4fa7b334-ce0d-4e88-aaae-2e0c138d049e
48.026817,29.364449,2017,,HUMAN_OBSERVATION,KW,2059411992,4fa7b334-ce0d-4e88-aaae-2e0c138d049e
48.119457,29.133131,2017,,HUMAN_OBSERVATION,KW,2059561555,4fa7b334-ce0d-4e88-aaae-2e0c138d049e
47.752007,29.26578,2017,,HUMAN_OBSERVATION,KW,2059563990,4fa7b334-ce0d-4e88-aaae-2e0c138d049e
47.949844,29.351652,2017,,HUMAN_OBSERVATION,KW,2059690707,4fa7b334-ce0d-4e88-aaae-2e0c138d049e
48.122005,29.127281,2017,,HUMAN_OBSERVATION,KW,2059746074,4fa7b334-ce0d-4e88-aaae-2e0c138d049e
48.026817,29.364449,2017,,HUMAN_OBSERVATION,KW,2060200361,4fa7b334-ce0d-4e88-aaae-2e0c138d049e
47.99427,29.373367,2017,,HUMAN_OBSERVATION,KW,2060345577,4fa7b334-ce0d-4e88-aaae-2e0c138d049e
47.961685,29.300674,2017,,HUMAN_OBSERVATION,KW,2060351639,4fa7b334-ce0d-4e88-aaae-2e0c138d049e
47.707787,29.553898,2017,,HUMAN_OBSERVATION,KW,2060464563,4fa7b334-ce0d-4e88-aaae-2e0c138d049e
44.36554,33.94051,2017,,HUMAN_OBSERVATION,IQ,2060529912,4fa7b334-ce0d-4e88-aaae-2e0c138d049e
48.026817,29.364449,2017,,HUMAN_OBSERVATION,KW,2060546344,4fa7b334-ce0d-4e88-aaae-2e0c138d049e
47.90863,29.357641,2017,,HUMAN_OBSERVATION,KW,2060714390,4fa7b334-ce0d-4e88-aaae-2e0c138d049e
44.36554,33.94051,2017,,HUMAN_OBSERVATION,IQ,2060743362,4fa7b334-ce0d-4e88-aaae-2e0c138d049e
44.36554,33.94051,2017,,HUMAN_OBSERVATION,IQ,2060746372,4fa7b334-ce0d-4e88-aaae-2e0c138d049e
44.36554,33.94051,2017,,HUMAN_OBSERVATION,IQ,2060748625,4fa7b334-ce0d-4e88-aaae-2e0c138d049e
47.707787,29.553898,2017,,HUMAN_OBSERVATION,KW,2061365747,4fa7b334-ce0d-4e88-aaae-2e0c138d049e
47.99427,29.373367,2017,,HUMAN_OBSERVATION,KW,2061375220,4fa7b334-ce0d-4e88-aaae-2e0c138d049e
48.11621,29.1906,2017,,HUMAN_OBSERVATION,KW,2061378178,4fa7b334-ce0d-4e88-aaae-2e0c138d049e
47.693195,29.36198,2017,,HUMAN_OBSERVATION,KW,2061709072,4fa7b334-ce0d-4e88-aaae-2e0c138d049e
47.909,29.572233,2017,,HUMAN_OBSERVATION,KW,2061710298,4fa7b334-ce0d-4e88-aaae-2e0c138d049e
48.38606,28.64303,2017,,HUMAN_OBSERVATION,KW,2061769703,4fa7b334-ce0d-4e88-aaae-2e0c138d049e
48.122005,29.127281,2017,,HUMAN_OBSERVATION,KW,2062021918,4fa7b334-ce0d-4e88-aaae-2e0c138d049e
47.707787,29.553898,2017,,HUMAN_OBSERVATION,KW,2062873260,4fa7b334-ce0d-4e88-aaae-2e0c138d049e
47.707787,29.553898,2017,,HUMAN_OBSERVATION,KW,2063136180,4fa7b334-ce0d-4e88-aaae-2e0c138d049e
48.119457,29.133131,2017,,HUMAN_OBSERVATION,KW,2063537484,4fa7b334-ce0d-4e88-aaae-2e0c138d049e
48.122005,29.127281,2017,,HUMAN_OBSERVATION,KW,2063550078,4fa7b334-ce0d-4e88-aaae-2e0c138d049e
47.707787,29.553898,2017,,HUMAN_OBSERVATION,KW,2063995316,4fa7b334-ce0d-4e88-aaae-2e0c138d049e
47.614403,29.590475,2017,,HUMAN_OBSERVATION,KW,2064294520,4fa7b334-ce0d-4e88-aaae-2e0c138d049e
48.119457,29.133131,2017,,HUMAN_OBSERVATION,KW,2064657886,4fa7b334-ce0d-4e88-aaae-2e0c138d049e
48.122005,29.127281,2017,,HUMAN_OBSERVATION,KW,2064678059,4fa7b334-ce0d-4e88-aaae-2e0c138d049e
44.36554,33.94051,2017,,HUMAN_OBSERVATION,IQ,2064956435,4fa7b334-ce0d-4e88-aaae-2e0c138d049e
44.36554,33.94051,2017,,HUMAN_OBSERVATION,IQ,2066813138,4fa7b334-ce0d-4e88-aaae-2e0c138d049e
42.453056,33.725277,2017,,HUMAN_OBSERVATION,IQ,2069588772,4fa7b334-ce0d-4e88-aaae-2e0c138d049e
42.453056,33.725277,2017,,HUMAN_OBSERVATION,IQ,2069589173,4fa7b334-ce0d-4e88-aaae-2e0c138d049e
42.453056,33.725277,2017,,HUMAN_OBSERVATION,IQ,2069592701,4fa7b334-ce0d-4e88-aaae-2e0c138d049e
42.453056,33.725277,2017,,HUMAN_OBSERVATION,IQ,2069698412,4fa7b334-ce0d-4e88-aaae-2e0c138d049e
42.453056,33.725277,2017,,HUMAN_OBSERVATION,IQ,2069698955,4fa7b334-ce0d-4e88-aaae-2e0c138d049e
42.453056,33.725277,2017,,HUMAN_OBSERVATION,IQ,2069707860,4fa7b334-ce0d-4e88-aaae-2e0c138d049e
42.453056,33.725277,2017,,HUMAN_OBSERVATION,IQ,2069714084,4fa7b334-ce0d-4e88-aaae-2e0c138d049e
42.453056,33.725277,2017,,HUMAN_OBSERVATION,IQ,2069717263,4fa7b334-ce0d-4e88-aaae-2e0c138d049e
42.453056,33.725277,2017,,HUMAN_OBSERVATION,IQ,2075250677,4fa7b334-ce0d-4e88-aaae-2e0c138d049e
42.453056,33.725277,2017,,HUMAN_OBSERVATION,IQ,2075254176,4fa7b334-ce0d-4e88-aaae-2e0c138d049e
42.453056,33.725277,2017,,HUMAN_OBSERVATION,IQ,2075269469,4fa7b334-ce0d-4e88-aaae-2e0c138d049e
47.707867,29.554409,2017,,HUMAN_OBSERVATION,KW,2116267787,4fa7b334-ce0d-4e88-aaae-2e0c138d049e
47.707867,29.554409,2017,,HUMAN_OBSERVATION,KW,2116270512,4fa7b334-ce0d-4e88-aaae-2e0c138d049e
47.707867,29.554409,2017,,HUMAN_OBSERVATION,KW,2116280973,4fa7b334-ce0d-4e88-aaae-2e0c138d049e
47.944923,29.356888,2017,,HUMAN_OBSERVATION,KW,2116290360,4fa7b334-ce0d-4e88-aaae-2e0c138d049e
47.672943,29.348972,2017,,HUMAN_OBSERVATION,KW,2124816106,4fa7b334-ce0d-4e88-aaae-2e0c138d049e
48.5667,31.9232,2017,,HUMAN_OBSERVATION,IR,2243796425,b1047888-ae52-4179-9dd5-5448ea342a24
48.5667,31.9232,2017,,HUMAN_OBSERVATION,IR,2243797325,b1047888-ae52-4179-9dd5-5448ea342a24
48.5667,31.9232,2017,,HUMAN_OBSERVATION,IR,2243797759,b1047888-ae52-4179-9dd5-5448ea342a24
48.061986,29.340503,2017,10.0,HUMAN_OBSERVATION,KW,2518131429,50c9509d-22c7-4a22-a47d-8c48425ef4a7
48.249063,32.19093,2017,10.0,HUMAN_OBSERVATION,IR,2836232907,8a863029-f435-446a-821e-275f4f641165
48.249063,32.19093,2017,10.0,HUMAN_OBSERVATION,IR,2840257922,8a863029-f435-446a-821e-275f4f641165
48.534935,30.67708,2017,,HUMAN_OBSERVATION,IR,3258137031,4fa7b334-ce0d-4e88-aaae-2e0c138d049e
48.398106,28.653675,2017,,HUMAN_OBSERVATION,KW,3603294517,4fa7b334-ce0d-4e88-aaae-2e0c138d049e
47.803427,30.479441,2017,135.0,HUMAN_OBSERVATION,IQ,1990453079,50c9509d-22c7-4a22-a47d-8c48425ef4a7
48.119457,29.133131,2017,,HUMAN_OBSERVATION,KW,2049042631,4fa7b334-ce0d-4e88-aaae-2e0c138d049e
42.453056,33.725277,2017,,HUMAN_OBSERVATION,IQ,2053765304,4fa7b334-ce0d-4e88-aaae-2e0c138d049e
42.453056,33.725277,2017,,HUMAN_OBSERVATION,IQ,2054881844,4fa7b334-ce0d-4e88-aaae-2e0c138d049e
42.453056,33.725277,2017,,HUMAN_OBSERVATION,IQ,2055964938,4fa7b334-ce0d-4e88-aaae-2e0c138d049e
42.453056,33.725277,2017,,HUMAN_OBSERVATION,IQ,2056378235,4fa7b334-ce0d-4e88-aaae-2e0c138d049e
42.453056,33.725277,2017,,HUMAN_OBSERVATION,IQ,2056492898,4fa7b334-ce0d-4e88-aaae-2e0c138d049e
42.453056,33.725277,2017,,HUMAN_OBSERVATION,IQ,2056554579,4fa7b334-ce0d-4e88-aaae-2e0c138d049e
42.453056,33.725277,2017,,HUMAN_OBSERVATION,IQ,2057880254,4fa7b334-ce0d-4e88-aaae-2e0c138d049e
42.453056,33.725277,2017,,HUMAN_OBSERVATION,IQ,2058044692,4fa7b334-ce0d-4e88-aaae-2e0c138d049e
42.453056,33.725277,2017,,HUMAN_OBSERVATION,IQ,2058791969,4fa7b334-ce0d-4e88-aaae-2e0c138d049e
48.119457,29.133131,2017,,HUMAN_OBSERVATION,KW,2060321170,4fa7b334-ce0d-4e88-aaae-2e0c138d049e
48.122005,29.127281,2017,,HUMAN_OBSERVATION,KW,2061292728,4fa7b334-ce0d-4e88-aaae-2e0c138d049e
48.119457,29.133131,2017,,HUMAN_OBSERVATION,KW,2061621114,4fa7b334-ce0d-4e88-aaae-2e0c138d049e
48.119457,29.133131,2017,,HUMAN_OBSERVATION,KW,2061626059,4fa7b334-ce0d-4e88-aaae-2e0c138d049e
48.1554,28.88062,2017,,HUMAN_OBSERVATION,KW,2062279813,4fa7b334-ce0d-4e88-aaae-2e0c138d049e
48.119457,29.133131,2017,,HUMAN_OBSERVATION,KW,2062914816,4fa7b334-ce0d-4e88-aaae-2e0c138d049e
44.36554,33.94051,2017,,HUMAN_OBSERVATION,IQ,2063614831,4fa7b334-ce0d-4e88-aaae-2e0c138d049e
44.36554,33.94051,2017,,HUMAN_OBSERVATION,IQ,2063961109,4fa7b334-ce0d-4e88-aaae-2e0c138d049e
48.119457,29.133131,2017,,HUMAN_OBSERVATION,KW,2064339157,4fa7b334-ce0d-4e88-aaae-2e0c138d049e
44.36554,33.94051,2017,,HUMAN_OBSERVATION,IQ,2064394868,4fa7b334-ce0d-4e88-aaae-2e0c138d049e
47.78334,29.585512,2017,,HUMAN_OBSERVATION,KW,2064493360,4fa7b334-ce0d-4e88-aaae-2e0c138d049e
48.122097,29.122875,2017,,HUMAN_OBSERVATION,KW,2064681879,4fa7b334-ce0d-4e88-aaae-2e0c138d049e
42.453056,33.725277,2017,,HUMAN_OBSERVATION,IQ,2064862398,4fa7b334-ce0d-4e88-aaae-2e0c138d049e
42.453056,33.725277,2017,,HUMAN_OBSERVATION,IQ,2065236977,4fa7b334-ce0d-4e88-aaae-2e0c138d049e
48.119457,29.133131,2017,,HUMAN_OBSERVATION,KW,2066511385,4fa7b334-ce0d-4e88-aaae-2e0c138d049e
42.453056,33.725277,2017,,HUMAN_OBSERVATION,IQ,2066710753,4fa7b334-ce0d-4e88-aaae-2e0c138d049e
48.284184,28.871944,2017,,HUMAN_OBSERVATION,KW,2066791076,4fa7b334-ce0d-4e88-aaae-2e0c138d049e
44.36554,33.94051,2017,,HUMAN_OBSERVATION,IQ,2066810526,4fa7b334-ce0d-4e88-aaae-2e0c138d049e
48.119457,29.133131,2017,,HUMAN_OBSERVATION,KW,2066916030,4fa7b334-ce0d-4e88-aaae-2e0c138d049e
48.119457,29.133131,2017,,HUMAN_OBSERVATION,KW,2067014533,4fa7b334-ce0d-4e88-aaae-2e0c138d049e
47.707787,29.553898,2017,,HUMAN_OBSERVATION,KW,2067041415,4fa7b334-ce0d-4e88-aaae-2e0c138d049e
48.119457,29.133131,2017,,HUMAN_OBSERVATION,KW,2067087089,4fa7b334-ce0d-4e88-aaae-2e0c138d049e
42.453056,33.725277,2017,,HUMAN_OBSERVATION,IQ,2067714708,4fa7b334-ce0d-4e88-aaae-2e0c138d049e
47.78334,29.585512,2017,,HUMAN_OBSERVATION,KW,2068268479,4fa7b334-ce0d-4e88-aaae-2e0c138d049e
42.453056,33.725277,2017,,HUMAN_OBSERVATION,IQ,2068501394,4fa7b334-ce0d-4e88-aaae-2e0c138d049e
42.453056,33.725277,2017,,HUMAN_OBSERVATION,IQ,2068577642,4fa7b334-ce0d-4e88-aaae-2e0c138d049e
42.453056,33.725277,2017,,HUMAN_OBSERVATION,IQ,2069720929,4fa7b334-ce0d-4e88-aaae-2e0c138d049e
42.453056,33.725277,2017,,HUMAN_OBSERVATION,IQ,2069786564,4fa7b334-ce0d-4e88-aaae-2e0c138d049e
42.453056,33.725277,2017,,HUMAN_OBSERVATION,IQ,2070783399,4fa7b334-ce0d-4e88-aaae-2e0c138d049e
42.453056,33.725277,2017,,HUMAN_OBSERVATION,IQ,2071014203,4fa7b334-ce0d-4e88-aaae-2e0c138d049e
42.453056,33.725277,2017,,HUMAN_OBSERVATION,IQ,2071023092,4fa7b334-ce0d-4e88-aaae-2e0c138d049e
42.453056,33.725277,2017,,HUMAN_OBSERVATION,IQ,2071026983,4fa7b334-ce0d-4e88-aaae-2e0c138d049e
42.453056,33.725277,2017,,HUMAN_OBSERVATION,IQ,2071599951,4fa7b334-ce0d-4e88-aaae-2e0c138d049e
45.661716,32.521957,2017,,HUMAN_OBSERVATION,IQ,2071758631,4fa7b334-ce0d-4e88-aaae-2e0c138d049e
42.453056,33.725277,2017,,HUMAN_OBSERVATION,IQ,2072012698,4fa7b334-ce0d-4e88-aaae-2e0c138d049e
48.119457,29.133131,2017,,HUMAN_OBSERVATION,KW,2072615113,4fa7b334-ce0d-4e88-aaae-2e0c138d049e
48.122005,29.127281,2017,,HUMAN_OBSERVATION,KW,2072995325,4fa7b334-ce0d-4e88-aaae-2e0c138d049e
42.453056,33.725277,2017,,HUMAN_OBSERVATION,IQ,2074840709,4fa7b334-ce0d-4e88-aaae-2e0c138d049e
42.453056,33.725277,2017,,HUMAN_OBSERVATION,IQ,2075621394,4fa7b334-ce0d-4e88-aaae-2e0c138d049e
42.453056,33.725277,2017,,HUMAN_OBSERVATION,IQ,2075861118,4fa7b334-ce0d-4e88-aaae-2e0c138d049e
42.453056,33.725277,2017,,HUMAN_OBSERVATION,IQ,2076483132,4fa7b334-ce0d-4e88-aaae-2e0c138d049e
42.453056,33.725277,2017,,HUMAN_OBSERVATION,IQ,2076485637,4fa7b334-ce0d-4e88-aaae-2e0c138d049e
42.453056,33.725277,2017,,HUMAN_OBSERVATION,IQ,2076491534,4fa7b334-ce0d-4e88-aaae-2e0c138d049e
44.36554,33.94051,2017,,HUMAN_OBSERVATION,IQ,2077013944,4fa7b334-ce0d-4e88-aaae-2e0c138d049e
48.2469,32.1913,2017,5.0,HUMAN_OBSERVATION,IR,2833051782,8a863029-f435-446a-821e-275f4f641165
48.858722,32.051389,2017,100.0,HUMAN_OBSERVATION,IR,2840283357,8a863029-f435-446a-821e-275f4f641165
48.2465,32.1915,2017,5.0,HUMAN_OBSERVATION,IR,2843745719,8a863029-f435-446a-821e-275f4f641165
39.89038,29.813257,2017,,HUMAN_OBSERVATION,SA,3527173708,4fa7b334-ce0d-4e88-aaae-2e0c138d049e
40.421448,29.847275,2017,,HUMAN_OBSERVATION,SA,3571215037,4fa7b334-ce0d-4e88-aaae-2e0c138d049e
44.36554,33.94051,2017,,HUMAN_OBSERVATION,IQ,2066659470,4fa7b334-ce0d-4e88-aaae-2e0c138d049e
47.99427,29.373367,2017,,HUMAN_OBSERVATION,KW,2072140004,4fa7b334-ce0d-4e88-aaae-2e0c138d049e
47.99427,29.373367,2017,,HUMAN_OBSERVATION,KW,2072157577,4fa7b334-ce0d-4e88-aaae-2e0c138d049e
44.36554,33.94051,2017,,HUMAN_OBSERVATION,IQ,2073077976,4fa7b334-ce0d-4e88-aaae-2e0c138d049e
44.36554,33.94051,2017,,HUMAN_OBSERVATION,IQ,2073642415,4fa7b334-ce0d-4e88-aaae-2e0c138d049e
48.135567,29.126232,2017,,HUMAN_OBSERVATION,KW,2075334616,4fa7b334-ce0d-4e88-aaae-2e0c138d049e
45.661396,32.522274,2017,,HUMAN_OBSERVATION,IQ,2076215332,4fa7b334-ce0d-4e88-aaae-2e0c138d049e
48.135567,29.126232,2017,,HUMAN_OBSERVATION,KW,2079247269,4fa7b334-ce0d-4e88-aaae-2e0c138d049e
44.36554,33.94051,2017,,HUMAN_OBSERVATION,IQ,2080094030,4fa7b334-ce0d-4e88-aaae-2e0c138d049e
44.36554,33.94051,2017,,HUMAN_OBSERVATION,IQ,2081925713,4fa7b334-ce0d-4e88-aaae-2e0c138d049e
44.36554,33.94051,2017,,HUMAN_OBSERVATION,IQ,2082750311,4fa7b334-ce0d-4e88-aaae-2e0c138d049e
44.36554,33.94051,2017,,HUMAN_OBSERVATION,IQ,2083434049,4fa7b334-ce0d-4e88-aaae-2e0c138d049e
48.135567,29.126232,2017,,HUMAN_OBSERVATION,KW,2084557552,4fa7b334-ce0d-4e88-aaae-2e0c138d049e
48.23728,32.070675,2017,,HUMAN_OBSERVATION,IR,4620683404,4fa7b334-ce0d-4e88-aaae-2e0c138d049e
42.453056,33.725277,2017,,HUMAN_OBSERVATION,IQ,2068343591,4fa7b334-ce0d-4e88-aaae-2e0c138d049e
42.453056,33.725277,2017,,HUMAN_OBSERVATION,IQ,2068375355,4fa7b334-ce0d-4e88-aaae-2e0c138d049e
42.453056,33.725277,2017,,HUMAN_OBSERVATION,IQ,2069891584,4fa7b334-ce0d-4e88-aaae-2e0c138d049e
42.453056,33.725277,2017,,HUMAN_OBSERVATION,IQ,2070313369,4fa7b334-ce0d-4e88-aaae-2e0c138d049e
47.674255,29.351254,2017,,HUMAN_OBSERVATION,KW,2072966074,4fa7b334-ce0d-4e88-aaae-2e0c138d049e
44.36554,33.94051,2017,,HUMAN_OBSERVATION,IQ,2078827501,4fa7b334-ce0d-4e88-aaae-2e0c138d049e
48.119457,29.133131,2017,,HUMAN_OBSERVATION,KW,2079233229,4fa7b334-ce0d-4e88-aaae-2e0c138d049e
48.119457,29.133131,2017,,HUMAN_OBSERVATION,KW,2079260503,4fa7b334-ce0d-4e88-aaae-2e0c138d049e
48.119457,29.133131,2017,,HUMAN_OBSERVATION,KW,2079510377,4fa7b334-ce0d-4e88-aaae-2e0c138d049e
42.453056,33.725277,2017,,HUMAN_OBSERVATION,IQ,2079961082,4fa7b334-ce0d-4e88-aaae-2e0c138d049e
42.42865,33.800526,2017,,HUMAN_OBSERVATION,IQ,2080039289,4fa7b334-ce0d-4e88-aaae-2e0c138d049e
42.453056,33.725277,2017,,HUMAN_OBSERVATION,IQ,2080102331,4fa7b334-ce0d-4e88-aaae-2e0c138d049e
47.78334,29.585512,2017,,HUMAN_OBSERVATION,KW,2080277125,4fa7b334-ce0d-4e88-aaae-2e0c138d049e
42.453056,33.725277,2017,,HUMAN_OBSERVATION,IQ,2080295241,4fa7b334-ce0d-4e88-aaae-2e0c138d049e
44.36554,33.94051,2017,,HUMAN_OBSERVATION,IQ,2080435670,4fa7b334-ce0d-4e88-aaae-2e0c138d049e
42.453056,33.725277,2017,,HUMAN_OBSERVATION,IQ,2080584752,4fa7b334-ce0d-4e88-aaae-2e0c138d049e
42.453056,33.725277,2017,,HUMAN_OBSERVATION,IQ,2080617830,4fa7b334-ce0d-4e88-aaae-2e0c138d049e
47.78334,29.585512,2017,,HUMAN_OBSERVATION,KW,2080859880,4fa7b334-ce0d-4e88-aaae-2e0c138d049e
42.453056,33.725277,2017,,HUMAN_OBSERVATION,IQ,2081227232,4fa7b334-ce0d-4e88-aaae-2e0c138d049e
47.78334,29.585512,2017,,HUMAN_OBSERVATION,KW,2081335279,4fa7b334-ce0d-4e88-aaae-2e0c138d049e
44.36554,33.94051,2017,,HUMAN_OBSERVATION,IQ,2081519893,4fa7b334-ce0d-4e88-aaae-2e0c138d049e
42.453056,33.725277,2017,,HUMAN_OBSERVATION,IQ,2081632092,4fa7b334-ce0d-4e88-aaae-2e0c138d049e
42.453056,33.725277,2017,,HUMAN_OBSERVATION,IQ,2081636505,4fa7b334-ce0d-4e88-aaae-2e0c138d049e
44.36554,33.94051,2017,,HUMAN_OBSERVATION,IQ,2081742975,4fa7b334-ce0d-4e88-aaae-2e0c138d049e
42.453056,33.725277,2017,,HUMAN_OBSERVATION,IQ,2081746715,4fa7b334-ce0d-4e88-aaae-2e0c138d049e
42.453056,33.725277,2017,,HUMAN_OBSERVATION,IQ,2081799576,4fa7b334-ce0d-4e88-aaae-2e0c138d049e
48.119457,29.133131,2017,,HUMAN_OBSERVATION,KW,2083420916,4fa7b334-ce0d-4e88-aaae-2e0c138d049e
48.119457,29.133131,2017,,HUMAN_OBSERVATION,KW,2084414891,4fa7b334-ce0d-4e88-aaae-2e0c138d049e
44.36554,33.94051,2017,,HUMAN_OBSERVATION,IQ,2085099265,4fa7b334-ce0d-4e88-aaae-2e0c138d049e
47.78334,29.585512,2017,,HUMAN_OBSERVATION,KW,2085941144,4fa7b334-ce0d-4e88-aaae-2e0c138d049e
42.453056,33.725277,2017,,HUMAN_OBSERVATION,IQ,2086633354,4fa7b334-ce0d-4e88-aaae-2e0c138d049e
47.78334,29.585512,2017,,HUMAN_OBSERVATION,KW,2086868733,4fa7b334-ce0d-4e88-aaae-2e0c138d049e
42.453056,33.725277,2017,,HUMAN_OBSERVATION,IQ,2087224740,4fa7b334-ce0d-4e88-aaae-2e0c138d049e
44.36554,33.94051,2017,,HUMAN_OBSERVATION,IQ,2088744954,4fa7b334-ce0d-4e88-aaae-2e0c138d049e
47.78334,29.585512,2017,,HUMAN_OBSERVATION,KW,2092583088,4fa7b334-ce0d-4e88-aaae-2e0c138d049e
48.013995,29.370114,2017,10.0,HUMAN_OBSERVATION,KW,2836442818,8a863029-f435-446a-821e-275f4f641165
47.936395,29.304683,2017,25.0,HUMAN_OBSERVATION,KW,2836864784,8a863029-f435-446a-821e-275f4f641165
48.00599,29.376301,2017,25.0,HUMAN_OBSERVATION,KW,2843059631,8a863029-f435-446a-821e-275f4f641165
48.003313,29.38931,2017,25.0,HUMAN_OBSERVATION,KW,2843331631,8a863029-f435-446a-821e-275f4f641165
47.78334,29.585512,2017,,HUMAN_OBSERVATION,KW,2073358094,4fa7b334-ce0d-4e88-aaae-2e0c138d049e
47.78334,29.585512,2017,,HUMAN_OBSERVATION,KW,2075175908,4fa7b334-ce0d-4e88-aaae-2e0c138d049e
47.674255,29.351254,2017,,HUMAN_OBSERVATION,KW,2077017136,4fa7b334-ce0d-4e88-aaae-2e0c138d049e
44.36554,33.94051,2017,,HUMAN_OBSERVATION,IQ,2085365600,4fa7b334-ce0d-4e88-aaae-2e0c138d049e
47.674255,29.351254,2017,,HUMAN_OBSERVATION,KW,2085983677,4fa7b334-ce0d-4e88-aaae-2e0c138d049e
47.707787,29.553898,2017,,HUMAN_OBSERVATION,KW,2088323243,4fa7b334-ce0d-4e88-aaae-2e0c138d049e
44.36554,33.94051,2017,,HUMAN_OBSERVATION,IQ,2088637904,4fa7b334-ce0d-4e88-aaae-2e0c138d049e
48.119457,29.133131,2017,,HUMAN_OBSERVATION,KW,2088663646,4fa7b334-ce0d-4e88-aaae-2e0c138d049e
47.707787,29.553898,2017,,HUMAN_OBSERVATION,KW,2088678412,4fa7b334-ce0d-4e88-aaae-2e0c138d049e
47.707787,29.553898,2017,,HUMAN_OBSERVATION,KW,2088728992,4fa7b334-ce0d-4e88-aaae-2e0c138d049e
47.78334,29.585512,2017,,HUMAN_OBSERVATION,KW,2089170329,4fa7b334-ce0d-4e88-aaae-2e0c138d049e
47.707787,29.553898,2017,,HUMAN_OBSERVATION,KW,2089701539,4fa7b334-ce0d-4e88-aaae-2e0c138d049e
44.36554,33.94051,2017,,HUMAN_OBSERVATION,IQ,2090151935,4fa7b334-ce0d-4e88-aaae-2e0c138d049e
48.119457,29.133131,2017,,HUMAN_OBSERVATION,KW,2090155210,4fa7b334-ce0d-4e88-aaae-2e0c138d049e
44.36554,33.94051,2017,,HUMAN_OBSERVATION,IQ,2090906936,4fa7b334-ce0d-4e88-aaae-2e0c138d049e
47.78334,29.585512,2017,,HUMAN_OBSERVATION,KW,2092580353,4fa7b334-ce0d-4e88-aaae-2e0c138d049e
48.122005,29.127281,2017,,HUMAN_OBSERVATION,KW,2094085673,4fa7b334-ce0d-4e88-aaae-2e0c138d049e
48.122005,29.127281,2017,,HUMAN_OBSERVATION,KW,2094090748,4fa7b334-ce0d-4e88-aaae-2e0c138d049e
45.661808,32.522224,2017,,HUMAN_OBSERVATION,IQ,2094765335,4fa7b334-ce0d-4e88-aaae-2e0c138d049e
44.36554,33.94051,2017,,HUMAN_OBSERVATION,IQ,2097865240,4fa7b334-ce0d-4e88-aaae-2e0c138d049e
44.36554,33.94051,2017,,HUMAN_OBSERVATION,IQ,2097875313,4fa7b334-ce0d-4e88-aaae-2e0c138d049e
48.005512,29.392439,2017,10.0,HUMAN_OBSERVATION,KW,2836815628,8a863029-f435-446a-821e-275f4f641165
48.001866,29.374995,2017,10.0,HUMAN_OBSERVATION,KW,2843233640,8a863029-f435-446a-821e-275f4f641165
48.122143,29.166296,2017,,HUMAN_OBSERVATION,KW,2077130039,4fa7b334-ce0d-4e88-aaae-2e0c138d049e
47.707787,29.553898,2017,,HUMAN_OBSERVATION,KW,2077313115,4fa7b334-ce0d-4e88-aaae-2e0c138d049e
47.707787,29.553898,2017,,HUMAN_OBSERVATION,KW,2077643070,4fa7b334-ce0d-4e88-aaae-2e0c138d049e
47.674255,29.351254,2017,,HUMAN_OBSERVATION,KW,2077656932,4fa7b334-ce0d-4e88-aaae-2e0c138d049e
47.707787,29.553898,2017,,HUMAN_OBSERVATION,KW,2078689291,4fa7b334-ce0d-4e88-aaae-2e0c138d049e
47.674255,29.351254,2017,,HUMAN_OBSERVATION,KW,2079108997,4fa7b334-ce0d-4e88-aaae-2e0c138d049e
47.707787,29.553898,2017,,HUMAN_OBSERVATION,KW,2079111670,4fa7b334-ce0d-4e88-aaae-2e0c138d049e
47.674255,29.351254,2017,,HUMAN_OBSERVATION,KW,2079119777,4fa7b334-ce0d-4e88-aaae-2e0c138d049e
48.026817,29.364449,2017,,HUMAN_OBSERVATION,KW,2079576521,4fa7b334-ce0d-4e88-aaae-2e0c138d049e
47.810547,29.96825,2017,,HUMAN_OBSERVATION,KW,2080227270,4fa7b334-ce0d-4e88-aaae-2e0c138d049e
48.119457,29.133131,2017,,HUMAN_OBSERVATION,KW,2080524351,4fa7b334-ce0d-4e88-aaae-2e0c138d049e
47.674255,29.351254,2017,,HUMAN_OBSERVATION,KW,2080753711,4fa7b334-ce0d-4e88-aaae-2e0c138d049e
48.119457,29.133131,2017,,HUMAN_OBSERVATION,KW,2083033398,4fa7b334-ce0d-4e88-aaae-2e0c138d049e
44.36554,33.94051,2017,,HUMAN_OBSERVATION,IQ,2083409242,4fa7b334-ce0d-4e88-aaae-2e0c138d049e
42.453056,33.725277,2017,,HUMAN_OBSERVATION,IQ,2083421782,4fa7b334-ce0d-4e88-aaae-2e0c138d049e
47.707787,29.553898,2017,,HUMAN_OBSERVATION,KW,2089241285,4fa7b334-ce0d-4e88-aaae-2e0c138d049e
47.707787,29.553898,2017,,HUMAN_OBSERVATION,KW,2089509371,4fa7b334-ce0d-4e88-aaae-2e0c138d049e
48.122143,29.166296,2017,,HUMAN_OBSERVATION,KW,2089517840,4fa7b334-ce0d-4e88-aaae-2e0c138d049e
44.36554,33.94051,2017,,HUMAN_OBSERVATION,IQ,2089532627,4fa7b334-ce0d-4e88-aaae-2e0c138d049e
48.119457,29.133131,2017,,HUMAN_OBSERVATION,KW,2090229586,4fa7b334-ce0d-4e88-aaae-2e0c138d049e
47.674255,29.351254,2017,,HUMAN_OBSERVATION,KW,2090469549,4fa7b334-ce0d-4e88-aaae-2e0c138d049e
47.707787,29.553898,2017,,HUMAN_OBSERVATION,KW,2090577367,4fa7b334-ce0d-4e88-aaae-2e0c138d049e
47.693195,29.36198,2017,,HUMAN_OBSERVATION,KW,2090682122,4fa7b334-ce0d-4e88-aaae-2e0c138d049e
47.707787,29.553898,2017,,HUMAN_OBSERVATION,KW,2090886184,4fa7b334-ce0d-4e88-aaae-2e0c138d049e
47.74611,29.292538,2017,,HUMAN_OBSERVATION,KW,2090886325,4fa7b334-ce0d-4e88-aaae-2e0c138d049e
47.674255,29.351254,2017,,HUMAN_OBSERVATION,KW,2091071874,4fa7b334-ce0d-4e88-aaae-2e0c138d049e
47.707787,29.553898,2017,,HUMAN_OBSERVATION,KW,2091096976,4fa7b334-ce0d-4e88-aaae-2e0c138d049e
48.122005,29.127281,2017,,HUMAN_OBSERVATION,KW,2091741831,4fa7b334-ce0d-4e88-aaae-2e0c138d049e
44.36554,33.94051,2017,,HUMAN_OBSERVATION,IQ,2091768856,4fa7b334-ce0d-4e88-aaae-2e0c138d049e
48.122143,29.166296,2017,,HUMAN_OBSERVATION,KW,2091792023,4fa7b334-ce0d-4e88-aaae-2e0c138d049e
44.36554,33.94051,2017,,HUMAN_OBSERVATION,IQ,2091940557,4fa7b334-ce0d-4e88-aaae-2e0c138d049e
48.119457,29.133131,2017,,HUMAN_OBSERVATION,KW,2091983519,4fa7b334-ce0d-4e88-aaae-2e0c138d049e
47.75465,29.257349,2017,,HUMAN_OBSERVATION,KW,2092219474,4fa7b334-ce0d-4e88-aaae-2e0c138d049e
44.36554,33.94051,2017,,HUMAN_OBSERVATION,IQ,2092688483,4fa7b334-ce0d-4e88-aaae-2e0c138d049e
47.752007,29.26578,2017,,HUMAN_OBSERVATION,KW,2092697915,4fa7b334-ce0d-4e88-aaae-2e0c138d049e
47.90863,29.357641,2017,,HUMAN_OBSERVATION,KW,2092710183,4fa7b334-ce0d-4e88-aaae-2e0c138d049e
48.122143,29.166296,2017,,HUMAN_OBSERVATION,KW,2093009438,4fa7b334-ce0d-4e88-aaae-2e0c138d049e
48.119457,29.133131,2017,,HUMAN_OBSERVATION,KW,2093103860,4fa7b334-ce0d-4e88-aaae-2e0c138d049e
44.36554,33.94051,2017,,HUMAN_OBSERVATION,IQ,2093300868,4fa7b334-ce0d-4e88-aaae-2e0c138d049e
47.707787,29.553898,2017,,HUMAN_OBSERVATION,KW,2093357775,4fa7b334-ce0d-4e88-aaae-2e0c138d049e
44.760174,36.15125,2017,,HUMAN_OBSERVATION,IQ,2093591257,4fa7b334-ce0d-4e88-aaae-2e0c138d049e
47.707787,29.553898,2017,,HUMAN_OBSERVATION,KW,2093696657,4fa7b334-ce0d-4e88-aaae-2e0c138d049e
48.119457,29.133131,2017,,HUMAN_OBSERVATION,KW,2093746526,4fa7b334-ce0d-4e88-aaae-2e0c138d049e
44.90588,35.995922,2017,,HUMAN_OBSERVATION,IQ,2094014484,4fa7b334-ce0d-4e88-aaae-2e0c138d049e
48.122143,29.166296,2017,,HUMAN_OBSERVATION,KW,2095296194,4fa7b334-ce0d-4e88-aaae-2e0c138d049e
44.36554,33.94051,2017,,HUMAN_OBSERVATION,IQ,2095473892,4fa7b334-ce0d-4e88-aaae-2e0c138d049e
47.707787,29.553898,2017,,HUMAN_OBSERVATION,KW,2095525927,4fa7b334-ce0d-4e88-aaae-2e0c138d049e
44.36554,33.94051,2017,,HUMAN_OBSERVATION,IQ,2095585268,4fa7b334-ce0d-4e88-aaae-2e0c138d049e
47.693195,29.36198,2017,,HUMAN_OBSERVATION,KW,2095608052,4fa7b334-ce0d-4e88-aaae-2e0c138d049e
47.707787,29.553898,2017,,HUMAN_OBSERVATION,KW,2095805609,4fa7b334-ce0d-4e88-aaae-2e0c138d049e
44.36554,33.94051,2017,,HUMAN_OBSERVATION,IQ,2096815042,4fa7b334-ce0d-4e88-aaae-2e0c138d049e
47.674255,29.351254,2017,,HUMAN_OBSERVATION,KW,2097189741,4fa7b334-ce0d-4e88-aaae-2e0c138d049e
47.707787,29.553898,2017,,HUMAN_OBSERVATION,KW,2097256016,4fa7b334-ce0d-4e88-aaae-2e0c138d049e
48.122005,29.127281,2017,,HUMAN_OBSERVATION,KW,2097925203,4fa7b334-ce0d-4e88-aaae-2e0c138d049e
47.707787,29.553898,2017,,HUMAN_OBSERVATION,KW,2098739456,4fa7b334-ce0d-4e88-aaae-2e0c138d049e
48.119457,29.133131,2017,,HUMAN_OBSERVATION,KW,2098923306,4fa7b334-ce0d-4e88-aaae-2e0c138d049e
47.707787,29.553898,2017,,HUMAN_OBSERVATION,KW,2098927676,4fa7b334-ce0d-4e88-aaae-2e0c138d049e
47.707787,29.553898,2017,,HUMAN_OBSERVATION,KW,2099187003,4fa7b334-ce0d-4e88-aaae-2e0c138d049e
48.119457,29.133131,2017,,HUMAN_OBSERVATION,KW,2099911341,4fa7b334-ce0d-4e88-aaae-2e0c138d049e
44.36554,33.94051,2017,,HUMAN_OBSERVATION,IQ,2101193591,4fa7b334-ce0d-4e88-aaae-2e0c138d049e
42.453056,33.725277,2017,,HUMAN_OBSERVATION,IQ,2101774273,4fa7b334-ce0d-4e88-aaae-2e0c138d049e
42.453056,33.725277,2017,,HUMAN_OBSERVATION,IQ,2102015568,4fa7b334-ce0d-4e88-aaae-2e0c138d049e
47.674255,29.351254,2017,,HUMAN_OBSERVATION,KW,5506574440,4fa7b334-ce0d-4e88-aaae-2e0c138d049e
48.026817,29.364449,2017,,HUMAN_OBSERVATION,KW,5557875124,4fa7b334-ce0d-4e88-aaae-2e0c138d049e
47.707787,29.553898,2017,,HUMAN_OBSERVATION,KW,5609898068,4fa7b334-ce0d-4e88-aaae-2e0c138d049e
48.119457,29.133131,2017,,HUMAN_OBSERVATION,KW,2083747739,4fa7b334-ce0d-4e88-aaae-2e0c138d049e
44.36554,33.94051,2017,,HUMAN_OBSERVATION,IQ,2084265529,4fa7b334-ce0d-4e88-aaae-2e0c138d049e
44.36554,33.94051,2017,,HUMAN_OBSERVATION,IQ,2084622981,4fa7b334-ce0d-4e88-aaae-2e0c138d049e
47.693195,29.36198,2017,,HUMAN_OBSERVATION,KW,2085180133,4fa7b334-ce0d-4e88-aaae-2e0c138d049e
44.36554,33.94051,2017,,HUMAN_OBSERVATION,IQ,2085910475,4fa7b334-ce0d-4e88-aaae-2e0c138d049e
47.707787,29.553898,2017,,HUMAN_OBSERVATION,KW,2086106100,4fa7b334-ce0d-4e88-aaae-2e0c138d049e
48.122143,29.166296,2017,,HUMAN_OBSERVATION,KW,2086711917,4fa7b334-ce0d-4e88-aaae-2e0c138d049e
44.36554,33.94051,2017,,HUMAN_OBSERVATION,IQ,2087514382,4fa7b334-ce0d-4e88-aaae-2e0c138d049e
44.36554,33.94051,2017,,HUMAN_OBSERVATION,IQ,2088239805,4fa7b334-ce0d-4e88-aaae-2e0c138d049e
48.119457,29.133131,2017,,HUMAN_OBSERVATION,KW,2088888476,4fa7b334-ce0d-4e88-aaae-2e0c138d049e
44.36554,33.94051,2017,,HUMAN_OBSERVATION,IQ,2088902362,4fa7b334-ce0d-4e88-aaae-2e0c138d049e
44.36554,33.94051,2017,,HUMAN_OBSERVATION,IQ,2097572268,4fa7b334-ce0d-4e88-aaae-2e0c138d049e
44.36554,33.94051,2017,,HUMAN_OBSERVATION,IQ,2097898449,4fa7b334-ce0d-4e88-aaae-2e0c138d049e
48.119457,29.133131,2017,,HUMAN_OBSERVATION,KW,2098563028,4fa7b334-ce0d-4e88-aaae-2e0c138d049e
47.707787,29.553898,2017,,HUMAN_OBSERVATION,KW,2098630427,4fa7b334-ce0d-4e88-aaae-2e0c138d049e
48.11621,29.1906,2017,,HUMAN_OBSERVATION,KW,2098847786,4fa7b334-ce0d-4e88-aaae-2e0c138d049e
48.122143,29.166296,2017,,HUMAN_OBSERVATION,KW,2099057512,4fa7b334-ce0d-4e88-aaae-2e0c138d049e
48.026817,29.364449,2017,,HUMAN_OBSERVATION,KW,2099353225,4fa7b334-ce0d-4e88-aaae-2e0c138d049e
47.707787,29.553898,2017,,HUMAN_OBSERVATION,KW,2099587353,4fa7b334-ce0d-4e88-aaae-2e0c138d049e
48.129047,29.129276,2017,,HUMAN_OBSERVATION,KW,2099808047,4fa7b334-ce0d-4e88-aaae-2e0c138d049e
48.119812,29.180664,2017,,HUMAN_OBSERVATION,KW,2099902835,4fa7b334-ce0d-4e88-aaae-2e0c138d049e
48.119457,29.133131,2017,,HUMAN_OBSERVATION,KW,2100019701,4fa7b334-ce0d-4e88-aaae-2e0c138d049e
48.122143,29.166296,2017,,HUMAN_OBSERVATION,KW,2100294300,4fa7b334-ce0d-4e88-aaae-2e0c138d049e
48.119457,29.133131,2017,,HUMAN_OBSERVATION,KW,2101087990,4fa7b334-ce0d-4e88-aaae-2e0c138d049e
47.707787,29.553898,2017,,HUMAN_OBSERVATION,KW,2101391089,4fa7b334-ce0d-4e88-aaae-2e0c138d049e
44.36554,33.94051,2017,,HUMAN_OBSERVATION,IQ,2101536150,4fa7b334-ce0d-4e88-aaae-2e0c138d049e
47.707787,29.553898,2017,,HUMAN_OBSERVATION,KW,2101897521,4fa7b334-ce0d-4e88-aaae-2e0c138d049e
42.453056,33.725277,2017,,HUMAN_OBSERVATION,IQ,2102175839,4fa7b334-ce0d-4e88-aaae-2e0c138d049e
47.707787,29.553898,2017,,HUMAN_OBSERVATION,KW,2102276256,4fa7b334-ce0d-4e88-aaae-2e0c138d049e
44.36554,33.94051,2017,,HUMAN_OBSERVATION,IQ,2102362616,4fa7b334-ce0d-4e88-aaae-2e0c138d049e
47.903618,29.356583,2017,,HUMAN_OBSERVATION,KW,2104227772,4fa7b334-ce0d-4e88-aaae-2e0c138d049e
47.674255,29.351254,2017,,HUMAN_OBSERVATION,KW,2104968895,4fa7b334-ce0d-4e88-aaae-2e0c138d049e
48.09665,29.352262,2017,,HUMAN_OBSERVATION,KW,2106446516,4fa7b334-ce0d-4e88-aaae-2e0c138d049e
47.994987,29.389977,2017,,HUMAN_OBSERVATION,KW,2106450319,4fa7b334-ce0d-4e88-aaae-2e0c138d049e
48.11621,29.1906,2017,,HUMAN_OBSERVATION,KW,2106866503,4fa7b334-ce0d-4e88-aaae-2e0c138d049e
48.11621,29.1906,2017,,HUMAN_OBSERVATION,KW,2107217328,4fa7b334-ce0d-4e88-aaae-2e0c138d049e
44.36554,33.94051,2017,,HUMAN_OBSERVATION,IQ,2108214523,4fa7b334-ce0d-4e88-aaae-2e0c138d049e
44.36554,33.94051,2017,,HUMAN_OBSERVATION,IQ,2108218462,4fa7b334-ce0d-4e88-aaae-2e0c138d049e
44.36554,33.94051,2017,,HUMAN_OBSERVATION,IQ,2108231521,4fa7b334-ce0d-4e88-aaae-2e0c138d049e
44.36554,33.94051,2017,,HUMAN_OBSERVATION,IQ,2108708613,4fa7b334-ce0d-4e88-aaae-2e0c138d049e
48.691814,31.32237,2017,,HUMAN_OBSERVATION,IR,2128164481,4fa7b334-ce0d-4e88-aaae-2e0c138d049e
48.027222,29.363797,2017,,HUMAN_OBSERVATION,KW,1703234118,50c9509d-22c7-4a22-a47d-8c48425ef4a7
44.36554,33.94051,2017,,HUMAN_OBSERVATION,IQ,2090702813,4fa7b334-ce0d-4e88-aaae-2e0c138d049e
48.119457,29.133131,2017,,HUMAN_OBSERVATION,KW,2090716061,4fa7b334-ce0d-4e88-aaae-2e0c138d049e
47.810547,29.96825,2017,,HUMAN_OBSERVATION,KW,2090734394,4fa7b334-ce0d-4e88-aaae-2e0c138d049e
47.99427,29.373367,2017,,HUMAN_OBSERVATION,KW,2091640336,4fa7b334-ce0d-4e88-aaae-2e0c138d049e
48.026817,29.364449,2017,,HUMAN_OBSERVATION,KW,2091920704,4fa7b334-ce0d-4e88-aaae-2e0c138d049e
44.36554,33.94051,2017,,HUMAN_OBSERVATION,IQ,2091930652,4fa7b334-ce0d-4e88-aaae-2e0c138d049e
45.661537,32.522167,2017,,HUMAN_OBSERVATION,IQ,2092732002,4fa7b334-ce0d-4e88-aaae-2e0c138d049e
47.78334,29.585512,2017,,HUMAN_OBSERVATION,KW,2092993663,4fa7b334-ce0d-4e88-aaae-2e0c138d049e
47.770287,30.030807,2017,,HUMAN_OBSERVATION,KW,2093197368,4fa7b334-ce0d-4e88-aaae-2e0c138d049e
47.707787,29.553898,2017,,HUMAN_OBSERVATION,KW,2093583061,4fa7b334-ce0d-4e88-aaae-2e0c138d049e
44.36554,33.94051,2017,,HUMAN_OBSERVATION,IQ,2094039020,4fa7b334-ce0d-4e88-aaae-2e0c138d049e
48.122005,29.127281,2017,,HUMAN_OBSERVATION,KW,2094840442,4fa7b334-ce0d-4e88-aaae-2e0c138d049e
48.119457,29.133131,2017,,HUMAN_OBSERVATION,KW,2095000227,4fa7b334-ce0d-4e88-aaae-2e0c138d049e
47.707787,29.553898,2017,,HUMAN_OBSERVATION,KW,2102971922,4fa7b334-ce0d-4e88-aaae-2e0c138d049e
48.122005,29.127281,2017,,HUMAN_OBSERVATION,KW,2103050994,4fa7b334-ce0d-4e88-aaae-2e0c138d049e
48.392178,28.591267,2017,,HUMAN_OBSERVATION,KW,2103278924,4fa7b334-ce0d-4e88-aaae-2e0c138d049e
48.120407,29.18252,2017,,HUMAN_OBSERVATION,KW,2103935108,4fa7b334-ce0d-4e88-aaae-2e0c138d049e
44.36554,33.94051,2017,,HUMAN_OBSERVATION,IQ,2103959027,4fa7b334-ce0d-4e88-aaae-2e0c138d049e
44.36554,33.94051,2017,,HUMAN_OBSERVATION,IQ,2103959681,4fa7b334-ce0d-4e88-aaae-2e0c138d049e
48.122143,29.166296,2017,,HUMAN_OBSERVATION,KW,2104003626,4fa7b334-ce0d-4e88-aaae-2e0c138d049e
47.674255,29.351254,2017,,HUMAN_OBSERVATION,KW,2104035114,4fa7b334-ce0d-4e88-aaae-2e0c138d049e
47.707787,29.553898,2017,,HUMAN_OBSERVATION,KW,2104305717,4fa7b334-ce0d-4e88-aaae-2e0c138d049e
47.909,29.572233,2017,,HUMAN_OBSERVATION,KW,2104990147,4fa7b334-ce0d-4e88-aaae-2e0c138d049e
47.674255,29.351254,2017,,HUMAN_OBSERVATION,KW,2105347770,4fa7b334-ce0d-4e88-aaae-2e0c138d049e
47.810547,29.96825,2017,,HUMAN_OBSERVATION,KW,2105515228,4fa7b334-ce0d-4e88-aaae-2e0c138d049e
47.707787,29.553898,2017,,HUMAN_OBSERVATION,KW,2105671411,4fa7b334-ce0d-4e88-aaae-2e0c138d049e
47.707787,29.553898,2017,,HUMAN_OBSERVATION,KW,2105678342,4fa7b334-ce0d-4e88-aaae-2e0c138d049e
47.674255,29.351254,2017,,HUMAN_OBSERVATION,KW,2105714039,4fa7b334-ce0d-4e88-aaae-2e0c138d049e
47.707787,29.553898,2017,,HUMAN_OBSERVATION,KW,2106054748,4fa7b334-ce0d-4e88-aaae-2e0c138d049e
47.90863,29.357641,2017,,HUMAN_OBSERVATION,KW,2106065745,4fa7b334-ce0d-4e88-aaae-2e0c138d049e
47.90953,29.344698,2017,,HUMAN_OBSERVATION,KW,2106067366,4fa7b334-ce0d-4e88-aaae-2e0c138d049e
47.770287,30.030807,2017,,HUMAN_OBSERVATION,KW,2106112843,4fa7b334-ce0d-4e88-aaae-2e0c138d049e
48.026817,29.364449,2017,,HUMAN_OBSERVATION,KW,2106594813,4fa7b334-ce0d-4e88-aaae-2e0c138d049e
45.425804,35.611534,2017,,HUMAN_OBSERVATION,IQ,2106748219,4fa7b334-ce0d-4e88-aaae-2e0c138d049e
48.122005,29.127281,2017,,HUMAN_OBSERVATION,KW,2106750618,4fa7b334-ce0d-4e88-aaae-2e0c138d049e
48.119457,29.133131,2017,,HUMAN_OBSERVATION,KW,2106750708,4fa7b334-ce0d-4e88-aaae-2e0c138d049e
47.707787,29.553898,2017,,HUMAN_OBSERVATION,KW,2107313471,4fa7b334-ce0d-4e88-aaae-2e0c138d049e
47.707787,29.553898,2017,,HUMAN_OBSERVATION,KW,2107477340,4fa7b334-ce0d-4e88-aaae-2e0c138d049e
48.119457,29.133131,2017,,HUMAN_OBSERVATION,KW,2107566902,4fa7b334-ce0d-4e88-aaae-2e0c138d049e
47.707787,29.553898,2017,,HUMAN_OBSERVATION,KW,2107683714,4fa7b334-ce0d-4e88-aaae-2e0c138d049e
44.36554,33.94051,2017,,HUMAN_OBSERVATION,IQ,2108486305,4fa7b334-ce0d-4e88-aaae-2e0c138d049e
47.949844,29.351652,2017,,HUMAN_OBSERVATION,KW,2108524394,4fa7b334-ce0d-4e88-aaae-2e0c138d049e
48.119457,29.133131,2017,,HUMAN_OBSERVATION,KW,2110258066,4fa7b334-ce0d-4e88-aaae-2e0c138d049e
47.674255,29.351254,2017,,HUMAN_OBSERVATION,KW,2110616005,4fa7b334-ce0d-4e88-aaae-2e0c138d049e
42.453056,33.725277,2017,,HUMAN_OBSERVATION,IQ,2110648328,4fa7b334-ce0d-4e88-aaae-2e0c138d049e
48.11621,29.1906,2017,,HUMAN_OBSERVATION,KW,2111887214,4fa7b334-ce0d-4e88-aaae-2e0c138d049e
48.122143,29.166296,2017,,HUMAN_OBSERVATION,KW,2112858387,4fa7b334-ce0d-4e88-aaae-2e0c138d049e
48.026817,29.364449,2017,,HUMAN_OBSERVATION,KW,2112880655,4fa7b334-ce0d-4e88-aaae-2e0c138d049e
44.36554,33.94051,2017,,HUMAN_OBSERVATION,IQ,2112993093,4fa7b334-ce0d-4e88-aaae-2e0c138d049e
44.36554,33.94051,2017,,HUMAN_OBSERVATION,IQ,2113183863,4fa7b334-ce0d-4e88-aaae-2e0c138d049e
48.082516,29.316982,2017,,HUMAN_OBSERVATION,KW,2113380358,4fa7b334-ce0d-4e88-aaae-2e0c138d049e
47.707787,29.553898,2017,,HUMAN_OBSERVATION,KW,2114172528,4fa7b334-ce0d-4e88-aaae-2e0c138d049e
47.707787,29.553898,2017,,HUMAN_OBSERVATION,KW,2114589808,4fa7b334-ce0d-4e88-aaae-2e0c138d049e
47.707787,29.553898,2017,,HUMAN_OBSERVATION,KW,2115258213,4fa7b334-ce0d-4e88-aaae-2e0c138d049e
48.119457,29.133131,2017,,HUMAN_OBSERVATION,KW,2115466093,4fa7b334-ce0d-4e88-aaae-2e0c138d049e
48.070103,29.089321,2017,,HUMAN_OBSERVATION,KW,2117961144,4fa7b334-ce0d-4e88-aaae-2e0c138d049e
48.02698,29.364681,2017,,HUMAN_OBSERVATION,KW,2129837592,4fa7b334-ce0d-4e88-aaae-2e0c138d049e
48.028207,29.366628,2017,50.0,HUMAN_OBSERVATION,KW,5133936608,50c9509d-22c7-4a22-a47d-8c48425ef4a7
47.90282,29.334694,2017,,HUMAN_OBSERVATION,KW,2096349521,4fa7b334-ce0d-4e88-aaae-2e0c138d049e
44.36554,33.94051,2017,,HUMAN_OBSERVATION,IQ,2096723327,4fa7b334-ce0d-4e88-aaae-2e0c138d049e
47.99427,29.373367,2017,,HUMAN_OBSERVATION,KW,2096963658,4fa7b334-ce0d-4e88-aaae-2e0c138d049e
47.909,29.572233,2017,,HUMAN_OBSERVATION,KW,2097091269,4fa7b334-ce0d-4e88-aaae-2e0c138d049e
48.122005,29.127281,2017,,HUMAN_OBSERVATION,KW,2097237218,4fa7b334-ce0d-4e88-aaae-2e0c138d049e
45.425804,35.611534,2017,,HUMAN_OBSERVATION,IQ,2097262044,4fa7b334-ce0d-4e88-aaae-2e0c138d049e
47.707787,29.553898,2017,,HUMAN_OBSERVATION,KW,2097304358,4fa7b334-ce0d-4e88-aaae-2e0c138d049e
47.674255,29.351254,2017,,HUMAN_OBSERVATION,KW,2097606375,4fa7b334-ce0d-4e88-aaae-2e0c138d049e
44.36554,33.94051,2017,,HUMAN_OBSERVATION,IQ,2097875502,4fa7b334-ce0d-4e88-aaae-2e0c138d049e
48.355064,31.21651,2017,,HUMAN_OBSERVATION,IR,2097948734,4fa7b334-ce0d-4e88-aaae-2e0c138d049e
48.52372,32.00779,2017,,HUMAN_OBSERVATION,IR,2097952527,4fa7b334-ce0d-4e88-aaae-2e0c138d049e
48.23728,32.070675,2017,,HUMAN_OBSERVATION,IR,2097954267,4fa7b334-ce0d-4e88-aaae-2e0c138d049e
48.119457,29.133131,2017,,HUMAN_OBSERVATION,KW,2098036809,4fa7b334-ce0d-4e88-aaae-2e0c138d049e
48.122005,29.127281,2017,,HUMAN_OBSERVATION,KW,2098041262,4fa7b334-ce0d-4e88-aaae-2e0c138d049e
47.674255,29.351254,2017,,HUMAN_OBSERVATION,KW,2098509367,4fa7b334-ce0d-4e88-aaae-2e0c138d049e
47.94909,29.35054,2017,,HUMAN_OBSERVATION,KW,2099977093,4fa7b334-ce0d-4e88-aaae-2e0c138d049e
47.94909,29.35054,2017,,HUMAN_OBSERVATION,KW,2100871984,4fa7b334-ce0d-4e88-aaae-2e0c138d049e
47.674255,29.351254,2017,,HUMAN_OBSERVATION,KW,2101107273,4fa7b334-ce0d-4e88-aaae-2e0c138d049e
47.94909,29.35054,2017,,HUMAN_OBSERVATION,KW,2101611325,4fa7b334-ce0d-4e88-aaae-2e0c138d049e
44.743,36.150627,2017,,HUMAN_OBSERVATION,IQ,2108761062,4fa7b334-ce0d-4e88-aaae-2e0c138d049e
47.674255,29.351254,2017,,HUMAN_OBSERVATION,KW,2108776276,4fa7b334-ce0d-4e88-aaae-2e0c138d049e
48.13326,29.135164,2017,,HUMAN_OBSERVATION,KW,2108852864,4fa7b334-ce0d-4e88-aaae-2e0c138d049e
44.36554,33.94051,2017,,HUMAN_OBSERVATION,IQ,2108960793,4fa7b334-ce0d-4e88-aaae-2e0c138d049e
47.707787,29.553898,2017,,HUMAN_OBSERVATION,KW,2109085464,4fa7b334-ce0d-4e88-aaae-2e0c138d049e
48.355064,31.21651,2017,,HUMAN_OBSERVATION,IR,2109273469,4fa7b334-ce0d-4e88-aaae-2e0c138d049e
48.43711,32.11065,2017,,HUMAN_OBSERVATION,IR,2109280473,4fa7b334-ce0d-4e88-aaae-2e0c138d049e
48.026817,29.364449,2017,,HUMAN_OBSERVATION,KW,2109290143,4fa7b334-ce0d-4e88-aaae-2e0c138d049e
47.707787,29.553898,2017,,HUMAN_OBSERVATION,KW,2109450514,4fa7b334-ce0d-4e88-aaae-2e0c138d049e
47.707787,29.553898,2017,,HUMAN_OBSERVATION,KW,2109547975,4fa7b334-ce0d-4e88-aaae-2e0c138d049e
47.707787,29.553898,2017,,HUMAN_OBSERVATION,KW,2109624697,4fa7b334-ce0d-4e88-aaae-2e0c138d049e
48.119457,29.133131,2017,,HUMAN_OBSERVATION,KW,2109651299,4fa7b334-ce0d-4e88-aaae-2e0c138d049e
47.674255,29.351254,2017,,HUMAN_OBSERVATION,KW,2109676463,4fa7b334-ce0d-4e88-aaae-2e0c138d049e
47.99427,29.373367,2017,,HUMAN_OBSERVATION,KW,2109851952,4fa7b334-ce0d-4e88-aaae-2e0c138d049e
48.119457,29.133131,2017,,HUMAN_OBSERVATION,KW,2109863868,4fa7b334-ce0d-4e88-aaae-2e0c138d049e
44.743,36.150627,2017,,HUMAN_OBSERVATION,IQ,2109958531,4fa7b334-ce0d-4e88-aaae-2e0c138d049e
47.810547,29.96825,2017,,HUMAN_OBSERVATION,KW,2110011557,4fa7b334-ce0d-4e88-aaae-2e0c138d049e
48.122005,29.127281,2017,,HUMAN_OBSERVATION,KW,2110475074,4fa7b334-ce0d-4e88-aaae-2e0c138d049e
47.707787,29.553898,2017,,HUMAN_OBSERVATION,KW,2110486903,4fa7b334-ce0d-4e88-aaae-2e0c138d049e
48.43711,32.11065,2017,,HUMAN_OBSERVATION,IR,2110496253,4fa7b334-ce0d-4e88-aaae-2e0c138d049e
48.122143,29.166296,2017,,HUMAN_OBSERVATION,KW,2111659682,4fa7b334-ce0d-4e88-aaae-2e0c138d049e
44.36554,33.94051,2017,,HUMAN_OBSERVATION,IQ,2112312809,4fa7b334-ce0d-4e88-aaae-2e0c138d049e
47.706078,29.555016,2017,,HUMAN_OBSERVATION,KW,2112473203,4fa7b334-ce0d-4e88-aaae-2e0c138d049e
47.907326,29.572474,2017,,HUMAN_OBSERVATION,KW,2113099911,4fa7b334-ce0d-4e88-aaae-2e0c138d049e
48.701115,31.344572,2017,,HUMAN_OBSERVATION,IR,2114153920,4fa7b334-ce0d-4e88-aaae-2e0c138d049e
42.453056,33.725277,2017,,HUMAN_OBSERVATION,IQ,2114586135,4fa7b334-ce0d-4e88-aaae-2e0c138d049e
47.674255,29.351254,2017,,HUMAN_OBSERVATION,KW,2114760735,4fa7b334-ce0d-4e88-aaae-2e0c138d049e
47.949844,29.351652,2017,,HUMAN_OBSERVATION,KW,2117702790,4fa7b334-ce0d-4e88-aaae-2e0c138d049e
47.95045,29.352358,2017,,HUMAN_OBSERVATION,KW,2117710062,4fa7b334-ce0d-4e88-aaae-2e0c138d049e
47.90282,29.334694,2017,,HUMAN_OBSERVATION,KW,2118076277,4fa7b334-ce0d-4e88-aaae-2e0c138d049e
47.674255,29.351254,2017,,HUMAN_OBSERVATION,KW,2118113286,4fa7b334-ce0d-4e88-aaae-2e0c138d049e
48.23728,32.070675,2017,,HUMAN_OBSERVATION,IR,2118235865,4fa7b334-ce0d-4e88-aaae-2e0c138d049e
47.909,29.572233,2017,,HUMAN_OBSERVATION,KW,2118246734,4fa7b334-ce0d-4e88-aaae-2e0c138d049e
48.395252,32.055336,2017,,HUMAN_OBSERVATION,IR,2118253975,4fa7b334-ce0d-4e88-aaae-2e0c138d049e
48.52372,32.00779,2017,,HUMAN_OBSERVATION,IR,2118276651,4fa7b334-ce0d-4e88-aaae-2e0c138d049e
47.707787,29.553898,2017,,HUMAN_OBSERVATION,KW,2118567847,4fa7b334-ce0d-4e88-aaae-2e0c138d049e
47.674255,29.351254,2017,,HUMAN_OBSERVATION,KW,2118580201,4fa7b334-ce0d-4e88-aaae-2e0c138d049e
44.36554,33.94051,2017,,HUMAN_OBSERVATION,IQ,2119284514,4fa7b334-ce0d-4e88-aaae-2e0c138d049e
48.395252,32.055336,2017,,HUMAN_OBSERVATION,IR,2119569069,4fa7b334-ce0d-4e88-aaae-2e0c138d049e
44.36554,33.94051,2017,,HUMAN_OBSERVATION,IQ,2120931692,4fa7b334-ce0d-4e88-aaae-2e0c138d049e
47.674255,29.351254,2017,,HUMAN_OBSERVATION,KW,2123334978,4fa7b334-ce0d-4e88-aaae-2e0c138d049e
47.707787,29.553898,2017,,HUMAN_OBSERVATION,KW,2123336397,4fa7b334-ce0d-4e88-aaae-2e0c138d049e
47.707787,29.553898,2017,,HUMAN_OBSERVATION,KW,2123916278,4fa7b334-ce0d-4e88-aaae-2e0c138d049e
47.949844,29.351652,2017,,HUMAN_OBSERVATION,KW,2144969267,4fa7b334-ce0d-4e88-aaae-2e0c138d049e
44.39485,33.292152,2017,,HUMAN_OBSERVATION,IQ,2168511820,4fa7b334-ce0d-4e88-aaae-2e0c138d049e
48.026817,29.364449,2017,,HUMAN_OBSERVATION,KW,2201123287,4fa7b334-ce0d-4e88-aaae-2e0c138d049e
48.43711,32.11065,2017,,HUMAN_OBSERVATION,IR,2212928976,4fa7b334-ce0d-4e88-aaae-2e0c138d049e
47.949646,29.351244,2017,,HUMAN_OBSERVATION,KW,2213162636,4fa7b334-ce0d-4e88-aaae-2e0c138d049e
47.949646,29.351244,2017,,HUMAN_OBSERVATION,KW,2213164600,4fa7b334-ce0d-4e88-aaae-2e0c138d049e
47.75465,29.257349,2017,,HUMAN_OBSERVATION,KW,2213175373,4fa7b334-ce0d-4e88-aaae-2e0c138d049e
47.770287,30.030807,2017,,HUMAN_OBSERVATION,KW,2213181094,4fa7b334-ce0d-4e88-aaae-2e0c138d049e
47.90282,29.334694,2017,,HUMAN_OBSERVATION,KW,2216134383,4fa7b334-ce0d-4e88-aaae-2e0c138d049e
47.707787,29.553898,2017,,HUMAN_OBSERVATION,KW,2216168370,4fa7b334-ce0d-4e88-aaae-2e0c138d049e
48.395252,32.055336,2017,,HUMAN_OBSERVATION,IR,2223380649,4fa7b334-ce0d-4e88-aaae-2e0c138d049e
47.674255,29.351254,2017,,HUMAN_OBSERVATION,KW,2224834527,4fa7b334-ce0d-4e88-aaae-2e0c138d049e
47.674255,29.351254,2017,,HUMAN_OBSERVATION,KW,2224851950,4fa7b334-ce0d-4e88-aaae-2e0c138d049e
47.75465,29.257349,2017,,HUMAN_OBSERVATION,KW,2224863018,4fa7b334-ce0d-4e88-aaae-2e0c138d049e
48.355064,31.21651,2017,,HUMAN_OBSERVATION,IR,2232074253,4fa7b334-ce0d-4e88-aaae-2e0c138d049e
48.52372,32.00779,2017,,HUMAN_OBSERVATION,IR,2232074313,4fa7b334-ce0d-4e88-aaae-2e0c138d049e
48.027012,29.365318,2017,10.0,HUMAN_OBSERVATION,KW,2836989859,8a863029-f435-446a-821e-275f4f641165
47.676303,29.351076,2017,10.0,HUMAN_OBSERVATION,KW,2840334741,8a863029-f435-446a-821e-275f4f641165
47.676158,29.351263,2017,10.0,HUMAN_OBSERVATION,KW,2840530510,8a863029-f435-446a-821e-275f4f641165
47.903067,29.335182,2017,10.0,HUMAN_OBSERVATION,KW,2840551474,8a863029-f435-446a-821e-275f4f641165
47.950392,29.351348,2017,10.0,HUMAN_OBSERVATION,KW,2841069665,8a863029-f435-446a-821e-275f4f641165
47.9494,29.351357,2017,10.0,HUMAN_OBSERVATION,KW,2842476575,8a863029-f435-446a-821e-275f4f641165
48.027661,29.364866,2017,327.0,HUMAN_OBSERVATION,KW,3061707407,50c9509d-22c7-4a22-a47d-8c48425ef4a7
47.90282,29.334694,2017,,HUMAN_OBSERVATION,KW,3200836477,4fa7b334-ce0d-4e88-aaae-2e0c138d049e
47.949646,29.351244,2017,,HUMAN_OBSERVATION,KW,3209148542,4fa7b334-ce0d-4e88-aaae-2e0c138d049e
47.674255,29.351254,2017,,HUMAN_OBSERVATION,KW,3209256825,4fa7b334-ce0d-4e88-aaae-2e0c138d049e
47.75465,29.257349,2017,,HUMAN_OBSERVATION,KW,3212970419,4fa7b334-ce0d-4e88-aaae-2e0c138d049e
47.770287,30.030807,2017,,HUMAN_OBSERVATION,KW,3275732537,4fa7b334-ce0d-4e88-aaae-2e0c138d049e
47.707787,29.553898,2017,,HUMAN_OBSERVATION,KW,3281255721,4fa7b334-ce0d-4e88-aaae-2e0c138d049e
48.026817,29.364449,2017,,HUMAN_OBSERVATION,KW,3291112660,4fa7b334-ce0d-4e88-aaae-2e0c138d049e
47.674255,29.351254,2017,,HUMAN_OBSERVATION,KW,3293533766,4fa7b334-ce0d-4e88-aaae-2e0c138d049e
47.75465,29.257349,2017,,HUMAN_OBSERVATION,KW,3295359692,4fa7b334-ce0d-4e88-aaae-2e0c138d049e
47.949646,29.351244,2017,,HUMAN_OBSERVATION,KW,3299630691,4fa7b334-ce0d-4e88-aaae-2e0c138d049e
47.770287,30.030807,2017,,HUMAN_OBSERVATION,KW,3540063831,4fa7b334-ce0d-4e88-aaae-2e0c138d049e
47.674255,29.351254,2017,,HUMAN_OBSERVATION,KW,3570530855,4fa7b334-ce0d-4e88-aaae-2e0c138d049e
47.707787,29.553898,2017,,HUMAN_OBSERVATION,KW,3581788060,4fa7b334-ce0d-4e88-aaae-2e0c138d049e
47.674255,29.351254,2017,,HUMAN_OBSERVATION,KW,3658336764,4fa7b334-ce0d-4e88-aaae-2e0c138d049e
47.99427,29.373367,2017,,HUMAN_OBSERVATION,KW,3660799192,4fa7b334-ce0d-4e88-aaae-2e0c138d049e
48.261223,30.471313,2017,,HUMAN_OBSERVATION,IR,4270957266,4fa7b334-ce0d-4e88-aaae-2e0c138d049e
48.182945,30.431986,2017,,HUMAN_OBSERVATION,IR,4310932861,4fa7b334-ce0d-4e88-aaae-2e0c138d049e
48.182945,30.431986,2017,,HUMAN_OBSERVATION,IR,4323929721,4fa7b334-ce0d-4e88-aaae-2e0c138d049e
48.2173,30.44516,2017,,HUMAN_OBSERVATION,IR,4364480972,4fa7b334-ce0d-4e88-aaae-2e0c138d049e
48.261223,30.471313,2017,,HUMAN_OBSERVATION,IR,4366978386,4fa7b334-ce0d-4e88-aaae-2e0c138d049e
48.2173,30.44516,2017,,HUMAN_OBSERVATION,IR,4370410973,4fa7b334-ce0d-4e88-aaae-2e0c138d049e
46.9602,29.366991,2017,,HUMAN_OBSERVATION,KW,5322104008,4fa7b334-ce0d-4e88-aaae-2e0c138d049e
48.026817,29.364449,2017,,HUMAN_OBSERVATION,KW,5407707981,4fa7b334-ce0d-4e88-aaae-2e0c138d049e
47.829624,29.37335,2017,,HUMAN_OBSERVATION,KW,5534559709,4fa7b334-ce0d-4e88-aaae-2e0c138d049e
47.674255,29.351254,2017,,HUMAN_OBSERVATION,KW,5550792161,4fa7b334-ce0d-4e88-aaae-2e0c138d049e
47.693195,29.36198,2017,,HUMAN_OBSERVATION,KW,5602375644,4fa7b334-ce0d-4e88-aaae-2e0c138d049e
48.04362,29.34167,2017,,HUMAN_OBSERVATION,KW,5614463328,4fa7b334-ce0d-4e88-aaae-2e0c138d049e
47.949844,29.351652,2016,,HUMAN_OBSERVATION,KW,1708587363,4fa7b334-ce0d-4e88-aaae-2e0c138d049e
47.90282,29.334694,2016,,HUMAN_OBSERVATION,KW,1708897541,4fa7b334-ce0d-4e88-aaae-2e0c138d049e
47.90282,29.334694,2016,,HUMAN_OBSERVATION,KW,1709912694,4fa7b334-ce0d-4e88-aaae-2e0c138d049e
48.119457,29.133131,2016,,HUMAN_OBSERVATION,KW,1710432474,4fa7b334-ce0d-4e88-aaae-2e0c138d049e
47.707787,29.553898,2016,,HUMAN_OBSERVATION,KW,1710437293,4fa7b334-ce0d-4e88-aaae-2e0c138d049e
47.90282,29.334694,2016,,HUMAN_OBSERVATION,KW,1711575577,4fa7b334-ce0d-4e88-aaae-2e0c138d049e
48.11621,29.1906,2016,,HUMAN_OBSERVATION,KW,1711606132,4fa7b334-ce0d-4e88-aaae-2e0c138d049e
48.09709,29.34109,2016,,HUMAN_OBSERVATION,KW,1711964395,4fa7b334-ce0d-4e88-aaae-2e0c138d049e
47.981415,29.326231,2016,,HUMAN_OBSERVATION,KW,1712430539,4fa7b334-ce0d-4e88-aaae-2e0c138d049e
47.707787,29.553898,2016,,HUMAN_OBSERVATION,KW,1712913414,4fa7b334-ce0d-4e88-aaae-2e0c138d049e
48.02516,29.217413,2016,,HUMAN_OBSERVATION,KW,1712983566,4fa7b334-ce0d-4e88-aaae-2e0c138d049e
48.38606,28.64303,2016,,HUMAN_OBSERVATION,KW,1714166118,4fa7b334-ce0d-4e88-aaae-2e0c138d049e
47.70817,29.553543,2016,,HUMAN_OBSERVATION,KW,1714180208,4fa7b334-ce0d-4e88-aaae-2e0c138d049e
47.729656,29.248735,2016,,HUMAN_OBSERVATION,KW,1714478452,4fa7b334-ce0d-4e88-aaae-2e0c138d049e
47.729656,29.248735,2016,,HUMAN_OBSERVATION,KW,1714483358,4fa7b334-ce0d-4e88-aaae-2e0c138d049e
47.90295,29.335419,2016,,HUMAN_OBSERVATION,KW,1716417313,4fa7b334-ce0d-4e88-aaae-2e0c138d049e
46.9602,29.366991,2016,,HUMAN_OBSERVATION,KW,1716424191,4fa7b334-ce0d-4e88-aaae-2e0c138d049e
47.729656,29.248735,2016,,HUMAN_OBSERVATION,KW,1716427698,4fa7b334-ce0d-4e88-aaae-2e0c138d049e
47.90295,29.335419,2016,,HUMAN_OBSERVATION,KW,1716511416,4fa7b334-ce0d-4e88-aaae-2e0c138d049e
46.9602,29.366991,2016,,HUMAN_OBSERVATION,KW,1716514570,4fa7b334-ce0d-4e88-aaae-2e0c138d049e
47.729656,29.248735,2016,,HUMAN_OBSERVATION,KW,1716515573,4fa7b334-ce0d-4e88-aaae-2e0c138d049e
48.392178,28.591267,2016,,HUMAN_OBSERVATION,KW,1716631160,4fa7b334-ce0d-4e88-aaae-2e0c138d049e
48.14135,29.076393,2016,,HUMAN_OBSERVATION,KW,1716635302,4fa7b334-ce0d-4e88-aaae-2e0c138d049e
47.720657,29.35925,2016,,HUMAN_OBSERVATION,KW,1716636118,4fa7b334-ce0d-4e88-aaae-2e0c138d049e
48.358967,28.64088,2016,,HUMAN_OBSERVATION,KW,1716638073,4fa7b334-ce0d-4e88-aaae-2e0c138d049e
47.75901,29.425617,2016,,HUMAN_OBSERVATION,KW,1716638191,4fa7b334-ce0d-4e88-aaae-2e0c138d049e
47.75901,29.425617,2016,,HUMAN_OBSERVATION,KW,1716905493,4fa7b334-ce0d-4e88-aaae-2e0c138d049e
47.720657,29.35925,2016,,HUMAN_OBSERVATION,KW,1716906689,4fa7b334-ce0d-4e88-aaae-2e0c138d049e
48.392178,28.591267,2016,,HUMAN_OBSERVATION,KW,1716906852,4fa7b334-ce0d-4e88-aaae-2e0c138d049e
48.14135,29.076393,2016,,HUMAN_OBSERVATION,KW,1716907779,4fa7b334-ce0d-4e88-aaae-2e0c138d049e
48.358967,28.64088,2016,,HUMAN_OBSERVATION,KW,1716907914,4fa7b334-ce0d-4e88-aaae-2e0c138d049e
48.02516,29.217413,2016,,HUMAN_OBSERVATION,KW,1722903222,4fa7b334-ce0d-4e88-aaae-2e0c138d049e
48.11621,29.1906,2016,,HUMAN_OBSERVATION,KW,1784860166,4fa7b334-ce0d-4e88-aaae-2e0c138d049e
47.949844,29.351652,2016,,HUMAN_OBSERVATION,KW,1786495321,4fa7b334-ce0d-4e88-aaae-2e0c138d049e
47.674255,29.351254,2016,,HUMAN_OBSERVATION,KW,1713245088,4fa7b334-ce0d-4e88-aaae-2e0c138d049e
47.707787,29.553898,2016,,HUMAN_OBSERVATION,KW,1713474103,4fa7b334-ce0d-4e88-aaae-2e0c138d049e
47.840996,28.630337,2016,,HUMAN_OBSERVATION,KW,1713633685,4fa7b334-ce0d-4e88-aaae-2e0c138d049e
48.13764,29.116022,2016,,HUMAN_OBSERVATION,KW,1714055507,4fa7b334-ce0d-4e88-aaae-2e0c138d049e
48.026817,29.364449,2016,,HUMAN_OBSERVATION,KW,1714235561,4fa7b334-ce0d-4e88-aaae-2e0c138d049e
48.020844,29.362223,2016,,HUMAN_OBSERVATION,KW,1714236061,4fa7b334-ce0d-4e88-aaae-2e0c138d049e
48.000984,29.388456,2016,,HUMAN_OBSERVATION,KW,1714477622,4fa7b334-ce0d-4e88-aaae-2e0c138d049e
48.13764,29.116022,2016,,HUMAN_OBSERVATION,KW,1714640239,4fa7b334-ce0d-4e88-aaae-2e0c138d049e
47.981415,29.326231,2016,,HUMAN_OBSERVATION,KW,1714981281,4fa7b334-ce0d-4e88-aaae-2e0c138d049e
48.026817,29.364449,2016,,HUMAN_OBSERVATION,KW,1715225239,4fa7b334-ce0d-4e88-aaae-2e0c138d049e
47.840996,28.630337,2016,,HUMAN_OBSERVATION,KW,1716439375,4fa7b334-ce0d-4e88-aaae-2e0c138d049e
48.38512,28.741928,2016,,HUMAN_OBSERVATION,KW,1716801505,4fa7b334-ce0d-4e88-aaae-2e0c138d049e
48.255344,32.014973,2016,,HUMAN_OBSERVATION,IR,1717005753,4fa7b334-ce0d-4e88-aaae-2e0c138d049e
48.542233,30.700516,2016,,HUMAN_OBSERVATION,IR,1717061754,4fa7b334-ce0d-4e88-aaae-2e0c138d049e
48.542233,30.700516,2016,,HUMAN_OBSERVATION,IR,1717069328,4fa7b334-ce0d-4e88-aaae-2e0c138d049e
48.455627,30.722801,2016,,HUMAN_OBSERVATION,IR,1717355643,4fa7b334-ce0d-4e88-aaae-2e0c138d049e
48.455627,30.722801,2016,,HUMAN_OBSERVATION,IR,1717355740,4fa7b334-ce0d-4e88-aaae-2e0c138d049e
48.96512,30.573051,2016,,HUMAN_OBSERVATION,IR,1717486799,4fa7b334-ce0d-4e88-aaae-2e0c138d049e
48.255344,32.014973,2016,,HUMAN_OBSERVATION,IR,1717560811,4fa7b334-ce0d-4e88-aaae-2e0c138d049e
48.96512,30.573051,2016,,HUMAN_OBSERVATION,IR,1717561720,4fa7b334-ce0d-4e88-aaae-2e0c138d049e
48.973682,31.2448,2016,,HUMAN_OBSERVATION,IR,1717976018,4fa7b334-ce0d-4e88-aaae-2e0c138d049e
48.973682,31.2448,2016,,HUMAN_OBSERVATION,IR,1717985356,4fa7b334-ce0d-4e88-aaae-2e0c138d049e
48.38512,28.741928,2016,,HUMAN_OBSERVATION,KW,1718134707,4fa7b334-ce0d-4e88-aaae-2e0c138d049e
47.707787,29.553898,2016,,HUMAN_OBSERVATION,KW,1718134892,4fa7b334-ce0d-4e88-aaae-2e0c138d049e
48.02516,29.217413,2016,,HUMAN_OBSERVATION,KW,1718599305,4fa7b334-ce0d-4e88-aaae-2e0c138d049e
48.38606,28.64303,2016,,HUMAN_OBSERVATION,KW,1722895640,4fa7b334-ce0d-4e88-aaae-2e0c138d049e
47.70817,29.553543,2016,,HUMAN_OBSERVATION,KW,1722906589,4fa7b334-ce0d-4e88-aaae-2e0c138d049e
44.389336,33.31597,2016,,HUMAN_OBSERVATION,IQ,1724149584,4fa7b334-ce0d-4e88-aaae-2e0c138d049e
47.707787,29.553898,2016,,HUMAN_OBSERVATION,KW,1784858099,4fa7b334-ce0d-4e88-aaae-2e0c138d049e
47.674255,29.351254,2016,,HUMAN_OBSERVATION,KW,1784858261,4fa7b334-ce0d-4e88-aaae-2e0c138d049e
48.026817,29.364449,2016,,HUMAN_OBSERVATION,KW,1786492201,4fa7b334-ce0d-4e88-aaae-2e0c138d049e
47.707787,29.553898,2016,,HUMAN_OBSERVATION,KW,4236419448,4fa7b334-ce0d-4e88-aaae-2e0c138d049e
47.699863,29.174362,2016,,HUMAN_OBSERVATION,KW,1719229703,4fa7b334-ce0d-4e88-aaae-2e0c138d049e
47.840996,28.630337,2016,,HUMAN_OBSERVATION,KW,1719579691,4fa7b334-ce0d-4e88-aaae-2e0c138d049e
47.693195,29.36198,2016,,HUMAN_OBSERVATION,KW,1719923874,4fa7b334-ce0d-4e88-aaae-2e0c138d049e
47.699863,29.174362,2016,,HUMAN_OBSERVATION,KW,1719990600,4fa7b334-ce0d-4e88-aaae-2e0c138d049e
48.02516,29.217413,2016,,HUMAN_OBSERVATION,KW,1720145683,4fa7b334-ce0d-4e88-aaae-2e0c138d049e
47.707787,29.553898,2016,,HUMAN_OBSERVATION,KW,1720244534,4fa7b334-ce0d-4e88-aaae-2e0c138d049e
48.02516,29.217413,2016,,HUMAN_OBSERVATION,KW,1720433647,4fa7b334-ce0d-4e88-aaae-2e0c138d049e
47.840996,28.630337,2016,,HUMAN_OBSERVATION,KW,1721252356,4fa7b334-ce0d-4e88-aaae-2e0c138d049e
48.30105,32.0546,2016,,HUMAN_OBSERVATION,IR,1721586500,4fa7b334-ce0d-4e88-aaae-2e0c138d049e
48.24712,32.191,2016,,HUMAN_OBSERVATION,IR,1721588650,4fa7b334-ce0d-4e88-aaae-2e0c138d049e
48.51899,32.02028,2016,,HUMAN_OBSERVATION,IR,1721601350,4fa7b334-ce0d-4e88-aaae-2e0c138d049e
47.707787,29.553898,2016,,HUMAN_OBSERVATION,KW,1721865955,4fa7b334-ce0d-4e88-aaae-2e0c138d049e
48.067062,29.343437,2016,,HUMAN_OBSERVATION,KW,1722168466,4fa7b334-ce0d-4e88-aaae-2e0c138d049e
48.85309,32.05086,2016,,HUMAN_OBSERVATION,IR,1722401547,4fa7b334-ce0d-4e88-aaae-2e0c138d049e
48.406963,32.68042,2016,,HUMAN_OBSERVATION,IR,1722449600,4fa7b334-ce0d-4e88-aaae-2e0c138d049e
47.707787,29.553898,2016,,HUMAN_OBSERVATION,KW,1722530526,4fa7b334-ce0d-4e88-aaae-2e0c138d049e
48.35943,32.29646,2016,,HUMAN_OBSERVATION,IR,1722581675,4fa7b334-ce0d-4e88-aaae-2e0c138d049e
48.005394,29.392519,2016,,HUMAN_OBSERVATION,KW,1722959833,4fa7b334-ce0d-4e88-aaae-2e0c138d049e
47.840996,28.630337,2016,,HUMAN_OBSERVATION,KW,1723107316,4fa7b334-ce0d-4e88-aaae-2e0c138d049e
48.005394,29.392519,2016,,HUMAN_OBSERVATION,KW,1723208705,4fa7b334-ce0d-4e88-aaae-2e0c138d049e
48.005394,29.392519,2016,,HUMAN_OBSERVATION,KW,1723209739,4fa7b334-ce0d-4e88-aaae-2e0c138d049e
47.946934,29.355097,2016,,HUMAN_OBSERVATION,KW,1723412327,4fa7b334-ce0d-4e88-aaae-2e0c138d049e
47.707787,29.553898,2016,,HUMAN_OBSERVATION,KW,1723733580,4fa7b334-ce0d-4e88-aaae-2e0c138d049e
47.674255,29.351254,2016,,HUMAN_OBSERVATION,KW,1723786862,4fa7b334-ce0d-4e88-aaae-2e0c138d049e
47.707787,29.553898,2016,,HUMAN_OBSERVATION,KW,1723996111,4fa7b334-ce0d-4e88-aaae-2e0c138d049e
48.122143,29.166296,2016,,HUMAN_OBSERVATION,KW,1724154111,4fa7b334-ce0d-4e88-aaae-2e0c138d049e
48.30593,28.766613,2016,,HUMAN_OBSERVATION,KW,1724329478,4fa7b334-ce0d-4e88-aaae-2e0c138d049e
47.707787,29.553898,2016,,HUMAN_OBSERVATION,KW,1724337796,4fa7b334-ce0d-4e88-aaae-2e0c138d049e
48.286026,28.88046,2016,,HUMAN_OBSERVATION,KW,1724503947,4fa7b334-ce0d-4e88-aaae-2e0c138d049e
47.840996,28.630337,2016,,HUMAN_OBSERVATION,KW,1724509566,4fa7b334-ce0d-4e88-aaae-2e0c138d049e
47.707787,29.553898,2016,,HUMAN_OBSERVATION,KW,1724511712,4fa7b334-ce0d-4e88-aaae-2e0c138d049e
48.53609,30.67727,2016,,HUMAN_OBSERVATION,IR,1725676058,4fa7b334-ce0d-4e88-aaae-2e0c138d049e
48.30593,28.766613,2016,,HUMAN_OBSERVATION,KW,1726945789,4fa7b334-ce0d-4e88-aaae-2e0c138d049e
48.02516,29.217413,2016,,HUMAN_OBSERVATION,KW,1726952921,4fa7b334-ce0d-4e88-aaae-2e0c138d049e
47.949844,29.351652,2016,,HUMAN_OBSERVATION,KW,1727934420,4fa7b334-ce0d-4e88-aaae-2e0c138d049e
48.122143,29.166296,2016,,HUMAN_OBSERVATION,KW,1784860132,4fa7b334-ce0d-4e88-aaae-2e0c138d049e
47.840996,28.630337,2016,,HUMAN_OBSERVATION,KW,1786139784,4fa7b334-ce0d-4e88-aaae-2e0c138d049e
48.286026,28.88046,2016,,HUMAN_OBSERVATION,KW,1786140463,4fa7b334-ce0d-4e88-aaae-2e0c138d049e
47.840996,28.630337,2016,,HUMAN_OBSERVATION,KW,1786143031,4fa7b334-ce0d-4e88-aaae-2e0c138d049e
47.840996,28.630337,2016,,HUMAN_OBSERVATION,KW,1786148168,4fa7b334-ce0d-4e88-aaae-2e0c138d049e
47.840996,28.630337,2016,,HUMAN_OBSERVATION,KW,1786152822,4fa7b334-ce0d-4e88-aaae-2e0c138d049e
47.707787,29.553898,2016,,HUMAN_OBSERVATION,KW,1786153772,4fa7b334-ce0d-4e88-aaae-2e0c138d049e
47.949844,29.351652,2016,,HUMAN_OBSERVATION,KW,1786485825,4fa7b334-ce0d-4e88-aaae-2e0c138d049e
47.693195,29.36198,2016,,HUMAN_OBSERVATION,KW,1786493241,4fa7b334-ce0d-4e88-aaae-2e0c138d049e
48.057667,29.282671,2016,,HUMAN_OBSERVATION,KW,1788113444,4fa7b334-ce0d-4e88-aaae-2e0c138d049e
45.503117,34.4113,2016,,HUMAN_OBSERVATION,IR,2219569007,4fa7b334-ce0d-4e88-aaae-2e0c138d049e
45.86908,34.46271,2016,,HUMAN_OBSERVATION,IR,2722616767,4fa7b334-ce0d-4e88-aaae-2e0c138d049e
45.583183,34.526825,2016,,HUMAN_OBSERVATION,IR,2799656538,4fa7b334-ce0d-4e88-aaae-2e0c138d049e
48.052547,29.095005,2016,,HUMAN_OBSERVATION,KW,5425928208,4fa7b334-ce0d-4e88-aaae-2e0c138d049e
48.30593,28.766613,2016,,HUMAN_OBSERVATION,KW,1724802082,4fa7b334-ce0d-4e88-aaae-2e0c138d049e
47.707787,29.553898,2016,,HUMAN_OBSERVATION,KW,1725813841,4fa7b334-ce0d-4e88-aaae-2e0c138d049e
47.707787,29.553898,2016,,HUMAN_OBSERVATION,KW,1726022530,4fa7b334-ce0d-4e88-aaae-2e0c138d049e
47.707787,29.553898,2016,,HUMAN_OBSERVATION,KW,1726354641,4fa7b334-ce0d-4e88-aaae-2e0c138d049e
47.707787,29.553898,2016,,HUMAN_OBSERVATION,KW,1726619488,4fa7b334-ce0d-4e88-aaae-2e0c138d049e
47.707787,29.553898,2016,,HUMAN_OBSERVATION,KW,1726650215,4fa7b334-ce0d-4e88-aaae-2e0c138d049e
47.707787,29.553898,2016,,HUMAN_OBSERVATION,KW,1727037903,4fa7b334-ce0d-4e88-aaae-2e0c138d049e
48.37997,28.665361,2016,,HUMAN_OBSERVATION,KW,1727207442,4fa7b334-ce0d-4e88-aaae-2e0c138d049e
47.707787,29.553898,2016,,HUMAN_OBSERVATION,KW,1727212744,4fa7b334-ce0d-4e88-aaae-2e0c138d049e
48.026817,29.364449,2016,,HUMAN_OBSERVATION,KW,1727515326,4fa7b334-ce0d-4e88-aaae-2e0c138d049e
47.707787,29.553898,2016,,HUMAN_OBSERVATION,KW,1727576337,4fa7b334-ce0d-4e88-aaae-2e0c138d049e
48.38512,28.741928,2016,,HUMAN_OBSERVATION,KW,1727579968,4fa7b334-ce0d-4e88-aaae-2e0c138d049e
47.707787,29.553898,2016,,HUMAN_OBSERVATION,KW,1728225636,4fa7b334-ce0d-4e88-aaae-2e0c138d049e
47.976803,29.386856,2016,,HUMAN_OBSERVATION,KW,1728705088,4fa7b334-ce0d-4e88-aaae-2e0c138d049e
47.707787,29.553898,2016,,HUMAN_OBSERVATION,KW,1728743811,4fa7b334-ce0d-4e88-aaae-2e0c138d049e
48.02516,29.217413,2016,,HUMAN_OBSERVATION,KW,1729265411,4fa7b334-ce0d-4e88-aaae-2e0c138d049e
47.707787,29.553898,2016,,HUMAN_OBSERVATION,KW,1729365692,4fa7b334-ce0d-4e88-aaae-2e0c138d049e
48.494633,32.440556,2016,,HUMAN_OBSERVATION,IR,1729448580,4fa7b334-ce0d-4e88-aaae-2e0c138d049e
47.693195,29.36198,2016,,HUMAN_OBSERVATION,KW,1729459654,4fa7b334-ce0d-4e88-aaae-2e0c138d049e
48.494633,32.440556,2016,,HUMAN_OBSERVATION,IR,1729461041,4fa7b334-ce0d-4e88-aaae-2e0c138d049e
48.494633,32.440556,2016,,HUMAN_OBSERVATION,IR,1729465591,4fa7b334-ce0d-4e88-aaae-2e0c138d049e
48.42322,32.409,2016,,HUMAN_OBSERVATION,IR,1729562911,4fa7b334-ce0d-4e88-aaae-2e0c138d049e
48.444233,31.95926,2016,,HUMAN_OBSERVATION,IR,1729593746,4fa7b334-ce0d-4e88-aaae-2e0c138d049e
48.533695,32.0653,2016,,HUMAN_OBSERVATION,IR,1729598410,4fa7b334-ce0d-4e88-aaae-2e0c138d049e
47.707787,29.553898,2016,,HUMAN_OBSERVATION,KW,1729599362,4fa7b334-ce0d-4e88-aaae-2e0c138d049e
48.533695,32.0653,2016,,HUMAN_OBSERVATION,IR,1729601760,4fa7b334-ce0d-4e88-aaae-2e0c138d049e
48.533695,32.0653,2016,,HUMAN_OBSERVATION,IR,1729602976,4fa7b334-ce0d-4e88-aaae-2e0c138d049e
48.444233,31.95926,2016,,HUMAN_OBSERVATION,IR,1729609870,4fa7b334-ce0d-4e88-aaae-2e0c138d049e
48.388184,28.662062,2016,,HUMAN_OBSERVATION,KW,1729623582,4fa7b334-ce0d-4e88-aaae-2e0c138d049e
48.522724,32.50371,2016,,HUMAN_OBSERVATION,IR,1729690908,4fa7b334-ce0d-4e88-aaae-2e0c138d049e
48.522724,32.50371,2016,,HUMAN_OBSERVATION,IR,1729703411,4fa7b334-ce0d-4e88-aaae-2e0c138d049e
48.522724,32.50371,2016,,HUMAN_OBSERVATION,IR,1729703540,4fa7b334-ce0d-4e88-aaae-2e0c138d049e
48.444233,31.95926,2016,,HUMAN_OBSERVATION,IR,1729715636,4fa7b334-ce0d-4e88-aaae-2e0c138d049e
47.707787,29.553898,2016,,HUMAN_OBSERVATION,KW,1729716744,4fa7b334-ce0d-4e88-aaae-2e0c138d049e
48.522724,32.50371,2016,,HUMAN_OBSERVATION,IR,1729869627,4fa7b334-ce0d-4e88-aaae-2e0c138d049e
48.444233,31.95926,2016,,HUMAN_OBSERVATION,IR,1729871776,4fa7b334-ce0d-4e88-aaae-2e0c138d049e
48.533695,32.0653,2016,,HUMAN_OBSERVATION,IR,1729874190,4fa7b334-ce0d-4e88-aaae-2e0c138d049e
48.45803,32.632362,2016,,HUMAN_OBSERVATION,IR,1729876917,4fa7b334-ce0d-4e88-aaae-2e0c138d049e
48.45803,32.632362,2016,,HUMAN_OBSERVATION,IR,1729879181,4fa7b334-ce0d-4e88-aaae-2e0c138d049e
48.494633,32.440556,2016,,HUMAN_OBSERVATION,IR,1729881300,4fa7b334-ce0d-4e88-aaae-2e0c138d049e
48.45803,32.632362,2016,,HUMAN_OBSERVATION,IR,1729884619,4fa7b334-ce0d-4e88-aaae-2e0c138d049e
48.45803,32.632362,2016,,HUMAN_OBSERVATION,IR,1729884627,4fa7b334-ce0d-4e88-aaae-2e0c138d049e
48.533695,32.0653,2016,,HUMAN_OBSERVATION,IR,1729964593,4fa7b334-ce0d-4e88-aaae-2e0c138d049e
48.522724,32.50371,2016,,HUMAN_OBSERVATION,IR,1729965263,4fa7b334-ce0d-4e88-aaae-2e0c138d049e
48.494633,32.440556,2016,,HUMAN_OBSERVATION,IR,1729965580,4fa7b334-ce0d-4e88-aaae-2e0c138d049e
48.444233,31.95926,2016,,HUMAN_OBSERVATION,IR,1729966717,4fa7b334-ce0d-4e88-aaae-2e0c138d049e
48.444233,31.95926,2016,,HUMAN_OBSERVATION,IR,1729967775,4fa7b334-ce0d-4e88-aaae-2e0c138d049e
48.45803,32.632362,2016,,HUMAN_OBSERVATION,IR,1729969077,4fa7b334-ce0d-4e88-aaae-2e0c138d049e
48.42322,32.409,2016,,HUMAN_OBSERVATION,IR,1729971520,4fa7b334-ce0d-4e88-aaae-2e0c138d049e
48.494633,32.440556,2016,,HUMAN_OBSERVATION,IR,1729973963,4fa7b334-ce0d-4e88-aaae-2e0c138d049e
48.522724,32.50371,2016,,HUMAN_OBSERVATION,IR,1729975266,4fa7b334-ce0d-4e88-aaae-2e0c138d049e
48.533695,32.0653,2016,,HUMAN_OBSERVATION,IR,1729976294,4fa7b334-ce0d-4e88-aaae-2e0c138d049e
48.45803,32.632362,2016,,HUMAN_OBSERVATION,IR,1729977640,4fa7b334-ce0d-4e88-aaae-2e0c138d049e
47.614403,29.590475,2016,,HUMAN_OBSERVATION,KW,1730008052,4fa7b334-ce0d-4e88-aaae-2e0c138d049e
48.02516,29.217413,2016,,HUMAN_OBSERVATION,KW,1731031227,4fa7b334-ce0d-4e88-aaae-2e0c138d049e
48.38512,28.741928,2016,,HUMAN_OBSERVATION,KW,1732209094,4fa7b334-ce0d-4e88-aaae-2e0c138d049e
48.38512,28.741928,2016,,HUMAN_OBSERVATION,KW,1732214163,4fa7b334-ce0d-4e88-aaae-2e0c138d049e
48.02516,29.217413,2016,,HUMAN_OBSERVATION,KW,1735850854,4fa7b334-ce0d-4e88-aaae-2e0c138d049e
48.02516,29.217413,2016,,HUMAN_OBSERVATION,KW,1735852031,4fa7b334-ce0d-4e88-aaae-2e0c138d049e
48.30593,28.766613,2016,,HUMAN_OBSERVATION,KW,1754654049,4fa7b334-ce0d-4e88-aaae-2e0c138d049e
48.38512,28.741928,2016,,HUMAN_OBSERVATION,KW,1784852704,4fa7b334-ce0d-4e88-aaae-2e0c138d049e
48.388184,28.662062,2016,,HUMAN_OBSERVATION,KW,1784852889,4fa7b334-ce0d-4e88-aaae-2e0c138d049e
47.707787,29.553898,2016,,HUMAN_OBSERVATION,KW,1786149036,4fa7b334-ce0d-4e88-aaae-2e0c138d049e
47.707787,29.553898,2016,,HUMAN_OBSERVATION,KW,1786150967,4fa7b334-ce0d-4e88-aaae-2e0c138d049e
48.521175,32.009014,2016,,HUMAN_OBSERVATION,IR,1788104582,4fa7b334-ce0d-4e88-aaae-2e0c138d049e
48.122143,29.166296,2016,,HUMAN_OBSERVATION,KW,2721525185,4fa7b334-ce0d-4e88-aaae-2e0c138d049e
47.707787,29.553898,2016,,HUMAN_OBSERVATION,KW,4306716551,4fa7b334-ce0d-4e88-aaae-2e0c138d049e
48.052547,29.095005,2016,,HUMAN_OBSERVATION,KW,5516914420,4fa7b334-ce0d-4e88-aaae-2e0c138d049e
48.02516,29.217413,2016,,HUMAN_OBSERVATION,KW,1733269185,4fa7b334-ce0d-4e88-aaae-2e0c138d049e
48.38512,28.741928,2016,,HUMAN_OBSERVATION,KW,1734458115,4fa7b334-ce0d-4e88-aaae-2e0c138d049e
44.977093,35.797295,2016,,HUMAN_OBSERVATION,IQ,1736959237,4fa7b334-ce0d-4e88-aaae-2e0c138d049e
48.090645,29.31922,2016,,HUMAN_OBSERVATION,KW,1738978356,4fa7b334-ce0d-4e88-aaae-2e0c138d049e
48.02516,29.217413,2016,,HUMAN_OBSERVATION,KW,1739041728,4fa7b334-ce0d-4e88-aaae-2e0c138d049e
48.284184,28.871944,2016,,HUMAN_OBSERVATION,KW,1739376846,4fa7b334-ce0d-4e88-aaae-2e0c138d049e
48.090645,29.31922,2016,,HUMAN_OBSERVATION,KW,1739681063,4fa7b334-ce0d-4e88-aaae-2e0c138d049e
40.421448,29.847275,2016,,HUMAN_OBSERVATION,SA,3567912801,4fa7b334-ce0d-4e88-aaae-2e0c138d049e
40.05329,36.909317,2016,,HUMAN_OBSERVATION,TR,5710814287,4fa7b334-ce0d-4e88-aaae-2e0c138d049e
47.707787,29.553898,2016,,HUMAN_OBSERVATION,KW,1755671522,4fa7b334-ce0d-4e88-aaae-2e0c138d049e
47.674255,29.351254,2016,,HUMAN_OBSERVATION,KW,1756009020,4fa7b334-ce0d-4e88-aaae-2e0c138d049e
48.074886,29.268997,2016,,HUMAN_OBSERVATION,KW,1757424479,4fa7b334-ce0d-4e88-aaae-2e0c138d049e
47.981415,29.326231,2016,,HUMAN_OBSERVATION,KW,1757954003,4fa7b334-ce0d-4e88-aaae-2e0c138d049e
47.674255,29.351254,2016,,HUMAN_OBSERVATION,KW,1784860626,4fa7b334-ce0d-4e88-aaae-2e0c138d049e
47.707787,29.553898,2016,,HUMAN_OBSERVATION,KW,1784865987,4fa7b334-ce0d-4e88-aaae-2e0c138d049e
48.074886,29.268997,2016,,HUMAN_OBSERVATION,KW,1786490261,4fa7b334-ce0d-4e88-aaae-2e0c138d049e
44.36554,33.94051,2016,,HUMAN_OBSERVATION,IQ,1759748610,4fa7b334-ce0d-4e88-aaae-2e0c138d049e
44.36554,33.94051,2016,,HUMAN_OBSERVATION,IQ,1760219769,4fa7b334-ce0d-4e88-aaae-2e0c138d049e
47.707787,29.553898,2016,,HUMAN_OBSERVATION,KW,1760782696,4fa7b334-ce0d-4e88-aaae-2e0c138d049e
47.840996,28.630337,2016,,HUMAN_OBSERVATION,KW,1760884518,4fa7b334-ce0d-4e88-aaae-2e0c138d049e
47.707787,29.553898,2016,,HUMAN_OBSERVATION,KW,1760889322,4fa7b334-ce0d-4e88-aaae-2e0c138d049e
47.707787,29.553898,2016,,HUMAN_OBSERVATION,KW,1761300210,4fa7b334-ce0d-4e88-aaae-2e0c138d049e
47.707787,29.553898,2016,,HUMAN_OBSERVATION,KW,1761406123,4fa7b334-ce0d-4e88-aaae-2e0c138d049e
47.707787,29.553898,2016,,HUMAN_OBSERVATION,KW,1761434302,4fa7b334-ce0d-4e88-aaae-2e0c138d049e
47.707787,29.553898,2016,,HUMAN_OBSERVATION,KW,1761446688,4fa7b334-ce0d-4e88-aaae-2e0c138d049e
47.707787,29.553898,2016,,HUMAN_OBSERVATION,KW,1761740147,4fa7b334-ce0d-4e88-aaae-2e0c138d049e
47.707787,29.553898,2016,,HUMAN_OBSERVATION,KW,1761742218,4fa7b334-ce0d-4e88-aaae-2e0c138d049e
47.707787,29.553898,2016,,HUMAN_OBSERVATION,KW,1761913181,4fa7b334-ce0d-4e88-aaae-2e0c138d049e
48.0514,29.276012,2016,,HUMAN_OBSERVATION,KW,1763826034,4fa7b334-ce0d-4e88-aaae-2e0c138d049e
48.08989,29.269043,2016,,HUMAN_OBSERVATION,KW,1764008891,4fa7b334-ce0d-4e88-aaae-2e0c138d049e
48.0514,29.276012,2016,,HUMAN_OBSERVATION,KW,1764217457,4fa7b334-ce0d-4e88-aaae-2e0c138d049e
44.36554,33.94051,2016,,HUMAN_OBSERVATION,IQ,1765114805,4fa7b334-ce0d-4e88-aaae-2e0c138d049e
47.840996,28.630337,2016,,HUMAN_OBSERVATION,KW,1786152791,4fa7b334-ce0d-4e88-aaae-2e0c138d049e
47.707787,29.553898,2016,,HUMAN_OBSERVATION,KW,1786497948,4fa7b334-ce0d-4e88-aaae-2e0c138d049e
47.707787,29.553898,2016,,HUMAN_OBSERVATION,KW,1786499213,4fa7b334-ce0d-4e88-aaae-2e0c138d049e
39.87958,29.81082,2016,,HUMAN_OBSERVATION,SA,4379074907,4fa7b334-ce0d-4e88-aaae-2e0c138d049e
44.36554,33.94051,2016,,HUMAN_OBSERVATION,IQ,1765181294,4fa7b334-ce0d-4e88-aaae-2e0c138d049e
47.707787,29.553898,2016,,HUMAN_OBSERVATION,KW,1765389530,4fa7b334-ce0d-4e88-aaae-2e0c138d049e
47.770287,30.030807,2016,,HUMAN_OBSERVATION,KW,1765391957,4fa7b334-ce0d-4e88-aaae-2e0c138d049e
44.36554,33.94051,2016,,HUMAN_OBSERVATION,IQ,1765580995,4fa7b334-ce0d-4e88-aaae-2e0c138d049e
44.36554,33.94051,2016,,HUMAN_OBSERVATION,IQ,1765596887,4fa7b334-ce0d-4e88-aaae-2e0c138d049e
48.1554,28.88062,2016,,HUMAN_OBSERVATION,KW,1765972879,4fa7b334-ce0d-4e88-aaae-2e0c138d049e
47.707787,29.553898,2016,,HUMAN_OBSERVATION,KW,1766950227,4fa7b334-ce0d-4e88-aaae-2e0c138d049e
44.36554,33.94051,2016,,HUMAN_OBSERVATION,IQ,1767673025,4fa7b334-ce0d-4e88-aaae-2e0c138d049e
48.392178,28.591267,2016,,HUMAN_OBSERVATION,KW,1768803902,4fa7b334-ce0d-4e88-aaae-2e0c138d049e
47.99427,29.373367,2016,,HUMAN_OBSERVATION,KW,1769419877,4fa7b334-ce0d-4e88-aaae-2e0c138d049e
48.026817,29.364449,2016,,HUMAN_OBSERVATION,KW,1769760173,4fa7b334-ce0d-4e88-aaae-2e0c138d049e
47.707787,29.553898,2016,,HUMAN_OBSERVATION,KW,1770504096,4fa7b334-ce0d-4e88-aaae-2e0c138d049e
48.284184,28.871944,2016,,HUMAN_OBSERVATION,KW,1770941523,4fa7b334-ce0d-4e88-aaae-2e0c138d049e
48.11621,29.1906,2016,,HUMAN_OBSERVATION,KW,1772808422,4fa7b334-ce0d-4e88-aaae-2e0c138d049e
48.026817,29.364449,2016,,HUMAN_OBSERVATION,KW,1772829085,4fa7b334-ce0d-4e88-aaae-2e0c138d049e
47.707787,29.553898,2016,,HUMAN_OBSERVATION,KW,1773514822,4fa7b334-ce0d-4e88-aaae-2e0c138d049e
48.043213,28.555576,2016,,HUMAN_OBSERVATION,KW,1773689987,4fa7b334-ce0d-4e88-aaae-2e0c138d049e
46.9602,29.366991,2016,,HUMAN_OBSERVATION,KW,1773713191,4fa7b334-ce0d-4e88-aaae-2e0c138d049e
47.707787,29.553898,2016,,HUMAN_OBSERVATION,KW,1773724442,4fa7b334-ce0d-4e88-aaae-2e0c138d049e
47.674255,29.351254,2016,,HUMAN_OBSERVATION,KW,1774044954,4fa7b334-ce0d-4e88-aaae-2e0c138d049e
47.707787,29.553898,2016,,HUMAN_OBSERVATION,KW,1774131918,4fa7b334-ce0d-4e88-aaae-2e0c138d049e
47.674255,29.351254,2016,,HUMAN_OBSERVATION,KW,1774141001,4fa7b334-ce0d-4e88-aaae-2e0c138d049e
48.122143,29.166296,2016,,HUMAN_OBSERVATION,KW,1774212603,4fa7b334-ce0d-4e88-aaae-2e0c138d049e
47.961014,29.281343,2016,,HUMAN_OBSERVATION,KW,1774225908,4fa7b334-ce0d-4e88-aaae-2e0c138d049e
48.026817,29.364449,2016,,HUMAN_OBSERVATION,KW,1774227558,4fa7b334-ce0d-4e88-aaae-2e0c138d049e
48.116333,29.18908,2016,,HUMAN_OBSERVATION,KW,1774228820,4fa7b334-ce0d-4e88-aaae-2e0c138d049e
48.122143,29.166296,2016,,HUMAN_OBSERVATION,KW,1774955063,4fa7b334-ce0d-4e88-aaae-2e0c138d049e
48.028214,29.365576,2016,,HUMAN_OBSERVATION,KW,1775909181,4fa7b334-ce0d-4e88-aaae-2e0c138d049e
48.028214,29.365576,2016,,HUMAN_OBSERVATION,KW,1775912724,4fa7b334-ce0d-4e88-aaae-2e0c138d049e
48.043213,28.555576,2016,,HUMAN_OBSERVATION,KW,1786149088,4fa7b334-ce0d-4e88-aaae-2e0c138d049e
48.122143,29.166296,2016,,HUMAN_OBSERVATION,KW,1786500403,4fa7b334-ce0d-4e88-aaae-2e0c138d049e
47.707787,29.553898,2016,,HUMAN_OBSERVATION,KW,3659937506,4fa7b334-ce0d-4e88-aaae-2e0c138d049e
48.11621,29.1906,2016,,HUMAN_OBSERVATION,KW,1777293491,4fa7b334-ce0d-4e88-aaae-2e0c138d049e
47.674255,29.351254,2016,,HUMAN_OBSERVATION,KW,1777392633,4fa7b334-ce0d-4e88-aaae-2e0c138d049e
47.770287,30.030807,2016,,HUMAN_OBSERVATION,KW,1777743262,4fa7b334-ce0d-4e88-aaae-2e0c138d049e
47.99427,29.373367,2016,,HUMAN_OBSERVATION,KW,1778048503,4fa7b334-ce0d-4e88-aaae-2e0c138d049e
47.99427,29.373367,2016,,HUMAN_OBSERVATION,KW,1778052374,4fa7b334-ce0d-4e88-aaae-2e0c138d049e
48.11621,29.1906,2016,,HUMAN_OBSERVATION,KW,1778061213,4fa7b334-ce0d-4e88-aaae-2e0c138d049e
48.122143,29.166296,2016,,HUMAN_OBSERVATION,KW,1778065618,4fa7b334-ce0d-4e88-aaae-2e0c138d049e
44.94436,35.872047,2016,,HUMAN_OBSERVATION,IQ,1778122121,4fa7b334-ce0d-4e88-aaae-2e0c138d049e
47.707787,29.553898,2016,,HUMAN_OBSERVATION,KW,1778610857,4fa7b334-ce0d-4e88-aaae-2e0c138d049e
47.707787,29.553898,2016,,HUMAN_OBSERVATION,KW,1779197063,4fa7b334-ce0d-4e88-aaae-2e0c138d049e
47.674255,29.351254,2016,,HUMAN_OBSERVATION,KW,1780647102,4fa7b334-ce0d-4e88-aaae-2e0c138d049e
48.284184,28.871944,2016,,HUMAN_OBSERVATION,KW,1780706510,4fa7b334-ce0d-4e88-aaae-2e0c138d049e
44.94436,35.872047,2016,,HUMAN_OBSERVATION,IQ,1783163921,4fa7b334-ce0d-4e88-aaae-2e0c138d049e
47.99427,29.373367,2016,,HUMAN_OBSERVATION,KW,1785054621,4fa7b334-ce0d-4e88-aaae-2e0c138d049e
47.707787,29.553898,2016,,HUMAN_OBSERVATION,KW,1785056286,4fa7b334-ce0d-4e88-aaae-2e0c138d049e
48.122143,29.166296,2016,,HUMAN_OBSERVATION,KW,3557281194,4fa7b334-ce0d-4e88-aaae-2e0c138d049e
47.770287,30.030807,2016,,HUMAN_OBSERVATION,KW,3573857039,4fa7b334-ce0d-4e88-aaae-2e0c138d049e
48.11621,29.1906,2016,,HUMAN_OBSERVATION,KW,3628989167,4fa7b334-ce0d-4e88-aaae-2e0c138d049e
47.99427,29.373367,2016,,HUMAN_OBSERVATION,KW,3647690212,4fa7b334-ce0d-4e88-aaae-2e0c138d049e
48.122143,29.166296,2016,,HUMAN_OBSERVATION,KW,3648907185,4fa7b334-ce0d-4e88-aaae-2e0c138d049e
47.674255,29.351254,2016,,HUMAN_OBSERVATION,KW,3660852652,4fa7b334-ce0d-4e88-aaae-2e0c138d049e
48.11621,29.1906,2016,,HUMAN_OBSERVATION,KW,3665182615,4fa7b334-ce0d-4e88-aaae-2e0c138d049e
48.11621,29.1906,2016,,HUMAN_OBSERVATION,KW,3686627105,4fa7b334-ce0d-4e88-aaae-2e0c138d049e
48.11621,29.1906,2016,,HUMAN_OBSERVATION,KW,3687739858,4fa7b334-ce0d-4e88-aaae-2e0c138d049e
47.99427,29.373367,2016,,HUMAN_OBSERVATION,KW,3690224168,4fa7b334-ce0d-4e88-aaae-2e0c138d049e
47.770287,30.030807,2016,,HUMAN_OBSERVATION,KW,3690224172,4fa7b334-ce0d-4e88-aaae-2e0c138d049e
47.674255,29.351254,2016,,HUMAN_OBSERVATION,KW,3693034810,4fa7b334-ce0d-4e88-aaae-2e0c138d049e
47.984867,29.32994,2016,,HUMAN_OBSERVATION,KW,5582257478,4fa7b334-ce0d-4e88-aaae-2e0c138d049e
47.989655,29.3726,2015,,HUMAN_OBSERVATION,KW,1344133674,4fa7b334-ce0d-4e88-aaae-2e0c138d049e
47.674255,29.351254,2015,,HUMAN_OBSERVATION,KW,1344296947,4fa7b334-ce0d-4e88-aaae-2e0c138d049e
47.830204,29.328382,2015,,HUMAN_OBSERVATION,KW,1344475604,4fa7b334-ce0d-4e88-aaae-2e0c138d049e
47.90269,29.334959,2015,,HUMAN_OBSERVATION,KW,1344700650,4fa7b334-ce0d-4e88-aaae-2e0c138d049e
48.068874,29.316475,2015,,HUMAN_OBSERVATION,KW,1344862498,4fa7b334-ce0d-4e88-aaae-2e0c138d049e
48.02516,29.217413,2015,,HUMAN_OBSERVATION,KW,1344890396,4fa7b334-ce0d-4e88-aaae-2e0c138d049e
47.902874,29.335093,2015,,HUMAN_OBSERVATION,KW,1345085628,4fa7b334-ce0d-4e88-aaae-2e0c138d049e
48.068874,29.316475,2015,,HUMAN_OBSERVATION,KW,1345153540,4fa7b334-ce0d-4e88-aaae-2e0c138d049e
47.949844,29.351652,2015,,HUMAN_OBSERVATION,KW,1345234196,4fa7b334-ce0d-4e88-aaae-2e0c138d049e
47.90863,29.357641,2015,,HUMAN_OBSERVATION,KW,1345241217,4fa7b334-ce0d-4e88-aaae-2e0c138d049e
47.90863,29.357641,2015,,HUMAN_OBSERVATION,KW,1345242280,4fa7b334-ce0d-4e88-aaae-2e0c138d049e
47.902874,29.335093,2015,,HUMAN_OBSERVATION,KW,1345422663,4fa7b334-ce0d-4e88-aaae-2e0c138d049e
47.902874,29.335093,2015,,HUMAN_OBSERVATION,KW,1345423776,4fa7b334-ce0d-4e88-aaae-2e0c138d049e
47.830204,29.328382,2015,,HUMAN_OBSERVATION,KW,1345706378,4fa7b334-ce0d-4e88-aaae-2e0c138d049e
47.90953,29.344698,2015,,HUMAN_OBSERVATION,KW,1345853583,4fa7b334-ce0d-4e88-aaae-2e0c138d049e
47.80639,29.34835,2015,,HUMAN_OBSERVATION,KW,1345875030,4fa7b334-ce0d-4e88-aaae-2e0c138d049e
47.880135,29.323654,2015,,HUMAN_OBSERVATION,KW,1345896732,4fa7b334-ce0d-4e88-aaae-2e0c138d049e
47.90863,29.357641,2015,,HUMAN_OBSERVATION,KW,1345981887,4fa7b334-ce0d-4e88-aaae-2e0c138d049e
47.902874,29.335093,2015,,HUMAN_OBSERVATION,KW,1346057769,4fa7b334-ce0d-4e88-aaae-2e0c138d049e
47.90282,29.334694,2015,,HUMAN_OBSERVATION,KW,1346238183,4fa7b334-ce0d-4e88-aaae-2e0c138d049e
47.870865,29.322924,2015,,HUMAN_OBSERVATION,KW,1346244314,4fa7b334-ce0d-4e88-aaae-2e0c138d049e
47.90282,29.334694,2015,,HUMAN_OBSERVATION,KW,1346248435,4fa7b334-ce0d-4e88-aaae-2e0c138d049e
47.90863,29.357641,2015,,HUMAN_OBSERVATION,KW,1346249392,4fa7b334-ce0d-4e88-aaae-2e0c138d049e
47.90953,29.344698,2015,,HUMAN_OBSERVATION,KW,1346249419,4fa7b334-ce0d-4e88-aaae-2e0c138d049e
48.087387,29.343912,2015,,HUMAN_OBSERVATION,KW,1346450492,4fa7b334-ce0d-4e88-aaae-2e0c138d049e
48.09665,29.352262,2015,,HUMAN_OBSERVATION,KW,1346463591,4fa7b334-ce0d-4e88-aaae-2e0c138d049e
48.026817,29.364449,2015,,HUMAN_OBSERVATION,KW,1346698062,4fa7b334-ce0d-4e88-aaae-2e0c138d049e
47.709053,29.555498,2015,,HUMAN_OBSERVATION,KW,1346765923,4fa7b334-ce0d-4e88-aaae-2e0c138d049e
48.111237,29.195866,2015,,HUMAN_OBSERVATION,KW,1346814126,4fa7b334-ce0d-4e88-aaae-2e0c138d049e
47.909,29.572233,2015,,HUMAN_OBSERVATION,KW,1346898284,4fa7b334-ce0d-4e88-aaae-2e0c138d049e
47.909,29.572233,2015,,HUMAN_OBSERVATION,KW,1347245322,4fa7b334-ce0d-4e88-aaae-2e0c138d049e
46.9602,29.366991,2015,,HUMAN_OBSERVATION,KW,1347382313,4fa7b334-ce0d-4e88-aaae-2e0c138d049e
46.9602,29.366991,2015,,HUMAN_OBSERVATION,KW,1347390957,4fa7b334-ce0d-4e88-aaae-2e0c138d049e
48.026817,29.364449,2015,,HUMAN_OBSERVATION,KW,1347394713,4fa7b334-ce0d-4e88-aaae-2e0c138d049e
47.812458,29.339611,2015,,HUMAN_OBSERVATION,KW,1347729558,4fa7b334-ce0d-4e88-aaae-2e0c138d049e
47.674255,29.351254,2015,,HUMAN_OBSERVATION,KW,1347733162,4fa7b334-ce0d-4e88-aaae-2e0c138d049e
48.026817,29.364449,2015,,HUMAN_OBSERVATION,KW,1347905008,4fa7b334-ce0d-4e88-aaae-2e0c138d049e
48.026817,29.364449,2015,,HUMAN_OBSERVATION,KW,1347937745,4fa7b334-ce0d-4e88-aaae-2e0c138d049e
48.10175,29.082802,2015,,HUMAN_OBSERVATION,KW,1347944572,4fa7b334-ce0d-4e88-aaae-2e0c138d049e
48.026817,29.364449,2015,,HUMAN_OBSERVATION,KW,1348055650,4fa7b334-ce0d-4e88-aaae-2e0c138d049e
48.026817,29.364449,2015,,HUMAN_OBSERVATION,KW,1348064309,4fa7b334-ce0d-4e88-aaae-2e0c138d049e
47.802135,29.343342,2015,,HUMAN_OBSERVATION,KW,1348068375,4fa7b334-ce0d-4e88-aaae-2e0c138d049e
47.902874,29.335093,2015,,HUMAN_OBSERVATION,KW,1348077965,4fa7b334-ce0d-4e88-aaae-2e0c138d049e
48.026817,29.364449,2015,,HUMAN_OBSERVATION,KW,1348395897,4fa7b334-ce0d-4e88-aaae-2e0c138d049e
48.111237,29.195866,2015,,HUMAN_OBSERVATION,KW,1348402349,4fa7b334-ce0d-4e88-aaae-2e0c138d049e
47.802135,29.343342,2015,,HUMAN_OBSERVATION,KW,1348403515,4fa7b334-ce0d-4e88-aaae-2e0c138d049e
47.674255,29.351254,2015,,HUMAN_OBSERVATION,KW,1348408876,4fa7b334-ce0d-4e88-aaae-2e0c138d049e
48.10175,29.082802,2015,,HUMAN_OBSERVATION,KW,1348410913,4fa7b334-ce0d-4e88-aaae-2e0c138d049e
47.782463,29.271421,2015,,HUMAN_OBSERVATION,KW,1351897102,4fa7b334-ce0d-4e88-aaae-2e0c138d049e
48.02516,29.217413,2015,,HUMAN_OBSERVATION,KW,1351909321,4fa7b334-ce0d-4e88-aaae-2e0c138d049e
47.830204,29.328382,2015,,HUMAN_OBSERVATION,KW,1405698431,4fa7b334-ce0d-4e88-aaae-2e0c138d049e
48.09665,29.352262,2015,,HUMAN_OBSERVATION,KW,1405699763,4fa7b334-ce0d-4e88-aaae-2e0c138d049e
48.087387,29.343912,2015,,HUMAN_OBSERVATION,KW,1405699812,4fa7b334-ce0d-4e88-aaae-2e0c138d049e
48.026817,29.364449,2015,,HUMAN_OBSERVATION,KW,1405702496,4fa7b334-ce0d-4e88-aaae-2e0c138d049e
47.830204,29.328382,2015,,HUMAN_OBSERVATION,KW,1405706575,4fa7b334-ce0d-4e88-aaae-2e0c138d049e
47.902874,29.335093,2015,,HUMAN_OBSERVATION,KW,1405712019,4fa7b334-ce0d-4e88-aaae-2e0c138d049e
47.902874,29.335093,2015,,HUMAN_OBSERVATION,KW,1405713457,4fa7b334-ce0d-4e88-aaae-2e0c138d049e
47.902874,29.335093,2015,,HUMAN_OBSERVATION,KW,1406148050,4fa7b334-ce0d-4e88-aaae-2e0c138d049e
47.880135,29.323654,2015,,HUMAN_OBSERVATION,KW,1406625289,4fa7b334-ce0d-4e88-aaae-2e0c138d049e
48.026817,29.364449,2015,,HUMAN_OBSERVATION,KW,1348131445,4fa7b334-ce0d-4e88-aaae-2e0c138d049e
48.026817,29.364449,2015,,HUMAN_OBSERVATION,KW,1348136992,4fa7b334-ce0d-4e88-aaae-2e0c138d049e
48.026817,29.364449,2015,,HUMAN_OBSERVATION,KW,1348137004,4fa7b334-ce0d-4e88-aaae-2e0c138d049e
47.674255,29.351254,2015,,HUMAN_OBSERVATION,KW,1348347069,4fa7b334-ce0d-4e88-aaae-2e0c138d049e
48.02516,29.217413,2015,,HUMAN_OBSERVATION,KW,1348435732,4fa7b334-ce0d-4e88-aaae-2e0c138d049e
47.944595,29.344395,2015,,HUMAN_OBSERVATION,KW,1348441078,4fa7b334-ce0d-4e88-aaae-2e0c138d049e
47.902874,29.335093,2015,,HUMAN_OBSERVATION,KW,1348599093,4fa7b334-ce0d-4e88-aaae-2e0c138d049e
47.840996,28.630337,2015,,HUMAN_OBSERVATION,KW,1349069852,4fa7b334-ce0d-4e88-aaae-2e0c138d049e
47.770287,30.030807,2015,,HUMAN_OBSERVATION,KW,1349484421,4fa7b334-ce0d-4e88-aaae-2e0c138d049e
47.693195,29.36198,2015,,HUMAN_OBSERVATION,KW,1350313347,4fa7b334-ce0d-4e88-aaae-2e0c138d049e
47.730595,29.357735,2015,,HUMAN_OBSERVATION,KW,1350322335,4fa7b334-ce0d-4e88-aaae-2e0c138d049e
48.39266,28.658012,2015,,HUMAN_OBSERVATION,KW,1351467125,4fa7b334-ce0d-4e88-aaae-2e0c138d049e
48.10175,29.082802,2015,,HUMAN_OBSERVATION,KW,1351475654,4fa7b334-ce0d-4e88-aaae-2e0c138d049e
48.026817,29.364449,2015,,HUMAN_OBSERVATION,KW,1351511743,4fa7b334-ce0d-4e88-aaae-2e0c138d049e
48.390488,28.65107,2015,,HUMAN_OBSERVATION,KW,1351729311,4fa7b334-ce0d-4e88-aaae-2e0c138d049e
48.390488,28.65107,2015,,HUMAN_OBSERVATION,KW,1351903252,4fa7b334-ce0d-4e88-aaae-2e0c138d049e
47.70817,29.553543,2015,,HUMAN_OBSERVATION,KW,1351906353,4fa7b334-ce0d-4e88-aaae-2e0c138d049e
48.02516,29.217413,2015,,HUMAN_OBSERVATION,KW,1351910414,4fa7b334-ce0d-4e88-aaae-2e0c138d049e
48.39615,28.559195,2015,,HUMAN_OBSERVATION,KW,1351923143,4fa7b334-ce0d-4e88-aaae-2e0c138d049e
48.397312,28.583117,2015,,HUMAN_OBSERVATION,KW,1351924546,4fa7b334-ce0d-4e88-aaae-2e0c138d049e
48.38606,28.64303,2015,,HUMAN_OBSERVATION,KW,1351927232,4fa7b334-ce0d-4e88-aaae-2e0c138d049e
48.38606,28.64303,2015,,HUMAN_OBSERVATION,KW,1352010360,4fa7b334-ce0d-4e88-aaae-2e0c138d049e
48.35506,28.668985,2015,,HUMAN_OBSERVATION,KW,1352196640,4fa7b334-ce0d-4e88-aaae-2e0c138d049e
47.802135,29.343342,2015,,HUMAN_OBSERVATION,KW,1352617829,4fa7b334-ce0d-4e88-aaae-2e0c138d049e
48.10175,29.082802,2015,,HUMAN_OBSERVATION,KW,1380454270,4fa7b334-ce0d-4e88-aaae-2e0c138d049e
48.38606,28.64303,2015,,HUMAN_OBSERVATION,KW,1380458479,4fa7b334-ce0d-4e88-aaae-2e0c138d049e
47.770287,30.030807,2015,,HUMAN_OBSERVATION,KW,1380470800,4fa7b334-ce0d-4e88-aaae-2e0c138d049e
47.840996,28.630337,2015,,HUMAN_OBSERVATION,KW,1405695645,4fa7b334-ce0d-4e88-aaae-2e0c138d049e
47.802135,29.343342,2015,,HUMAN_OBSERVATION,KW,1405702516,4fa7b334-ce0d-4e88-aaae-2e0c138d049e
47.902874,29.335093,2015,,HUMAN_OBSERVATION,KW,1405714792,4fa7b334-ce0d-4e88-aaae-2e0c138d049e
47.90953,29.344698,2015,,HUMAN_OBSERVATION,KW,1352343338,4fa7b334-ce0d-4e88-aaae-2e0c138d049e
47.812458,29.339611,2015,,HUMAN_OBSERVATION,KW,1352386873,4fa7b334-ce0d-4e88-aaae-2e0c138d049e
47.674255,29.351254,2015,,HUMAN_OBSERVATION,KW,1352450988,4fa7b334-ce0d-4e88-aaae-2e0c138d049e
47.840996,28.630337,2015,,HUMAN_OBSERVATION,KW,1352613772,4fa7b334-ce0d-4e88-aaae-2e0c138d049e
47.707787,29.553898,2015,,HUMAN_OBSERVATION,KW,1352761189,4fa7b334-ce0d-4e88-aaae-2e0c138d049e
47.949844,29.351652,2015,,HUMAN_OBSERVATION,KW,1352957074,4fa7b334-ce0d-4e88-aaae-2e0c138d049e
48.35506,28.668985,2015,,HUMAN_OBSERVATION,KW,1353088640,4fa7b334-ce0d-4e88-aaae-2e0c138d049e
48.35506,28.668985,2015,,HUMAN_OBSERVATION,KW,1353268152,4fa7b334-ce0d-4e88-aaae-2e0c138d049e
47.707787,29.553898,2015,,HUMAN_OBSERVATION,KW,1353365982,4fa7b334-ce0d-4e88-aaae-2e0c138d049e
48.36644,28.671669,2015,,HUMAN_OBSERVATION,KW,1353396274,4fa7b334-ce0d-4e88-aaae-2e0c138d049e
48.026817,29.364449,2015,,HUMAN_OBSERVATION,KW,1353547039,4fa7b334-ce0d-4e88-aaae-2e0c138d049e
48.026817,29.364449,2015,,HUMAN_OBSERVATION,KW,1353647726,4fa7b334-ce0d-4e88-aaae-2e0c138d049e
47.840996,29.321728,2015,,HUMAN_OBSERVATION,KW,1353651730,4fa7b334-ce0d-4e88-aaae-2e0c138d049e
48.543648,32.032455,2015,,HUMAN_OBSERVATION,IR,1353872534,4fa7b334-ce0d-4e88-aaae-2e0c138d049e
48.35671,32.293808,2015,,HUMAN_OBSERVATION,IR,1353880632,4fa7b334-ce0d-4e88-aaae-2e0c138d049e
48.858547,32.044586,2015,,HUMAN_OBSERVATION,IR,1353882765,4fa7b334-ce0d-4e88-aaae-2e0c138d049e
47.90953,29.344698,2015,,HUMAN_OBSERVATION,KW,1353917340,4fa7b334-ce0d-4e88-aaae-2e0c138d049e
47.90953,29.344698,2015,,HUMAN_OBSERVATION,KW,1353999268,4fa7b334-ce0d-4e88-aaae-2e0c138d049e
48.35671,32.226017,2015,,HUMAN_OBSERVATION,IR,1354050856,4fa7b334-ce0d-4e88-aaae-2e0c138d049e
48.2388,32.069775,2015,,HUMAN_OBSERVATION,IR,1354057271,4fa7b334-ce0d-4e88-aaae-2e0c138d049e
47.709156,29.552362,2015,,HUMAN_OBSERVATION,KW,1354068062,4fa7b334-ce0d-4e88-aaae-2e0c138d049e
47.674255,29.351254,2015,,HUMAN_OBSERVATION,KW,1354068248,4fa7b334-ce0d-4e88-aaae-2e0c138d049e
47.674255,29.351254,2015,,HUMAN_OBSERVATION,KW,1354250029,4fa7b334-ce0d-4e88-aaae-2e0c138d049e
47.709156,29.552362,2015,,HUMAN_OBSERVATION,KW,1354261891,4fa7b334-ce0d-4e88-aaae-2e0c138d049e
48.057617,29.202045,2015,,HUMAN_OBSERVATION,KW,1354609190,4fa7b334-ce0d-4e88-aaae-2e0c138d049e
47.902874,29.335093,2015,,HUMAN_OBSERVATION,KW,1354669346,4fa7b334-ce0d-4e88-aaae-2e0c138d049e
48.10175,29.082802,2015,,HUMAN_OBSERVATION,KW,1354847454,4fa7b334-ce0d-4e88-aaae-2e0c138d049e
47.699863,29.174362,2015,,HUMAN_OBSERVATION,KW,1354941504,4fa7b334-ce0d-4e88-aaae-2e0c138d049e
46.9602,29.366991,2015,,HUMAN_OBSERVATION,KW,1354996763,4fa7b334-ce0d-4e88-aaae-2e0c138d049e
47.802135,29.343342,2015,,HUMAN_OBSERVATION,KW,1355020089,4fa7b334-ce0d-4e88-aaae-2e0c138d049e
47.707787,29.553898,2015,,HUMAN_OBSERVATION,KW,1355022369,4fa7b334-ce0d-4e88-aaae-2e0c138d049e
46.9602,29.366991,2015,,HUMAN_OBSERVATION,KW,1355852672,4fa7b334-ce0d-4e88-aaae-2e0c138d049e
48.026817,29.364449,2015,,HUMAN_OBSERVATION,KW,1355883847,4fa7b334-ce0d-4e88-aaae-2e0c138d049e
48.35506,28.668985,2015,,HUMAN_OBSERVATION,KW,1355908022,4fa7b334-ce0d-4e88-aaae-2e0c138d049e
47.829624,29.37335,2015,,HUMAN_OBSERVATION,KW,1356169820,4fa7b334-ce0d-4e88-aaae-2e0c138d049e
47.693195,29.36198,2015,,HUMAN_OBSERVATION,KW,1356387601,4fa7b334-ce0d-4e88-aaae-2e0c138d049e
47.693195,29.36198,2015,,HUMAN_OBSERVATION,KW,1356430659,4fa7b334-ce0d-4e88-aaae-2e0c138d049e
47.674255,29.351254,2015,,HUMAN_OBSERVATION,KW,1356435689,4fa7b334-ce0d-4e88-aaae-2e0c138d049e
47.941917,29.296724,2015,,HUMAN_OBSERVATION,KW,1356442799,4fa7b334-ce0d-4e88-aaae-2e0c138d049e
48.026817,29.364449,2015,,HUMAN_OBSERVATION,KW,1356667724,4fa7b334-ce0d-4e88-aaae-2e0c138d049e
47.707787,29.553898,2015,,HUMAN_OBSERVATION,KW,1356671288,4fa7b334-ce0d-4e88-aaae-2e0c138d049e
47.674255,29.351254,2015,,HUMAN_OBSERVATION,KW,1356674445,4fa7b334-ce0d-4e88-aaae-2e0c138d049e
47.709156,29.552362,2015,,HUMAN_OBSERVATION,KW,1356697143,4fa7b334-ce0d-4e88-aaae-2e0c138d049e
47.674255,29.351254,2015,,HUMAN_OBSERVATION,KW,1356933044,4fa7b334-ce0d-4e88-aaae-2e0c138d049e
47.707787,29.553898,2015,,HUMAN_OBSERVATION,KW,1357066913,4fa7b334-ce0d-4e88-aaae-2e0c138d049e
48.2388,32.069775,2015,,HUMAN_OBSERVATION,IR,1375563147,4fa7b334-ce0d-4e88-aaae-2e0c138d049e
48.35671,32.293808,2015,,HUMAN_OBSERVATION,IR,1375564391,4fa7b334-ce0d-4e88-aaae-2e0c138d049e
48.35671,32.226017,2015,,HUMAN_OBSERVATION,IR,1375567933,4fa7b334-ce0d-4e88-aaae-2e0c138d049e
48.858547,32.044586,2015,,HUMAN_OBSERVATION,IR,1375571532,4fa7b334-ce0d-4e88-aaae-2e0c138d049e
47.709156,29.552362,2015,,HUMAN_OBSERVATION,KW,1380454349,4fa7b334-ce0d-4e88-aaae-2e0c138d049e
47.674255,29.351254,2015,,HUMAN_OBSERVATION,KW,1380455694,4fa7b334-ce0d-4e88-aaae-2e0c138d049e
47.674255,29.351254,2015,,HUMAN_OBSERVATION,KW,1380455749,4fa7b334-ce0d-4e88-aaae-2e0c138d049e
47.693195,29.36198,2015,,HUMAN_OBSERVATION,KW,1380461447,4fa7b334-ce0d-4e88-aaae-2e0c138d049e
46.9602,29.366991,2015,,HUMAN_OBSERVATION,KW,1380464219,4fa7b334-ce0d-4e88-aaae-2e0c138d049e
47.709156,29.552362,2015,,HUMAN_OBSERVATION,KW,1380468304,4fa7b334-ce0d-4e88-aaae-2e0c138d049e
48.10175,29.082802,2015,,HUMAN_OBSERVATION,KW,1380469578,4fa7b334-ce0d-4e88-aaae-2e0c138d049e
48.38606,28.64303,2015,,HUMAN_OBSERVATION,KW,1397570686,4fa7b334-ce0d-4e88-aaae-2e0c138d049e
48.38606,28.64303,2015,,HUMAN_OBSERVATION,KW,1397578076,4fa7b334-ce0d-4e88-aaae-2e0c138d049e
47.829624,29.37335,2015,,HUMAN_OBSERVATION,KW,1405697053,4fa7b334-ce0d-4e88-aaae-2e0c138d049e
47.902874,29.335093,2015,,HUMAN_OBSERVATION,KW,1405702511,4fa7b334-ce0d-4e88-aaae-2e0c138d049e
47.802135,29.343342,2015,,HUMAN_OBSERVATION,KW,1405707929,4fa7b334-ce0d-4e88-aaae-2e0c138d049e
47.840996,28.630337,2015,,HUMAN_OBSERVATION,KW,1405708005,4fa7b334-ce0d-4e88-aaae-2e0c138d049e
48.36644,28.671669,2015,,HUMAN_OBSERVATION,KW,1405713440,4fa7b334-ce0d-4e88-aaae-2e0c138d049e
48.210487,32.195393,2015,,HUMAN_OBSERVATION,IR,1405976936,4fa7b334-ce0d-4e88-aaae-2e0c138d049e
48.3697,32.328156,2015,,HUMAN_OBSERVATION,IR,1405979787,4fa7b334-ce0d-4e88-aaae-2e0c138d049e
47.674255,29.351254,2015,,HUMAN_OBSERVATION,KW,1406105562,4fa7b334-ce0d-4e88-aaae-2e0c138d049e
48.057617,29.202045,2015,,HUMAN_OBSERVATION,KW,1406120505,4fa7b334-ce0d-4e88-aaae-2e0c138d049e
48.35671,32.226017,2015,,HUMAN_OBSERVATION,IR,1406429992,4fa7b334-ce0d-4e88-aaae-2e0c138d049e
48.2388,32.069775,2015,,HUMAN_OBSERVATION,IR,1406433851,4fa7b334-ce0d-4e88-aaae-2e0c138d049e
48.543648,32.032455,2015,,HUMAN_OBSERVATION,IR,1406436457,4fa7b334-ce0d-4e88-aaae-2e0c138d049e
48.858547,32.044586,2015,,HUMAN_OBSERVATION,IR,1406437809,4fa7b334-ce0d-4e88-aaae-2e0c138d049e
48.35671,32.293808,2015,,HUMAN_OBSERVATION,IR,1406439131,4fa7b334-ce0d-4e88-aaae-2e0c138d049e
48.543648,32.032455,2015,,HUMAN_OBSERVATION,IR,1410352357,4fa7b334-ce0d-4e88-aaae-2e0c138d049e
45.431,35.56482,2015,,HUMAN_OBSERVATION,IQ,1789033057,4fa7b334-ce0d-4e88-aaae-2e0c138d049e
48.002895,29.389055,2015,,HUMAN_OBSERVATION,KW,1357782193,4fa7b334-ce0d-4e88-aaae-2e0c138d049e
47.944557,29.296164,2015,,HUMAN_OBSERVATION,KW,1357925117,4fa7b334-ce0d-4e88-aaae-2e0c138d049e
48.04362,29.34167,2015,,HUMAN_OBSERVATION,KW,1357927311,4fa7b334-ce0d-4e88-aaae-2e0c138d049e
48.026817,29.364449,2015,,HUMAN_OBSERVATION,KW,1358138741,4fa7b334-ce0d-4e88-aaae-2e0c138d049e
48.043213,28.555576,2015,,HUMAN_OBSERVATION,KW,1358159060,4fa7b334-ce0d-4e88-aaae-2e0c138d049e
47.840996,28.630337,2015,,HUMAN_OBSERVATION,KW,1358486847,4fa7b334-ce0d-4e88-aaae-2e0c138d049e
47.880135,29.323654,2015,,HUMAN_OBSERVATION,KW,1358544712,4fa7b334-ce0d-4e88-aaae-2e0c138d049e
48.026817,29.364449,2015,,HUMAN_OBSERVATION,KW,1358628827,4fa7b334-ce0d-4e88-aaae-2e0c138d049e
47.707787,29.553898,2015,,HUMAN_OBSERVATION,KW,1358642680,4fa7b334-ce0d-4e88-aaae-2e0c138d049e
47.674255,29.351254,2015,,HUMAN_OBSERVATION,KW,1358802212,4fa7b334-ce0d-4e88-aaae-2e0c138d049e
47.75465,29.257349,2015,,HUMAN_OBSERVATION,KW,1358804673,4fa7b334-ce0d-4e88-aaae-2e0c138d049e
47.707787,29.553898,2015,,HUMAN_OBSERVATION,KW,1358805543,4fa7b334-ce0d-4e88-aaae-2e0c138d049e
47.880135,29.323654,2015,,HUMAN_OBSERVATION,KW,1358923211,4fa7b334-ce0d-4e88-aaae-2e0c138d049e
47.949844,29.351652,2015,,HUMAN_OBSERVATION,KW,1359289789,4fa7b334-ce0d-4e88-aaae-2e0c138d049e
47.99427,29.373367,2015,,HUMAN_OBSERVATION,KW,1359292002,4fa7b334-ce0d-4e88-aaae-2e0c138d049e
48.09665,29.352262,2015,,HUMAN_OBSERVATION,KW,1359297237,4fa7b334-ce0d-4e88-aaae-2e0c138d049e
48.40104,28.549696,2015,,HUMAN_OBSERVATION,KW,1359382494,4fa7b334-ce0d-4e88-aaae-2e0c138d049e
47.707787,29.553898,2015,,HUMAN_OBSERVATION,KW,1359477743,4fa7b334-ce0d-4e88-aaae-2e0c138d049e
47.949844,29.351652,2015,,HUMAN_OBSERVATION,KW,1359515755,4fa7b334-ce0d-4e88-aaae-2e0c138d049e
48.075336,29.092064,2015,,HUMAN_OBSERVATION,KW,1359619485,4fa7b334-ce0d-4e88-aaae-2e0c138d049e
47.707787,29.553898,2015,,HUMAN_OBSERVATION,KW,1359750100,4fa7b334-ce0d-4e88-aaae-2e0c138d049e
47.90282,29.334694,2015,,HUMAN_OBSERVATION,KW,1359754797,4fa7b334-ce0d-4e88-aaae-2e0c138d049e
47.94922,29.355413,2015,,HUMAN_OBSERVATION,KW,1359756704,4fa7b334-ce0d-4e88-aaae-2e0c138d049e
47.707787,29.553898,2015,,HUMAN_OBSERVATION,KW,1360144793,4fa7b334-ce0d-4e88-aaae-2e0c138d049e
47.707787,29.553898,2015,,HUMAN_OBSERVATION,KW,1360149254,4fa7b334-ce0d-4e88-aaae-2e0c138d049e
47.674255,29.351254,2015,,HUMAN_OBSERVATION,KW,1360443352,4fa7b334-ce0d-4e88-aaae-2e0c138d049e
44.92447,36.113472,2015,,HUMAN_OBSERVATION,IQ,1360445362,4fa7b334-ce0d-4e88-aaae-2e0c138d049e
47.75465,29.257349,2015,,HUMAN_OBSERVATION,KW,1360499091,4fa7b334-ce0d-4e88-aaae-2e0c138d049e
47.674255,29.351254,2015,,HUMAN_OBSERVATION,KW,1360506482,4fa7b334-ce0d-4e88-aaae-2e0c138d049e
47.707787,29.553898,2015,,HUMAN_OBSERVATION,KW,1360507765,4fa7b334-ce0d-4e88-aaae-2e0c138d049e
48.40104,28.549696,2015,,HUMAN_OBSERVATION,KW,1360511229,4fa7b334-ce0d-4e88-aaae-2e0c138d049e
47.674255,29.351254,2015,,HUMAN_OBSERVATION,KW,1360755484,4fa7b334-ce0d-4e88-aaae-2e0c138d049e
47.707787,29.553898,2015,,HUMAN_OBSERVATION,KW,1360757700,4fa7b334-ce0d-4e88-aaae-2e0c138d049e
48.09665,29.352262,2015,,HUMAN_OBSERVATION,KW,1360789861,4fa7b334-ce0d-4e88-aaae-2e0c138d049e
48.002895,29.389055,2015,,HUMAN_OBSERVATION,KW,1360799085,4fa7b334-ce0d-4e88-aaae-2e0c138d049e
48.026817,29.364449,2015,,HUMAN_OBSERVATION,KW,1360895406,4fa7b334-ce0d-4e88-aaae-2e0c138d049e
47.707787,29.553898,2015,,HUMAN_OBSERVATION,KW,1360900209,4fa7b334-ce0d-4e88-aaae-2e0c138d049e
47.707787,29.553898,2015,,HUMAN_OBSERVATION,KW,1361186226,4fa7b334-ce0d-4e88-aaae-2e0c138d049e
47.949844,29.351652,2015,,HUMAN_OBSERVATION,KW,1361210586,4fa7b334-ce0d-4e88-aaae-2e0c138d049e
47.96019,29.356943,2015,,HUMAN_OBSERVATION,KW,1361226525,4fa7b334-ce0d-4e88-aaae-2e0c138d049e
47.707787,29.553898,2015,,HUMAN_OBSERVATION,KW,1361416013,4fa7b334-ce0d-4e88-aaae-2e0c138d049e
47.812458,29.339611,2015,,HUMAN_OBSERVATION,KW,1361573319,4fa7b334-ce0d-4e88-aaae-2e0c138d049e
47.949844,29.351652,2015,,HUMAN_OBSERVATION,KW,1361576491,4fa7b334-ce0d-4e88-aaae-2e0c138d049e
47.909,29.572233,2015,,HUMAN_OBSERVATION,KW,1361577271,4fa7b334-ce0d-4e88-aaae-2e0c138d049e
47.674255,29.351254,2015,,HUMAN_OBSERVATION,KW,1361586055,4fa7b334-ce0d-4e88-aaae-2e0c138d049e
48.09665,29.352262,2015,,HUMAN_OBSERVATION,KW,1361588637,4fa7b334-ce0d-4e88-aaae-2e0c138d049e
45.431,35.56482,2015,,HUMAN_OBSERVATION,IQ,1362026220,4fa7b334-ce0d-4e88-aaae-2e0c138d049e
47.707787,29.553898,2015,,HUMAN_OBSERVATION,KW,1362087272,4fa7b334-ce0d-4e88-aaae-2e0c138d049e
47.707787,29.553898,2015,,HUMAN_OBSERVATION,KW,1362091018,4fa7b334-ce0d-4e88-aaae-2e0c138d049e
48.09665,29.352262,2015,,HUMAN_OBSERVATION,KW,1362096218,4fa7b334-ce0d-4e88-aaae-2e0c138d049e
47.95045,29.352358,2015,,HUMAN_OBSERVATION,KW,1362098227,4fa7b334-ce0d-4e88-aaae-2e0c138d049e
47.707787,29.553898,2015,,HUMAN_OBSERVATION,KW,1362163578,4fa7b334-ce0d-4e88-aaae-2e0c138d049e
48.09665,29.352262,2015,,HUMAN_OBSERVATION,KW,1362265769,4fa7b334-ce0d-4e88-aaae-2e0c138d049e
47.707787,29.553898,2015,,HUMAN_OBSERVATION,KW,1362380536,4fa7b334-ce0d-4e88-aaae-2e0c138d049e
47.95045,29.352358,2015,,HUMAN_OBSERVATION,KW,1362383010,4fa7b334-ce0d-4e88-aaae-2e0c138d049e
48.09665,29.352262,2015,,HUMAN_OBSERVATION,KW,1362385596,4fa7b334-ce0d-4e88-aaae-2e0c138d049e
47.909,29.572233,2015,,HUMAN_OBSERVATION,KW,1362388250,4fa7b334-ce0d-4e88-aaae-2e0c138d049e
48.09665,29.352262,2015,,HUMAN_OBSERVATION,KW,1362389480,4fa7b334-ce0d-4e88-aaae-2e0c138d049e
48.026817,29.364449,2015,,HUMAN_OBSERVATION,KW,1362390753,4fa7b334-ce0d-4e88-aaae-2e0c138d049e
47.707787,29.553898,2015,,HUMAN_OBSERVATION,KW,1362392133,4fa7b334-ce0d-4e88-aaae-2e0c138d049e
47.707787,29.553898,2015,,HUMAN_OBSERVATION,KW,1362394516,4fa7b334-ce0d-4e88-aaae-2e0c138d049e
47.707787,29.553898,2015,,HUMAN_OBSERVATION,KW,1362397131,4fa7b334-ce0d-4e88-aaae-2e0c138d049e
47.707787,29.553898,2015,,HUMAN_OBSERVATION,KW,1362397206,4fa7b334-ce0d-4e88-aaae-2e0c138d049e
47.674255,29.351254,2015,,HUMAN_OBSERVATION,KW,1362398382,4fa7b334-ce0d-4e88-aaae-2e0c138d049e
47.80808,29.347467,2015,,HUMAN_OBSERVATION,KW,1362421693,4fa7b334-ce0d-4e88-aaae-2e0c138d049e
47.707787,29.553898,2015,,HUMAN_OBSERVATION,KW,1362432475,4fa7b334-ce0d-4e88-aaae-2e0c138d049e
47.707787,29.553898,2015,,HUMAN_OBSERVATION,KW,1362692438,4fa7b334-ce0d-4e88-aaae-2e0c138d049e
48.026817,29.364449,2015,,HUMAN_OBSERVATION,KW,1362699957,4fa7b334-ce0d-4e88-aaae-2e0c138d049e
47.707787,29.553898,2015,,HUMAN_OBSERVATION,KW,1362701212,4fa7b334-ce0d-4e88-aaae-2e0c138d049e
48.09665,29.352262,2015,,HUMAN_OBSERVATION,KW,1362702347,4fa7b334-ce0d-4e88-aaae-2e0c138d049e
47.674255,29.351254,2015,,HUMAN_OBSERVATION,KW,1362702391,4fa7b334-ce0d-4e88-aaae-2e0c138d049e
47.707787,29.553898,2015,,HUMAN_OBSERVATION,KW,1362702405,4fa7b334-ce0d-4e88-aaae-2e0c138d049e
47.707787,29.553898,2015,,HUMAN_OBSERVATION,KW,1362703596,4fa7b334-ce0d-4e88-aaae-2e0c138d049e
47.95045,29.352358,2015,,HUMAN_OBSERVATION,KW,1362706042,4fa7b334-ce0d-4e88-aaae-2e0c138d049e
47.909,29.572233,2015,,HUMAN_OBSERVATION,KW,1362706076,4fa7b334-ce0d-4e88-aaae-2e0c138d049e
47.707787,29.553898,2015,,HUMAN_OBSERVATION,KW,1362707344,4fa7b334-ce0d-4e88-aaae-2e0c138d049e
47.707787,29.553898,2015,,HUMAN_OBSERVATION,KW,1363150808,4fa7b334-ce0d-4e88-aaae-2e0c138d049e
47.707787,29.553898,2015,,HUMAN_OBSERVATION,KW,1363201505,4fa7b334-ce0d-4e88-aaae-2e0c138d049e
47.949844,29.351652,2015,,HUMAN_OBSERVATION,KW,1363235617,4fa7b334-ce0d-4e88-aaae-2e0c138d049e
48.02516,29.217413,2015,,HUMAN_OBSERVATION,KW,1363246960,4fa7b334-ce0d-4e88-aaae-2e0c138d049e
48.09665,29.352262,2015,,HUMAN_OBSERVATION,KW,1363261208,4fa7b334-ce0d-4e88-aaae-2e0c138d049e
48.02516,29.217413,2015,,HUMAN_OBSERVATION,KW,1397572971,4fa7b334-ce0d-4e88-aaae-2e0c138d049e
48.09665,29.352262,2015,,HUMAN_OBSERVATION,KW,1405695660,4fa7b334-ce0d-4e88-aaae-2e0c138d049e
47.949844,29.351652,2015,,HUMAN_OBSERVATION,KW,1405697049,4fa7b334-ce0d-4e88-aaae-2e0c138d049e
48.043213,28.555576,2015,,HUMAN_OBSERVATION,KW,1405710729,4fa7b334-ce0d-4e88-aaae-2e0c138d049e
47.840996,28.630337,2015,,HUMAN_OBSERVATION,KW,1405713482,4fa7b334-ce0d-4e88-aaae-2e0c138d049e
48.09665,29.352262,2015,,HUMAN_OBSERVATION,KW,1405714903,4fa7b334-ce0d-4e88-aaae-2e0c138d049e
47.99427,29.373367,2015,,HUMAN_OBSERVATION,KW,4312328585,4fa7b334-ce0d-4e88-aaae-2e0c138d049e
47.707787,29.553898,2015,,HUMAN_OBSERVATION,KW,4340062029,4fa7b334-ce0d-4e88-aaae-2e0c138d049e
47.707787,29.553898,2015,,HUMAN_OBSERVATION,KW,1363936112,4fa7b334-ce0d-4e88-aaae-2e0c138d049e
45.431,35.56482,2015,,HUMAN_OBSERVATION,IQ,1363949206,4fa7b334-ce0d-4e88-aaae-2e0c138d049e
48.09665,29.352262,2015,,HUMAN_OBSERVATION,KW,1364315244,4fa7b334-ce0d-4e88-aaae-2e0c138d049e
47.693195,29.36198,2015,,HUMAN_OBSERVATION,KW,1364326660,4fa7b334-ce0d-4e88-aaae-2e0c138d049e
48.026817,29.364449,2015,,HUMAN_OBSERVATION,KW,1364555292,4fa7b334-ce0d-4e88-aaae-2e0c138d049e
47.949844,29.351652,2015,,HUMAN_OBSERVATION,KW,1364559018,4fa7b334-ce0d-4e88-aaae-2e0c138d049e
47.707787,29.553898,2015,,HUMAN_OBSERVATION,KW,1364731292,4fa7b334-ce0d-4e88-aaae-2e0c138d049e
47.730595,29.357735,2015,,HUMAN_OBSERVATION,KW,1365868244,4fa7b334-ce0d-4e88-aaae-2e0c138d049e
47.707787,29.553898,2015,,HUMAN_OBSERVATION,KW,1366019005,4fa7b334-ce0d-4e88-aaae-2e0c138d049e
47.674255,29.351254,2015,,HUMAN_OBSERVATION,KW,1366026920,4fa7b334-ce0d-4e88-aaae-2e0c138d049e
47.693195,29.36198,2015,,HUMAN_OBSERVATION,KW,1366156836,4fa7b334-ce0d-4e88-aaae-2e0c138d049e
47.812458,29.339611,2015,,HUMAN_OBSERVATION,KW,1366191648,4fa7b334-ce0d-4e88-aaae-2e0c138d049e
47.84666,29.34597,2015,,HUMAN_OBSERVATION,KW,1366204832,4fa7b334-ce0d-4e88-aaae-2e0c138d049e
48.38606,28.64303,2015,,HUMAN_OBSERVATION,KW,1366956423,4fa7b334-ce0d-4e88-aaae-2e0c138d049e
47.693195,29.36198,2015,,HUMAN_OBSERVATION,KW,1367110212,4fa7b334-ce0d-4e88-aaae-2e0c138d049e
47.693195,29.36198,2015,,HUMAN_OBSERVATION,KW,1369151611,4fa7b334-ce0d-4e88-aaae-2e0c138d049e
47.707787,29.553898,2015,,HUMAN_OBSERVATION,KW,1369328362,4fa7b334-ce0d-4e88-aaae-2e0c138d049e
47.693195,29.36198,2015,,HUMAN_OBSERVATION,KW,1369666993,4fa7b334-ce0d-4e88-aaae-2e0c138d049e
48.38606,28.64303,2015,,HUMAN_OBSERVATION,KW,1370189534,4fa7b334-ce0d-4e88-aaae-2e0c138d049e
48.38606,28.64303,2015,,HUMAN_OBSERVATION,KW,1370191758,4fa7b334-ce0d-4e88-aaae-2e0c138d049e
47.693195,29.36198,2015,,HUMAN_OBSERVATION,KW,1370712433,4fa7b334-ce0d-4e88-aaae-2e0c138d049e
47.693195,29.36198,2015,,HUMAN_OBSERVATION,KW,1370975622,4fa7b334-ce0d-4e88-aaae-2e0c138d049e
47.674255,29.351254,2015,,HUMAN_OBSERVATION,KW,1371971115,4fa7b334-ce0d-4e88-aaae-2e0c138d049e
47.674255,29.351254,2015,,HUMAN_OBSERVATION,KW,1371971120,4fa7b334-ce0d-4e88-aaae-2e0c138d049e
47.674255,29.351254,2015,,HUMAN_OBSERVATION,KW,1371972305,4fa7b334-ce0d-4e88-aaae-2e0c138d049e
47.693195,29.36198,2015,,HUMAN_OBSERVATION,KW,1380454805,4fa7b334-ce0d-4e88-aaae-2e0c138d049e
48.38606,28.64303,2015,,HUMAN_OBSERVATION,KW,1380457591,4fa7b334-ce0d-4e88-aaae-2e0c138d049e
47.693195,29.36198,2015,,HUMAN_OBSERVATION,KW,1380464491,4fa7b334-ce0d-4e88-aaae-2e0c138d049e
47.693195,29.36198,2015,,HUMAN_OBSERVATION,KW,1380465801,4fa7b334-ce0d-4e88-aaae-2e0c138d049e
47.693195,29.36198,2015,,HUMAN_OBSERVATION,KW,1380465858,4fa7b334-ce0d-4e88-aaae-2e0c138d049e
47.693195,29.36198,2015,,HUMAN_OBSERVATION,KW,1380469930,4fa7b334-ce0d-4e88-aaae-2e0c138d049e
47.693195,29.36198,2015,,HUMAN_OBSERVATION,KW,1405709474,4fa7b334-ce0d-4e88-aaae-2e0c138d049e
47.840996,28.630337,2015,,HUMAN_OBSERVATION,KW,1372301183,4fa7b334-ce0d-4e88-aaae-2e0c138d049e
47.840996,28.630337,2015,,HUMAN_OBSERVATION,KW,1372312830,4fa7b334-ce0d-4e88-aaae-2e0c138d049e
47.812458,29.339611,2015,,HUMAN_OBSERVATION,KW,1374646521,4fa7b334-ce0d-4e88-aaae-2e0c138d049e
47.840996,28.630337,2015,,HUMAN_OBSERVATION,KW,1405703955,4fa7b334-ce0d-4e88-aaae-2e0c138d049e
47.840996,28.630337,2015,,HUMAN_OBSERVATION,KW,1405914500,4fa7b334-ce0d-4e88-aaae-2e0c138d049e
47.693195,29.36198,2015,,HUMAN_OBSERVATION,KW,3567439807,4fa7b334-ce0d-4e88-aaae-2e0c138d049e
48.09665,29.352262,2015,,HUMAN_OBSERVATION,KW,1376578989,4fa7b334-ce0d-4e88-aaae-2e0c138d049e
47.90282,29.334694,2015,,HUMAN_OBSERVATION,KW,1377395667,4fa7b334-ce0d-4e88-aaae-2e0c138d049e
47.90282,29.334694,2015,,HUMAN_OBSERVATION,KW,1377599508,4fa7b334-ce0d-4e88-aaae-2e0c138d049e
47.707787,29.553898,2015,,HUMAN_OBSERVATION,KW,1379397433,4fa7b334-ce0d-4e88-aaae-2e0c138d049e
46.9602,29.366991,2015,,HUMAN_OBSERVATION,KW,1379742107,4fa7b334-ce0d-4e88-aaae-2e0c138d049e
48.38606,28.64303,2015,,HUMAN_OBSERVATION,KW,1379793971,4fa7b334-ce0d-4e88-aaae-2e0c138d049e
47.707787,29.553898,2015,,HUMAN_OBSERVATION,KW,1380457752,4fa7b334-ce0d-4e88-aaae-2e0c138d049e
47.70817,29.553543,2015,,HUMAN_OBSERVATION,KW,1397581000,4fa7b334-ce0d-4e88-aaae-2e0c138d049e
47.90282,29.334694,2015,,HUMAN_OBSERVATION,KW,1405924863,4fa7b334-ce0d-4e88-aaae-2e0c138d049e
47.90282,29.334694,2015,,HUMAN_OBSERVATION,KW,1405926318,4fa7b334-ce0d-4e88-aaae-2e0c138d049e
48.13764,29.116022,2015,,HUMAN_OBSERVATION,KW,1381105454,4fa7b334-ce0d-4e88-aaae-2e0c138d049e
48.13764,29.116022,2015,,HUMAN_OBSERVATION,KW,1381464437,4fa7b334-ce0d-4e88-aaae-2e0c138d049e
47.840996,28.630337,2015,,HUMAN_OBSERVATION,KW,1381556874,4fa7b334-ce0d-4e88-aaae-2e0c138d049e
48.13764,29.116022,2015,,HUMAN_OBSERVATION,KW,1382258933,4fa7b334-ce0d-4e88-aaae-2e0c138d049e
48.136295,29.116625,2015,,HUMAN_OBSERVATION,KW,1382410826,4fa7b334-ce0d-4e88-aaae-2e0c138d049e
47.693195,29.36198,2015,,HUMAN_OBSERVATION,KW,1382842174,4fa7b334-ce0d-4e88-aaae-2e0c138d049e
47.707787,29.553898,2015,,HUMAN_OBSERVATION,KW,1382903521,4fa7b334-ce0d-4e88-aaae-2e0c138d049e
47.707787,29.553898,2015,,HUMAN_OBSERVATION,KW,1382914018,4fa7b334-ce0d-4e88-aaae-2e0c138d049e
47.99021,29.332045,2015,,HUMAN_OBSERVATION,KW,1382933927,4fa7b334-ce0d-4e88-aaae-2e0c138d049e
47.708122,29.55415,2015,,HUMAN_OBSERVATION,KW,1382941564,4fa7b334-ce0d-4e88-aaae-2e0c138d049e
48.13767,29.115458,2015,,HUMAN_OBSERVATION,KW,1383129323,4fa7b334-ce0d-4e88-aaae-2e0c138d049e
48.13767,29.115458,2015,,HUMAN_OBSERVATION,KW,1383129356,4fa7b334-ce0d-4e88-aaae-2e0c138d049e
48.13767,29.115458,2015,,HUMAN_OBSERVATION,KW,1383129364,4fa7b334-ce0d-4e88-aaae-2e0c138d049e
47.707787,29.553898,2015,,HUMAN_OBSERVATION,KW,1384768091,4fa7b334-ce0d-4e88-aaae-2e0c138d049e
47.707787,29.553898,2015,,HUMAN_OBSERVATION,KW,1388241426,4fa7b334-ce0d-4e88-aaae-2e0c138d049e
47.99021,29.332045,2015,,HUMAN_OBSERVATION,KW,1397568595,4fa7b334-ce0d-4e88-aaae-2e0c138d049e
47.70817,29.553543,2015,,HUMAN_OBSERVATION,KW,1397577128,4fa7b334-ce0d-4e88-aaae-2e0c138d049e
47.840996,28.630337,2015,,HUMAN_OBSERVATION,KW,1405919736,4fa7b334-ce0d-4e88-aaae-2e0c138d049e
48.136295,29.116625,2015,,HUMAN_OBSERVATION,KW,1406013590,4fa7b334-ce0d-4e88-aaae-2e0c138d049e
47.693195,29.36198,2015,,HUMAN_OBSERVATION,KW,1406617304,4fa7b334-ce0d-4e88-aaae-2e0c138d049e
47.707787,29.553898,2015,,HUMAN_OBSERVATION,KW,1406633408,4fa7b334-ce0d-4e88-aaae-2e0c138d049e
48.02516,29.217413,2015,,HUMAN_OBSERVATION,KW,1385024747,4fa7b334-ce0d-4e88-aaae-2e0c138d049e
47.708122,29.55415,2015,,HUMAN_OBSERVATION,KW,1385326274,4fa7b334-ce0d-4e88-aaae-2e0c138d049e
47.707787,29.553898,2015,,HUMAN_OBSERVATION,KW,1385514875,4fa7b334-ce0d-4e88-aaae-2e0c138d049e
47.707787,29.553898,2015,,HUMAN_OBSERVATION,KW,1385516242,4fa7b334-ce0d-4e88-aaae-2e0c138d049e
47.840996,28.630337,2015,,HUMAN_OBSERVATION,KW,1385527434,4fa7b334-ce0d-4e88-aaae-2e0c138d049e
47.707787,29.553898,2015,,HUMAN_OBSERVATION,KW,1385530475,4fa7b334-ce0d-4e88-aaae-2e0c138d049e
47.693195,29.36198,2015,,HUMAN_OBSERVATION,KW,1387032553,4fa7b334-ce0d-4e88-aaae-2e0c138d049e
47.99021,29.332045,2015,,HUMAN_OBSERVATION,KW,1387194755,4fa7b334-ce0d-4e88-aaae-2e0c138d049e
48.31658,28.762367,2015,,HUMAN_OBSERVATION,KW,1388963111,4fa7b334-ce0d-4e88-aaae-2e0c138d049e
47.707787,29.553898,2015,,HUMAN_OBSERVATION,KW,1389270741,4fa7b334-ce0d-4e88-aaae-2e0c138d049e
47.693195,29.36198,2015,,HUMAN_OBSERVATION,KW,1389283817,4fa7b334-ce0d-4e88-aaae-2e0c138d049e
47.840996,28.630337,2015,,HUMAN_OBSERVATION,KW,1389511541,4fa7b334-ce0d-4e88-aaae-2e0c138d049e
48.02516,29.217413,2015,,HUMAN_OBSERVATION,KW,1397571603,4fa7b334-ce0d-4e88-aaae-2e0c138d049e
47.99021,29.332045,2015,,HUMAN_OBSERVATION,KW,1397577114,4fa7b334-ce0d-4e88-aaae-2e0c138d049e
47.840996,28.630337,2015,,HUMAN_OBSERVATION,KW,1405913211,4fa7b334-ce0d-4e88-aaae-2e0c138d049e
47.840996,28.630337,2015,,HUMAN_OBSERVATION,KW,1405915881,4fa7b334-ce0d-4e88-aaae-2e0c138d049e
47.707787,29.553898,2015,,HUMAN_OBSERVATION,KW,1405927734,4fa7b334-ce0d-4e88-aaae-2e0c138d049e
47.708122,29.55415,2015,,HUMAN_OBSERVATION,KW,1406280416,4fa7b334-ce0d-4e88-aaae-2e0c138d049e
47.75465,29.257349,2015,,HUMAN_OBSERVATION,KW,1389832102,4fa7b334-ce0d-4e88-aaae-2e0c138d049e
47.840996,28.630337,2015,,HUMAN_OBSERVATION,KW,1389888342,4fa7b334-ce0d-4e88-aaae-2e0c138d049e
47.707787,29.553898,2015,,HUMAN_OBSERVATION,KW,1390535532,4fa7b334-ce0d-4e88-aaae-2e0c138d049e
47.707787,29.553898,2015,,HUMAN_OBSERVATION,KW,1390666225,4fa7b334-ce0d-4e88-aaae-2e0c138d049e
47.707787,29.553898,2015,,HUMAN_OBSERVATION,KW,1390997298,4fa7b334-ce0d-4e88-aaae-2e0c138d049e
47.707787,29.553898,2015,,HUMAN_OBSERVATION,KW,1391064748,4fa7b334-ce0d-4e88-aaae-2e0c138d049e
47.840996,28.630337,2015,,HUMAN_OBSERVATION,KW,1391855305,4fa7b334-ce0d-4e88-aaae-2e0c138d049e
48.30593,28.766613,2015,,HUMAN_OBSERVATION,KW,1392027175,4fa7b334-ce0d-4e88-aaae-2e0c138d049e
47.693195,29.36198,2015,,HUMAN_OBSERVATION,KW,1392288002,4fa7b334-ce0d-4e88-aaae-2e0c138d049e
47.707787,29.553898,2015,,HUMAN_OBSERVATION,KW,1392680203,4fa7b334-ce0d-4e88-aaae-2e0c138d049e
47.840996,28.630337,2015,,HUMAN_OBSERVATION,KW,1393753513,4fa7b334-ce0d-4e88-aaae-2e0c138d049e
48.0514,29.276012,2015,,HUMAN_OBSERVATION,KW,1393758349,4fa7b334-ce0d-4e88-aaae-2e0c138d049e
48.08989,29.269043,2015,,HUMAN_OBSERVATION,KW,1393770819,4fa7b334-ce0d-4e88-aaae-2e0c138d049e
48.0514,29.276012,2015,,HUMAN_OBSERVATION,KW,1393889901,4fa7b334-ce0d-4e88-aaae-2e0c138d049e
47.707787,29.553898,2015,,HUMAN_OBSERVATION,KW,1393930886,4fa7b334-ce0d-4e88-aaae-2e0c138d049e
47.707787,29.553898,2015,,HUMAN_OBSERVATION,KW,1393934925,4fa7b334-ce0d-4e88-aaae-2e0c138d049e
47.707787,29.553898,2015,,HUMAN_OBSERVATION,KW,1394108725,4fa7b334-ce0d-4e88-aaae-2e0c138d049e
48.08989,29.269043,2015,,HUMAN_OBSERVATION,KW,1394157809,4fa7b334-ce0d-4e88-aaae-2e0c138d049e
48.08989,29.269043,2015,,HUMAN_OBSERVATION,KW,1394164750,4fa7b334-ce0d-4e88-aaae-2e0c138d049e
44.977093,35.797295,2015,,HUMAN_OBSERVATION,IQ,1394605172,4fa7b334-ce0d-4e88-aaae-2e0c138d049e
47.674255,29.351254,2015,,HUMAN_OBSERVATION,KW,1394724731,4fa7b334-ce0d-4e88-aaae-2e0c138d049e
47.840996,28.630337,2015,,HUMAN_OBSERVATION,KW,1405914526,4fa7b334-ce0d-4e88-aaae-2e0c138d049e
47.840996,28.630337,2015,,HUMAN_OBSERVATION,KW,1405914612,4fa7b334-ce0d-4e88-aaae-2e0c138d049e
47.674255,29.351254,2015,,HUMAN_OBSERVATION,KW,1405918457,4fa7b334-ce0d-4e88-aaae-2e0c138d049e
47.840996,28.630337,2015,,HUMAN_OBSERVATION,KW,1405928991,4fa7b334-ce0d-4e88-aaae-2e0c138d049e
47.707787,29.553898,2015,,HUMAN_OBSERVATION,KW,1405997696,4fa7b334-ce0d-4e88-aaae-2e0c138d049e
47.707787,29.553898,2015,,HUMAN_OBSERVATION,KW,1405997796,4fa7b334-ce0d-4e88-aaae-2e0c138d049e
48.30593,28.766613,2015,,HUMAN_OBSERVATION,KW,1406625219,4fa7b334-ce0d-4e88-aaae-2e0c138d049e
48.02516,29.217413,2015,,HUMAN_OBSERVATION,KW,1395309427,4fa7b334-ce0d-4e88-aaae-2e0c138d049e
47.995277,29.36991,2015,,HUMAN_OBSERVATION,KW,1397020245,4fa7b334-ce0d-4e88-aaae-2e0c138d049e
47.674255,29.351254,2015,,HUMAN_OBSERVATION,KW,1397576018,4fa7b334-ce0d-4e88-aaae-2e0c138d049e
47.7589,29.22477,2015,,HUMAN_OBSERVATION,KW,1397686287,4fa7b334-ce0d-4e88-aaae-2e0c138d049e
47.707787,29.553898,2015,,HUMAN_OBSERVATION,KW,1397704203,4fa7b334-ce0d-4e88-aaae-2e0c138d049e
47.674255,29.351254,2015,,HUMAN_OBSERVATION,KW,1397904465,4fa7b334-ce0d-4e88-aaae-2e0c138d049e
47.674255,29.351254,2015,,HUMAN_OBSERVATION,KW,1398303401,4fa7b334-ce0d-4e88-aaae-2e0c138d049e
47.674255,29.351254,2015,,HUMAN_OBSERVATION,KW,1398455008,4fa7b334-ce0d-4e88-aaae-2e0c138d049e
47.98045,29.291748,2015,,HUMAN_OBSERVATION,KW,1399308461,4fa7b334-ce0d-4e88-aaae-2e0c138d049e
44.977093,35.797295,2015,,HUMAN_OBSERVATION,IQ,1399481745,4fa7b334-ce0d-4e88-aaae-2e0c138d049e
42.446793,33.79698,2015,,HUMAN_OBSERVATION,IQ,1404723658,4fa7b334-ce0d-4e88-aaae-2e0c138d049e
47.674255,29.351254,2015,,HUMAN_OBSERVATION,KW,1406006968,4fa7b334-ce0d-4e88-aaae-2e0c138d049e
47.98045,29.291748,2015,,HUMAN_OBSERVATION,KW,1406276429,4fa7b334-ce0d-4e88-aaae-2e0c138d049e
48.02516,29.217413,2015,,HUMAN_OBSERVATION,KW,1406626686,4fa7b334-ce0d-4e88-aaae-2e0c138d049e
47.673973,29.360277,2015,,HUMAN_OBSERVATION,KW,1788107478,4fa7b334-ce0d-4e88-aaae-2e0c138d049e
47.670883,29.81901,2015,,HUMAN_OBSERVATION,KW,1788115422,4fa7b334-ce0d-4e88-aaae-2e0c138d049e
48.13326,29.135164,2015,,HUMAN_OBSERVATION,KW,1400159359,4fa7b334-ce0d-4e88-aaae-2e0c138d049e
48.38606,28.64303,2015,,HUMAN_OBSERVATION,KW,1400206818,4fa7b334-ce0d-4e88-aaae-2e0c138d049e
48.38606,28.64303,2015,,HUMAN_OBSERVATION,KW,1401270069,4fa7b334-ce0d-4e88-aaae-2e0c138d049e
46.9602,29.366991,2015,,HUMAN_OBSERVATION,KW,1401336672,4fa7b334-ce0d-4e88-aaae-2e0c138d049e
47.90282,29.334694,2015,,HUMAN_OBSERVATION,KW,1402064187,4fa7b334-ce0d-4e88-aaae-2e0c138d049e
47.707787,29.553898,2015,,HUMAN_OBSERVATION,KW,1402257653,4fa7b334-ce0d-4e88-aaae-2e0c138d049e
48.38606,28.64303,2015,,HUMAN_OBSERVATION,KW,1406011072,4fa7b334-ce0d-4e88-aaae-2e0c138d049e
47.810011,30.451226,2015,151.0,HUMAN_OBSERVATION,IQ,1802655183,50c9509d-22c7-4a22-a47d-8c48425ef4a7
48.068874,29.316475,2014,,HUMAN_OBSERVATION,KW,1149561497,4fa7b334-ce0d-4e88-aaae-2e0c138d049e
48.14106,29.076145,2014,,HUMAN_OBSERVATION,KW,1149679820,4fa7b334-ce0d-4e88-aaae-2e0c138d049e
48.143795,29.080517,2014,,HUMAN_OBSERVATION,KW,1149875428,4fa7b334-ce0d-4e88-aaae-2e0c138d049e
47.90863,29.357641,2014,,HUMAN_OBSERVATION,KW,1149876049,4fa7b334-ce0d-4e88-aaae-2e0c138d049e
47.770287,30.030807,2014,,HUMAN_OBSERVATION,KW,1149916891,4fa7b334-ce0d-4e88-aaae-2e0c138d049e
47.770287,30.030807,2014,,HUMAN_OBSERVATION,KW,1149920126,4fa7b334-ce0d-4e88-aaae-2e0c138d049e
47.902874,29.335093,2014,,HUMAN_OBSERVATION,KW,1149928183,4fa7b334-ce0d-4e88-aaae-2e0c138d049e
48.121956,29.167253,2014,,HUMAN_OBSERVATION,KW,1149928924,4fa7b334-ce0d-4e88-aaae-2e0c138d049e
47.946857,29.356289,2014,,HUMAN_OBSERVATION,KW,1150100174,4fa7b334-ce0d-4e88-aaae-2e0c138d049e
48.026817,29.364449,2014,,HUMAN_OBSERVATION,KW,1150101749,4fa7b334-ce0d-4e88-aaae-2e0c138d049e
48.100727,29.086382,2014,,HUMAN_OBSERVATION,KW,1150135748,4fa7b334-ce0d-4e88-aaae-2e0c138d049e
48.10175,29.082802,2014,,HUMAN_OBSERVATION,KW,1150146991,4fa7b334-ce0d-4e88-aaae-2e0c138d049e
48.026817,29.364449,2014,,HUMAN_OBSERVATION,KW,1150189320,4fa7b334-ce0d-4e88-aaae-2e0c138d049e
47.90863,29.357641,2014,,HUMAN_OBSERVATION,KW,1150353313,4fa7b334-ce0d-4e88-aaae-2e0c138d049e
46.9602,29.366991,2014,,HUMAN_OBSERVATION,KW,1150355160,4fa7b334-ce0d-4e88-aaae-2e0c138d049e
47.770287,30.030807,2014,,HUMAN_OBSERVATION,KW,1150447015,4fa7b334-ce0d-4e88-aaae-2e0c138d049e
48.10175,29.082802,2014,,HUMAN_OBSERVATION,KW,1150661723,4fa7b334-ce0d-4e88-aaae-2e0c138d049e
48.002342,29.38946,2014,,HUMAN_OBSERVATION,KW,1151204634,4fa7b334-ce0d-4e88-aaae-2e0c138d049e
47.674255,29.351254,2014,,HUMAN_OBSERVATION,KW,1151208592,4fa7b334-ce0d-4e88-aaae-2e0c138d049e
48.026817,29.364449,2014,,HUMAN_OBSERVATION,KW,1151212739,4fa7b334-ce0d-4e88-aaae-2e0c138d049e
48.068874,29.316475,2014,,HUMAN_OBSERVATION,KW,1151272111,4fa7b334-ce0d-4e88-aaae-2e0c138d049e
47.902874,29.335093,2014,,HUMAN_OBSERVATION,KW,1151275342,4fa7b334-ce0d-4e88-aaae-2e0c138d049e
48.10175,29.082802,2014,,HUMAN_OBSERVATION,KW,1151276018,4fa7b334-ce0d-4e88-aaae-2e0c138d049e
47.674255,29.351254,2014,,HUMAN_OBSERVATION,KW,1151300181,4fa7b334-ce0d-4e88-aaae-2e0c138d049e
48.10175,29.082802,2014,,HUMAN_OBSERVATION,KW,1151349687,4fa7b334-ce0d-4e88-aaae-2e0c138d049e
48.30593,28.766613,2014,,HUMAN_OBSERVATION,KW,1154604699,4fa7b334-ce0d-4e88-aaae-2e0c138d049e
44.95924,35.92916,2014,,HUMAN_OBSERVATION,IQ,1154616562,4fa7b334-ce0d-4e88-aaae-2e0c138d049e
44.92447,36.113472,2014,,HUMAN_OBSERVATION,IQ,1154691288,4fa7b334-ce0d-4e88-aaae-2e0c138d049e
47.770287,30.030807,2014,,HUMAN_OBSERVATION,KW,1155630788,4fa7b334-ce0d-4e88-aaae-2e0c138d049e
48.14106,29.076145,2014,,HUMAN_OBSERVATION,KW,1155662445,4fa7b334-ce0d-4e88-aaae-2e0c138d049e
47.90863,29.357641,2014,,HUMAN_OBSERVATION,KW,1155665996,4fa7b334-ce0d-4e88-aaae-2e0c138d049e
47.902874,29.335093,2014,,HUMAN_OBSERVATION,KW,1155668786,4fa7b334-ce0d-4e88-aaae-2e0c138d049e
48.026817,29.364449,2014,,HUMAN_OBSERVATION,KW,1155671589,4fa7b334-ce0d-4e88-aaae-2e0c138d049e
48.100727,29.086382,2014,,HUMAN_OBSERVATION,KW,1155672827,4fa7b334-ce0d-4e88-aaae-2e0c138d049e
47.770287,30.030807,2014,,HUMAN_OBSERVATION,KW,1155673917,4fa7b334-ce0d-4e88-aaae-2e0c138d049e
47.902874,29.335093,2014,,HUMAN_OBSERVATION,KW,1155674824,4fa7b334-ce0d-4e88-aaae-2e0c138d049e
48.143795,29.080517,2014,,HUMAN_OBSERVATION,KW,1155675595,4fa7b334-ce0d-4e88-aaae-2e0c138d049e
48.121956,29.167253,2014,,HUMAN_OBSERVATION,KW,1155675750,4fa7b334-ce0d-4e88-aaae-2e0c138d049e
47.90863,29.357641,2014,,HUMAN_OBSERVATION,KW,1155767486,4fa7b334-ce0d-4e88-aaae-2e0c138d049e
46.9602,29.366991,2014,,HUMAN_OBSERVATION,KW,1155767518,4fa7b334-ce0d-4e88-aaae-2e0c138d049e
47.770287,30.030807,2014,,HUMAN_OBSERVATION,KW,1155768696,4fa7b334-ce0d-4e88-aaae-2e0c138d049e
48.30593,28.766613,2014,,HUMAN_OBSERVATION,KW,1155769494,4fa7b334-ce0d-4e88-aaae-2e0c138d049e
48.068874,29.316475,2014,,HUMAN_OBSERVATION,KW,1155769572,4fa7b334-ce0d-4e88-aaae-2e0c138d049e
48.10175,29.082802,2014,,HUMAN_OBSERVATION,KW,1155769629,4fa7b334-ce0d-4e88-aaae-2e0c138d049e
48.10175,29.082802,2014,,HUMAN_OBSERVATION,KW,1155770645,4fa7b334-ce0d-4e88-aaae-2e0c138d049e
47.674255,29.351254,2014,,HUMAN_OBSERVATION,KW,1155770664,4fa7b334-ce0d-4e88-aaae-2e0c138d049e
48.10175,29.082802,2014,,HUMAN_OBSERVATION,KW,1155770665,4fa7b334-ce0d-4e88-aaae-2e0c138d049e
47.79617,29.947962,2014,,HUMAN_OBSERVATION,KW,1156005443,4fa7b334-ce0d-4e88-aaae-2e0c138d049e
48.56575,30.668629,2014,,HUMAN_OBSERVATION,IR,1158671589,4fa7b334-ce0d-4e88-aaae-2e0c138d049e
47.946857,29.356289,2014,,HUMAN_OBSERVATION,KW,1164206185,4fa7b334-ce0d-4e88-aaae-2e0c138d049e
48.119946,29.175547,2014,,HUMAN_OBSERVATION,KW,1168521522,4fa7b334-ce0d-4e88-aaae-2e0c138d049e
47.90863,29.357641,2014,,HUMAN_OBSERVATION,KW,1168521705,4fa7b334-ce0d-4e88-aaae-2e0c138d049e
48.093166,29.256,2014,,HUMAN_OBSERVATION,KW,1168527392,4fa7b334-ce0d-4e88-aaae-2e0c138d049e
48.112915,29.191662,2014,,HUMAN_OBSERVATION,KW,1168533081,4fa7b334-ce0d-4e88-aaae-2e0c138d049e
47.6917,30.0263,2014,,HUMAN_OBSERVATION,KW,2243591242,b1047888-ae52-4179-9dd5-5448ea342a24
47.90863,29.357641,2014,,HUMAN_OBSERVATION,KW,1154949809,4fa7b334-ce0d-4e88-aaae-2e0c138d049e
48.068874,29.316475,2014,,HUMAN_OBSERVATION,KW,1155227696,4fa7b334-ce0d-4e88-aaae-2e0c138d049e
48.007553,29.350399,2014,,HUMAN_OBSERVATION,KW,1155520332,4fa7b334-ce0d-4e88-aaae-2e0c138d049e
47.815884,29.30309,2014,,HUMAN_OBSERVATION,KW,1155629253,4fa7b334-ce0d-4e88-aaae-2e0c138d049e
47.90863,29.357641,2014,,HUMAN_OBSERVATION,KW,1155661908,4fa7b334-ce0d-4e88-aaae-2e0c138d049e
48.101,29.087355,2014,,HUMAN_OBSERVATION,KW,1155675474,4fa7b334-ce0d-4e88-aaae-2e0c138d049e
47.674255,29.351254,2014,,HUMAN_OBSERVATION,KW,1155756684,4fa7b334-ce0d-4e88-aaae-2e0c138d049e
48.101,29.087355,2014,,HUMAN_OBSERVATION,KW,1155768570,4fa7b334-ce0d-4e88-aaae-2e0c138d049e
48.007553,29.350399,2014,,HUMAN_OBSERVATION,KW,1155769611,4fa7b334-ce0d-4e88-aaae-2e0c138d049e
48.068874,29.316475,2014,,HUMAN_OBSERVATION,KW,1155771669,4fa7b334-ce0d-4e88-aaae-2e0c138d049e
47.674255,29.351254,2014,,HUMAN_OBSERVATION,KW,1155874480,4fa7b334-ce0d-4e88-aaae-2e0c138d049e
47.674255,29.351254,2014,,HUMAN_OBSERVATION,KW,1155999328,4fa7b334-ce0d-4e88-aaae-2e0c138d049e
48.112915,29.191662,2014,,HUMAN_OBSERVATION,KW,1156263100,4fa7b334-ce0d-4e88-aaae-2e0c138d049e
48.112915,29.191662,2014,,HUMAN_OBSERVATION,KW,1156265569,4fa7b334-ce0d-4e88-aaae-2e0c138d049e
47.866146,29.32225,2014,,HUMAN_OBSERVATION,KW,1157337010,4fa7b334-ce0d-4e88-aaae-2e0c138d049e
47.866146,29.32225,2014,,HUMAN_OBSERVATION,KW,1157422415,4fa7b334-ce0d-4e88-aaae-2e0c138d049e
48.026817,29.364449,2014,,HUMAN_OBSERVATION,KW,1157467992,4fa7b334-ce0d-4e88-aaae-2e0c138d049e
48.026817,29.364449,2014,,HUMAN_OBSERVATION,KW,1157526655,4fa7b334-ce0d-4e88-aaae-2e0c138d049e
48.30593,28.766613,2014,,HUMAN_OBSERVATION,KW,1157755367,4fa7b334-ce0d-4e88-aaae-2e0c138d049e
48.35506,28.668985,2014,,HUMAN_OBSERVATION,KW,1157962988,4fa7b334-ce0d-4e88-aaae-2e0c138d049e
48.37761,28.639376,2014,,HUMAN_OBSERVATION,KW,1157993159,4fa7b334-ce0d-4e88-aaae-2e0c138d049e
48.30593,28.766613,2014,,HUMAN_OBSERVATION,KW,1157994025,4fa7b334-ce0d-4e88-aaae-2e0c138d049e
47.950214,29.35279,2014,,HUMAN_OBSERVATION,KW,1157996572,4fa7b334-ce0d-4e88-aaae-2e0c138d049e
47.950214,29.35279,2014,,HUMAN_OBSERVATION,KW,1158001587,4fa7b334-ce0d-4e88-aaae-2e0c138d049e
48.38606,28.64303,2014,,HUMAN_OBSERVATION,KW,1158007399,4fa7b334-ce0d-4e88-aaae-2e0c138d049e
48.37761,28.639376,2014,,HUMAN_OBSERVATION,KW,1158009039,4fa7b334-ce0d-4e88-aaae-2e0c138d049e
47.735703,29.256435,2014,,HUMAN_OBSERVATION,KW,1158121277,4fa7b334-ce0d-4e88-aaae-2e0c138d049e
48.10175,29.082802,2014,,HUMAN_OBSERVATION,KW,1158208487,4fa7b334-ce0d-4e88-aaae-2e0c138d049e
48.111237,29.195866,2014,,HUMAN_OBSERVATION,KW,1158209985,4fa7b334-ce0d-4e88-aaae-2e0c138d049e
48.10175,29.082802,2014,,HUMAN_OBSERVATION,KW,1158266611,4fa7b334-ce0d-4e88-aaae-2e0c138d049e
48.111237,29.195866,2014,,HUMAN_OBSERVATION,KW,1158270000,4fa7b334-ce0d-4e88-aaae-2e0c138d049e
47.735703,29.256435,2014,,HUMAN_OBSERVATION,KW,1158383243,4fa7b334-ce0d-4e88-aaae-2e0c138d049e
48.312378,28.692997,2014,,HUMAN_OBSERVATION,KW,1158447671,4fa7b334-ce0d-4e88-aaae-2e0c138d049e
47.815884,29.30309,2014,,HUMAN_OBSERVATION,KW,1164204832,4fa7b334-ce0d-4e88-aaae-2e0c138d049e
48.35506,28.668985,2014,,HUMAN_OBSERVATION,KW,1168533449,4fa7b334-ce0d-4e88-aaae-2e0c138d049e
48.37761,28.639376,2014,,HUMAN_OBSERVATION,KW,1168534754,4fa7b334-ce0d-4e88-aaae-2e0c138d049e
37.982483,37.033802,2014,,HUMAN_OBSERVATION,TR,5489319351,4fa7b334-ce0d-4e88-aaae-2e0c138d049e
48.058704,29.091928,2014,,HUMAN_OBSERVATION,KW,1158395846,4fa7b334-ce0d-4e88-aaae-2e0c138d049e
48.058704,29.091928,2014,,HUMAN_OBSERVATION,KW,1158625607,4fa7b334-ce0d-4e88-aaae-2e0c138d049e
47.735703,29.256435,2014,,HUMAN_OBSERVATION,KW,1158694995,4fa7b334-ce0d-4e88-aaae-2e0c138d049e
47.944534,29.34387,2014,,HUMAN_OBSERVATION,KW,1158709445,4fa7b334-ce0d-4e88-aaae-2e0c138d049e
48.111237,29.195866,2014,,HUMAN_OBSERVATION,KW,1158857207,4fa7b334-ce0d-4e88-aaae-2e0c138d049e
48.111237,29.195866,2014,,HUMAN_OBSERVATION,KW,1158924994,4fa7b334-ce0d-4e88-aaae-2e0c138d049e
48.345337,28.635157,2014,,HUMAN_OBSERVATION,KW,1159046934,4fa7b334-ce0d-4e88-aaae-2e0c138d049e
48.38606,28.64303,2014,,HUMAN_OBSERVATION,KW,1159080095,4fa7b334-ce0d-4e88-aaae-2e0c138d049e
48.40104,28.549696,2014,,HUMAN_OBSERVATION,KW,1159104549,4fa7b334-ce0d-4e88-aaae-2e0c138d049e
48.4145,28.552893,2014,,HUMAN_OBSERVATION,KW,1159112889,4fa7b334-ce0d-4e88-aaae-2e0c138d049e
48.40104,28.549696,2014,,HUMAN_OBSERVATION,KW,1159156942,4fa7b334-ce0d-4e88-aaae-2e0c138d049e
44.92447,36.113472,2014,,HUMAN_OBSERVATION,IQ,1159560650,4fa7b334-ce0d-4e88-aaae-2e0c138d049e
47.735703,29.256435,2014,,HUMAN_OBSERVATION,KW,1159665035,4fa7b334-ce0d-4e88-aaae-2e0c138d049e
44.95924,35.92916,2014,,HUMAN_OBSERVATION,IQ,1159667916,4fa7b334-ce0d-4e88-aaae-2e0c138d049e
48.10175,29.082802,2014,,HUMAN_OBSERVATION,KW,1159873467,4fa7b334-ce0d-4e88-aaae-2e0c138d049e
48.38606,28.64303,2014,,HUMAN_OBSERVATION,KW,1160011826,4fa7b334-ce0d-4e88-aaae-2e0c138d049e
48.10175,29.082802,2014,,HUMAN_OBSERVATION,KW,1160019255,4fa7b334-ce0d-4e88-aaae-2e0c138d049e
48.10175,29.082802,2014,,HUMAN_OBSERVATION,KW,1160238174,4fa7b334-ce0d-4e88-aaae-2e0c138d049e
48.10175,29.082802,2014,,HUMAN_OBSERVATION,KW,1160248338,4fa7b334-ce0d-4e88-aaae-2e0c138d049e
47.95077,29.352049,2014,,HUMAN_OBSERVATION,KW,1160620411,4fa7b334-ce0d-4e88-aaae-2e0c138d049e
48.137775,29.117018,2014,,HUMAN_OBSERVATION,KW,1160670558,4fa7b334-ce0d-4e88-aaae-2e0c138d049e
48.141403,29.077776,2014,,HUMAN_OBSERVATION,KW,1160721765,4fa7b334-ce0d-4e88-aaae-2e0c138d049e
48.137775,29.117018,2014,,HUMAN_OBSERVATION,KW,1160722122,4fa7b334-ce0d-4e88-aaae-2e0c138d049e
47.709053,29.555498,2014,,HUMAN_OBSERVATION,KW,1160761995,4fa7b334-ce0d-4e88-aaae-2e0c138d049e
48.137775,29.117018,2014,,HUMAN_OBSERVATION,KW,1160887173,4fa7b334-ce0d-4e88-aaae-2e0c138d049e
48.38512,28.741928,2014,,HUMAN_OBSERVATION,KW,1161151356,4fa7b334-ce0d-4e88-aaae-2e0c138d049e
48.38512,28.741928,2014,,HUMAN_OBSERVATION,KW,1161173996,4fa7b334-ce0d-4e88-aaae-2e0c138d049e
48.137775,29.117018,2014,,HUMAN_OBSERVATION,KW,1161200702,4fa7b334-ce0d-4e88-aaae-2e0c138d049e
48.38512,28.741928,2014,,HUMAN_OBSERVATION,KW,1161217096,4fa7b334-ce0d-4e88-aaae-2e0c138d049e
48.35506,28.668985,2014,,HUMAN_OBSERVATION,KW,1161570094,4fa7b334-ce0d-4e88-aaae-2e0c138d049e
48.026817,29.364449,2014,,HUMAN_OBSERVATION,KW,1161622512,4fa7b334-ce0d-4e88-aaae-2e0c138d049e
48.026817,29.364449,2014,,HUMAN_OBSERVATION,KW,1161628341,4fa7b334-ce0d-4e88-aaae-2e0c138d049e
47.98448,28.550373,2014,,HUMAN_OBSERVATION,KW,1161969127,4fa7b334-ce0d-4e88-aaae-2e0c138d049e
48.10175,29.082802,2014,,HUMAN_OBSERVATION,KW,1161973177,4fa7b334-ce0d-4e88-aaae-2e0c138d049e
48.10175,29.082802,2014,,HUMAN_OBSERVATION,KW,1162023605,4fa7b334-ce0d-4e88-aaae-2e0c138d049e
47.709053,29.555498,2014,,HUMAN_OBSERVATION,KW,1162172908,4fa7b334-ce0d-4e88-aaae-2e0c138d049e
48.026817,29.364449,2014,,HUMAN_OBSERVATION,KW,1163043855,4fa7b334-ce0d-4e88-aaae-2e0c138d049e
47.98448,28.550373,2014,,HUMAN_OBSERVATION,KW,1164110980,4fa7b334-ce0d-4e88-aaae-2e0c138d049e
47.944534,29.34387,2014,,HUMAN_OBSERVATION,KW,1164196975,4fa7b334-ce0d-4e88-aaae-2e0c138d049e
48.35506,28.668985,2014,,HUMAN_OBSERVATION,KW,1168543306,4fa7b334-ce0d-4e88-aaae-2e0c138d049e
47.770287,30.030807,2014,,HUMAN_OBSERVATION,KW,1202382677,4fa7b334-ce0d-4e88-aaae-2e0c138d049e
48.10105,29.085434,2014,,HUMAN_OBSERVATION,KW,1207703521,4fa7b334-ce0d-4e88-aaae-2e0c138d049e
48.026817,29.364449,2014,,HUMAN_OBSERVATION,KW,1410281415,4fa7b334-ce0d-4e88-aaae-2e0c138d049e
48.09665,29.352262,2014,,HUMAN_OBSERVATION,KW,2796008776,4fa7b334-ce0d-4e88-aaae-2e0c138d049e
48.111237,29.195866,2014,,HUMAN_OBSERVATION,KW,1162004806,4fa7b334-ce0d-4e88-aaae-2e0c138d049e
47.75465,29.257349,2014,,HUMAN_OBSERVATION,KW,1162397700,4fa7b334-ce0d-4e88-aaae-2e0c138d049e
47.75465,29.257349,2014,,HUMAN_OBSERVATION,KW,1162399458,4fa7b334-ce0d-4e88-aaae-2e0c138d049e
47.75465,29.257349,2014,,HUMAN_OBSERVATION,KW,1162400459,4fa7b334-ce0d-4e88-aaae-2e0c138d049e
47.75465,29.257349,2014,,HUMAN_OBSERVATION,KW,1162401205,4fa7b334-ce0d-4e88-aaae-2e0c138d049e
47.674255,29.351254,2014,,HUMAN_OBSERVATION,KW,1162510606,4fa7b334-ce0d-4e88-aaae-2e0c138d049e
47.802135,29.343342,2014,,HUMAN_OBSERVATION,KW,1162516244,4fa7b334-ce0d-4e88-aaae-2e0c138d049e
47.802135,29.343342,2014,,HUMAN_OBSERVATION,KW,1162550966,4fa7b334-ce0d-4e88-aaae-2e0c138d049e
47.802135,29.343342,2014,,HUMAN_OBSERVATION,KW,1162551826,4fa7b334-ce0d-4e88-aaae-2e0c138d049e
47.674255,29.351254,2014,,HUMAN_OBSERVATION,KW,1162558756,4fa7b334-ce0d-4e88-aaae-2e0c138d049e
47.674255,29.351254,2014,,HUMAN_OBSERVATION,KW,1162559099,4fa7b334-ce0d-4e88-aaae-2e0c138d049e
47.909,29.572233,2014,,HUMAN_OBSERVATION,KW,1162775079,4fa7b334-ce0d-4e88-aaae-2e0c138d049e
47.67137,29.917637,2014,,HUMAN_OBSERVATION,KW,1163031275,4fa7b334-ce0d-4e88-aaae-2e0c138d049e
47.770287,30.030807,2014,,HUMAN_OBSERVATION,KW,1163041753,4fa7b334-ce0d-4e88-aaae-2e0c138d049e
47.674255,29.351254,2014,,HUMAN_OBSERVATION,KW,1163100340,4fa7b334-ce0d-4e88-aaae-2e0c138d049e
47.674255,29.351254,2014,,HUMAN_OBSERVATION,KW,1163103054,4fa7b334-ce0d-4e88-aaae-2e0c138d049e
47.674255,29.351254,2014,,HUMAN_OBSERVATION,KW,1163109505,4fa7b334-ce0d-4e88-aaae-2e0c138d049e
47.90863,29.357641,2014,,HUMAN_OBSERVATION,KW,1163210123,4fa7b334-ce0d-4e88-aaae-2e0c138d049e
48.020195,29.26579,2014,,HUMAN_OBSERVATION,KW,1163403005,4fa7b334-ce0d-4e88-aaae-2e0c138d049e
47.840996,28.630337,2014,,HUMAN_OBSERVATION,KW,1163420347,4fa7b334-ce0d-4e88-aaae-2e0c138d049e
48.10175,29.082802,2014,,HUMAN_OBSERVATION,KW,1163623863,4fa7b334-ce0d-4e88-aaae-2e0c138d049e
47.90863,29.357641,2014,,HUMAN_OBSERVATION,KW,1163868171,4fa7b334-ce0d-4e88-aaae-2e0c138d049e
47.90863,29.357641,2014,,HUMAN_OBSERVATION,KW,1163879624,4fa7b334-ce0d-4e88-aaae-2e0c138d049e
48.111237,29.195866,2014,,HUMAN_OBSERVATION,KW,1163979470,4fa7b334-ce0d-4e88-aaae-2e0c138d049e
48.10175,29.082802,2014,,HUMAN_OBSERVATION,KW,1163980686,4fa7b334-ce0d-4e88-aaae-2e0c138d049e
47.840996,28.630337,2014,,HUMAN_OBSERVATION,KW,1164113660,4fa7b334-ce0d-4e88-aaae-2e0c138d049e
48.020195,29.26579,2014,,HUMAN_OBSERVATION,KW,1164116351,4fa7b334-ce0d-4e88-aaae-2e0c138d049e
48.02516,29.217413,2014,,HUMAN_OBSERVATION,KW,1164367158,4fa7b334-ce0d-4e88-aaae-2e0c138d049e
47.840996,28.630337,2014,,HUMAN_OBSERVATION,KW,1164517126,4fa7b334-ce0d-4e88-aaae-2e0c138d049e
47.829624,29.37335,2014,,HUMAN_OBSERVATION,KW,1165168941,4fa7b334-ce0d-4e88-aaae-2e0c138d049e
47.70817,29.553543,2014,,HUMAN_OBSERVATION,KW,1165842737,4fa7b334-ce0d-4e88-aaae-2e0c138d049e
48.10175,29.082802,2014,,HUMAN_OBSERVATION,KW,1165945579,4fa7b334-ce0d-4e88-aaae-2e0c138d049e
48.02516,29.217413,2014,,HUMAN_OBSERVATION,KW,1165989735,4fa7b334-ce0d-4e88-aaae-2e0c138d049e
48.10175,29.082802,2014,,HUMAN_OBSERVATION,KW,1166039628,4fa7b334-ce0d-4e88-aaae-2e0c138d049e
48.38512,28.741928,2014,,HUMAN_OBSERVATION,KW,1166270075,4fa7b334-ce0d-4e88-aaae-2e0c138d049e
48.38512,28.741928,2014,,HUMAN_OBSERVATION,KW,1166458420,4fa7b334-ce0d-4e88-aaae-2e0c138d049e
47.742462,29.628384,2014,,HUMAN_OBSERVATION,KW,1166706419,4fa7b334-ce0d-4e88-aaae-2e0c138d049e
47.808453,29.30536,2014,,HUMAN_OBSERVATION,KW,1166750745,4fa7b334-ce0d-4e88-aaae-2e0c138d049e
47.829624,29.37335,2014,,HUMAN_OBSERVATION,KW,1166777748,4fa7b334-ce0d-4e88-aaae-2e0c138d049e
47.674255,29.351254,2014,,HUMAN_OBSERVATION,KW,1166779055,4fa7b334-ce0d-4e88-aaae-2e0c138d049e
47.840996,28.630337,2014,,HUMAN_OBSERVATION,KW,1166780466,4fa7b334-ce0d-4e88-aaae-2e0c138d049e
47.674255,29.351254,2014,,HUMAN_OBSERVATION,KW,1166783149,4fa7b334-ce0d-4e88-aaae-2e0c138d049e
48.02516,29.217413,2014,,HUMAN_OBSERVATION,KW,1166788899,4fa7b334-ce0d-4e88-aaae-2e0c138d049e
47.856285,29.224878,2014,,HUMAN_OBSERVATION,KW,1166884455,4fa7b334-ce0d-4e88-aaae-2e0c138d049e
47.856285,29.224878,2014,,HUMAN_OBSERVATION,KW,1168527850,4fa7b334-ce0d-4e88-aaae-2e0c138d049e
47.808453,29.30536,2014,,HUMAN_OBSERVATION,KW,1207616635,4fa7b334-ce0d-4e88-aaae-2e0c138d049e
47.90863,29.357641,2014,,HUMAN_OBSERVATION,KW,1207865026,4fa7b334-ce0d-4e88-aaae-2e0c138d049e
47.909,29.572233,2014,,HUMAN_OBSERVATION,KW,1410283625,4fa7b334-ce0d-4e88-aaae-2e0c138d049e
47.770287,30.030807,2014,,HUMAN_OBSERVATION,KW,1410284212,4fa7b334-ce0d-4e88-aaae-2e0c138d049e
47.67137,29.917637,2014,,HUMAN_OBSERVATION,KW,1410285016,4fa7b334-ce0d-4e88-aaae-2e0c138d049e
47.709156,29.552362,2014,,HUMAN_OBSERVATION,KW,1167598698,4fa7b334-ce0d-4e88-aaae-2e0c138d049e
47.709156,29.552362,2014,,HUMAN_OBSERVATION,KW,1167617360,4fa7b334-ce0d-4e88-aaae-2e0c138d049e
47.902874,29.335093,2014,,HUMAN_OBSERVATION,KW,1168290184,4fa7b334-ce0d-4e88-aaae-2e0c138d049e
47.821213,29.32719,2014,,HUMAN_OBSERVATION,KW,1168405703,4fa7b334-ce0d-4e88-aaae-2e0c138d049e
47.902874,29.335093,2014,,HUMAN_OBSERVATION,KW,1168539300,4fa7b334-ce0d-4e88-aaae-2e0c138d049e
47.674255,29.351254,2014,,HUMAN_OBSERVATION,KW,1168688811,4fa7b334-ce0d-4e88-aaae-2e0c138d049e
47.674255,29.351254,2014,,HUMAN_OBSERVATION,KW,1168688820,4fa7b334-ce0d-4e88-aaae-2e0c138d049e
47.674255,29.351254,2014,,HUMAN_OBSERVATION,KW,1168703179,4fa7b334-ce0d-4e88-aaae-2e0c138d049e
48.02516,29.217413,2014,,HUMAN_OBSERVATION,KW,1168810127,4fa7b334-ce0d-4e88-aaae-2e0c138d049e
48.10819,29.212313,2014,,HUMAN_OBSERVATION,KW,1168860100,4fa7b334-ce0d-4e88-aaae-2e0c138d049e
48.10819,29.212313,2014,,HUMAN_OBSERVATION,KW,1168860522,4fa7b334-ce0d-4e88-aaae-2e0c138d049e
48.10819,29.212313,2014,,HUMAN_OBSERVATION,KW,1169031886,4fa7b334-ce0d-4e88-aaae-2e0c138d049e
47.830204,29.328382,2014,,HUMAN_OBSERVATION,KW,1169283053,4fa7b334-ce0d-4e88-aaae-2e0c138d049e
47.802135,29.343342,2014,,HUMAN_OBSERVATION,KW,1170560672,4fa7b334-ce0d-4e88-aaae-2e0c138d049e
47.70817,29.553543,2014,,HUMAN_OBSERVATION,KW,1170821047,4fa7b334-ce0d-4e88-aaae-2e0c138d049e
47.802135,29.343342,2014,,HUMAN_OBSERVATION,KW,1170919089,4fa7b334-ce0d-4e88-aaae-2e0c138d049e
48.38606,28.64303,2014,,HUMAN_OBSERVATION,KW,1171900595,4fa7b334-ce0d-4e88-aaae-2e0c138d049e
47.880135,29.323654,2014,,HUMAN_OBSERVATION,KW,1172788221,4fa7b334-ce0d-4e88-aaae-2e0c138d049e
47.880135,29.323654,2014,,HUMAN_OBSERVATION,KW,1172848432,4fa7b334-ce0d-4e88-aaae-2e0c138d049e
47.880135,29.323654,2014,,HUMAN_OBSERVATION,KW,1173168974,4fa7b334-ce0d-4e88-aaae-2e0c138d049e
47.880135,29.323654,2014,,HUMAN_OBSERVATION,KW,1173293582,4fa7b334-ce0d-4e88-aaae-2e0c138d049e
48.021046,29.296795,2014,,HUMAN_OBSERVATION,KW,1174052434,4fa7b334-ce0d-4e88-aaae-2e0c138d049e
48.021046,29.296795,2014,,HUMAN_OBSERVATION,KW,1174056829,4fa7b334-ce0d-4e88-aaae-2e0c138d049e
47.806183,29.348576,2014,,HUMAN_OBSERVATION,KW,1174265881,4fa7b334-ce0d-4e88-aaae-2e0c138d049e
47.802135,29.343342,2014,,HUMAN_OBSERVATION,KW,1174552845,4fa7b334-ce0d-4e88-aaae-2e0c138d049e
47.802135,29.343342,2014,,HUMAN_OBSERVATION,KW,1174560181,4fa7b334-ce0d-4e88-aaae-2e0c138d049e
47.802135,29.343342,2014,,HUMAN_OBSERVATION,KW,1174736772,4fa7b334-ce0d-4e88-aaae-2e0c138d049e
47.70817,29.553543,2014,,HUMAN_OBSERVATION,KW,1174957833,4fa7b334-ce0d-4e88-aaae-2e0c138d049e
47.802135,29.343342,2014,,HUMAN_OBSERVATION,KW,1174971325,4fa7b334-ce0d-4e88-aaae-2e0c138d049e
47.902874,29.335093,2014,,HUMAN_OBSERVATION,KW,1174904410,4fa7b334-ce0d-4e88-aaae-2e0c138d049e
47.802135,29.343342,2014,,HUMAN_OBSERVATION,KW,1174905788,4fa7b334-ce0d-4e88-aaae-2e0c138d049e
47.802135,29.343342,2014,,HUMAN_OBSERVATION,KW,1174908830,4fa7b334-ce0d-4e88-aaae-2e0c138d049e
47.902874,29.335093,2014,,HUMAN_OBSERVATION,KW,1174914644,4fa7b334-ce0d-4e88-aaae-2e0c138d049e
47.806183,29.348576,2014,,HUMAN_OBSERVATION,KW,1175118031,4fa7b334-ce0d-4e88-aaae-2e0c138d049e
48.39216,28.661844,2014,,HUMAN_OBSERVATION,KW,1175455997,4fa7b334-ce0d-4e88-aaae-2e0c138d049e
48.111237,29.195866,2014,,HUMAN_OBSERVATION,KW,1175676150,4fa7b334-ce0d-4e88-aaae-2e0c138d049e
47.802135,29.343342,2014,,HUMAN_OBSERVATION,KW,1175890519,4fa7b334-ce0d-4e88-aaae-2e0c138d049e
48.111237,29.195866,2014,,HUMAN_OBSERVATION,KW,1175919607,4fa7b334-ce0d-4e88-aaae-2e0c138d049e
48.137775,29.117018,2014,,HUMAN_OBSERVATION,KW,1175920617,4fa7b334-ce0d-4e88-aaae-2e0c138d049e
48.137775,29.117018,2014,,HUMAN_OBSERVATION,KW,1176002736,4fa7b334-ce0d-4e88-aaae-2e0c138d049e
47.894005,29.323938,2014,,HUMAN_OBSERVATION,KW,1176017346,4fa7b334-ce0d-4e88-aaae-2e0c138d049e
48.09665,29.352262,2014,,HUMAN_OBSERVATION,KW,1176461055,4fa7b334-ce0d-4e88-aaae-2e0c138d049e
47.880135,29.323654,2014,,HUMAN_OBSERVATION,KW,1177105557,4fa7b334-ce0d-4e88-aaae-2e0c138d049e
47.806183,29.348576,2014,,HUMAN_OBSERVATION,KW,1177443108,4fa7b334-ce0d-4e88-aaae-2e0c138d049e
48.09665,29.352262,2014,,HUMAN_OBSERVATION,KW,1178153492,4fa7b334-ce0d-4e88-aaae-2e0c138d049e
48.09665,29.352262,2014,,HUMAN_OBSERVATION,KW,1178156374,4fa7b334-ce0d-4e88-aaae-2e0c138d049e
48.09665,29.352262,2014,,HUMAN_OBSERVATION,KW,1178163512,4fa7b334-ce0d-4e88-aaae-2e0c138d049e
47.802135,29.343342,2014,,HUMAN_OBSERVATION,KW,1178166345,4fa7b334-ce0d-4e88-aaae-2e0c138d049e
47.894005,29.323938,2014,,HUMAN_OBSERVATION,KW,1178166377,4fa7b334-ce0d-4e88-aaae-2e0c138d049e
47.725044,29.057615,2014,,HUMAN_OBSERVATION,KW,1178252260,4fa7b334-ce0d-4e88-aaae-2e0c138d049e
47.880135,29.323654,2014,,HUMAN_OBSERVATION,KW,1178336518,4fa7b334-ce0d-4e88-aaae-2e0c138d049e
47.880135,29.323654,2014,,HUMAN_OBSERVATION,KW,1178341003,4fa7b334-ce0d-4e88-aaae-2e0c138d049e
47.880135,29.323654,2014,,HUMAN_OBSERVATION,KW,1178342460,4fa7b334-ce0d-4e88-aaae-2e0c138d049e
47.880135,29.323654,2014,,HUMAN_OBSERVATION,KW,1178342467,4fa7b334-ce0d-4e88-aaae-2e0c138d049e
47.725044,29.057615,2014,,HUMAN_OBSERVATION,KW,1183214434,4fa7b334-ce0d-4e88-aaae-2e0c138d049e
47.802135,29.343342,2014,,HUMAN_OBSERVATION,KW,1179480060,4fa7b334-ce0d-4e88-aaae-2e0c138d049e
47.802135,29.343342,2014,,HUMAN_OBSERVATION,KW,1179581649,4fa7b334-ce0d-4e88-aaae-2e0c138d049e
48.111237,29.195866,2014,,HUMAN_OBSERVATION,KW,1179713418,4fa7b334-ce0d-4e88-aaae-2e0c138d049e
47.802135,29.343342,2014,,HUMAN_OBSERVATION,KW,1179895236,4fa7b334-ce0d-4e88-aaae-2e0c138d049e
47.674255,29.351254,2014,,HUMAN_OBSERVATION,KW,1180372818,4fa7b334-ce0d-4e88-aaae-2e0c138d049e
47.70817,29.553543,2014,,HUMAN_OBSERVATION,KW,1181186917,4fa7b334-ce0d-4e88-aaae-2e0c138d049e
47.70817,29.553543,2014,,HUMAN_OBSERVATION,KW,1181188160,4fa7b334-ce0d-4e88-aaae-2e0c138d049e
48.648148,31.69424,2014,,HUMAN_OBSERVATION,IR,1181409314,4fa7b334-ce0d-4e88-aaae-2e0c138d049e
48.648148,31.69424,2014,,HUMAN_OBSERVATION,IR,1181410793,4fa7b334-ce0d-4e88-aaae-2e0c138d049e
48.24732,32.1931,2014,,HUMAN_OBSERVATION,IR,1181426350,4fa7b334-ce0d-4e88-aaae-2e0c138d049e
47.802135,29.343342,2014,,HUMAN_OBSERVATION,KW,1181664950,4fa7b334-ce0d-4e88-aaae-2e0c138d049e
48.30593,28.766613,2014,,HUMAN_OBSERVATION,KW,1182058170,4fa7b334-ce0d-4e88-aaae-2e0c138d049e
47.709824,29.399414,2014,,HUMAN_OBSERVATION,KW,1182183592,4fa7b334-ce0d-4e88-aaae-2e0c138d049e
48.09665,29.352262,2014,,HUMAN_OBSERVATION,KW,1182381118,4fa7b334-ce0d-4e88-aaae-2e0c138d049e
44.96069,35.93493,2014,,HUMAN_OBSERVATION,IQ,1182393282,4fa7b334-ce0d-4e88-aaae-2e0c138d049e
48.30593,28.766613,2014,,HUMAN_OBSERVATION,KW,1182648265,4fa7b334-ce0d-4e88-aaae-2e0c138d049e
48.09665,29.352262,2014,,HUMAN_OBSERVATION,KW,1183212988,4fa7b334-ce0d-4e88-aaae-2e0c138d049e
47.802135,29.343342,2014,,HUMAN_OBSERVATION,KW,1183217030,4fa7b334-ce0d-4e88-aaae-2e0c138d049e
48.111237,29.195866,2014,,HUMAN_OBSERVATION,KW,1183217031,4fa7b334-ce0d-4e88-aaae-2e0c138d049e
47.802135,29.343342,2014,,HUMAN_OBSERVATION,KW,1183217067,4fa7b334-ce0d-4e88-aaae-2e0c138d049e
47.674255,29.351254,2014,,HUMAN_OBSERVATION,KW,1183227930,4fa7b334-ce0d-4e88-aaae-2e0c138d049e
47.709824,29.399414,2014,,HUMAN_OBSERVATION,KW,1187197924,4fa7b334-ce0d-4e88-aaae-2e0c138d049e
48.09665,29.352262,2014,,HUMAN_OBSERVATION,KW,1182707623,4fa7b334-ce0d-4e88-aaae-2e0c138d049e
47.709156,29.552362,2014,,HUMAN_OBSERVATION,KW,1182944201,4fa7b334-ce0d-4e88-aaae-2e0c138d049e
47.90863,29.357641,2014,,HUMAN_OBSERVATION,KW,1182955026,4fa7b334-ce0d-4e88-aaae-2e0c138d049e
48.09665,29.352262,2014,,HUMAN_OBSERVATION,KW,1183211644,4fa7b334-ce0d-4e88-aaae-2e0c138d049e
47.709824,29.399414,2014,,HUMAN_OBSERVATION,KW,1183227285,4fa7b334-ce0d-4e88-aaae-2e0c138d049e
47.90863,29.357641,2014,,HUMAN_OBSERVATION,KW,1183227531,4fa7b334-ce0d-4e88-aaae-2e0c138d049e
47.709156,29.552362,2014,,HUMAN_OBSERVATION,KW,1183230149,4fa7b334-ce0d-4e88-aaae-2e0c138d049e
45.37568,35.574997,2014,,HUMAN_OBSERVATION,IQ,1183918693,4fa7b334-ce0d-4e88-aaae-2e0c138d049e
47.674255,29.351254,2014,,HUMAN_OBSERVATION,KW,1183980239,4fa7b334-ce0d-4e88-aaae-2e0c138d049e
47.674255,29.351254,2014,,HUMAN_OBSERVATION,KW,1184569360,4fa7b334-ce0d-4e88-aaae-2e0c138d049e
47.725044,29.057615,2014,,HUMAN_OBSERVATION,KW,1184863110,4fa7b334-ce0d-4e88-aaae-2e0c138d049e
47.725044,29.057615,2014,,HUMAN_OBSERVATION,KW,1184980146,4fa7b334-ce0d-4e88-aaae-2e0c138d049e
47.725044,29.057615,2014,,HUMAN_OBSERVATION,KW,1184988193,4fa7b334-ce0d-4e88-aaae-2e0c138d049e
47.902874,29.335093,2014,,HUMAN_OBSERVATION,KW,1185405046,4fa7b334-ce0d-4e88-aaae-2e0c138d049e
47.90863,29.357641,2014,,HUMAN_OBSERVATION,KW,1185477339,4fa7b334-ce0d-4e88-aaae-2e0c138d049e
47.777397,29.438875,2014,,HUMAN_OBSERVATION,KW,1186072350,4fa7b334-ce0d-4e88-aaae-2e0c138d049e
47.902874,29.335093,2014,,HUMAN_OBSERVATION,KW,1186550399,4fa7b334-ce0d-4e88-aaae-2e0c138d049e
47.709824,29.399414,2014,,HUMAN_OBSERVATION,KW,1187197955,4fa7b334-ce0d-4e88-aaae-2e0c138d049e
47.90863,29.357641,2014,,HUMAN_OBSERVATION,KW,1208183442,4fa7b334-ce0d-4e88-aaae-2e0c138d049e
37.984413,37.063686,2014,,HUMAN_OBSERVATION,TR,1707797640,4fa7b334-ce0d-4e88-aaae-2e0c138d049e
47.693195,29.36198,2014,,HUMAN_OBSERVATION,KW,1186212255,4fa7b334-ce0d-4e88-aaae-2e0c138d049e
47.707253,29.552809,2014,,HUMAN_OBSERVATION,KW,1186361732,4fa7b334-ce0d-4e88-aaae-2e0c138d049e
48.02516,29.217413,2014,,HUMAN_OBSERVATION,KW,1186545144,4fa7b334-ce0d-4e88-aaae-2e0c138d049e
47.693195,29.36198,2014,,HUMAN_OBSERVATION,KW,1186546426,4fa7b334-ce0d-4e88-aaae-2e0c138d049e
47.902874,29.335093,2014,,HUMAN_OBSERVATION,KW,1187300959,4fa7b334-ce0d-4e88-aaae-2e0c138d049e
47.72079,29.400347,2014,,HUMAN_OBSERVATION,KW,1187318676,4fa7b334-ce0d-4e88-aaae-2e0c138d049e
47.72079,29.400347,2014,,HUMAN_OBSERVATION,KW,1187331830,4fa7b334-ce0d-4e88-aaae-2e0c138d049e
47.72079,29.400347,2014,,HUMAN_OBSERVATION,KW,1187335932,4fa7b334-ce0d-4e88-aaae-2e0c138d049e
47.777397,29.438875,2014,,HUMAN_OBSERVATION,KW,1187383180,4fa7b334-ce0d-4e88-aaae-2e0c138d049e
47.777397,29.438875,2014,,HUMAN_OBSERVATION,KW,1187398966,4fa7b334-ce0d-4e88-aaae-2e0c138d049e
47.777397,29.438875,2014,,HUMAN_OBSERVATION,KW,1187401823,4fa7b334-ce0d-4e88-aaae-2e0c138d049e
47.777397,29.438875,2014,,HUMAN_OBSERVATION,KW,1187419850,4fa7b334-ce0d-4e88-aaae-2e0c138d049e
47.902874,29.335093,2014,,HUMAN_OBSERVATION,KW,1187545223,4fa7b334-ce0d-4e88-aaae-2e0c138d049e
47.902874,29.335093,2014,,HUMAN_OBSERVATION,KW,1187547232,4fa7b334-ce0d-4e88-aaae-2e0c138d049e
47.902874,29.335093,2014,,HUMAN_OBSERVATION,KW,1187824687,4fa7b334-ce0d-4e88-aaae-2e0c138d049e
47.902874,29.335093,2014,,HUMAN_OBSERVATION,KW,1187866560,4fa7b334-ce0d-4e88-aaae-2e0c138d049e
47.98448,28.550373,2014,,HUMAN_OBSERVATION,KW,1187935020,4fa7b334-ce0d-4e88-aaae-2e0c138d049e
47.98448,28.550373,2014,,HUMAN_OBSERVATION,KW,1187942121,4fa7b334-ce0d-4e88-aaae-2e0c138d049e
48.01045,29.371069,2014,,HUMAN_OBSERVATION,KW,1187962656,4fa7b334-ce0d-4e88-aaae-2e0c138d049e
48.01045,29.371069,2014,,HUMAN_OBSERVATION,KW,1187985221,4fa7b334-ce0d-4e88-aaae-2e0c138d049e
48.026817,29.364449,2014,,HUMAN_OBSERVATION,KW,1188015542,4fa7b334-ce0d-4e88-aaae-2e0c138d049e
48.026817,29.364449,2014,,HUMAN_OBSERVATION,KW,1188028466,4fa7b334-ce0d-4e88-aaae-2e0c138d049e
47.693195,29.36198,2014,,HUMAN_OBSERVATION,KW,1188289672,4fa7b334-ce0d-4e88-aaae-2e0c138d049e
48.396572,28.589746,2014,,HUMAN_OBSERVATION,KW,1188497685,4fa7b334-ce0d-4e88-aaae-2e0c138d049e
48.026817,29.364449,2014,,HUMAN_OBSERVATION,KW,5436859560,4fa7b334-ce0d-4e88-aaae-2e0c138d049e
48.0514,29.276012,2014,,HUMAN_OBSERVATION,KW,1189797649,4fa7b334-ce0d-4e88-aaae-2e0c138d049e
47.693195,29.36198,2014,,HUMAN_OBSERVATION,KW,1189801603,4fa7b334-ce0d-4e88-aaae-2e0c138d049e
47.936787,29.301638,2014,,HUMAN_OBSERVATION,KW,1190445346,4fa7b334-ce0d-4e88-aaae-2e0c138d049e
46.9602,29.366991,2014,,HUMAN_OBSERVATION,KW,1190726986,4fa7b334-ce0d-4e88-aaae-2e0c138d049e
47.693195,29.36198,2014,,HUMAN_OBSERVATION,KW,1190727000,4fa7b334-ce0d-4e88-aaae-2e0c138d049e
47.902874,29.335093,2014,,HUMAN_OBSERVATION,KW,1190896524,4fa7b334-ce0d-4e88-aaae-2e0c138d049e
48.35506,28.668985,2014,,HUMAN_OBSERVATION,KW,1191039784,4fa7b334-ce0d-4e88-aaae-2e0c138d049e
44.95924,35.92916,2014,,HUMAN_OBSERVATION,IQ,1191128361,4fa7b334-ce0d-4e88-aaae-2e0c138d049e
47.693195,29.36198,2014,,HUMAN_OBSERVATION,KW,1191135781,4fa7b334-ce0d-4e88-aaae-2e0c138d049e
48.35506,28.668985,2014,,HUMAN_OBSERVATION,KW,1191329257,4fa7b334-ce0d-4e88-aaae-2e0c138d049e
47.802135,29.343342,2014,,HUMAN_OBSERVATION,KW,1191539201,4fa7b334-ce0d-4e88-aaae-2e0c138d049e
47.949844,29.351652,2014,,HUMAN_OBSERVATION,KW,1191667822,4fa7b334-ce0d-4e88-aaae-2e0c138d049e
47.693195,29.36198,2014,,HUMAN_OBSERVATION,KW,1191810030,4fa7b334-ce0d-4e88-aaae-2e0c138d049e
47.829624,29.37335,2014,,HUMAN_OBSERVATION,KW,1191898544,4fa7b334-ce0d-4e88-aaae-2e0c138d049e
47.840996,28.630337,2014,,HUMAN_OBSERVATION,KW,1191986699,4fa7b334-ce0d-4e88-aaae-2e0c138d049e
47.674557,29.351492,2014,,HUMAN_OBSERVATION,KW,1192062906,4fa7b334-ce0d-4e88-aaae-2e0c138d049e
47.802135,29.343342,2014,,HUMAN_OBSERVATION,KW,1192429604,4fa7b334-ce0d-4e88-aaae-2e0c138d049e
48.026817,29.364449,2014,,HUMAN_OBSERVATION,KW,1192431384,4fa7b334-ce0d-4e88-aaae-2e0c138d049e
47.802135,29.343342,2014,,HUMAN_OBSERVATION,KW,1192490636,4fa7b334-ce0d-4e88-aaae-2e0c138d049e
47.693195,29.36198,2014,,HUMAN_OBSERVATION,KW,1192494372,4fa7b334-ce0d-4e88-aaae-2e0c138d049e
47.840996,28.630337,2014,,HUMAN_OBSERVATION,KW,1192494461,4fa7b334-ce0d-4e88-aaae-2e0c138d049e
47.829624,29.37335,2014,,HUMAN_OBSERVATION,KW,1192495782,4fa7b334-ce0d-4e88-aaae-2e0c138d049e
47.902874,29.335093,2014,,HUMAN_OBSERVATION,KW,1192495834,4fa7b334-ce0d-4e88-aaae-2e0c138d049e
47.936787,29.301638,2014,,HUMAN_OBSERVATION,KW,1192497034,4fa7b334-ce0d-4e88-aaae-2e0c138d049e
47.693195,29.36198,2014,,HUMAN_OBSERVATION,KW,1192499681,4fa7b334-ce0d-4e88-aaae-2e0c138d049e
48.026817,29.364449,2014,,HUMAN_OBSERVATION,KW,1192621338,4fa7b334-ce0d-4e88-aaae-2e0c138d049e
48.026817,29.364449,2014,,HUMAN_OBSERVATION,KW,1192622553,4fa7b334-ce0d-4e88-aaae-2e0c138d049e
47.693195,29.36198,2014,,HUMAN_OBSERVATION,KW,1192626537,4fa7b334-ce0d-4e88-aaae-2e0c138d049e
48.026817,29.364449,2014,,HUMAN_OBSERVATION,KW,1192652006,4fa7b334-ce0d-4e88-aaae-2e0c138d049e
48.026817,29.364449,2014,,HUMAN_OBSERVATION,KW,1192773577,4fa7b334-ce0d-4e88-aaae-2e0c138d049e
48.224487,28.907427,2014,,HUMAN_OBSERVATION,KW,1192783910,4fa7b334-ce0d-4e88-aaae-2e0c138d049e
47.674255,29.351254,2014,,HUMAN_OBSERVATION,KW,1193030451,4fa7b334-ce0d-4e88-aaae-2e0c138d049e
47.674255,29.351254,2014,,HUMAN_OBSERVATION,KW,1193031851,4fa7b334-ce0d-4e88-aaae-2e0c138d049e
47.709156,29.552362,2014,,HUMAN_OBSERVATION,KW,1193044899,4fa7b334-ce0d-4e88-aaae-2e0c138d049e
47.709156,29.552362,2014,,HUMAN_OBSERVATION,KW,1193089036,4fa7b334-ce0d-4e88-aaae-2e0c138d049e
47.674255,29.351254,2014,,HUMAN_OBSERVATION,KW,1193236541,4fa7b334-ce0d-4e88-aaae-2e0c138d049e
47.674255,29.351254,2014,,HUMAN_OBSERVATION,KW,1193309613,4fa7b334-ce0d-4e88-aaae-2e0c138d049e
47.674255,29.351254,2014,,HUMAN_OBSERVATION,KW,1193372805,4fa7b334-ce0d-4e88-aaae-2e0c138d049e
47.802135,29.343342,2014,,HUMAN_OBSERVATION,KW,1193374147,4fa7b334-ce0d-4e88-aaae-2e0c138d049e
47.674255,29.351254,2014,,HUMAN_OBSERVATION,KW,1193376613,4fa7b334-ce0d-4e88-aaae-2e0c138d049e
47.674255,29.351254,2014,,HUMAN_OBSERVATION,KW,1193376655,4fa7b334-ce0d-4e88-aaae-2e0c138d049e
48.026817,29.364449,2014,,HUMAN_OBSERVATION,KW,1193560462,4fa7b334-ce0d-4e88-aaae-2e0c138d049e
47.674255,29.351254,2014,,HUMAN_OBSERVATION,KW,1193567360,4fa7b334-ce0d-4e88-aaae-2e0c138d049e
47.674255,29.351254,2014,,HUMAN_OBSERVATION,KW,1193571866,4fa7b334-ce0d-4e88-aaae-2e0c138d049e
47.674255,29.351254,2014,,HUMAN_OBSERVATION,KW,1193718828,4fa7b334-ce0d-4e88-aaae-2e0c138d049e
47.674557,29.351492,2014,,HUMAN_OBSERVATION,KW,1201947208,4fa7b334-ce0d-4e88-aaae-2e0c138d049e
48.35506,28.668985,2014,,HUMAN_OBSERVATION,KW,1202209999,4fa7b334-ce0d-4e88-aaae-2e0c138d049e
48.35506,28.668985,2014,,HUMAN_OBSERVATION,KW,1202227820,4fa7b334-ce0d-4e88-aaae-2e0c138d049e
37.898919,37.057135,2014,244.0,HUMAN_OBSERVATION,TR,3988789971,50c9509d-22c7-4a22-a47d-8c48425ef4a7
47.674255,29.351254,2014,,HUMAN_OBSERVATION,KW,1193966651,4fa7b334-ce0d-4e88-aaae-2e0c138d049e
47.95077,29.352049,2014,,HUMAN_OBSERVATION,KW,1194124339,4fa7b334-ce0d-4e88-aaae-2e0c138d049e
47.674255,29.351254,2014,,HUMAN_OBSERVATION,KW,1194152851,4fa7b334-ce0d-4e88-aaae-2e0c138d049e
47.674255,29.351254,2014,,HUMAN_OBSERVATION,KW,1194311052,4fa7b334-ce0d-4e88-aaae-2e0c138d049e
47.95077,29.352049,2014,,HUMAN_OBSERVATION,KW,1194311064,4fa7b334-ce0d-4e88-aaae-2e0c138d049e
47.90282,29.334694,2014,,HUMAN_OBSERVATION,KW,1194440184,4fa7b334-ce0d-4e88-aaae-2e0c138d049e
48.026817,29.364449,2014,,HUMAN_OBSERVATION,KW,1194627003,4fa7b334-ce0d-4e88-aaae-2e0c138d049e
47.830204,29.328382,2014,,HUMAN_OBSERVATION,KW,1194685787,4fa7b334-ce0d-4e88-aaae-2e0c138d049e
47.902874,29.335093,2014,,HUMAN_OBSERVATION,KW,1194688455,4fa7b334-ce0d-4e88-aaae-2e0c138d049e
47.902874,29.335093,2014,,HUMAN_OBSERVATION,KW,1194688481,4fa7b334-ce0d-4e88-aaae-2e0c138d049e
47.902874,29.335093,2014,,HUMAN_OBSERVATION,KW,1194688512,4fa7b334-ce0d-4e88-aaae-2e0c138d049e
47.830204,29.328382,2014,,HUMAN_OBSERVATION,KW,1194689853,4fa7b334-ce0d-4e88-aaae-2e0c138d049e
47.902874,29.335093,2014,,HUMAN_OBSERVATION,KW,1194689891,4fa7b334-ce0d-4e88-aaae-2e0c138d049e
47.902874,29.335093,2014,,HUMAN_OBSERVATION,KW,1194691229,4fa7b334-ce0d-4e88-aaae-2e0c138d049e
47.902874,29.335093,2014,,HUMAN_OBSERVATION,KW,1194691253,4fa7b334-ce0d-4e88-aaae-2e0c138d049e
47.830204,29.328382,2014,,HUMAN_OBSERVATION,KW,1194691274,4fa7b334-ce0d-4e88-aaae-2e0c138d049e
48.026817,29.364449,2014,,HUMAN_OBSERVATION,KW,1194696612,4fa7b334-ce0d-4e88-aaae-2e0c138d049e
48.026817,29.364449,2014,,HUMAN_OBSERVATION,KW,1194697888,4fa7b334-ce0d-4e88-aaae-2e0c138d049e
47.830204,29.328382,2014,,HUMAN_OBSERVATION,KW,1194779602,4fa7b334-ce0d-4e88-aaae-2e0c138d049e
47.90953,29.344698,2014,,HUMAN_OBSERVATION,KW,1194793919,4fa7b334-ce0d-4e88-aaae-2e0c138d049e
47.693195,29.36198,2014,,HUMAN_OBSERVATION,KW,1194995325,4fa7b334-ce0d-4e88-aaae-2e0c138d049e
47.674255,29.351254,2014,,HUMAN_OBSERVATION,KW,1195000747,4fa7b334-ce0d-4e88-aaae-2e0c138d049e
47.693195,29.36198,2014,,HUMAN_OBSERVATION,KW,1195467119,4fa7b334-ce0d-4e88-aaae-2e0c138d049e
47.806183,29.348576,2014,,HUMAN_OBSERVATION,KW,1195468661,4fa7b334-ce0d-4e88-aaae-2e0c138d049e
47.812458,29.339611,2014,,HUMAN_OBSERVATION,KW,1195505494,4fa7b334-ce0d-4e88-aaae-2e0c138d049e
48.37761,28.639376,2014,,HUMAN_OBSERVATION,KW,1195575577,4fa7b334-ce0d-4e88-aaae-2e0c138d049e
48.37761,28.639376,2014,,HUMAN_OBSERVATION,KW,1195593925,4fa7b334-ce0d-4e88-aaae-2e0c138d049e
48.37761,28.639376,2014,,HUMAN_OBSERVATION,KW,1195595444,4fa7b334-ce0d-4e88-aaae-2e0c138d049e
48.37761,28.639376,2014,,HUMAN_OBSERVATION,KW,1195621771,4fa7b334-ce0d-4e88-aaae-2e0c138d049e
47.802135,29.343342,2014,,HUMAN_OBSERVATION,KW,1195653630,4fa7b334-ce0d-4e88-aaae-2e0c138d049e
47.80808,29.347467,2014,,HUMAN_OBSERVATION,KW,1195691877,4fa7b334-ce0d-4e88-aaae-2e0c138d049e
47.95077,29.352049,2014,,HUMAN_OBSERVATION,KW,1195848410,4fa7b334-ce0d-4e88-aaae-2e0c138d049e
48.38606,28.64303,2014,,HUMAN_OBSERVATION,KW,1195863564,4fa7b334-ce0d-4e88-aaae-2e0c138d049e
47.802135,29.343342,2014,,HUMAN_OBSERVATION,KW,1196007051,4fa7b334-ce0d-4e88-aaae-2e0c138d049e
47.95077,29.352049,2014,,HUMAN_OBSERVATION,KW,1196012596,4fa7b334-ce0d-4e88-aaae-2e0c138d049e
47.951126,29.351183,2014,,HUMAN_OBSERVATION,KW,1196343856,4fa7b334-ce0d-4e88-aaae-2e0c138d049e
47.802135,29.343342,2014,,HUMAN_OBSERVATION,KW,1196402442,4fa7b334-ce0d-4e88-aaae-2e0c138d049e
47.674255,29.351254,2014,,HUMAN_OBSERVATION,KW,1196611360,4fa7b334-ce0d-4e88-aaae-2e0c138d049e
48.10175,29.082802,2014,,HUMAN_OBSERVATION,KW,1196622456,4fa7b334-ce0d-4e88-aaae-2e0c138d049e
47.907555,29.571838,2014,,HUMAN_OBSERVATION,KW,1196627552,4fa7b334-ce0d-4e88-aaae-2e0c138d049e
47.907555,29.571838,2014,,HUMAN_OBSERVATION,KW,1196628987,4fa7b334-ce0d-4e88-aaae-2e0c138d049e
47.907555,29.571838,2014,,HUMAN_OBSERVATION,KW,1196629030,4fa7b334-ce0d-4e88-aaae-2e0c138d049e
47.802135,29.343342,2014,,HUMAN_OBSERVATION,KW,1196636109,4fa7b334-ce0d-4e88-aaae-2e0c138d049e
48.37761,28.639376,2014,,HUMAN_OBSERVATION,KW,1196637562,4fa7b334-ce0d-4e88-aaae-2e0c138d049e
48.10175,29.082802,2014,,HUMAN_OBSERVATION,KW,1196944357,4fa7b334-ce0d-4e88-aaae-2e0c138d049e
47.674255,29.351254,2014,,HUMAN_OBSERVATION,KW,1196959720,4fa7b334-ce0d-4e88-aaae-2e0c138d049e
47.731647,29.358913,2014,,HUMAN_OBSERVATION,KW,1196961504,4fa7b334-ce0d-4e88-aaae-2e0c138d049e
47.902874,29.335093,2014,,HUMAN_OBSERVATION,KW,1197045781,4fa7b334-ce0d-4e88-aaae-2e0c138d049e
47.674255,29.351254,2014,,HUMAN_OBSERVATION,KW,1197119537,4fa7b334-ce0d-4e88-aaae-2e0c138d049e
47.674255,29.351254,2014,,HUMAN_OBSERVATION,KW,1197273973,4fa7b334-ce0d-4e88-aaae-2e0c138d049e
47.693195,29.36198,2014,,HUMAN_OBSERVATION,KW,1197357208,4fa7b334-ce0d-4e88-aaae-2e0c138d049e
47.9753,29.237,2014,,HUMAN_OBSERVATION,KW,1197474186,4fa7b334-ce0d-4e88-aaae-2e0c138d049e
47.840996,28.630337,2014,,HUMAN_OBSERVATION,KW,1197955895,4fa7b334-ce0d-4e88-aaae-2e0c138d049e
46.9602,29.366991,2014,,HUMAN_OBSERVATION,KW,1198014840,4fa7b334-ce0d-4e88-aaae-2e0c138d049e
47.840996,28.630337,2014,,HUMAN_OBSERVATION,KW,1198932014,4fa7b334-ce0d-4e88-aaae-2e0c138d049e
47.674255,29.351254,2014,,HUMAN_OBSERVATION,KW,1198933100,4fa7b334-ce0d-4e88-aaae-2e0c138d049e
47.9753,29.237,2014,,HUMAN_OBSERVATION,KW,1198933108,4fa7b334-ce0d-4e88-aaae-2e0c138d049e
47.674255,29.351254,2014,,HUMAN_OBSERVATION,KW,1198934297,4fa7b334-ce0d-4e88-aaae-2e0c138d049e
47.902874,29.335093,2014,,HUMAN_OBSERVATION,KW,1198934464,4fa7b334-ce0d-4e88-aaae-2e0c138d049e
47.976803,29.386856,2014,,HUMAN_OBSERVATION,KW,1201633923,4fa7b334-ce0d-4e88-aaae-2e0c138d049e
48.026817,29.364449,2014,,HUMAN_OBSERVATION,KW,1201640669,4fa7b334-ce0d-4e88-aaae-2e0c138d049e
47.806183,29.348576,2014,,HUMAN_OBSERVATION,KW,1201946149,4fa7b334-ce0d-4e88-aaae-2e0c138d049e
47.951126,29.351183,2014,,HUMAN_OBSERVATION,KW,1202218500,4fa7b334-ce0d-4e88-aaae-2e0c138d049e
47.731647,29.358913,2014,,HUMAN_OBSERVATION,KW,1202221989,4fa7b334-ce0d-4e88-aaae-2e0c138d049e
47.830204,29.328382,2014,,HUMAN_OBSERVATION,KW,1208647903,4fa7b334-ce0d-4e88-aaae-2e0c138d049e
47.830204,29.328382,2014,,HUMAN_OBSERVATION,KW,1208658635,4fa7b334-ce0d-4e88-aaae-2e0c138d049e
39.89038,29.813257,2014,,HUMAN_OBSERVATION,SA,3615561410,4fa7b334-ce0d-4e88-aaae-2e0c138d049e
47.709053,29.555498,2014,,HUMAN_OBSERVATION,KW,1198405845,4fa7b334-ce0d-4e88-aaae-2e0c138d049e
47.674255,29.351254,2014,,HUMAN_OBSERVATION,KW,1198411132,4fa7b334-ce0d-4e88-aaae-2e0c138d049e
47.674255,29.351254,2014,,HUMAN_OBSERVATION,KW,1198413955,4fa7b334-ce0d-4e88-aaae-2e0c138d049e
47.674255,29.351254,2014,,HUMAN_OBSERVATION,KW,1198414019,4fa7b334-ce0d-4e88-aaae-2e0c138d049e
47.674255,29.351254,2014,,HUMAN_OBSERVATION,KW,1198759100,4fa7b334-ce0d-4e88-aaae-2e0c138d049e
48.112915,29.191662,2014,,HUMAN_OBSERVATION,KW,1199086620,4fa7b334-ce0d-4e88-aaae-2e0c138d049e
48.112915,29.191662,2014,,HUMAN_OBSERVATION,KW,1199090665,4fa7b334-ce0d-4e88-aaae-2e0c138d049e
48.112915,29.191662,2014,,HUMAN_OBSERVATION,KW,1199090698,4fa7b334-ce0d-4e88-aaae-2e0c138d049e
48.112915,29.191662,2014,,HUMAN_OBSERVATION,KW,1199092120,4fa7b334-ce0d-4e88-aaae-2e0c138d049e
47.674255,29.351254,2014,,HUMAN_OBSERVATION,KW,1199766771,4fa7b334-ce0d-4e88-aaae-2e0c138d049e
47.902874,29.335093,2014,,HUMAN_OBSERVATION,KW,1199771659,4fa7b334-ce0d-4e88-aaae-2e0c138d049e
48.026817,29.364449,2014,,HUMAN_OBSERVATION,KW,1199784713,4fa7b334-ce0d-4e88-aaae-2e0c138d049e
48.026817,29.364449,2014,,HUMAN_OBSERVATION,KW,1199786291,4fa7b334-ce0d-4e88-aaae-2e0c138d049e
48.026817,29.364449,2014,,HUMAN_OBSERVATION,KW,1199786299,4fa7b334-ce0d-4e88-aaae-2e0c138d049e
47.95077,29.352049,2014,,HUMAN_OBSERVATION,KW,1199797875,4fa7b334-ce0d-4e88-aaae-2e0c138d049e
47.95077,29.352049,2014,,HUMAN_OBSERVATION,KW,1199945848,4fa7b334-ce0d-4e88-aaae-2e0c138d049e
47.95077,29.352049,2014,,HUMAN_OBSERVATION,KW,1199947247,4fa7b334-ce0d-4e88-aaae-2e0c138d049e
47.830204,29.328382,2014,,HUMAN_OBSERVATION,KW,1200506926,4fa7b334-ce0d-4e88-aaae-2e0c138d049e
47.902874,29.335093,2014,,HUMAN_OBSERVATION,KW,1200536600,4fa7b334-ce0d-4e88-aaae-2e0c138d049e
47.902874,29.335093,2014,,HUMAN_OBSERVATION,KW,1201154159,4fa7b334-ce0d-4e88-aaae-2e0c138d049e
47.830204,29.328382,2014,,HUMAN_OBSERVATION,KW,1201156976,4fa7b334-ce0d-4e88-aaae-2e0c138d049e
47.902874,29.335093,2014,,HUMAN_OBSERVATION,KW,1201336170,4fa7b334-ce0d-4e88-aaae-2e0c138d049e
47.709053,29.555498,2014,,HUMAN_OBSERVATION,KW,1201932140,4fa7b334-ce0d-4e88-aaae-2e0c138d049e
48.368847,32.420845,2013,,HUMAN_OBSERVATION,IR,956707423,4fa7b334-ce0d-4e88-aaae-2e0c138d049e
48.53069,32.061802,2013,,HUMAN_OBSERVATION,IR,957131082,4fa7b334-ce0d-4e88-aaae-2e0c138d049e
48.52245,32.008247,2013,,HUMAN_OBSERVATION,IR,957136036,4fa7b334-ce0d-4e88-aaae-2e0c138d049e
48.437397,32.110416,2013,,HUMAN_OBSERVATION,IR,957205564,4fa7b334-ce0d-4e88-aaae-2e0c138d049e
48.422585,30.129313,2013,,HUMAN_OBSERVATION,IR,957211479,4fa7b334-ce0d-4e88-aaae-2e0c138d049e
47.802135,29.343342,2013,,HUMAN_OBSERVATION,KW,979219566,4fa7b334-ce0d-4e88-aaae-2e0c138d049e
48.53069,32.061802,2013,,HUMAN_OBSERVATION,IR,1177445190,4fa7b334-ce0d-4e88-aaae-2e0c138d049e
48.52245,32.008247,2013,,HUMAN_OBSERVATION,IR,1177446635,4fa7b334-ce0d-4e88-aaae-2e0c138d049e
48.422585,30.129313,2013,,HUMAN_OBSERVATION,IR,1177446643,4fa7b334-ce0d-4e88-aaae-2e0c138d049e
48.437397,32.110416,2013,,HUMAN_OBSERVATION,IR,1177450941,4fa7b334-ce0d-4e88-aaae-2e0c138d049e
48.368847,32.420845,2013,,HUMAN_OBSERVATION,IR,1177452335,4fa7b334-ce0d-4e88-aaae-2e0c138d049e
48.254283,32.195795,2013,3961.0,HUMAN_OBSERVATION,IR,6178509830,50c9509d-22c7-4a22-a47d-8c48425ef4a7
47.98074,29.390827,2013,,HUMAN_OBSERVATION,KW,4296723565,4fa7b334-ce0d-4e88-aaae-2e0c138d049e
47.98074,29.390827,2013,,HUMAN_OBSERVATION,KW,4329690059,4fa7b334-ce0d-4e88-aaae-2e0c138d049e
47.98074,29.390827,2013,,HUMAN_OBSERVATION,KW,4335374575,4fa7b334-ce0d-4e88-aaae-2e0c138d049e
47.98074,29.390827,2013,,HUMAN_OBSERVATION,KW,4398239885,4fa7b334-ce0d-4e88-aaae-2e0c138d049e
43.9807,36.191708,2013,,HUMAN_OBSERVATION,IQ,951966619,4fa7b334-ce0d-4e88-aaae-2e0c138d049e
47.693195,29.36198,2013,,HUMAN_OBSERVATION,KW,976747659,4fa7b334-ce0d-4e88-aaae-2e0c138d049e
37.982483,37.033802,2013,,HUMAN_OBSERVATION,TR,5470673340,4fa7b334-ce0d-4e88-aaae-2e0c138d049e
39.89038,29.813257,2013,,HUMAN_OBSERVATION,SA,3522740134,4fa7b334-ce0d-4e88-aaae-2e0c138d049e
48.122173,29.165966,2013,,HUMAN_OBSERVATION,KW,5413678668,4fa7b334-ce0d-4e88-aaae-2e0c138d049e
47.572723,30.041304,2013,,HUMAN_OBSERVATION,KW,2718446550,4fa7b334-ce0d-4e88-aaae-2e0c138d049e
47.693195,29.36198,2013,,HUMAN_OBSERVATION,KW,967505780,4fa7b334-ce0d-4e88-aaae-2e0c138d049e
48.026817,29.364449,2013,,HUMAN_OBSERVATION,KW,968723008,4fa7b334-ce0d-4e88-aaae-2e0c138d049e
47.674255,29.351254,2013,,HUMAN_OBSERVATION,KW,968969047,4fa7b334-ce0d-4e88-aaae-2e0c138d049e
47.820183,29.33255,2013,,HUMAN_OBSERVATION,KW,968973014,4fa7b334-ce0d-4e88-aaae-2e0c138d049e
47.911633,29.33774,2013,,HUMAN_OBSERVATION,KW,968980155,4fa7b334-ce0d-4e88-aaae-2e0c138d049e
47.90953,29.344698,2013,,HUMAN_OBSERVATION,KW,968989720,4fa7b334-ce0d-4e88-aaae-2e0c138d049e
47.693195,29.36198,2013,,HUMAN_OBSERVATION,KW,977345252,4fa7b334-ce0d-4e88-aaae-2e0c138d049e
47.90282,29.334694,2013,,HUMAN_OBSERVATION,KW,971010814,4fa7b334-ce0d-4e88-aaae-2e0c138d049e
47.902874,29.335093,2013,,HUMAN_OBSERVATION,KW,971021193,4fa7b334-ce0d-4e88-aaae-2e0c138d049e
47.90953,29.344698,2013,,HUMAN_OBSERVATION,KW,971027363,4fa7b334-ce0d-4e88-aaae-2e0c138d049e
47.950214,29.35279,2013,,HUMAN_OBSERVATION,KW,971221287,4fa7b334-ce0d-4e88-aaae-2e0c138d049e
47.674255,29.351254,2013,,HUMAN_OBSERVATION,KW,971315819,4fa7b334-ce0d-4e88-aaae-2e0c138d049e
48.026817,29.364449,2013,,HUMAN_OBSERVATION,KW,971453180,4fa7b334-ce0d-4e88-aaae-2e0c138d049e
46.9602,29.366991,2013,,HUMAN_OBSERVATION,KW,971802632,4fa7b334-ce0d-4e88-aaae-2e0c138d049e
47.90863,29.357641,2013,,HUMAN_OBSERVATION,KW,972173783,4fa7b334-ce0d-4e88-aaae-2e0c138d049e
47.902874,29.335093,2013,,HUMAN_OBSERVATION,KW,972175942,4fa7b334-ce0d-4e88-aaae-2e0c138d049e
47.674255,29.351254,2013,,HUMAN_OBSERVATION,KW,972176997,4fa7b334-ce0d-4e88-aaae-2e0c138d049e
46.9602,29.366991,2013,,HUMAN_OBSERVATION,KW,972182130,4fa7b334-ce0d-4e88-aaae-2e0c138d049e
47.674255,29.351254,2013,,HUMAN_OBSERVATION,KW,972292573,4fa7b334-ce0d-4e88-aaae-2e0c138d049e
47.674255,29.351254,2013,,HUMAN_OBSERVATION,KW,972297860,4fa7b334-ce0d-4e88-aaae-2e0c138d049e
40.18584,29.987352,2013,,HUMAN_OBSERVATION,SA,972527432,4fa7b334-ce0d-4e88-aaae-2e0c138d049e
40.202236,29.985867,2013,,HUMAN_OBSERVATION,SA,972602071,4fa7b334-ce0d-4e88-aaae-2e0c138d049e
47.90863,29.357641,2013,,HUMAN_OBSERVATION,KW,972610780,4fa7b334-ce0d-4e88-aaae-2e0c138d049e
46.9602,29.366991,2013,,HUMAN_OBSERVATION,KW,972903345,4fa7b334-ce0d-4e88-aaae-2e0c138d049e
48.38512,28.741928,2013,,HUMAN_OBSERVATION,KW,973777261,4fa7b334-ce0d-4e88-aaae-2e0c138d049e
48.37761,28.639376,2013,,HUMAN_OBSERVATION,KW,973778202,4fa7b334-ce0d-4e88-aaae-2e0c138d049e
47.840996,28.630337,2013,,HUMAN_OBSERVATION,KW,974334415,4fa7b334-ce0d-4e88-aaae-2e0c138d049e
47.674255,29.351254,2013,,HUMAN_OBSERVATION,KW,974385643,4fa7b334-ce0d-4e88-aaae-2e0c138d049e
47.770287,30.030807,2013,,HUMAN_OBSERVATION,KW,974474885,4fa7b334-ce0d-4e88-aaae-2e0c138d049e
48.122143,29.166296,2013,,HUMAN_OBSERVATION,KW,974617369,4fa7b334-ce0d-4e88-aaae-2e0c138d049e
48.026817,29.364449,2013,,HUMAN_OBSERVATION,KW,974631557,4fa7b334-ce0d-4e88-aaae-2e0c138d049e
47.95077,29.352049,2013,,HUMAN_OBSERVATION,KW,974643720,4fa7b334-ce0d-4e88-aaae-2e0c138d049e
48.14135,29.076393,2013,,HUMAN_OBSERVATION,KW,974644288,4fa7b334-ce0d-4e88-aaae-2e0c138d049e
39.86561,30.058397,2013,,HUMAN_OBSERVATION,SA,974835697,4fa7b334-ce0d-4e88-aaae-2e0c138d049e
40.276993,29.902567,2013,,HUMAN_OBSERVATION,SA,974838157,4fa7b334-ce0d-4e88-aaae-2e0c138d049e
47.840996,28.630337,2013,,HUMAN_OBSERVATION,KW,975336672,4fa7b334-ce0d-4e88-aaae-2e0c138d049e
47.674255,29.351254,2013,,HUMAN_OBSERVATION,KW,975383484,4fa7b334-ce0d-4e88-aaae-2e0c138d049e
47.902874,29.335093,2013,,HUMAN_OBSERVATION,KW,976008564,4fa7b334-ce0d-4e88-aaae-2e0c138d049e
47.902874,29.335093,2013,,HUMAN_OBSERVATION,KW,976009594,4fa7b334-ce0d-4e88-aaae-2e0c138d049e
47.902874,29.335093,2013,,HUMAN_OBSERVATION,KW,976174974,4fa7b334-ce0d-4e88-aaae-2e0c138d049e
47.902874,29.335093,2013,,HUMAN_OBSERVATION,KW,977084252,4fa7b334-ce0d-4e88-aaae-2e0c138d049e
47.902874,29.335093,2013,,HUMAN_OBSERVATION,KW,978506850,4fa7b334-ce0d-4e88-aaae-2e0c138d049e
48.122887,29.149837,2012,,HUMAN_OBSERVATION,KW,599006283,4fa7b334-ce0d-4e88-aaae-2e0c138d049e
48.123455,29.175226,2012,,HUMAN_OBSERVATION,KW,599024633,4fa7b334-ce0d-4e88-aaae-2e0c138d049e
48.122887,29.149837,2012,,HUMAN_OBSERVATION,KW,839397934,4fa7b334-ce0d-4e88-aaae-2e0c138d049e
47.90268,29.33483,2012,,HUMAN_OBSERVATION,KW,4219442318,4fa7b334-ce0d-4e88-aaae-2e0c138d049e
48.068333,29.344845,2012,,HUMAN_OBSERVATION,KW,4236353670,4fa7b334-ce0d-4e88-aaae-2e0c138d049e
47.674255,29.351254,2012,,HUMAN_OBSERVATION,KW,4290212394,4fa7b334-ce0d-4e88-aaae-2e0c138d049e
46.9602,29.366991,2012,,HUMAN_OBSERVATION,KW,4311072039,4fa7b334-ce0d-4e88-aaae-2e0c138d049e
47.674255,29.351254,2012,,HUMAN_OBSERVATION,KW,4312195088,4fa7b334-ce0d-4e88-aaae-2e0c138d049e
40.15703,29.898834,2012,,HUMAN_OBSERVATION,SA,838905216,4fa7b334-ce0d-4e88-aaae-2e0c138d049e
39.91172,29.813042,2012,,HUMAN_OBSERVATION,SA,839093294,4fa7b334-ce0d-4e88-aaae-2e0c138d049e
40.301723,29.811695,2012,,HUMAN_OBSERVATION,SA,839204481,4fa7b334-ce0d-4e88-aaae-2e0c138d049e
48.026817,29.364449,2012,,HUMAN_OBSERVATION,KW,2174041485,4fa7b334-ce0d-4e88-aaae-2e0c138d049e
47.78334,29.585512,2012,,HUMAN_OBSERVATION,KW,2185331940,4fa7b334-ce0d-4e88-aaae-2e0c138d049e
48.026817,29.364449,2012,,HUMAN_OBSERVATION,KW,4706545501,4fa7b334-ce0d-4e88-aaae-2e0c138d049e
47.678314,29.348402,2012,250.0,HUMAN_OBSERVATION,KW,5020764549,6ac3f774-d9fb-4796-b3e9-92bf6c81c084
48.027248,29.365252,2012,250.0,HUMAN_OBSERVATION,KW,5024206735,6ac3f774-d9fb-4796-b3e9-92bf6c81c084
48.026817,29.364449,2012,,HUMAN_OBSERVATION,KW,5553903046,4fa7b334-ce0d-4e88-aaae-2e0c138d049e
48.122887,29.149837,2012,,HUMAN_OBSERVATION,KW,839203402,4fa7b334-ce0d-4e88-aaae-2e0c138d049e
42.995914,36.865192,2012,,HUMAN_OBSERVATION,IQ,839408351,4fa7b334-ce0d-4e88-aaae-2e0c138d049e
47.977524,29.37032,2012,,HUMAN_OBSERVATION,KW,1787861498,4fa7b334-ce0d-4e88-aaae-2e0c138d049e
47.680492,29.348495,2012,,HUMAN_OBSERVATION,KW,2221203767,4fa7b334-ce0d-4e88-aaae-2e0c138d049e
47.891323,29.327484,2012,,HUMAN_OBSERVATION,KW,2781073488,4fa7b334-ce0d-4e88-aaae-2e0c138d049e
47.977524,29.37032,2012,,HUMAN_OBSERVATION,KW,3629944186,4fa7b334-ce0d-4e88-aaae-2e0c138d049e
43.004807,36.87424,2012,,HUMAN_OBSERVATION,IQ,838999797,4fa7b334-ce0d-4e88-aaae-2e0c138d049e
40.199768,30.044527,2012,,HUMAN_OBSERVATION,SA,839433354,4fa7b334-ce0d-4e88-aaae-2e0c138d049e
48.068333,29.344845,2012,,HUMAN_OBSERVATION,KW,4323606003,4fa7b334-ce0d-4e88-aaae-2e0c138d049e
47.90268,29.33483,2012,,HUMAN_OBSERVATION,KW,4358145529,4fa7b334-ce0d-4e88-aaae-2e0c138d049e
48.028214,29.365576,2012,,HUMAN_OBSERVATION,KW,839385337,4fa7b334-ce0d-4e88-aaae-2e0c138d049e
47.959293,29.366417,2012,,HUMAN_OBSERVATION,KW,839401771,4fa7b334-ce0d-4e88-aaae-2e0c138d049e
44.959322,35.92913,2012,100.0,HUMAN_OBSERVATION,IQ,2838517240,8a863029-f435-446a-821e-275f4f641165
47.674255,29.351254,2012,,HUMAN_OBSERVATION,KW,1197599611,4fa7b334-ce0d-4e88-aaae-2e0c138d049e
37.96981,37.05057,2012,,HUMAN_OBSERVATION,TR,2800142558,4fa7b334-ce0d-4e88-aaae-2e0c138d049e
37.968666,37.033733,2012,,HUMAN_OBSERVATION,TR,3273428995,4fa7b334-ce0d-4e88-aaae-2e0c138d049e
37.802848,37.007939,2012,66.0,HUMAN_OBSERVATION,TR,4980377731,50c9509d-22c7-4a22-a47d-8c48425ef4a7
37.802786,37.008087,2012,2.0,HUMAN_OBSERVATION,TR,6130884741,50c9509d-22c7-4a22-a47d-8c48425ef4a7
47.97519,29.379728,2012,,HUMAN_OBSERVATION,KW,1780907044,4fa7b334-ce0d-4e88-aaae-2e0c138d049e
48.136833,29.097559,2011,,HUMAN_OBSERVATION,KW,597985643,4fa7b334-ce0d-4e88-aaae-2e0c138d049e
48.136833,29.097559,2011,,HUMAN_OBSERVATION,KW,597985644,4fa7b334-ce0d-4e88-aaae-2e0c138d049e
48.136833,29.097559,2011,,HUMAN_OBSERVATION,KW,598028703,4fa7b334-ce0d-4e88-aaae-2e0c138d049e
48.1399,29.089664,2011,,HUMAN_OBSERVATION,KW,598074945,4fa7b334-ce0d-4e88-aaae-2e0c138d049e
48.1399,29.089664,2011,,HUMAN_OBSERVATION,KW,598079590,4fa7b334-ce0d-4e88-aaae-2e0c138d049e
48.1399,29.089664,2011,,HUMAN_OBSERVATION,KW,598114609,4fa7b334-ce0d-4e88-aaae-2e0c138d049e
48.13883,29.098927,2011,,HUMAN_OBSERVATION,KW,598135191,4fa7b334-ce0d-4e88-aaae-2e0c138d049e
48.138786,29.094183,2011,,HUMAN_OBSERVATION,KW,598161523,4fa7b334-ce0d-4e88-aaae-2e0c138d049e
48.13883,29.098927,2011,,HUMAN_OBSERVATION,KW,598172850,4fa7b334-ce0d-4e88-aaae-2e0c138d049e
48.138786,29.094183,2011,,HUMAN_OBSERVATION,KW,598177750,4fa7b334-ce0d-4e88-aaae-2e0c138d049e
48.138786,29.094183,2011,,HUMAN_OBSERVATION,KW,598186402,4fa7b334-ce0d-4e88-aaae-2e0c138d049e
48.1399,29.089664,2011,,HUMAN_OBSERVATION,KW,598221224,4fa7b334-ce0d-4e88-aaae-2e0c138d049e
48.136833,29.097559,2011,,HUMAN_OBSERVATION,KW,598267395,4fa7b334-ce0d-4e88-aaae-2e0c138d049e
48.1399,29.089664,2011,,HUMAN_OBSERVATION,KW,598323958,4fa7b334-ce0d-4e88-aaae-2e0c138d049e
48.136833,29.097559,2011,,HUMAN_OBSERVATION,KW,598336208,4fa7b334-ce0d-4e88-aaae-2e0c138d049e
44.251556,33.275436,2011,,HUMAN_OBSERVATION,IQ,597992721,4fa7b334-ce0d-4e88-aaae-2e0c138d049e
48.08853,29.295681,2011,,HUMAN_OBSERVATION,KW,597996240,4fa7b334-ce0d-4e88-aaae-2e0c138d049e
48.138786,29.094183,2011,,HUMAN_OBSERVATION,KW,598089300,4fa7b334-ce0d-4e88-aaae-2e0c138d049e
48.138786,29.094183,2011,,HUMAN_OBSERVATION,KW,598089301,4fa7b334-ce0d-4e88-aaae-2e0c138d049e
48.136833,29.097559,2011,,HUMAN_OBSERVATION,KW,598163388,4fa7b334-ce0d-4e88-aaae-2e0c138d049e
44.251556,33.275436,2011,,HUMAN_OBSERVATION,IQ,598169528,4fa7b334-ce0d-4e88-aaae-2e0c138d049e
48.13883,29.098927,2011,,HUMAN_OBSERVATION,KW,598172851,4fa7b334-ce0d-4e88-aaae-2e0c138d049e
48.1399,29.089664,2011,,HUMAN_OBSERVATION,KW,598219479,4fa7b334-ce0d-4e88-aaae-2e0c138d049e
48.138786,29.094183,2011,,HUMAN_OBSERVATION,KW,598222121,4fa7b334-ce0d-4e88-aaae-2e0c138d049e
44.251556,33.275436,2011,,HUMAN_OBSERVATION,IQ,598272826,4fa7b334-ce0d-4e88-aaae-2e0c138d049e
44.251556,33.275436,2011,,HUMAN_OBSERVATION,IQ,598272827,4fa7b334-ce0d-4e88-aaae-2e0c138d049e
48.138786,29.094183,2011,,HUMAN_OBSERVATION,KW,598323463,4fa7b334-ce0d-4e88-aaae-2e0c138d049e
44.251556,33.275436,2011,,HUMAN_OBSERVATION,IQ,598336062,4fa7b334-ce0d-4e88-aaae-2e0c138d049e
48.136833,29.097559,2011,,HUMAN_OBSERVATION,KW,597987041,4fa7b334-ce0d-4e88-aaae-2e0c138d049e
48.02536,29.254654,2011,,HUMAN_OBSERVATION,KW,598033022,4fa7b334-ce0d-4e88-aaae-2e0c138d049e
48.134644,29.102573,2011,,HUMAN_OBSERVATION,KW,598085109,4fa7b334-ce0d-4e88-aaae-2e0c138d049e
48.136833,29.097559,2011,,HUMAN_OBSERVATION,KW,598090334,4fa7b334-ce0d-4e88-aaae-2e0c138d049e
48.1399,29.089664,2011,,HUMAN_OBSERVATION,KW,598091132,4fa7b334-ce0d-4e88-aaae-2e0c138d049e
48.134644,29.102573,2011,,HUMAN_OBSERVATION,KW,598116703,4fa7b334-ce0d-4e88-aaae-2e0c138d049e
48.1399,29.089664,2011,,HUMAN_OBSERVATION,KW,598173149,4fa7b334-ce0d-4e88-aaae-2e0c138d049e
47.703323,30.531363,2011,,HUMAN_OBSERVATION,IQ,598219773,4fa7b334-ce0d-4e88-aaae-2e0c138d049e
47.674255,29.351254,2011,,HUMAN_OBSERVATION,KW,597999909,4fa7b334-ce0d-4e88-aaae-2e0c138d049e
47.674255,29.351254,2011,,HUMAN_OBSERVATION,KW,597999910,4fa7b334-ce0d-4e88-aaae-2e0c138d049e
46.098846,30.950966,2011,,HUMAN_OBSERVATION,IQ,598024631,4fa7b334-ce0d-4e88-aaae-2e0c138d049e
48.138786,29.094183,2011,,HUMAN_OBSERVATION,KW,598029191,4fa7b334-ce0d-4e88-aaae-2e0c138d049e
48.026817,29.364449,2011,,HUMAN_OBSERVATION,KW,598032321,4fa7b334-ce0d-4e88-aaae-2e0c138d049e
48.136833,29.097559,2011,,HUMAN_OBSERVATION,KW,598036197,4fa7b334-ce0d-4e88-aaae-2e0c138d049e
47.770287,30.030807,2011,,HUMAN_OBSERVATION,KW,598037212,4fa7b334-ce0d-4e88-aaae-2e0c138d049e
48.13883,29.098927,2011,,HUMAN_OBSERVATION,KW,598087944,4fa7b334-ce0d-4e88-aaae-2e0c138d049e
46.098846,30.950966,2011,,HUMAN_OBSERVATION,IQ,598161896,4fa7b334-ce0d-4e88-aaae-2e0c138d049e
48.136833,29.097559,2011,,HUMAN_OBSERVATION,KW,598162781,4fa7b334-ce0d-4e88-aaae-2e0c138d049e
48.138786,29.094183,2011,,HUMAN_OBSERVATION,KW,598166797,4fa7b334-ce0d-4e88-aaae-2e0c138d049e
48.136833,29.097559,2011,,HUMAN_OBSERVATION,KW,598170753,4fa7b334-ce0d-4e88-aaae-2e0c138d049e
48.02536,29.254654,2011,,HUMAN_OBSERVATION,KW,598173054,4fa7b334-ce0d-4e88-aaae-2e0c138d049e
48.1399,29.089664,2011,,HUMAN_OBSERVATION,KW,598173150,4fa7b334-ce0d-4e88-aaae-2e0c138d049e
46.098846,30.950966,2011,,HUMAN_OBSERVATION,IQ,598180219,4fa7b334-ce0d-4e88-aaae-2e0c138d049e
48.134644,29.102573,2011,,HUMAN_OBSERVATION,KW,598188199,4fa7b334-ce0d-4e88-aaae-2e0c138d049e
48.06109,29.10202,2011,,HUMAN_OBSERVATION,KW,598188966,4fa7b334-ce0d-4e88-aaae-2e0c138d049e
48.026817,29.364449,2011,,HUMAN_OBSERVATION,KW,598192427,4fa7b334-ce0d-4e88-aaae-2e0c138d049e
47.976803,29.386856,2011,,HUMAN_OBSERVATION,KW,598198060,4fa7b334-ce0d-4e88-aaae-2e0c138d049e
48.134644,29.102573,2011,,HUMAN_OBSERVATION,KW,598209904,4fa7b334-ce0d-4e88-aaae-2e0c138d049e
48.134644,29.102573,2011,,HUMAN_OBSERVATION,KW,598219480,4fa7b334-ce0d-4e88-aaae-2e0c138d049e
48.134644,29.102573,2011,,HUMAN_OBSERVATION,KW,598220950,4fa7b334-ce0d-4e88-aaae-2e0c138d049e
48.02536,29.254654,2011,,HUMAN_OBSERVATION,KW,598238174,4fa7b334-ce0d-4e88-aaae-2e0c138d049e
48.136833,29.097559,2011,,HUMAN_OBSERVATION,KW,598268378,4fa7b334-ce0d-4e88-aaae-2e0c138d049e
47.880135,29.323654,2011,,HUMAN_OBSERVATION,KW,598285873,4fa7b334-ce0d-4e88-aaae-2e0c138d049e
48.134644,29.102573,2011,,HUMAN_OBSERVATION,KW,598301923,4fa7b334-ce0d-4e88-aaae-2e0c138d049e
48.138786,29.094183,2011,,HUMAN_OBSERVATION,KW,598319643,4fa7b334-ce0d-4e88-aaae-2e0c138d049e
48.1399,29.089664,2011,,HUMAN_OBSERVATION,KW,598334928,4fa7b334-ce0d-4e88-aaae-2e0c138d049e
48.026817,29.364449,2011,,HUMAN_OBSERVATION,KW,598380384,4fa7b334-ce0d-4e88-aaae-2e0c138d049e
48.02536,29.254654,2011,,HUMAN_OBSERVATION,KW,598384977,4fa7b334-ce0d-4e88-aaae-2e0c138d049e
48.38512,28.741928,2011,,HUMAN_OBSERVATION,KW,598389390,4fa7b334-ce0d-4e88-aaae-2e0c138d049e
47.997597,29.374052,2011,,HUMAN_OBSERVATION,KW,1795446501,4fa7b334-ce0d-4e88-aaae-2e0c138d049e
48.026817,29.364449,2011,,HUMAN_OBSERVATION,KW,3199004231,4fa7b334-ce0d-4e88-aaae-2e0c138d049e
48.026817,29.364449,2011,,HUMAN_OBSERVATION,KW,3266190246,4fa7b334-ce0d-4e88-aaae-2e0c138d049e
47.9594,29.273064,2011,250.0,HUMAN_OBSERVATION,KW,5017622581,6ac3f774-d9fb-4796-b3e9-92bf6c81c084
48.028426,29.365656,2011,244.0,HUMAN_OBSERVATION,KW,6159293374,50c9509d-22c7-4a22-a47d-8c48425ef4a7
48.028025,29.364819,2011,155.0,HUMAN_OBSERVATION,KW,6159402906,50c9509d-22c7-4a22-a47d-8c48425ef4a7
47.985585,29.38841,2011,181.0,HUMAN_OBSERVATION,KW,6159447488,50c9509d-22c7-4a22-a47d-8c48425ef4a7
48.134644,29.102573,2011,,HUMAN_OBSERVATION,KW,598062442,4fa7b334-ce0d-4e88-aaae-2e0c138d049e
48.134644,29.102573,2011,,HUMAN_OBSERVATION,KW,598062443,4fa7b334-ce0d-4e88-aaae-2e0c138d049e
46.098846,30.950966,2011,,HUMAN_OBSERVATION,IQ,598087555,4fa7b334-ce0d-4e88-aaae-2e0c138d049e
46.098846,30.950966,2011,,HUMAN_OBSERVATION,IQ,598087556,4fa7b334-ce0d-4e88-aaae-2e0c138d049e
48.1399,29.089664,2011,,HUMAN_OBSERVATION,KW,598091133,4fa7b334-ce0d-4e88-aaae-2e0c138d049e
48.138786,29.094183,2011,,HUMAN_OBSERVATION,KW,598092249,4fa7b334-ce0d-4e88-aaae-2e0c138d049e
47.901722,29.334354,2011,,HUMAN_OBSERVATION,KW,598115582,4fa7b334-ce0d-4e88-aaae-2e0c138d049e
45.728703,32.493114,2011,,HUMAN_OBSERVATION,IQ,598130078,4fa7b334-ce0d-4e88-aaae-2e0c138d049e
48.1399,29.089664,2011,,HUMAN_OBSERVATION,KW,598130119,4fa7b334-ce0d-4e88-aaae-2e0c138d049e
47.824776,29.35246,2011,,HUMAN_OBSERVATION,KW,598137588,4fa7b334-ce0d-4e88-aaae-2e0c138d049e
48.138786,29.094183,2011,,HUMAN_OBSERVATION,KW,598166798,4fa7b334-ce0d-4e88-aaae-2e0c138d049e
46.098846,30.950966,2011,,HUMAN_OBSERVATION,IQ,598169574,4fa7b334-ce0d-4e88-aaae-2e0c138d049e
48.134644,29.102573,2011,,HUMAN_OBSERVATION,KW,598209578,4fa7b334-ce0d-4e88-aaae-2e0c138d049e
48.138786,29.094183,2011,,HUMAN_OBSERVATION,KW,598211666,4fa7b334-ce0d-4e88-aaae-2e0c138d049e
48.138786,29.094183,2011,,HUMAN_OBSERVATION,KW,598211667,4fa7b334-ce0d-4e88-aaae-2e0c138d049e
45.728703,32.493114,2011,,HUMAN_OBSERVATION,IQ,598279885,4fa7b334-ce0d-4e88-aaae-2e0c138d049e
47.674255,29.351254,2011,,HUMAN_OBSERVATION,KW,2715320934,4fa7b334-ce0d-4e88-aaae-2e0c138d049e
47.770287,30.030807,2011,,HUMAN_OBSERVATION,KW,2724323458,4fa7b334-ce0d-4e88-aaae-2e0c138d049e
46.098846,30.950966,2011,,HUMAN_OBSERVATION,IQ,598273563,4fa7b334-ce0d-4e88-aaae-2e0c138d049e
44.385967,33.943954,2011,,HUMAN_OBSERVATION,IQ,598282961,4fa7b334-ce0d-4e88-aaae-2e0c138d049e
44.949623,35.94717,2011,,HUMAN_OBSERVATION,IQ,3560492324,4fa7b334-ce0d-4e88-aaae-2e0c138d049e
46.098846,30.950966,2011,,HUMAN_OBSERVATION,IQ,598024572,4fa7b334-ce0d-4e88-aaae-2e0c138d049e
46.098846,30.950966,2011,,HUMAN_OBSERVATION,IQ,598219893,4fa7b334-ce0d-4e88-aaae-2e0c138d049e
47.874493,29.324121,2011,,HUMAN_OBSERVATION,KW,598238489,4fa7b334-ce0d-4e88-aaae-2e0c138d049e
48.068333,29.344845,2011,,HUMAN_OBSERVATION,KW,4267177849,4fa7b334-ce0d-4e88-aaae-2e0c138d049e
46.098846,30.950966,2011,,HUMAN_OBSERVATION,IQ,598071927,4fa7b334-ce0d-4e88-aaae-2e0c138d049e
46.098846,30.950966,2011,,HUMAN_OBSERVATION,IQ,598161711,4fa7b334-ce0d-4e88-aaae-2e0c138d049e
46.098846,30.950966,2011,,HUMAN_OBSERVATION,IQ,598218096,4fa7b334-ce0d-4e88-aaae-2e0c138d049e
44.252415,33.28792,2011,,HUMAN_OBSERVATION,IQ,597993160,4fa7b334-ce0d-4e88-aaae-2e0c138d049e
44.252415,33.28792,2011,,HUMAN_OBSERVATION,IQ,598020534,4fa7b334-ce0d-4e88-aaae-2e0c138d049e
44.252415,33.28792,2011,,HUMAN_OBSERVATION,IQ,598155047,4fa7b334-ce0d-4e88-aaae-2e0c138d049e
44.252415,33.28792,2011,,HUMAN_OBSERVATION,IQ,598215020,4fa7b334-ce0d-4e88-aaae-2e0c138d049e
44.459072,32.809574,2011,,HUMAN_OBSERVATION,IQ,598218728,4fa7b334-ce0d-4e88-aaae-2e0c138d049e
44.252415,33.28792,2011,,HUMAN_OBSERVATION,IQ,598320503,4fa7b334-ce0d-4e88-aaae-2e0c138d049e
44.252415,33.28792,2011,,HUMAN_OBSERVATION,IQ,598328007,4fa7b334-ce0d-4e88-aaae-2e0c138d049e
44.252415,33.28792,2011,,HUMAN_OBSERVATION,IQ,597985820,4fa7b334-ce0d-4e88-aaae-2e0c138d049e
44.252415,33.28792,2011,,HUMAN_OBSERVATION,IQ,597994411,4fa7b334-ce0d-4e88-aaae-2e0c138d049e
44.252415,33.28792,2011,,HUMAN_OBSERVATION,IQ,598172373,4fa7b334-ce0d-4e88-aaae-2e0c138d049e
44.252415,33.28792,2011,,HUMAN_OBSERVATION,IQ,598178968,4fa7b334-ce0d-4e88-aaae-2e0c138d049e
44.252415,33.28792,2011,,HUMAN_OBSERVATION,IQ,598178969,4fa7b334-ce0d-4e88-aaae-2e0c138d049e
44.252415,33.28792,2011,,HUMAN_OBSERVATION,IQ,598178970,4fa7b334-ce0d-4e88-aaae-2e0c138d049e
44.252415,33.28792,2011,,HUMAN_OBSERVATION,IQ,598224020,4fa7b334-ce0d-4e88-aaae-2e0c138d049e
44.252415,33.28792,2011,,HUMAN_OBSERVATION,IQ,598331846,4fa7b334-ce0d-4e88-aaae-2e0c138d049e
47.75559,29.26832,2011,,HUMAN_OBSERVATION,KW,2193094651,4fa7b334-ce0d-4e88-aaae-2e0c138d049e
44.252415,33.28792,2011,,HUMAN_OBSERVATION,IQ,597985821,4fa7b334-ce0d-4e88-aaae-2e0c138d049e
44.252415,33.28792,2011,,HUMAN_OBSERVATION,IQ,598172374,4fa7b334-ce0d-4e88-aaae-2e0c138d049e
47.674255,29.351254,2011,,HUMAN_OBSERVATION,KW,1409956319,4fa7b334-ce0d-4e88-aaae-2e0c138d049e
48.121895,29.150265,2011,250.0,HUMAN_OBSERVATION,KW,5019670734,6ac3f774-d9fb-4796-b3e9-92bf6c81c084
48.130566,29.14633,2011,250.0,HUMAN_OBSERVATION,KW,5026771932,6ac3f774-d9fb-4796-b3e9-92bf6c81c084
48.12856,29.149912,2010,,HUMAN_OBSERVATION,KW,5596655187,4fa7b334-ce0d-4e88-aaae-2e0c138d049e
40.157433,35.339775,2010,,HUMAN_OBSERVATION,SY,4262681933,4fa7b334-ce0d-4e88-aaae-2e0c138d049e
40.157433,35.339775,2010,,HUMAN_OBSERVATION,SY,4367966055,4fa7b334-ce0d-4e88-aaae-2e0c138d049e
44.36554,33.94051,2010,,HUMAN_OBSERVATION,IQ,596478375,4fa7b334-ce0d-4e88-aaae-2e0c138d049e
44.36554,33.94051,2010,,HUMAN_OBSERVATION,IQ,596493112,4fa7b334-ce0d-4e88-aaae-2e0c138d049e
44.27386,33.254135,2010,,HUMAN_OBSERVATION,IQ,837826942,4fa7b334-ce0d-4e88-aaae-2e0c138d049e
48.004116,29.384718,2010,,HUMAN_OBSERVATION,KW,837845150,4fa7b334-ce0d-4e88-aaae-2e0c138d049e
48.026817,29.364449,2010,,HUMAN_OBSERVATION,KW,2180357702,4fa7b334-ce0d-4e88-aaae-2e0c138d049e
44.269715,33.259773,2010,4.0,HUMAN_OBSERVATION,IQ,2988363819,50c9509d-22c7-4a22-a47d-8c48425ef4a7
44.252415,33.28792,2010,,HUMAN_OBSERVATION,IQ,3259704167,4fa7b334-ce0d-4e88-aaae-2e0c138d049e
48.16372,28.901495,2010,,HUMAN_OBSERVATION,KW,596448638,4fa7b334-ce0d-4e88-aaae-2e0c138d049e
48.02732,29.364302,2010,,HUMAN_OBSERVATION,KW,1390103961,4fa7b334-ce0d-4e88-aaae-2e0c138d049e
47.84004,29.321764,2010,,HUMAN_OBSERVATION,KW,1390265193,4fa7b334-ce0d-4e88-aaae-2e0c138d049e
48.138657,29.076313,2010,,HUMAN_OBSERVATION,KW,1390265227,4fa7b334-ce0d-4e88-aaae-2e0c138d049e
47.880049,29.325019,2010,,HUMAN_OBSERVATION,KW,2835626548,8a863029-f435-446a-821e-275f4f641165
40.157433,35.339775,2010,,HUMAN_OBSERVATION,SY,4735542898,4fa7b334-ce0d-4e88-aaae-2e0c138d049e
44.36554,33.94051,2010,,HUMAN_OBSERVATION,IQ,596482273,4fa7b334-ce0d-4e88-aaae-2e0c138d049e
48.13883,29.098927,2010,,HUMAN_OBSERVATION,KW,596487081,4fa7b334-ce0d-4e88-aaae-2e0c138d049e
48.13883,29.098927,2010,,HUMAN_OBSERVATION,KW,596579046,4fa7b334-ce0d-4e88-aaae-2e0c138d049e
48.13883,29.098927,2010,,HUMAN_OBSERVATION,KW,596587303,4fa7b334-ce0d-4e88-aaae-2e0c138d049e
48.13883,29.098927,2010,,HUMAN_OBSERVATION,KW,596587621,4fa7b334-ce0d-4e88-aaae-2e0c138d049e
48.13883,29.098927,2010,,HUMAN_OBSERVATION,KW,596596683,4fa7b334-ce0d-4e88-aaae-2e0c138d049e
44.27465,33.264027,2010,,HUMAN_OBSERVATION,IQ,5508601970,4fa7b334-ce0d-4e88-aaae-2e0c138d049e
44.264503,33.290123,2010,,HUMAN_OBSERVATION,IQ,5697666926,4fa7b334-ce0d-4e88-aaae-2e0c138d049e
48.13883,29.098927,2010,,HUMAN_OBSERVATION,KW,596477075,4fa7b334-ce0d-4e88-aaae-2e0c138d049e
48.13883,29.098927,2010,,HUMAN_OBSERVATION,KW,596484738,4fa7b334-ce0d-4e88-aaae-2e0c138d049e
48.13883,29.098927,2010,,HUMAN_OBSERVATION,KW,596487557,4fa7b334-ce0d-4e88-aaae-2e0c138d049e
48.13883,29.098927,2010,,HUMAN_OBSERVATION,KW,596489919,4fa7b334-ce0d-4e88-aaae-2e0c138d049e
48.13883,29.098927,2010,,HUMAN_OBSERVATION,KW,596490375,4fa7b334-ce0d-4e88-aaae-2e0c138d049e
48.13883,29.098927,2010,,HUMAN_OBSERVATION,KW,596525429,4fa7b334-ce0d-4e88-aaae-2e0c138d049e
48.13883,29.098927,2010,,HUMAN_OBSERVATION,KW,596533858,4fa7b334-ce0d-4e88-aaae-2e0c138d049e
48.134644,29.102573,2010,,HUMAN_OBSERVATION,KW,596569688,4fa7b334-ce0d-4e88-aaae-2e0c138d049e
48.13977,29.075525,2010,,HUMAN_OBSERVATION,KW,596570023,4fa7b334-ce0d-4e88-aaae-2e0c138d049e
48.13883,29.098927,2010,,HUMAN_OBSERVATION,KW,596578681,4fa7b334-ce0d-4e88-aaae-2e0c138d049e
48.13883,29.098927,2010,,HUMAN_OBSERVATION,KW,596582283,4fa7b334-ce0d-4e88-aaae-2e0c138d049e
48.13883,29.098927,2010,,HUMAN_OBSERVATION,KW,596587622,4fa7b334-ce0d-4e88-aaae-2e0c138d049e
48.13883,29.098927,2010,,HUMAN_OBSERVATION,KW,596591970,4fa7b334-ce0d-4e88-aaae-2e0c138d049e
44.385536,33.29782,2010,,HUMAN_OBSERVATION,IQ,1394229880,4fa7b334-ce0d-4e88-aaae-2e0c138d049e
44.385536,33.29782,2010,,HUMAN_OBSERVATION,IQ,2029352361,4fa7b334-ce0d-4e88-aaae-2e0c138d049e
48.13883,29.098927,2010,,HUMAN_OBSERVATION,KW,596491404,4fa7b334-ce0d-4e88-aaae-2e0c138d049e
48.13883,29.098927,2010,,HUMAN_OBSERVATION,KW,596491405,4fa7b334-ce0d-4e88-aaae-2e0c138d049e
48.13883,29.098927,2010,,HUMAN_OBSERVATION,KW,596491406,4fa7b334-ce0d-4e88-aaae-2e0c138d049e
48.136833,29.097559,2010,,HUMAN_OBSERVATION,KW,596491913,4fa7b334-ce0d-4e88-aaae-2e0c138d049e
48.134644,29.102573,2010,,HUMAN_OBSERVATION,KW,596524058,4fa7b334-ce0d-4e88-aaae-2e0c138d049e
48.13883,29.098927,2010,,HUMAN_OBSERVATION,KW,596533859,4fa7b334-ce0d-4e88-aaae-2e0c138d049e
47.88391,29.259596,2010,,HUMAN_OBSERVATION,KW,596577452,4fa7b334-ce0d-4e88-aaae-2e0c138d049e
48.13883,29.098927,2010,,HUMAN_OBSERVATION,KW,596582284,4fa7b334-ce0d-4e88-aaae-2e0c138d049e
47.978924,29.387411,2010,,HUMAN_OBSERVATION,KW,596587752,4fa7b334-ce0d-4e88-aaae-2e0c138d049e
48.13883,29.098927,2010,,HUMAN_OBSERVATION,KW,596484339,4fa7b334-ce0d-4e88-aaae-2e0c138d049e
47.68534,29.343725,2010,,HUMAN_OBSERVATION,KW,596506239,4fa7b334-ce0d-4e88-aaae-2e0c138d049e
48.13883,29.098927,2010,,HUMAN_OBSERVATION,KW,596542297,4fa7b334-ce0d-4e88-aaae-2e0c138d049e
48.1399,29.089664,2010,,HUMAN_OBSERVATION,KW,596493586,4fa7b334-ce0d-4e88-aaae-2e0c138d049e
48.1399,29.089664,2010,,HUMAN_OBSERVATION,KW,596539141,4fa7b334-ce0d-4e88-aaae-2e0c138d049e
48.138786,29.094183,2010,,HUMAN_OBSERVATION,KW,596576129,4fa7b334-ce0d-4e88-aaae-2e0c138d049e
47.957186,29.362933,2010,31.0,HUMAN_OBSERVATION,KW,2826444477,50c9509d-22c7-4a22-a47d-8c48425ef4a7
43.86001,32.58929,2010,,HUMAN_OBSERVATION,IQ,3557030185,4fa7b334-ce0d-4e88-aaae-2e0c138d049e
39.907654,29.80956,2010,,HUMAN_OBSERVATION,SA,3660292896,4fa7b334-ce0d-4e88-aaae-2e0c138d049e
48.1399,29.089664,2010,,HUMAN_OBSERVATION,KW,596474399,4fa7b334-ce0d-4e88-aaae-2e0c138d049e
48.138786,29.094183,2010,,HUMAN_OBSERVATION,KW,596482340,4fa7b334-ce0d-4e88-aaae-2e0c138d049e
47.68534,29.343725,2010,,HUMAN_OBSERVATION,KW,596574717,4fa7b334-ce0d-4e88-aaae-2e0c138d049e
46.098846,30.950966,2009,,HUMAN_OBSERVATION,IQ,1148971566,4fa7b334-ce0d-4e88-aaae-2e0c138d049e
45.17772,34.3348,2009,,HUMAN_OBSERVATION,IQ,2228234724,4fa7b334-ce0d-4e88-aaae-2e0c138d049e
45.755,35.144722,2009,,HUMAN_OBSERVATION,IQ,2228243657,4fa7b334-ce0d-4e88-aaae-2e0c138d049e
44.623333,35.892776,2009,,HUMAN_OBSERVATION,IQ,2228927054,4fa7b334-ce0d-4e88-aaae-2e0c138d049e
45.755,35.144722,2009,,HUMAN_OBSERVATION,IQ,2228956001,4fa7b334-ce0d-4e88-aaae-2e0c138d049e
44.623333,35.892776,2009,,HUMAN_OBSERVATION,IQ,2230803741,4fa7b334-ce0d-4e88-aaae-2e0c138d049e
48.026817,29.364449,2009,,HUMAN_OBSERVATION,KW,3202260611,4fa7b334-ce0d-4e88-aaae-2e0c138d049e
47.674255,29.351254,2009,,HUMAN_OBSERVATION,KW,3205114897,4fa7b334-ce0d-4e88-aaae-2e0c138d049e
47.770287,30.030807,2009,,HUMAN_OBSERVATION,KW,3271020037,4fa7b334-ce0d-4e88-aaae-2e0c138d049e
47.674255,29.351254,2009,,HUMAN_OBSERVATION,KW,3273885539,4fa7b334-ce0d-4e88-aaae-2e0c138d049e
47.75486,29.266562,2009,,HUMAN_OBSERVATION,KW,3280850156,4fa7b334-ce0d-4e88-aaae-2e0c138d049e
47.674255,29.351254,2009,,HUMAN_OBSERVATION,KW,3283365007,4fa7b334-ce0d-4e88-aaae-2e0c138d049e
48.38512,28.741928,2009,,HUMAN_OBSERVATION,KW,5419139005,4fa7b334-ce0d-4e88-aaae-2e0c138d049e
46.098846,30.950966,2009,,HUMAN_OBSERVATION,IQ,1148971562,4fa7b334-ce0d-4e88-aaae-2e0c138d049e
46.098846,30.950966,2009,,HUMAN_OBSERVATION,IQ,1148971564,4fa7b334-ce0d-4e88-aaae-2e0c138d049e
48.02732,29.364302,2009,,HUMAN_OBSERVATION,KW,1389620383,4fa7b334-ce0d-4e88-aaae-2e0c138d049e
48.38512,28.741928,2009,,HUMAN_OBSERVATION,KW,5461874931,4fa7b334-ce0d-4e88-aaae-2e0c138d049e
47.718365,29.951736,2009,,HUMAN_OBSERVATION,KW,5461986161,4fa7b334-ce0d-4e88-aaae-2e0c138d049e
48.026817,29.364449,2009,,HUMAN_OBSERVATION,KW,5629081817,4fa7b334-ce0d-4e88-aaae-2e0c138d049e
48.38512,28.741928,2009,,HUMAN_OBSERVATION,KW,5687093044,4fa7b334-ce0d-4e88-aaae-2e0c138d049e
48.38512,28.741928,2009,,HUMAN_OBSERVATION,KW,5713046135,4fa7b334-ce0d-4e88-aaae-2e0c138d049e
44.388046,33.92868,2009,,HUMAN_OBSERVATION,IQ,3537039206,4fa7b334-ce0d-4e88-aaae-2e0c138d049e
48.383297,28.72755,2009,,HUMAN_OBSERVATION,KW,5445399593,4fa7b334-ce0d-4e88-aaae-2e0c138d049e
48.38512,28.741928,2009,,HUMAN_OBSERVATION,KW,5497551799,4fa7b334-ce0d-4e88-aaae-2e0c138d049e
48.38512,28.741928,2009,,HUMAN_OBSERVATION,KW,5589707162,4fa7b334-ce0d-4e88-aaae-2e0c138d049e
48.38512,28.741928,2009,,HUMAN_OBSERVATION,KW,5695408132,4fa7b334-ce0d-4e88-aaae-2e0c138d049e
44.977093,35.797295,2009,,HUMAN_OBSERVATION,IQ,2220013490,4fa7b334-ce0d-4e88-aaae-2e0c138d049e
45.126476,35.856186,2009,,HUMAN_OBSERVATION,IQ,2220015026,4fa7b334-ce0d-4e88-aaae-2e0c138d049e
45.194443,35.460278,2009,,HUMAN_OBSERVATION,IQ,2230480817,4fa7b334-ce0d-4e88-aaae-2e0c138d049e
45.194443,35.460278,2009,,HUMAN_OBSERVATION,IQ,2233753576,4fa7b334-ce0d-4e88-aaae-2e0c138d049e
44.977093,35.797295,2009,,HUMAN_OBSERVATION,IQ,2233889793,4fa7b334-ce0d-4e88-aaae-2e0c138d049e
44.977093,35.797295,2009,,HUMAN_OBSERVATION,IQ,2233892238,4fa7b334-ce0d-4e88-aaae-2e0c138d049e
44.977093,35.797295,2009,,HUMAN_OBSERVATION,IQ,2233894952,4fa7b334-ce0d-4e88-aaae-2e0c138d049e
45.126476,35.856186,2009,,HUMAN_OBSERVATION,IQ,2233895332,4fa7b334-ce0d-4e88-aaae-2e0c138d049e
48.026817,29.364449,2009,,HUMAN_OBSERVATION,KW,3288263087,4fa7b334-ce0d-4e88-aaae-2e0c138d049e
48.026817,29.364449,2009,,HUMAN_OBSERVATION,KW,3290149117,4fa7b334-ce0d-4e88-aaae-2e0c138d049e
47.674255,29.351254,2009,,HUMAN_OBSERVATION,KW,3297432135,4fa7b334-ce0d-4e88-aaae-2e0c138d049e
48.38512,28.741928,2009,,HUMAN_OBSERVATION,KW,5342335355,4fa7b334-ce0d-4e88-aaae-2e0c138d049e
47.674255,29.351254,2009,,HUMAN_OBSERVATION,KW,5531791318,4fa7b334-ce0d-4e88-aaae-2e0c138d049e
48.38512,28.741928,2009,,HUMAN_OBSERVATION,KW,5702629050,4fa7b334-ce0d-4e88-aaae-2e0c138d049e
43.07139,37.03,2009,,HUMAN_OBSERVATION,IQ,2220088063,4fa7b334-ce0d-4e88-aaae-2e0c138d049e
44.92447,36.113472,2009,,HUMAN_OBSERVATION,IQ,2220112923,4fa7b334-ce0d-4e88-aaae-2e0c138d049e
45.319912,35.282692,2009,,HUMAN_OBSERVATION,IQ,2220119941,4fa7b334-ce0d-4e88-aaae-2e0c138d049e
45.755,35.144722,2009,,HUMAN_OBSERVATION,IQ,2228241029,4fa7b334-ce0d-4e88-aaae-2e0c138d049e
45.319912,35.282692,2009,,HUMAN_OBSERVATION,IQ,2228255074,4fa7b334-ce0d-4e88-aaae-2e0c138d049e
43.07139,37.03,2009,,HUMAN_OBSERVATION,IQ,2230803518,4fa7b334-ce0d-4e88-aaae-2e0c138d049e
44.92447,36.113472,2009,,HUMAN_OBSERVATION,IQ,2233672198,4fa7b334-ce0d-4e88-aaae-2e0c138d049e
44.36554,33.94051,2009,,HUMAN_OBSERVATION,IQ,3518560506,4fa7b334-ce0d-4e88-aaae-2e0c138d049e
40.1466,35.33624,2009,,HUMAN_OBSERVATION,SY,3624273685,4fa7b334-ce0d-4e88-aaae-2e0c138d049e
48.087975,29.301332,2009,250.0,HUMAN_OBSERVATION,KW,5023492634,6ac3f774-d9fb-4796-b3e9-92bf6c81c084
48.38512,28.741928,2009,,HUMAN_OBSERVATION,KW,5317667428,4fa7b334-ce0d-4e88-aaae-2e0c138d049e
48.38512,28.741928,2009,,HUMAN_OBSERVATION,KW,5391582558,4fa7b334-ce0d-4e88-aaae-2e0c138d049e
48.383297,28.72755,2009,,HUMAN_OBSERVATION,KW,5413181781,4fa7b334-ce0d-4e88-aaae-2e0c138d049e
48.026817,29.364449,2009,,HUMAN_OBSERVATION,KW,837772853,4fa7b334-ce0d-4e88-aaae-2e0c138d049e
48.38512,28.741928,2009,,HUMAN_OBSERVATION,KW,5631941134,4fa7b334-ce0d-4e88-aaae-2e0c138d049e
44.366913,33.942223,2009,,HUMAN_OBSERVATION,IQ,595944619,4fa7b334-ce0d-4e88-aaae-2e0c138d049e
48.12856,29.149912,2009,,HUMAN_OBSERVATION,KW,5670413012,4fa7b334-ce0d-4e88-aaae-2e0c138d049e
47.674255,29.351254,2009,,HUMAN_OBSERVATION,KW,5327219607,4fa7b334-ce0d-4e88-aaae-2e0c138d049e
48.12856,29.149912,2009,,HUMAN_OBSERVATION,KW,5485157007,4fa7b334-ce0d-4e88-aaae-2e0c138d049e
47.75465,29.257349,2009,,HUMAN_OBSERVATION,KW,5657860230,4fa7b334-ce0d-4e88-aaae-2e0c138d049e
44.342575,33.951354,2009,5167.0,HUMAN_OBSERVATION,IQ,3772684673,50c9509d-22c7-4a22-a47d-8c48425ef4a7
44.252415,33.28792,2009,,HUMAN_OBSERVATION,IQ,595967645,4fa7b334-ce0d-4e88-aaae-2e0c138d049e
48.12856,29.149912,2009,,HUMAN_OBSERVATION,KW,5523304578,4fa7b334-ce0d-4e88-aaae-2e0c138d049e
44.389015,33.287563,2009,,HUMAN_OBSERVATION,IQ,978581705,4fa7b334-ce0d-4e88-aaae-2e0c138d049e
47.75465,29.257349,2009,,HUMAN_OBSERVATION,KW,5695169013,4fa7b334-ce0d-4e88-aaae-2e0c138d049e
44.252415,33.28792,2009,,HUMAN_OBSERVATION,IQ,595997931,4fa7b334-ce0d-4e88-aaae-2e0c138d049e
48.38512,28.741928,2008,,HUMAN_OBSERVATION,KW,5545918931,4fa7b334-ce0d-4e88-aaae-2e0c138d049e
48.38512,28.741928,2008,,HUMAN_OBSERVATION,KW,5322081376,4fa7b334-ce0d-4e88-aaae-2e0c138d049e
48.38512,28.741928,2008,,HUMAN_OBSERVATION,KW,5543460393,4fa7b334-ce0d-4e88-aaae-2e0c138d049e
48.38512,28.741928,2008,,HUMAN_OBSERVATION,KW,5640850670,4fa7b334-ce0d-4e88-aaae-2e0c138d049e
48.38512,28.741928,2008,,HUMAN_OBSERVATION,KW,5705179003,4fa7b334-ce0d-4e88-aaae-2e0c138d049e
48.38512,28.741928,2008,,HUMAN_OBSERVATION,KW,5706957263,4fa7b334-ce0d-4e88-aaae-2e0c138d049e
48.38512,28.741928,2008,,HUMAN_OBSERVATION,KW,5711717440,4fa7b334-ce0d-4e88-aaae-2e0c138d049e
47.819663,29.323576,2008,42.0,HUMAN_OBSERVATION,KW,4986509167,8a863029-f435-446a-821e-275f4f641165
48.38512,28.741928,2008,,HUMAN_OBSERVATION,KW,5425134317,4fa7b334-ce0d-4e88-aaae-2e0c138d049e
48.38512,28.741928,2008,,HUMAN_OBSERVATION,KW,5451113944,4fa7b334-ce0d-4e88-aaae-2e0c138d049e
48.38512,28.741928,2008,,HUMAN_OBSERVATION,KW,5496214041,4fa7b334-ce0d-4e88-aaae-2e0c138d049e
48.38512,28.741928,2008,,HUMAN_OBSERVATION,KW,5584412634,4fa7b334-ce0d-4e88-aaae-2e0c138d049e
48.38512,28.741928,2008,,HUMAN_OBSERVATION,KW,5584919528,4fa7b334-ce0d-4e88-aaae-2e0c138d049e
48.38512,28.741928,2008,,HUMAN_OBSERVATION,KW,5620853436,4fa7b334-ce0d-4e88-aaae-2e0c138d049e
48.35536,28.728302,2008,,HUMAN_OBSERVATION,KW,5629552024,4fa7b334-ce0d-4e88-aaae-2e0c138d049e
48.38512,28.741928,2008,,HUMAN_OBSERVATION,KW,5659687679,4fa7b334-ce0d-4e88-aaae-2e0c138d049e
48.38512,28.741928,2008,,HUMAN_OBSERVATION,KW,5693720474,4fa7b334-ce0d-4e88-aaae-2e0c138d049e
48.38512,28.741928,2008,,HUMAN_OBSERVATION,KW,5714392175,4fa7b334-ce0d-4e88-aaae-2e0c138d049e
47.885,29.3257,2008,,HUMAN_OBSERVATION,KW,2243744350,b1047888-ae52-4179-9dd5-5448ea342a24
48.025789,29.364504,2008,31.0,HUMAN_OBSERVATION,KW,2984361695,50c9509d-22c7-4a22-a47d-8c48425ef4a7
44.36554,33.94051,2008,,HUMAN_OBSERVATION,IQ,3262426936,4fa7b334-ce0d-4e88-aaae-2e0c138d049e
48.38512,28.741928,2008,,HUMAN_OBSERVATION,KW,5321211724,4fa7b334-ce0d-4e88-aaae-2e0c138d049e
48.38512,28.741928,2008,,HUMAN_OBSERVATION,KW,5338634479,4fa7b334-ce0d-4e88-aaae-2e0c138d049e
48.38512,28.741928,2008,,HUMAN_OBSERVATION,KW,5428554211,4fa7b334-ce0d-4e88-aaae-2e0c138d049e
48.38512,28.741928,2008,,HUMAN_OBSERVATION,KW,5467253270,4fa7b334-ce0d-4e88-aaae-2e0c138d049e
48.38512,28.741928,2008,,HUMAN_OBSERVATION,KW,5499543636,4fa7b334-ce0d-4e88-aaae-2e0c138d049e
48.38512,28.741928,2008,,HUMAN_OBSERVATION,KW,5562651383,4fa7b334-ce0d-4e88-aaae-2e0c138d049e
48.38512,28.741928,2008,,HUMAN_OBSERVATION,KW,5321317159,4fa7b334-ce0d-4e88-aaae-2e0c138d049e
48.38512,28.741928,2008,,HUMAN_OBSERVATION,KW,5361272137,4fa7b334-ce0d-4e88-aaae-2e0c138d049e
48.38512,28.741928,2008,,HUMAN_OBSERVATION,KW,5382738422,4fa7b334-ce0d-4e88-aaae-2e0c138d049e
48.38512,28.741928,2008,,HUMAN_OBSERVATION,KW,5527352367,4fa7b334-ce0d-4e88-aaae-2e0c138d049e
48.38512,28.741928,2008,,HUMAN_OBSERVATION,KW,5534532056,4fa7b334-ce0d-4e88-aaae-2e0c138d049e
48.38512,28.741928,2008,,HUMAN_OBSERVATION,KW,5591336608,4fa7b334-ce0d-4e88-aaae-2e0c138d049e
48.38512,28.741928,2008,,HUMAN_OBSERVATION,KW,5707288308,4fa7b334-ce0d-4e88-aaae-2e0c138d049e
48.38512,28.741928,2008,,HUMAN_OBSERVATION,KW,5710308568,4fa7b334-ce0d-4e88-aaae-2e0c138d049e
46.098846,30.950966,2008,,HUMAN_OBSERVATION,IQ,1148971563,4fa7b334-ce0d-4e88-aaae-2e0c138d049e
46.098846,30.950966,2008,,HUMAN_OBSERVATION,IQ,1148971565,4fa7b334-ce0d-4e88-aaae-2e0c138d049e
44.36554,33.94051,2008,,HUMAN_OBSERVATION,IQ,1758595487,4fa7b334-ce0d-4e88-aaae-2e0c138d049e
43.880167,33.313136,2008,204.0,HUMAN_OBSERVATION,IQ,5133114325,50c9509d-22c7-4a22-a47d-8c48425ef4a7
44.25318,33.520027,2008,,HUMAN_OBSERVATION,IQ,5302746480,4fa7b334-ce0d-4e88-aaae-2e0c138d049e
48.38512,28.741928,2008,,HUMAN_OBSERVATION,KW,5360537522,4fa7b334-ce0d-4e88-aaae-2e0c138d049e
48.38512,28.741928,2008,,HUMAN_OBSERVATION,KW,5380959614,4fa7b334-ce0d-4e88-aaae-2e0c138d049e
48.38512,28.741928,2008,,HUMAN_OBSERVATION,KW,5388073983,4fa7b334-ce0d-4e88-aaae-2e0c138d049e
48.38512,28.741928,2008,,HUMAN_OBSERVATION,KW,5449675074,4fa7b334-ce0d-4e88-aaae-2e0c138d049e
48.38512,28.741928,2008,,HUMAN_OBSERVATION,KW,5459128676,4fa7b334-ce0d-4e88-aaae-2e0c138d049e
48.38512,28.741928,2008,,HUMAN_OBSERVATION,KW,5646106036,4fa7b334-ce0d-4e88-aaae-2e0c138d049e
48.38512,28.741928,2008,,HUMAN_OBSERVATION,KW,5699992560,4fa7b334-ce0d-4e88-aaae-2e0c138d049e
48.38512,28.741928,2008,,HUMAN_OBSERVATION,KW,5653621761,4fa7b334-ce0d-4e88-aaae-2e0c138d049e
48.38512,28.741928,2008,,HUMAN_OBSERVATION,KW,5666848704,4fa7b334-ce0d-4e88-aaae-2e0c138d049e
48.38512,28.741928,2008,,HUMAN_OBSERVATION,KW,5377964495,4fa7b334-ce0d-4e88-aaae-2e0c138d049e
48.38512,28.741928,2008,,HUMAN_OBSERVATION,KW,5527379286,4fa7b334-ce0d-4e88-aaae-2e0c138d049e
48.38512,28.741928,2008,,HUMAN_OBSERVATION,KW,5683133576,4fa7b334-ce0d-4e88-aaae-2e0c138d049e
48.38512,28.741928,2008,,HUMAN_OBSERVATION,KW,5713299280,4fa7b334-ce0d-4e88-aaae-2e0c138d049e
46.098846,30.950966,2008,,HUMAN_OBSERVATION,IQ,1148971567,4fa7b334-ce0d-4e88-aaae-2e0c138d049e
48.38512,28.741928,2008,,HUMAN_OBSERVATION,KW,5402263458,4fa7b334-ce0d-4e88-aaae-2e0c138d049e
48.38512,28.741928,2008,,HUMAN_OBSERVATION,KW,5405581030,4fa7b334-ce0d-4e88-aaae-2e0c138d049e
48.38512,28.741928,2008,,HUMAN_OBSERVATION,KW,5655673311,4fa7b334-ce0d-4e88-aaae-2e0c138d049e
48.38512,28.741928,2008,,HUMAN_OBSERVATION,KW,5656671200,4fa7b334-ce0d-4e88-aaae-2e0c138d049e
48.38512,28.741928,2008,,HUMAN_OBSERVATION,KW,5661924406,4fa7b334-ce0d-4e88-aaae-2e0c138d049e
48.38512,28.741928,2008,,HUMAN_OBSERVATION,KW,5673973643,4fa7b334-ce0d-4e88-aaae-2e0c138d049e
48.38512,28.741928,2008,,HUMAN_OBSERVATION,KW,5706162113,4fa7b334-ce0d-4e88-aaae-2e0c138d049e
47.93341,28.640497,2008,,HUMAN_OBSERVATION,KW,5713606425,4fa7b334-ce0d-4e88-aaae-2e0c138d049e
40.157433,35.339775,2008,,HUMAN_OBSERVATION,SY,2788473883,4fa7b334-ce0d-4e88-aaae-2e0c138d049e
47.289066,31.521254,2008,,HUMAN_OBSERVATION,IQ,1148971560,4fa7b334-ce0d-4e88-aaae-2e0c138d049e
46.098846,30.950966,2008,,HUMAN_OBSERVATION,IQ,1148971561,4fa7b334-ce0d-4e88-aaae-2e0c138d049e
48.38512,28.741928,2008,,HUMAN_OBSERVATION,KW,5713895947,4fa7b334-ce0d-4e88-aaae-2e0c138d049e
44.237034,33.293285,2007,,HUMAN_OBSERVATION,IQ,837695093,4fa7b334-ce0d-4e88-aaae-2e0c138d049e
44.237034,33.293285,2007,,HUMAN_OBSERVATION,IQ,837696268,4fa7b334-ce0d-4e88-aaae-2e0c138d049e
44.237034,33.293285,2007,,HUMAN_OBSERVATION,IQ,837707546,4fa7b334-ce0d-4e88-aaae-2e0c138d049e
44.271538,33.265713,2007,,HUMAN_OBSERVATION,IQ,837710220,4fa7b334-ce0d-4e88-aaae-2e0c138d049e
48.38512,28.741928,2007,,HUMAN_OBSERVATION,KW,5430930531,4fa7b334-ce0d-4e88-aaae-2e0c138d049e
44.246647,33.290577,2007,,HUMAN_OBSERVATION,IQ,837688909,4fa7b334-ce0d-4e88-aaae-2e0c138d049e
44.237034,33.293285,2007,,HUMAN_OBSERVATION,IQ,837698575,4fa7b334-ce0d-4e88-aaae-2e0c138d049e
44.271538,33.265713,2007,,HUMAN_OBSERVATION,IQ,837687895,4fa7b334-ce0d-4e88-aaae-2e0c138d049e
44.237034,33.293285,2007,,HUMAN_OBSERVATION,IQ,837688293,4fa7b334-ce0d-4e88-aaae-2e0c138d049e
44.271538,33.265713,2007,,HUMAN_OBSERVATION,IQ,837725208,4fa7b334-ce0d-4e88-aaae-2e0c138d049e
44.237034,33.293285,2007,,HUMAN_OBSERVATION,IQ,837725546,4fa7b334-ce0d-4e88-aaae-2e0c138d049e
48.287537,28.88114,2007,,HUMAN_OBSERVATION,KW,5612300167,4fa7b334-ce0d-4e88-aaae-2e0c138d049e
48.287537,28.88114,2007,,HUMAN_OBSERVATION,KW,5714181855,4fa7b334-ce0d-4e88-aaae-2e0c138d049e
44.271538,33.265713,2007,,HUMAN_OBSERVATION,IQ,837661399,4fa7b334-ce0d-4e88-aaae-2e0c138d049e
44.222572,33.2211,2007,,HUMAN_OBSERVATION,IQ,837686934,4fa7b334-ce0d-4e88-aaae-2e0c138d049e
44.222572,33.2211,2007,,HUMAN_OBSERVATION,IQ,837688848,4fa7b334-ce0d-4e88-aaae-2e0c138d049e
44.222572,33.2211,2007,,HUMAN_OBSERVATION,IQ,837693531,4fa7b334-ce0d-4e88-aaae-2e0c138d049e
44.271538,33.265713,2007,,HUMAN_OBSERVATION,IQ,837704588,4fa7b334-ce0d-4e88-aaae-2e0c138d049e
44.254116,33.263165,2007,,HUMAN_OBSERVATION,IQ,1148979356,4fa7b334-ce0d-4e88-aaae-2e0c138d049e
44.252415,33.28792,2007,,HUMAN_OBSERVATION,IQ,2155568525,4fa7b334-ce0d-4e88-aaae-2e0c138d049e
44.252415,33.28792,2007,,HUMAN_OBSERVATION,IQ,2739043747,4fa7b334-ce0d-4e88-aaae-2e0c138d049e
40.157433,35.339775,2007,,HUMAN_OBSERVATION,SY,5433955386,4fa7b334-ce0d-4e88-aaae-2e0c138d049e
48.287537,28.88114,2007,,HUMAN_OBSERVATION,KW,5455127227,4fa7b334-ce0d-4e88-aaae-2e0c138d049e
44.222572,33.2211,2007,,HUMAN_OBSERVATION,IQ,837691030,4fa7b334-ce0d-4e88-aaae-2e0c138d049e
44.271538,33.265713,2007,,HUMAN_OBSERVATION,IQ,837698090,4fa7b334-ce0d-4e88-aaae-2e0c138d049e
47.93341,28.640497,2007,,HUMAN_OBSERVATION,KW,5612760983,4fa7b334-ce0d-4e88-aaae-2e0c138d049e
48.287537,28.88114,2007,,HUMAN_OBSERVATION,KW,5713740619,4fa7b334-ce0d-4e88-aaae-2e0c138d049e
44.59242,33.795055,2007,,HUMAN_OBSERVATION,IQ,837710373,4fa7b334-ce0d-4e88-aaae-2e0c138d049e
40.1526,35.347206,2007,,HUMAN_OBSERVATION,SY,2718052162,4fa7b334-ce0d-4e88-aaae-2e0c138d049e
44.59242,33.795055,2007,,HUMAN_OBSERVATION,IQ,837676294,4fa7b334-ce0d-4e88-aaae-2e0c138d049e
45.16528,35.87528,2007,,HUMAN_OBSERVATION,IQ,2230876086,4fa7b334-ce0d-4e88-aaae-2e0c138d049e
43.3834,36.16217,2007,,HUMAN_OBSERVATION,IQ,2229083232,4fa7b334-ce0d-4e88-aaae-2e0c138d049e
45.021694,35.808903,2007,,HUMAN_OBSERVATION,IQ,2230879961,4fa7b334-ce0d-4e88-aaae-2e0c138d049e
45.755,35.144722,2007,,HUMAN_OBSERVATION,IQ,2230883303,4fa7b334-ce0d-4e88-aaae-2e0c138d049e
45.17772,34.3348,2007,,HUMAN_OBSERVATION,IQ,2230887984,4fa7b334-ce0d-4e88-aaae-2e0c138d049e
44.623333,35.892776,2007,,HUMAN_OBSERVATION,IQ,2233947218,4fa7b334-ce0d-4e88-aaae-2e0c138d049e
48.38512,28.741928,2007,,HUMAN_OBSERVATION,KW,5348787891,4fa7b334-ce0d-4e88-aaae-2e0c138d049e
48.38512,28.741928,2007,,HUMAN_OBSERVATION,KW,5452380835,4fa7b334-ce0d-4e88-aaae-2e0c138d049e
48.38512,28.741928,2007,,HUMAN_OBSERVATION,KW,5456347022,4fa7b334-ce0d-4e88-aaae-2e0c138d049e
48.38512,28.741928,2007,,HUMAN_OBSERVATION,KW,5565150206,4fa7b334-ce0d-4e88-aaae-2e0c138d049e
48.38512,28.741928,2007,,HUMAN_OBSERVATION,KW,5664860591,4fa7b334-ce0d-4e88-aaae-2e0c138d049e
48.38512,28.741928,2007,,HUMAN_OBSERVATION,KW,5681756772,4fa7b334-ce0d-4e88-aaae-2e0c138d049e
48.38512,28.741928,2007,,HUMAN_OBSERVATION,KW,5692711999,4fa7b334-ce0d-4e88-aaae-2e0c138d049e
44.271538,33.265713,2007,,HUMAN_OBSERVATION,IQ,837688378,4fa7b334-ce0d-4e88-aaae-2e0c138d049e
48.38512,28.741928,2007,,HUMAN_OBSERVATION,KW,5420394040,4fa7b334-ce0d-4e88-aaae-2e0c138d049e
48.38512,28.741928,2007,,HUMAN_OBSERVATION,KW,5566649613,4fa7b334-ce0d-4e88-aaae-2e0c138d049e
48.38512,28.741928,2007,,HUMAN_OBSERVATION,KW,5713375083,4fa7b334-ce0d-4e88-aaae-2e0c138d049e
40.157433,35.339775,2007,,HUMAN_OBSERVATION,SY,1411229025,4fa7b334-ce0d-4e88-aaae-2e0c138d049e
40.157433,35.339775,2007,,HUMAN_OBSERVATION,SY,1792482178,4fa7b334-ce0d-4e88-aaae-2e0c138d049e
48.04362,29.34167,2007,,HUMAN_OBSERVATION,KW,4736263661,4fa7b334-ce0d-4e88-aaae-2e0c138d049e
47.880135,29.323654,2007,,HUMAN_OBSERVATION,KW,4279105442,4fa7b334-ce0d-4e88-aaae-2e0c138d049e
48.38512,28.741928,2007,,HUMAN_OBSERVATION,KW,5434314024,4fa7b334-ce0d-4e88-aaae-2e0c138d049e
48.38512,28.741928,2007,,HUMAN_OBSERVATION,KW,5650338058,4fa7b334-ce0d-4e88-aaae-2e0c138d049e
44.406395,33.311844,2006,,HUMAN_OBSERVATION,IQ,4364991147,4fa7b334-ce0d-4e88-aaae-2e0c138d049e
40.157433,35.339775,2006,,HUMAN_OBSERVATION,SY,3206196708,4fa7b334-ce0d-4e88-aaae-2e0c138d049e
40.157433,35.339775,2006,,HUMAN_OBSERVATION,SY,3274067442,4fa7b334-ce0d-4e88-aaae-2e0c138d049e
40.157433,35.339775,2006,,HUMAN_OBSERVATION,SY,4757744363,4fa7b334-ce0d-4e88-aaae-2e0c138d049e
40.156403,35.326332,2006,,HUMAN_OBSERVATION,SY,595772969,4fa7b334-ce0d-4e88-aaae-2e0c138d049e
47.9912,29.379782,2006,,HUMAN_OBSERVATION,KW,943578548,4fa7b334-ce0d-4e88-aaae-2e0c138d049e
47.88185,29.328087,2006,,HUMAN_OBSERVATION,KW,943798176,4fa7b334-ce0d-4e88-aaae-2e0c138d049e
44.264973,33.30598,2006,,HUMAN_OBSERVATION,IQ,837586870,4fa7b334-ce0d-4e88-aaae-2e0c138d049e
44.247433,33.515244,2006,,HUMAN_OBSERVATION,IQ,837627424,4fa7b334-ce0d-4e88-aaae-2e0c138d049e
44.237034,33.293285,2006,,HUMAN_OBSERVATION,IQ,837609607,4fa7b334-ce0d-4e88-aaae-2e0c138d049e
44.237034,33.293285,2006,,HUMAN_OBSERVATION,IQ,837617407,4fa7b334-ce0d-4e88-aaae-2e0c138d049e
44.237034,33.293285,2006,,HUMAN_OBSERVATION,IQ,837607602,4fa7b334-ce0d-4e88-aaae-2e0c138d049e
48.0899,28.5586,2006,,PRESERVED_SPECIMEN,KW,3415155450,84829fe4-f762-11e1-a439-00145eb45e9a
48.0899,28.5586,2006,,PRESERVED_SPECIMEN,KW,3415156450,84829fe4-f762-11e1-a439-00145eb45e9a
48.0899,28.5586,2006,,PRESERVED_SPECIMEN,KW,3415164442,84829fe4-f762-11e1-a439-00145eb45e9a
48.0899,28.5586,2006,,PRESERVED_SPECIMEN,KW,3415183442,84829fe4-f762-11e1-a439-00145eb45e9a
48.0899,28.5586,2006,,PRESERVED_SPECIMEN,KW,3415184445,84829fe4-f762-11e1-a439-00145eb45e9a
48.38512,28.741928,2006,,HUMAN_OBSERVATION,KW,5427047591,4fa7b334-ce0d-4e88-aaae-2e0c138d049e
48.08144,29.265491,2006,,HUMAN_OBSERVATION,KW,5634096835,4fa7b334-ce0d-4e88-aaae-2e0c138d049e
44.36554,33.94051,2005,,HUMAN_OBSERVATION,IQ,595706570,4fa7b334-ce0d-4e88-aaae-2e0c138d049e
44.401375,33.30679,2005,,HUMAN_OBSERVATION,IQ,1404490246,4fa7b334-ce0d-4e88-aaae-2e0c138d049e
48.6138,32.09929,2005,,HUMAN_OBSERVATION,IR,2209384272,4fa7b334-ce0d-4e88-aaae-2e0c138d049e
44.36554,33.94051,2005,,HUMAN_OBSERVATION,IQ,3257452139,4fa7b334-ce0d-4e88-aaae-2e0c138d049e
44.26051,34.16254,2004,,HUMAN_OBSERVATION,IQ,837483183,4fa7b334-ce0d-4e88-aaae-2e0c138d049e
48.38512,28.741928,2004,,HUMAN_OBSERVATION,KW,5487076010,4fa7b334-ce0d-4e88-aaae-2e0c138d049e
48.38512,28.741928,2004,,HUMAN_OBSERVATION,KW,5563861633,4fa7b334-ce0d-4e88-aaae-2e0c138d049e
48.38512,28.741928,2004,,HUMAN_OBSERVATION,KW,5692809833,4fa7b334-ce0d-4e88-aaae-2e0c138d049e
43.116215,36.297153,2004,,HUMAN_OBSERVATION,IQ,837526027,4fa7b334-ce0d-4e88-aaae-2e0c138d049e
48.38512,28.741928,2004,,HUMAN_OBSERVATION,KW,5450805196,4fa7b334-ce0d-4e88-aaae-2e0c138d049e
43.123726,36.390743,2004,,HUMAN_OBSERVATION,IQ,837482899,4fa7b334-ce0d-4e88-aaae-2e0c138d049e
44.24413,33.26986,2004,,HUMAN_OBSERVATION,IQ,2688837675,4fa7b334-ce0d-4e88-aaae-2e0c138d049e
48.38512,28.741928,2004,,HUMAN_OBSERVATION,KW,5391388455,4fa7b334-ce0d-4e88-aaae-2e0c138d049e
48.38512,28.741928,2004,,HUMAN_OBSERVATION,KW,5451128838,4fa7b334-ce0d-4e88-aaae-2e0c138d049e
44.36554,33.94051,2004,,HUMAN_OBSERVATION,IQ,595648853,4fa7b334-ce0d-4e88-aaae-2e0c138d049e
43.143604,36.33633,2004,,HUMAN_OBSERVATION,IQ,837524671,4fa7b334-ce0d-4e88-aaae-2e0c138d049e
40.157433,35.339775,2004,,HUMAN_OBSERVATION,SY,4832637551,4fa7b334-ce0d-4e88-aaae-2e0c138d049e
48.38512,28.741928,2004,,HUMAN_OBSERVATION,KW,5600698800,4fa7b334-ce0d-4e88-aaae-2e0c138d049e
43.143604,36.33633,2004,,HUMAN_OBSERVATION,IQ,837535176,4fa7b334-ce0d-4e88-aaae-2e0c138d049e
48.38512,28.741928,2004,,HUMAN_OBSERVATION,KW,5297378811,4fa7b334-ce0d-4e88-aaae-2e0c138d049e
48.38512,28.741928,2004,,HUMAN_OBSERVATION,KW,5509012290,4fa7b334-ce0d-4e88-aaae-2e0c138d049e
43.116215,36.297153,2004,,HUMAN_OBSERVATION,IQ,837524083,4fa7b334-ce0d-4e88-aaae-2e0c138d049e
44.36554,33.94051,2004,,HUMAN_OBSERVATION,IQ,595646849,4fa7b334-ce0d-4e88-aaae-2e0c138d049e
44.247433,33.515244,2004,,HUMAN_OBSERVATION,IQ,837484338,4fa7b334-ce0d-4e88-aaae-2e0c138d049e
42.430424,33.796608,2004,,HUMAN_OBSERVATION,IQ,595646687,4fa7b334-ce0d-4e88-aaae-2e0c138d049e
46.098846,30.950966,2004,,HUMAN_OBSERVATION,IQ,595646782,4fa7b334-ce0d-4e88-aaae-2e0c138d049e
48.38512,28.741928,2003,,HUMAN_OBSERVATION,KW,5514846185,4fa7b334-ce0d-4e88-aaae-2e0c138d049e
48.38512,28.741928,2003,,HUMAN_OBSERVATION,KW,5710720177,4fa7b334-ce0d-4e88-aaae-2e0c138d049e
47.08106,31.819853,2003,,HUMAN_OBSERVATION,IQ,4322346695,4fa7b334-ce0d-4e88-aaae-2e0c138d049e
48.38512,28.741928,2003,,HUMAN_OBSERVATION,KW,5421445552,4fa7b334-ce0d-4e88-aaae-2e0c138d049e
48.38512,28.741928,2003,,HUMAN_OBSERVATION,KW,5452507482,4fa7b334-ce0d-4e88-aaae-2e0c138d049e
48.38512,28.741928,2003,,HUMAN_OBSERVATION,KW,5525524504,4fa7b334-ce0d-4e88-aaae-2e0c138d049e
48.38512,28.741928,2003,,HUMAN_OBSERVATION,KW,5673099430,4fa7b334-ce0d-4e88-aaae-2e0c138d049e
48.38512,28.741928,2003,,HUMAN_OBSERVATION,KW,5709520575,4fa7b334-ce0d-4e88-aaae-2e0c138d049e
48.38512,28.741928,2003,,HUMAN_OBSERVATION,KW,5380417090,4fa7b334-ce0d-4e88-aaae-2e0c138d049e
48.38512,28.741928,2003,,HUMAN_OBSERVATION,KW,5551312788,4fa7b334-ce0d-4e88-aaae-2e0c138d049e
48.38512,28.741928,2003,,HUMAN_OBSERVATION,KW,5659425165,4fa7b334-ce0d-4e88-aaae-2e0c138d049e
48.38512,28.741928,2003,,HUMAN_OBSERVATION,KW,5684437691,4fa7b334-ce0d-4e88-aaae-2e0c138d049e
48.38512,28.741928,2003,,HUMAN_OBSERVATION,KW,5336561556,4fa7b334-ce0d-4e88-aaae-2e0c138d049e
48.38512,28.741928,2003,,HUMAN_OBSERVATION,KW,5344122994,4fa7b334-ce0d-4e88-aaae-2e0c138d049e
44.408546,33.304554,2003,,HUMAN_OBSERVATION,IQ,1208691618,4fa7b334-ce0d-4e88-aaae-2e0c138d049e
48.38512,28.741928,2003,,HUMAN_OBSERVATION,KW,5607412620,4fa7b334-ce0d-4e88-aaae-2e0c138d049e
48.38512,28.741928,2003,,HUMAN_OBSERVATION,KW,5618585024,4fa7b334-ce0d-4e88-aaae-2e0c138d049e
48.38512,28.741928,2003,,HUMAN_OBSERVATION,KW,5689671516,4fa7b334-ce0d-4e88-aaae-2e0c138d049e
48.38512,28.741928,2003,,HUMAN_OBSERVATION,KW,5447914684,4fa7b334-ce0d-4e88-aaae-2e0c138d049e
48.38512,28.741928,2003,,HUMAN_OBSERVATION,KW,5642550132,4fa7b334-ce0d-4e88-aaae-2e0c138d049e
47.84666,29.34597,2003,,HUMAN_OBSERVATION,KW,3282620305,4fa7b334-ce0d-4e88-aaae-2e0c138d049e
44.394306,33.300056,2003,,HUMAN_OBSERVATION,IQ,1794344363,4fa7b334-ce0d-4e88-aaae-2e0c138d049e
48.38512,28.741928,2002,,HUMAN_OBSERVATION,KW,5369324243,4fa7b334-ce0d-4e88-aaae-2e0c138d049e
48.38512,28.741928,2002,,HUMAN_OBSERVATION,KW,5568209267,4fa7b334-ce0d-4e88-aaae-2e0c138d049e
48.38512,28.741928,2002,,HUMAN_OBSERVATION,KW,5635850929,4fa7b334-ce0d-4e88-aaae-2e0c138d049e
48.38512,28.741928,2002,,HUMAN_OBSERVATION,KW,5519334224,4fa7b334-ce0d-4e88-aaae-2e0c138d049e
48.38512,28.741928,2002,,HUMAN_OBSERVATION,KW,5699581431,4fa7b334-ce0d-4e88-aaae-2e0c138d049e
47.770287,30.030807,2002,,HUMAN_OBSERVATION,KW,5523731446,4fa7b334-ce0d-4e88-aaae-2e0c138d049e
47.770287,30.030807,2002,,HUMAN_OBSERVATION,KW,5629734576,4fa7b334-ce0d-4e88-aaae-2e0c138d049e
48.38512,28.741928,2002,,HUMAN_OBSERVATION,KW,5711634133,4fa7b334-ce0d-4e88-aaae-2e0c138d049e
48.38512,28.741928,2002,,HUMAN_OBSERVATION,KW,5325368675,4fa7b334-ce0d-4e88-aaae-2e0c138d049e
48.38512,28.741928,2002,,HUMAN_OBSERVATION,KW,5528897384,4fa7b334-ce0d-4e88-aaae-2e0c138d049e
48.38512,28.741928,2002,,HUMAN_OBSERVATION,KW,5612072342,4fa7b334-ce0d-4e88-aaae-2e0c138d049e
48.38512,28.741928,2002,,HUMAN_OBSERVATION,KW,5710989206,4fa7b334-ce0d-4e88-aaae-2e0c138d049e
48.38512,28.741928,2002,,HUMAN_OBSERVATION,KW,5448858922,4fa7b334-ce0d-4e88-aaae-2e0c138d049e
48.38512,28.741928,2002,,HUMAN_OBSERVATION,KW,5478988524,4fa7b334-ce0d-4e88-aaae-2e0c138d049e
48.38512,28.741928,2002,,HUMAN_OBSERVATION,KW,5550980105,4fa7b334-ce0d-4e88-aaae-2e0c138d049e
48.38512,28.741928,2002,,HUMAN_OBSERVATION,KW,5598290348,4fa7b334-ce0d-4e88-aaae-2e0c138d049e
48.38512,28.741928,2002,,HUMAN_OBSERVATION,KW,5609653769,4fa7b334-ce0d-4e88-aaae-2e0c138d049e
48.38512,28.741928,2002,,HUMAN_OBSERVATION,KW,5610174244,4fa7b334-ce0d-4e88-aaae-2e0c138d049e
48.38512,28.741928,2002,,HUMAN_OBSERVATION,KW,5630017335,4fa7b334-ce0d-4e88-aaae-2e0c138d049e
48.38512,28.741928,2002,,HUMAN_OBSERVATION,KW,5696263764,4fa7b334-ce0d-4e88-aaae-2e0c138d049e
38.527134,34.52612,2002,,HUMAN_OBSERVATION,SY,2233905675,4fa7b334-ce0d-4e88-aaae-2e0c138d049e
48.38512,28.741928,2002,,HUMAN_OBSERVATION,KW,5334564685,4fa7b334-ce0d-4e88-aaae-2e0c138d049e
48.37997,28.665361,2002,,HUMAN_OBSERVATION,KW,5349459079,4fa7b334-ce0d-4e88-aaae-2e0c138d049e
48.38512,28.741928,2002,,HUMAN_OBSERVATION,KW,5450318316,4fa7b334-ce0d-4e88-aaae-2e0c138d049e
48.38512,28.741928,2002,,HUMAN_OBSERVATION,KW,5551472644,4fa7b334-ce0d-4e88-aaae-2e0c138d049e
48.38512,28.741928,2002,,HUMAN_OBSERVATION,KW,5666355238,4fa7b334-ce0d-4e88-aaae-2e0c138d049e
47.81562,29.347467,2002,,HUMAN_OBSERVATION,KW,5298876319,4fa7b334-ce0d-4e88-aaae-2e0c138d049e
48.38512,28.741928,2002,,HUMAN_OBSERVATION,KW,5667487944,4fa7b334-ce0d-4e88-aaae-2e0c138d049e
48.38512,28.741928,2002,,HUMAN_OBSERVATION,KW,5680972559,4fa7b334-ce0d-4e88-aaae-2e0c138d049e
48.38512,28.741928,2002,,HUMAN_OBSERVATION,KW,5553841531,4fa7b334-ce0d-4e88-aaae-2e0c138d049e
48.38512,28.741928,2002,,HUMAN_OBSERVATION,KW,5570410061,4fa7b334-ce0d-4e88-aaae-2e0c138d049e
48.121506,29.127432,2002,,HUMAN_OBSERVATION,KW,5423639849,4fa7b334-ce0d-4e88-aaae-2e0c138d049e
48.38512,28.741928,2001,,HUMAN_OBSERVATION,KW,5336772515,4fa7b334-ce0d-4e88-aaae-2e0c138d049e
48.38512,28.741928,2001,,HUMAN_OBSERVATION,KW,5711032001,4fa7b334-ce0d-4e88-aaae-2e0c138d049e
48.38512,28.741928,2001,,HUMAN_OBSERVATION,KW,5351424245,4fa7b334-ce0d-4e88-aaae-2e0c138d049e
48.38512,28.741928,2001,,HUMAN_OBSERVATION,KW,5489536768,4fa7b334-ce0d-4e88-aaae-2e0c138d049e
47.97419,29.240738,2001,,HUMAN_OBSERVATION,KW,2677289764,4fa7b334-ce0d-4e88-aaae-2e0c138d049e
48.38512,28.741928,2001,,HUMAN_OBSERVATION,KW,5389913902,4fa7b334-ce0d-4e88-aaae-2e0c138d049e
48.38512,28.741928,2001,,HUMAN_OBSERVATION,KW,5565652004,4fa7b334-ce0d-4e88-aaae-2e0c138d049e
48.38512,28.741928,2001,,HUMAN_OBSERVATION,KW,5569641112,4fa7b334-ce0d-4e88-aaae-2e0c138d049e
48.38512,28.741928,2001,,HUMAN_OBSERVATION,KW,5587584075,4fa7b334-ce0d-4e88-aaae-2e0c138d049e
48.38512,28.741928,2001,,HUMAN_OBSERVATION,KW,5611688177,4fa7b334-ce0d-4e88-aaae-2e0c138d049e
48.38512,28.741928,2001,,HUMAN_OBSERVATION,KW,5628404555,4fa7b334-ce0d-4e88-aaae-2e0c138d049e
48.38512,28.741928,2001,,HUMAN_OBSERVATION,KW,5669830822,4fa7b334-ce0d-4e88-aaae-2e0c138d049e
48.38512,28.741928,2001,,HUMAN_OBSERVATION,KW,5688088018,4fa7b334-ce0d-4e88-aaae-2e0c138d049e
48.38512,28.741928,2001,,HUMAN_OBSERVATION,KW,5344825884,4fa7b334-ce0d-4e88-aaae-2e0c138d049e
48.38512,28.741928,2001,,HUMAN_OBSERVATION,KW,5559533368,4fa7b334-ce0d-4e88-aaae-2e0c138d049e
48.026817,29.364449,2001,,HUMAN_OBSERVATION,KW,5565185477,4fa7b334-ce0d-4e88-aaae-2e0c138d049e
48.38512,28.741928,2001,,HUMAN_OBSERVATION,KW,5583454842,4fa7b334-ce0d-4e88-aaae-2e0c138d049e
48.38512,28.741928,2001,,HUMAN_OBSERVATION,KW,5650599165,4fa7b334-ce0d-4e88-aaae-2e0c138d049e
47.674255,29.351254,2001,,HUMAN_OBSERVATION,KW,5686669442,4fa7b334-ce0d-4e88-aaae-2e0c138d049e
48.38512,28.741928,2001,,HUMAN_OBSERVATION,KW,5475230066,4fa7b334-ce0d-4e88-aaae-2e0c138d049e
48.38512,28.741928,2001,,HUMAN_OBSERVATION,KW,5484508761,4fa7b334-ce0d-4e88-aaae-2e0c138d049e
48.38512,28.741928,2001,,HUMAN_OBSERVATION,KW,5523946899,4fa7b334-ce0d-4e88-aaae-2e0c138d049e
48.38512,28.741928,2001,,HUMAN_OBSERVATION,KW,5595001736,4fa7b334-ce0d-4e88-aaae-2e0c138d049e
48.38512,28.741928,2001,,HUMAN_OBSERVATION,KW,5629123187,4fa7b334-ce0d-4e88-aaae-2e0c138d049e
47.904877,29.337702,2001,,HUMAN_OBSERVATION,KW,5564799556,4fa7b334-ce0d-4e88-aaae-2e0c138d049e
48.38512,28.741928,2001,,HUMAN_OBSERVATION,KW,5599284034,4fa7b334-ce0d-4e88-aaae-2e0c138d049e
48.38512,28.741928,2001,,HUMAN_OBSERVATION,KW,5348058810,4fa7b334-ce0d-4e88-aaae-2e0c138d049e
48.38512,28.741928,2001,,HUMAN_OBSERVATION,KW,5524745547,4fa7b334-ce0d-4e88-aaae-2e0c138d049e
48.38512,28.741928,2001,,HUMAN_OBSERVATION,KW,5599975180,4fa7b334-ce0d-4e88-aaae-2e0c138d049e
48.38512,28.741928,2001,,HUMAN_OBSERVATION,KW,5601153401,4fa7b334-ce0d-4e88-aaae-2e0c138d049e
48.38512,28.741928,2001,,HUMAN_OBSERVATION,KW,5660313545,4fa7b334-ce0d-4e88-aaae-2e0c138d049e
48.38512,28.741928,2001,,HUMAN_OBSERVATION,KW,5690928081,4fa7b334-ce0d-4e88-aaae-2e0c138d049e
48.38512,28.741928,2001,,HUMAN_OBSERVATION,KW,5713203946,4fa7b334-ce0d-4e88-aaae-2e0c138d049e
48.38512,28.741928,2001,,HUMAN_OBSERVATION,KW,5541496931,4fa7b334-ce0d-4e88-aaae-2e0c138d049e
48.38512,28.741928,2001,,HUMAN_OBSERVATION,KW,5675689546,4fa7b334-ce0d-4e88-aaae-2e0c138d049e
48.38512,28.741928,2001,,HUMAN_OBSERVATION,KW,5695724747,4fa7b334-ce0d-4e88-aaae-2e0c138d049e
48.38512,28.741928,2001,,HUMAN_OBSERVATION,KW,5710972729,4fa7b334-ce0d-4e88-aaae-2e0c138d049e
48.38512,28.741928,2001,,HUMAN_OBSERVATION,KW,5382295290,4fa7b334-ce0d-4e88-aaae-2e0c138d049e
48.38512,28.741928,2001,,HUMAN_OBSERVATION,KW,5486650351,4fa7b334-ce0d-4e88-aaae-2e0c138d049e
48.38512,28.741928,2001,,HUMAN_OBSERVATION,KW,5627066052,4fa7b334-ce0d-4e88-aaae-2e0c138d049e
48.38512,28.741928,2001,,HUMAN_OBSERVATION,KW,5651109220,4fa7b334-ce0d-4e88-aaae-2e0c138d049e
48.38512,28.741928,2001,,HUMAN_OBSERVATION,KW,5690502748,4fa7b334-ce0d-4e88-aaae-2e0c138d049e
47.904877,29.337702,2001,,HUMAN_OBSERVATION,KW,5708794776,4fa7b334-ce0d-4e88-aaae-2e0c138d049e
47.7823,29.37075,2001,,HUMAN_OBSERVATION,KW,5300444088,4fa7b334-ce0d-4e88-aaae-2e0c138d049e
48.38512,28.741928,2001,,HUMAN_OBSERVATION,KW,5526338965,4fa7b334-ce0d-4e88-aaae-2e0c138d049e
48.38512,28.741928,2001,,HUMAN_OBSERVATION,KW,5706141711,4fa7b334-ce0d-4e88-aaae-2e0c138d049e
48.38512,28.741928,2000,,HUMAN_OBSERVATION,KW,5298689621,4fa7b334-ce0d-4e88-aaae-2e0c138d049e
47.93341,28.640497,2000,,HUMAN_OBSERVATION,KW,5352595235,4fa7b334-ce0d-4e88-aaae-2e0c138d049e
48.38512,28.741928,2000,,HUMAN_OBSERVATION,KW,5372825879,4fa7b334-ce0d-4e88-aaae-2e0c138d049e
48.38512,28.741928,2000,,HUMAN_OBSERVATION,KW,5471652436,4fa7b334-ce0d-4e88-aaae-2e0c138d049e
48.38512,28.741928,2000,,HUMAN_OBSERVATION,KW,5656053889,4fa7b334-ce0d-4e88-aaae-2e0c138d049e
47.93341,28.640497,2000,,HUMAN_OBSERVATION,KW,5334754658,4fa7b334-ce0d-4e88-aaae-2e0c138d049e
48.38512,28.741928,2000,,HUMAN_OBSERVATION,KW,5357471999,4fa7b334-ce0d-4e88-aaae-2e0c138d049e
47.93341,28.640497,2000,,HUMAN_OBSERVATION,KW,5465009166,4fa7b334-ce0d-4e88-aaae-2e0c138d049e
48.38512,28.741928,2000,,HUMAN_OBSERVATION,KW,5615288612,4fa7b334-ce0d-4e88-aaae-2e0c138d049e
48.38512,28.741928,2000,,HUMAN_OBSERVATION,KW,5372825951,4fa7b334-ce0d-4e88-aaae-2e0c138d049e
47.840996,28.630337,2000,,HUMAN_OBSERVATION,KW,5386255859,4fa7b334-ce0d-4e88-aaae-2e0c138d049e
48.38512,28.741928,2000,,HUMAN_OBSERVATION,KW,5483664736,4fa7b334-ce0d-4e88-aaae-2e0c138d049e
48.38512,28.741928,2000,,HUMAN_OBSERVATION,KW,5538773288,4fa7b334-ce0d-4e88-aaae-2e0c138d049e
47.93341,28.640497,2000,,HUMAN_OBSERVATION,KW,5545646694,4fa7b334-ce0d-4e88-aaae-2e0c138d049e
47.81562,29.347467,2000,,HUMAN_OBSERVATION,KW,5640961146,4fa7b334-ce0d-4e88-aaae-2e0c138d049e
48.38512,28.741928,2000,,HUMAN_OBSERVATION,KW,5667184557,4fa7b334-ce0d-4e88-aaae-2e0c138d049e
48.38512,28.741928,2000,,HUMAN_OBSERVATION,KW,5692012401,4fa7b334-ce0d-4e88-aaae-2e0c138d049e
47.93341,28.640497,2000,,HUMAN_OBSERVATION,KW,5697046138,4fa7b334-ce0d-4e88-aaae-2e0c138d049e
48.38512,28.741928,2000,,HUMAN_OBSERVATION,KW,5697573233,4fa7b334-ce0d-4e88-aaae-2e0c138d049e
48.38512,28.741928,2000,,HUMAN_OBSERVATION,KW,5714615693,4fa7b334-ce0d-4e88-aaae-2e0c138d049e
48.38512,28.741928,2000,,HUMAN_OBSERVATION,KW,5366234619,4fa7b334-ce0d-4e88-aaae-2e0c138d049e
48.38512,28.741928,2000,,HUMAN_OBSERVATION,KW,5445110643,4fa7b334-ce0d-4e88-aaae-2e0c138d049e
48.38512,28.741928,2000,,HUMAN_OBSERVATION,KW,5464008662,4fa7b334-ce0d-4e88-aaae-2e0c138d049e
48.38512,28.741928,2000,,HUMAN_OBSERVATION,KW,5465009256,4fa7b334-ce0d-4e88-aaae-2e0c138d049e
48.38512,28.741928,2000,,HUMAN_OBSERVATION,KW,5534055378,4fa7b334-ce0d-4e88-aaae-2e0c138d049e
48.38512,28.741928,2000,,HUMAN_OBSERVATION,KW,5619373038,4fa7b334-ce0d-4e88-aaae-2e0c138d049e
48.38512,28.741928,2000,,HUMAN_OBSERVATION,KW,5704755920,4fa7b334-ce0d-4e88-aaae-2e0c138d049e
48.38512,28.741928,2000,,HUMAN_OBSERVATION,KW,5675184604,4fa7b334-ce0d-4e88-aaae-2e0c138d049e
48.38512,28.741928,2000,,HUMAN_OBSERVATION,KW,5679483697,4fa7b334-ce0d-4e88-aaae-2e0c138d049e
48.38512,28.741928,2000,,HUMAN_OBSERVATION,KW,5447742188,4fa7b334-ce0d-4e88-aaae-2e0c138d049e
48.38512,28.741928,2000,,HUMAN_OBSERVATION,KW,5483607046,4fa7b334-ce0d-4e88-aaae-2e0c138d049e
48.38512,28.741928,2000,,HUMAN_OBSERVATION,KW,5540187701,4fa7b334-ce0d-4e88-aaae-2e0c138d049e
48.38512,28.741928,2000,,HUMAN_OBSERVATION,KW,5562681834,4fa7b334-ce0d-4e88-aaae-2e0c138d049e
48.38512,28.741928,2000,,HUMAN_OBSERVATION,KW,5385273944,4fa7b334-ce0d-4e88-aaae-2e0c138d049e
48.38512,28.741928,2000,,HUMAN_OBSERVATION,KW,5505510450,4fa7b334-ce0d-4e88-aaae-2e0c138d049e
47.674255,29.351254,2000,,HUMAN_OBSERVATION,KW,5530534145,4fa7b334-ce0d-4e88-aaae-2e0c138d049e
48.38512,28.741928,2000,,HUMAN_OBSERVATION,KW,5592681634,4fa7b334-ce0d-4e88-aaae-2e0c138d049e
48.38512,28.741928,2000,,HUMAN_OBSERVATION,KW,5647358204,4fa7b334-ce0d-4e88-aaae-2e0c138d049e
48.38512,28.741928,2000,,HUMAN_OBSERVATION,KW,5669102013,4fa7b334-ce0d-4e88-aaae-2e0c138d049e
48.38512,28.741928,2000,,HUMAN_OBSERVATION,KW,5669911654,4fa7b334-ce0d-4e88-aaae-2e0c138d049e
48.38512,28.741928,2000,,HUMAN_OBSERVATION,KW,5684624177,4fa7b334-ce0d-4e88-aaae-2e0c138d049e
48.38512,28.741928,2000,,HUMAN_OBSERVATION,KW,5713314187,4fa7b334-ce0d-4e88-aaae-2e0c138d049e
48.38512,28.741928,2000,,HUMAN_OBSERVATION,KW,5443049799,4fa7b334-ce0d-4e88-aaae-2e0c138d049e
48.38512,28.741928,2000,,HUMAN_OBSERVATION,KW,5699900993,4fa7b334-ce0d-4e88-aaae-2e0c138d049e
48.38512,28.741928,2000,,HUMAN_OBSERVATION,KW,5329915181,4fa7b334-ce0d-4e88-aaae-2e0c138d049e
48.37992,28.73771,2000,,HUMAN_OBSERVATION,KW,5536721044,4fa7b334-ce0d-4e88-aaae-2e0c138d049e
48.38512,28.741928,2000,,HUMAN_OBSERVATION,KW,5673198438,4fa7b334-ce0d-4e88-aaae-2e0c138d049e
48.38512,28.741928,2000,,HUMAN_OBSERVATION,KW,5712770476,4fa7b334-ce0d-4e88-aaae-2e0c138d049e
48.38512,28.741928,2000,,HUMAN_OBSERVATION,KW,5368516709,4fa7b334-ce0d-4e88-aaae-2e0c138d049e
48.38512,28.741928,2000,,HUMAN_OBSERVATION,KW,5370016300,4fa7b334-ce0d-4e88-aaae-2e0c138d049e
48.38512,28.741928,2000,,HUMAN_OBSERVATION,KW,5589596855,4fa7b334-ce0d-4e88-aaae-2e0c138d049e
47.791924,29.325731,2000,,HUMAN_OBSERVATION,KW,5707147770,4fa7b334-ce0d-4e88-aaae-2e0c138d049e
48.38512,28.741928,1999,,HUMAN_OBSERVATION,KW,5623281377,4fa7b334-ce0d-4e88-aaae-2e0c138d049e
48.38512,28.741928,1999,,HUMAN_OBSERVATION,KW,5649179627,4fa7b334-ce0d-4e88-aaae-2e0c138d049e
48.38512,28.741928,1999,,HUMAN_OBSERVATION,KW,5589741208,4fa7b334-ce0d-4e88-aaae-2e0c138d049e
48.38512,28.741928,1999,,HUMAN_OBSERVATION,KW,5658643993,4fa7b334-ce0d-4e88-aaae-2e0c138d049e
48.38512,28.741928,1999,,HUMAN_OBSERVATION,KW,5400923422,4fa7b334-ce0d-4e88-aaae-2e0c138d049e
48.38512,28.741928,1999,,HUMAN_OBSERVATION,KW,5398938176,4fa7b334-ce0d-4e88-aaae-2e0c138d049e
48.38512,28.741928,1999,,HUMAN_OBSERVATION,KW,5358034417,4fa7b334-ce0d-4e88-aaae-2e0c138d049e
48.38512,28.741928,1999,,HUMAN_OBSERVATION,KW,5360300950,4fa7b334-ce0d-4e88-aaae-2e0c138d049e
48.38512,28.741928,1999,,HUMAN_OBSERVATION,KW,5367443505,4fa7b334-ce0d-4e88-aaae-2e0c138d049e
48.38512,28.741928,1999,,HUMAN_OBSERVATION,KW,5562972031,4fa7b334-ce0d-4e88-aaae-2e0c138d049e
48.38512,28.741928,1999,,HUMAN_OBSERVATION,KW,5706845630,4fa7b334-ce0d-4e88-aaae-2e0c138d049e
48.38512,28.741928,1999,,HUMAN_OBSERVATION,KW,5508287975,4fa7b334-ce0d-4e88-aaae-2e0c138d049e
48.393295,28.738651,1999,,HUMAN_OBSERVATION,KW,5327132222,4fa7b334-ce0d-4e88-aaae-2e0c138d049e
48.38512,28.741928,1999,,HUMAN_OBSERVATION,KW,5643188269,4fa7b334-ce0d-4e88-aaae-2e0c138d049e
48.35306,28.666265,1999,,HUMAN_OBSERVATION,KW,5350030587,4fa7b334-ce0d-4e88-aaae-2e0c138d049e
48.38512,28.741928,1999,,HUMAN_OBSERVATION,KW,5430289924,4fa7b334-ce0d-4e88-aaae-2e0c138d049e
48.38512,28.741928,1999,,HUMAN_OBSERVATION,KW,5654037736,4fa7b334-ce0d-4e88-aaae-2e0c138d049e
48.38512,28.741928,1999,,HUMAN_OBSERVATION,KW,5323865281,4fa7b334-ce0d-4e88-aaae-2e0c138d049e
48.38512,28.741928,1999,,HUMAN_OBSERVATION,KW,5383764244,4fa7b334-ce0d-4e88-aaae-2e0c138d049e
48.38512,28.741928,1999,,HUMAN_OBSERVATION,KW,5463420164,4fa7b334-ce0d-4e88-aaae-2e0c138d049e
48.38512,28.741928,1999,,HUMAN_OBSERVATION,KW,5469829891,4fa7b334-ce0d-4e88-aaae-2e0c138d049e
48.38512,28.741928,1999,,HUMAN_OBSERVATION,KW,5701005073,4fa7b334-ce0d-4e88-aaae-2e0c138d049e
48.38512,28.741928,1999,,HUMAN_OBSERVATION,KW,5518748847,4fa7b334-ce0d-4e88-aaae-2e0c138d049e
48.38512,28.741928,1999,,HUMAN_OBSERVATION,KW,5676303569,4fa7b334-ce0d-4e88-aaae-2e0c138d049e
47.93341,28.640497,1999,,HUMAN_OBSERVATION,KW,5315445507,4fa7b334-ce0d-4e88-aaae-2e0c138d049e
48.38512,28.741928,1999,,HUMAN_OBSERVATION,KW,5391815885,4fa7b334-ce0d-4e88-aaae-2e0c138d049e
48.38512,28.741928,1999,,HUMAN_OBSERVATION,KW,5551768327,4fa7b334-ce0d-4e88-aaae-2e0c138d049e
48.38512,28.741928,1999,,HUMAN_OBSERVATION,KW,5592519051,4fa7b334-ce0d-4e88-aaae-2e0c138d049e
47.93341,28.640497,1999,,HUMAN_OBSERVATION,KW,5599026732,4fa7b334-ce0d-4e88-aaae-2e0c138d049e
48.38512,28.741928,1999,,HUMAN_OBSERVATION,KW,5697461959,4fa7b334-ce0d-4e88-aaae-2e0c138d049e
47.829624,29.37335,1999,,HUMAN_OBSERVATION,KW,1204872745,4fa7b334-ce0d-4e88-aaae-2e0c138d049e
48.38512,28.741928,1999,,HUMAN_OBSERVATION,KW,5355105788,4fa7b334-ce0d-4e88-aaae-2e0c138d049e
47.93341,28.640497,1999,,HUMAN_OBSERVATION,KW,5377521840,4fa7b334-ce0d-4e88-aaae-2e0c138d049e
47.93341,28.640497,1999,,HUMAN_OBSERVATION,KW,5419990550,4fa7b334-ce0d-4e88-aaae-2e0c138d049e
48.38512,28.741928,1999,,HUMAN_OBSERVATION,KW,5692627822,4fa7b334-ce0d-4e88-aaae-2e0c138d049e
47.93341,28.640497,1999,,HUMAN_OBSERVATION,KW,5703377182,4fa7b334-ce0d-4e88-aaae-2e0c138d049e
48.38512,28.741928,1998,,HUMAN_OBSERVATION,KW,5478210995,4fa7b334-ce0d-4e88-aaae-2e0c138d049e
48.38512,28.741928,1998,,HUMAN_OBSERVATION,KW,5526726131,4fa7b334-ce0d-4e88-aaae-2e0c138d049e
48.38512,28.741928,1998,,HUMAN_OBSERVATION,KW,5551929788,4fa7b334-ce0d-4e88-aaae-2e0c138d049e
47.99124,28.551353,1998,,HUMAN_OBSERVATION,KW,5568163151,4fa7b334-ce0d-4e88-aaae-2e0c138d049e
48.38512,28.741928,1998,,HUMAN_OBSERVATION,KW,5676532744,4fa7b334-ce0d-4e88-aaae-2e0c138d049e
48.38512,28.741928,1998,,HUMAN_OBSERVATION,KW,5364646519,4fa7b334-ce0d-4e88-aaae-2e0c138d049e
47.81562,29.347467,1998,,HUMAN_OBSERVATION,KW,5400153478,4fa7b334-ce0d-4e88-aaae-2e0c138d049e
48.38512,28.741928,1998,,HUMAN_OBSERVATION,KW,5447664950,4fa7b334-ce0d-4e88-aaae-2e0c138d049e
48.38512,28.741928,1998,,HUMAN_OBSERVATION,KW,5493466227,4fa7b334-ce0d-4e88-aaae-2e0c138d049e
48.38512,28.741928,1998,,HUMAN_OBSERVATION,KW,5546674512,4fa7b334-ce0d-4e88-aaae-2e0c138d049e
48.38512,28.741928,1998,,HUMAN_OBSERVATION,KW,5697613272,4fa7b334-ce0d-4e88-aaae-2e0c138d049e
48.38512,28.741928,1998,,HUMAN_OBSERVATION,KW,5710408740,4fa7b334-ce0d-4e88-aaae-2e0c138d049e
48.38512,28.741928,1998,,HUMAN_OBSERVATION,KW,5713391414,4fa7b334-ce0d-4e88-aaae-2e0c138d049e
48.38512,28.741928,1998,,HUMAN_OBSERVATION,KW,5640224989,4fa7b334-ce0d-4e88-aaae-2e0c138d049e
48.38512,28.741928,1998,,HUMAN_OBSERVATION,KW,5437992085,4fa7b334-ce0d-4e88-aaae-2e0c138d049e
48.38512,28.741928,1998,,HUMAN_OBSERVATION,KW,5576013809,4fa7b334-ce0d-4e88-aaae-2e0c138d049e
48.38512,28.741928,1998,,HUMAN_OBSERVATION,KW,5339692684,4fa7b334-ce0d-4e88-aaae-2e0c138d049e
48.38512,28.741928,1998,,HUMAN_OBSERVATION,KW,5340392041,4fa7b334-ce0d-4e88-aaae-2e0c138d049e
48.38512,28.741928,1998,,HUMAN_OBSERVATION,KW,5663026958,4fa7b334-ce0d-4e88-aaae-2e0c138d049e
48.38512,28.741928,1998,,HUMAN_OBSERVATION,KW,5582795893,4fa7b334-ce0d-4e88-aaae-2e0c138d049e
48.38512,28.741928,1998,,HUMAN_OBSERVATION,KW,5612646697,4fa7b334-ce0d-4e88-aaae-2e0c138d049e
48.38512,28.741928,1998,,HUMAN_OBSERVATION,KW,5635474621,4fa7b334-ce0d-4e88-aaae-2e0c138d049e
48.38512,28.741928,1998,,HUMAN_OBSERVATION,KW,5656573781,4fa7b334-ce0d-4e88-aaae-2e0c138d049e
48.38512,28.741928,1998,,HUMAN_OBSERVATION,KW,5316273460,4fa7b334-ce0d-4e88-aaae-2e0c138d049e
48.026817,29.364449,1998,,HUMAN_OBSERVATION,KW,5456080868,4fa7b334-ce0d-4e88-aaae-2e0c138d049e
48.38512,28.741928,1998,,HUMAN_OBSERVATION,KW,5653189239,4fa7b334-ce0d-4e88-aaae-2e0c138d049e
48.38512,28.741928,1998,,HUMAN_OBSERVATION,KW,5692769811,4fa7b334-ce0d-4e88-aaae-2e0c138d049e
48.38512,28.741928,1998,,HUMAN_OBSERVATION,KW,5296259710,4fa7b334-ce0d-4e88-aaae-2e0c138d049e
48.38512,28.741928,1998,,HUMAN_OBSERVATION,KW,5316221192,4fa7b334-ce0d-4e88-aaae-2e0c138d049e
48.38512,28.741928,1998,,HUMAN_OBSERVATION,KW,5477768882,4fa7b334-ce0d-4e88-aaae-2e0c138d049e
48.38512,28.741928,1998,,HUMAN_OBSERVATION,KW,5647211764,4fa7b334-ce0d-4e88-aaae-2e0c138d049e
48.38512,28.741928,1998,,HUMAN_OBSERVATION,KW,5711134071,4fa7b334-ce0d-4e88-aaae-2e0c138d049e
48.38512,28.741928,1998,,HUMAN_OBSERVATION,KW,5349203619,4fa7b334-ce0d-4e88-aaae-2e0c138d049e
48.38512,28.741928,1998,,HUMAN_OBSERVATION,KW,5361140864,4fa7b334-ce0d-4e88-aaae-2e0c138d049e
48.38512,28.741928,1998,,HUMAN_OBSERVATION,KW,5573443369,4fa7b334-ce0d-4e88-aaae-2e0c138d049e
47.674255,29.351254,1998,,HUMAN_OBSERVATION,KW,5684992476,4fa7b334-ce0d-4e88-aaae-2e0c138d049e
48.38512,28.741928,1997,,HUMAN_OBSERVATION,KW,5630993526,4fa7b334-ce0d-4e88-aaae-2e0c138d049e
44.215286,33.25851,1979,,HUMAN_OBSERVATION,IQ,2717606292,4fa7b334-ce0d-4e88-aaae-2e0c138d049e
48.285984,30.348362,1978,,HUMAN_OBSERVATION,IR,1788146759,4fa7b334-ce0d-4e88-aaae-2e0c138d049e
48.212574,30.395016,1978,,HUMAN_OBSERVATION,IR,1383191184,4fa7b334-ce0d-4e88-aaae-2e0c138d049e
47.954624,29.356325,1972,,HUMAN_OBSERVATION,KW,4686128791,4fa7b334-ce0d-4e88-aaae-2e0c138d049e
47.880135,29.323654,1972,,HUMAN_OBSERVATION,KW,4686540814,4fa7b334-ce0d-4e88-aaae-2e0c138d049e
44.39389,33.33861,1956,4868.0,PRESERVED_SPECIMEN,IQ,5146748905,e3b959d6-fcbe-4a28-a166-e4a807c340a0
44.39389,33.33861,1956,4868.0,PRESERVED_SPECIMEN,IQ,5146882908,e3b959d6-fcbe-4a28-a166-e4a807c340a0
44.39389,33.33861,1956,4868.0,PRESERVED_SPECIMEN,IQ,5146923902,e3b959d6-fcbe-4a28-a166-e4a807c340a0
47.0,34.5,1940,,PRESERVED_SPECIMEN,IR,1987511732,be5507b9-7abf-4b69-afe1-5ca2b7561734
